"사용일자","노선명","역명","승차총승객수","하차총승객수","등록일자"
"20260601","중앙선","양평","3249","3172","20260604",""
"20260601","중앙선","오빈","343","347","20260604",""
"20260601","중앙선","원덕","384","352","20260604",""
"20260601","중앙선","용문","2021","1895","20260604",""
"20260601","중앙선","지평","70","51","20260604",""
"20260601","4호선","상계","21701","20302","20260604",""
"20260601","2호선","을지로입구","56953","59035","20260604",""
"20260601","2호선","을지로3가","28261","28340","20260604",""
"20260601","2호선","을지로4가","16594","16512","20260604",""
"20260601","2호선","동대문역사문화공원(DDP)","15567","17802","20260604",""
"20260601","2호선","신당","16028","16386","20260604",""
"20260601","2호선","상왕십리","15891","15752","20260604",""
"20260601","2호선","왕십리(성동구청)","17621","15331","20260604",""
"20260601","2호선","한양대","17767","20125","20260604",""
"20260601","2호선","뚝섬","28068","29941","20260604",""
"20260601","2호선","성수","57356","61729","20260604",""
"20260601","2호선","건대입구","38487","39740","20260604",""
"20260601","2호선","구의(광진구청)","31161","30773","20260604",""
"20260601","2호선","강변(동서울터미널)","27718","24843","20260604",""
"20260601","2호선","잠실나루","18826","18338","20260604",""
"20260601","2호선","잠실(송파구청)","76944","76484","20260604",""
"20260601","2호선","잠실새내","25199","24230","20260604",""
"20260601","2호선","종합운동장","9003","9892","20260604",""
"20260601","2호선","삼성(무역센터)","56780","53991","20260604",""
"20260601","2호선","선릉","65424","57733","20260604",""
"20260601","2호선","역삼","56039","63175","20260604",""
"20260601","2호선","강남","86885","85426","20260604",""
"20260601","2호선","교대(법원.검찰청)","34600","39179","20260604",""
"20260601","2호선","서초","23703","23333","20260604",""
"20260601","2호선","방배","20836","21483","20260604",""
"20260601","2호선","사당","42515","46128","20260604",""
"20260601","2호선","낙성대(강감찬)","30008","30189","20260604",""
"20260601","2호선","서울대입구(관악구청)","51685","50142","20260604",""
"20260601","2호선","봉천","27024","25534","20260604",""
"20260601","2호선","신림","59433","58473","20260604",""
"20260601","2호선","신대방","27069","26197","20260604",""
"20260601","2호선","구로디지털단지","63916","63089","20260604",""
"20260601","2호선","대림(구로구청)","27329","27953","20260604",""
"20260601","2호선","신도림","52530","49678","20260604",""
"20260601","2호선","문래","26175","26572","20260604",""
"20260601","2호선","영등포구청","26011","26885","20260604",""
"20260601","2호선","당산","21598","24322","20260604",""
"20260601","2호선","합정","30956","32621","20260604",""
"20260601","2호선","홍대입구","66919","69668","20260604",""
"20260601","2호선","신촌","41444","41784","20260604",""
"20260601","2호선","이대","20670","23146","20260604",""
"20260601","2호선","아현","12336","11704","20260604",""
"20260601","2호선","충정로(경기대입구)","11474","12196","20260604",""
"20260601","2호선","용답","3466","3554","20260604",""
"20260601","2호선","신답","1947","2243","20260604",""
"20260601","2호선","신설동","3976","3997","20260604",""
"20260601","2호선","도림천","1488","1517","20260604",""
"20260601","2호선","양천구청","7692","8162","20260604",""
"20260601","2호선","신정네거리","11125","11381","20260604",""
"20260601","2호선","용두(동대문구청)","2405","2445","20260604",""
"20260601","3호선","지축","8526","8785","20260604",""
"20260601","3호선","구파발","24641","23709","20260604",""
"20260601","3호선","연신내","40448","38478","20260604",""
"20260601","3호선","불광","17812","18783","20260604",""
"20260601","3호선","녹번","17470","16231","20260604",""
"20260601","3호선","홍제","20550","19732","20260604",""
"20260601","3호선","무악재","4788","4717","20260604",""
"20260601","3호선","독립문","8326","8574","20260604",""
"20260601","3호선","경복궁(정부서울청사)","27728","27630","20260604",""
"20260601","3호선","안국","27169","28010","20260604",""
"20260601","3호선","종로3가","12354","13767","20260604",""
"20260601","3호선","을지로3가","14000","13458","20260604",""
"20260601","3호선","충무로","2","0","20260604",""
"20260601","3호선","동대입구","12406","13996","20260604",""
"20260601","3호선","약수","13977","13639","20260604",""
"20260601","3호선","금호","8904","8396","20260604",""
"20260601","3호선","옥수","10142","10458","20260604",""
"20260601","3호선","압구정","32682","34840","20260604",""
"20260601","3호선","신사","28181","29322","20260604",""
"20260601","3호선","잠원","8333","8154","20260604",""
"20260601","3호선","고속터미널","45164","42988","20260604",""
"20260601","3호선","교대(법원.검찰청)","18700","11127","20260604",""
"20260601","3호선","남부터미널(예술의전당)","32220","32963","20260604",""
"20260601","3호선","양재(서초구청)","41471","43957","20260604",""
"20260601","3호선","매봉","14954","14344","20260604",""
"20260601","3호선","도곡","7385","7118","20260604",""
"20260601","3호선","대치","13909","13893","20260604",""
"20260601","3호선","학여울","2312","2282","20260604",""
"20260601","3호선","대청","12489","11503","20260604",""
"20260601","3호선","일원","13497","13254","20260604",""
"20260601","3호선","수서","19926","19902","20260604",""
"20260601","3호선","가락시장","10028","9802","20260604",""
"20260601","3호선","경찰병원","9112","9061","20260604",""
"20260601","3호선","오금","7426","6733","20260604",""
"20260601","4호선","불암산","10812","9194","20260604",""
"20260601","4호선","노원","22775","25472","20260604",""
"20260601","4호선","창동","30062","31036","20260604",""
"20260601","4호선","쌍문","32478","30552","20260604",""
"20260601","4호선","수유(강북구청)","37251","37970","20260604",""
"20260601","4호선","미아(서울사이버대학)","18673","18342","20260604",""
"20260601","4호선","미아사거리","28495","28115","20260604",""
"20260601","4호선","길음","24864","25325","20260604",""
"20260601","4호선","성신여대입구(돈암)","25613","24575","20260604",""
"20260601","4호선","한성대입구(삼선교)","17699","16982","20260604",""
"20260601","4호선","혜화","35574","35138","20260604",""
"20260601","4호선","동대문","22105","22226","20260604",""
"20260601","4호선","동대문역사문화공원(DDP)","21501","18808","20260604",""
"20260601","4호선","충무로","37358","38059","20260604",""
"20260601","4호선","명동","40486","41417","20260604",""
"20260601","4호선","회현(남대문시장)","32046","33466","20260604",""
"20260601","4호선","서울역","15055","22456","20260604",""
"20260601","4호선","숙대입구(갈월)","18293","17688","20260604",""
"20260601","4호선","삼각지(전쟁기념관)","6035","6690","20260604",""
"20260601","4호선","신용산","21962","23828","20260604",""
"20260601","4호선","이촌(국립중앙박물관)","8102","9006","20260604",""
"20260601","4호선","동작(현충원)","1969","2056","20260604",""
"20260601","4호선","총신대입구(이수)","21378","23087","20260604",""
"20260601","4호선","사당","26877","23134","20260604",""
"20260601","4호선","남태령","1569","1416","20260604",""
"20260601","5호선","개화산","7014","6779","20260604",""
"20260601","5호선","김포공항","13728","8592","20260604",""
"20260601","5호선","송정","7028","6650","20260604",""
"20260601","5호선","마곡","19046","18883","20260604",""
"20260601","5호선","발산","26830","27424","20260604",""
"20260601","5호선","우장산","17191","17217","20260604",""
"20260601","5호선","화곡","32138","30091","20260604",""
"20260601","5호선","까치산","30807","29689","20260604",""
"20260601","5호선","신정(은행정)","15414","12928","20260604",""
"20260601","5호선","목동","18153","20299","20260604",""
"20260601","5호선","오목교(목동운동장앞)","22795","24605","20260604",""
"20260601","5호선","양평","9804","9612","20260604",""
"20260601","5호선","영등포구청","5796","5874","20260604",""
"20260601","5호선","영등포시장","12779","12466","20260604",""
"20260601","5호선","신길","5638","5813","20260604",""
"20260601","5호선","여의도","32393","34684","20260604",""
"20260601","5호선","여의나루","13933","14936","20260604",""
"20260601","5호선","마포","16992","17297","20260604",""
"20260601","5호선","공덕","16299","17041","20260604",""
"20260601","5호선","애오개","7600","7370","20260604",""
"20260601","5호선","충정로(경기대입구)","5929","6204","20260604",""
"20260601","5호선","서대문","22345","22617","20260604",""
"20260601","5호선","광화문(세종문화회관)","35843","37538","20260604",""
"20260601","5호선","종로3가","15175","14839","20260604",""
"20260601","5호선","을지로4가","7921","7533","20260604",""
"20260601","5호선","동대문역사문화공원(DDP)","3897","4290","20260604",""
"20260601","5호선","청구","4020","3640","20260604",""
"20260601","5호선","신금호","7128","7590","20260604",""
"20260601","5호선","행당","8910","8025","20260604",""
"20260601","5호선","왕십리(성동구청)","5059","5531","20260604",""
"20260601","5호선","마장","7033","6581","20260604",""
"20260601","5호선","답십리","18178","16580","20260604",""
"20260601","5호선","장한평","22793","22564","20260604",""
"20260601","5호선","군자(능동)","13046","14412","20260604",""
"20260601","5호선","아차산(어린이대공원후문)","15969","15798","20260604",""
"20260601","5호선","광나루(장신대)","12643","12309","20260604",""
"20260601","5호선","천호(풍납토성)","22141","21679","20260604",""
"20260601","5호선","강동","20909","20039","20260604",""
"20260601","5호선","길동","10337","10400","20260604",""
"20260601","5호선","굽은다리(강동구민회관앞)","10493","10167","20260604",""
"20260601","5호선","명일","9229","9081","20260604",""
"20260601","5호선","고덕","11872","11840","20260604",""
"20260601","5호선","상일동","16674","15927","20260604",""
"20260601","5호선","둔촌동","14896","14819","20260604",""
"20260601","5호선","올림픽공원(한국체대)","5557","4777","20260604",""
"20260601","5호선","방이","8120","8382","20260604",""
"20260601","5호선","오금","4491","4484","20260604",""
"20260601","5호선","개롱","7387","7528","20260604",""
"20260601","5호선","거여","11661","11686","20260604",""
"20260601","5호선","마천","8414","7441","20260604",""
"20260601","5호선","강일","6920","6533","20260604",""
"20260601","5호선","미사","20029","20390","20260604",""
"20260601","5호선","하남풍산","5279","5161","20260604",""
"20260601","5호선","하남시청(덕풍·신장)","9939","9458","20260604",""
"20260601","5호선","하남검단산","7392","6866","20260604",""
"20260601","6호선","응암","20057","20084","20260604",""
"20260601","6호선","역촌","4389","5151","20260604",""
"20260601","6호선","불광","5019","4767","20260604",""
"20260601","6호선","독바위","2832","3028","20260604",""
"20260601","6호선","연신내","1","0","20260604",""
"20260601","6호선","구산","9049","7078","20260604",""
"20260601","6호선","새절(신사)","14722","13812","20260604",""
"20260601","6호선","증산(명지대앞)","10239","10321","20260604",""
"20260601","6호선","디지털미디어시티","16922","18153","20260604",""
"20260601","6호선","월드컵경기장(성산)","4171","4175","20260604",""
"20260601","6호선","마포구청","16102","14628","20260604",""
"20260601","6호선","망원","15859","16838","20260604",""
"20260601","6호선","합정","13271","13307","20260604",""
"20260601","6호선","상수","10625","11518","20260604",""
"20260601","6호선","광흥창(서강)","11056","10479","20260604",""
"20260601","6호선","대흥(서강대앞)","11742","12180","20260604",""
"20260601","6호선","공덕","21340","21417","20260604",""
"20260601","6호선","효창공원앞","8960","8409","20260604",""
"20260601","6호선","삼각지(전쟁기념관)","7331","6536","20260604",""
"20260601","6호선","녹사평(용산구청)","5337","5275","20260604",""
"20260601","6호선","이태원","10942","11254","20260604",""
"20260601","6호선","한강진","9318","10944","20260604",""
"20260601","6호선","버티고개","2574","2458","20260604",""
"20260601","6호선","약수","4011","3948","20260604",""
"20260601","6호선","청구","4181","4155","20260604",""
"20260601","6호선","신당","8939","9482","20260604",""
"20260601","6호선","동묘앞","10396","11079","20260604",""
"20260601","6호선","창신","4366","3663","20260604",""
"20260601","6호선","보문","9076","8627","20260604",""
"20260601","6호선","안암(고대병원앞)","17359","18280","20260604",""
"20260601","6호선","고려대(종암)","10576","10422","20260604",""
"20260601","6호선","월곡(동덕여대)","14910","14320","20260604",""
"20260601","6호선","상월곡(한국과학기술연구원)","8142","7897","20260604",""
"20260601","6호선","돌곶이","13765","13048","20260604",""
"20260601","6호선","석계","14230","14755","20260604",""
"20260601","6호선","태릉입구","6531","7679","20260604",""
"20260601","6호선","화랑대(서울여대입구)","13986","11884","20260604",""
"20260601","6호선","봉화산(서울의료원)","9790","8996","20260604",""
"20260601","7호선","장암","3142","1089","20260604",""
"20260601","7호선","도봉산","10416","11625","20260604",""
"20260601","7호선","수락산","13870","14055","20260604",""
"20260601","7호선","마들","15181","14411","20260604",""
"20260601","7호선","노원","22501","24033","20260604",""
"20260601","7호선","중계","16975","15893","20260604",""
"20260601","7호선","하계","20229","19116","20260604",""
"20260601","7호선","공릉(서울과학기술대)","14488","14397","20260604",""
"20260601","7호선","태릉입구","10039","9831","20260604",""
"20260601","7호선","먹골","11409","11450","20260604",""
"20260601","7호선","중화","12529","12728","20260604",""
"20260601","7호선","상봉","19867","19306","20260604",""
"20260601","7호선","면목","17037","16617","20260604",""
"20260601","7호선","사가정","17723","18128","20260604",""
"20260601","7호선","용마산(용마폭포공원)","6325","6207","20260604",""
"20260601","7호선","중곡","12506","11780","20260604",""
"20260601","7호선","군자(능동)","16952","13506","20260604",""
"20260601","7호선","어린이대공원(세종대)","20947","21897","20260604",""
"20260601","7호선","건대입구","15892","16125","20260604",""
"20260601","7호선","자양(뚝섬한강공원)","10161","10057","20260604",""
"20260601","7호선","청담","21250","22841","20260604",""
"20260601","7호선","강남구청","18240","19911","20260604",""
"20260601","7호선","학동","26229","26812","20260604",""
"20260601","7호선","논현","21835","22019","20260604",""
"20260601","7호선","반포","7624","7283","20260604",""
"20260601","7호선","고속터미널","17602","15760","20260604",""
"20260601","7호선","내방","17526","17323","20260604",""
"20260601","7호선","이수","18741","18422","20260604",""
"20260601","7호선","남성","13026","12637","20260604",""
"20260601","7호선","숭실대입구(살피재)","18070","18340","20260604",""
"20260601","7호선","상도","14378","14561","20260604",""
"20260601","7호선","장승배기","11107","11022","20260604",""
"20260601","7호선","신대방삼거리","17146","16668","20260604",""
"20260601","7호선","보라매","7577","8010","20260604",""
"20260601","7호선","신풍","13410","12607","20260604",""
"20260601","7호선","대림(구로구청)","9714","9564","20260604",""
"20260601","7호선","남구로","17870","18532","20260604",""
"20260601","7호선","가산디지털단지","51681","52321","20260604",""
"20260601","7호선","철산","25402","26125","20260604",""
"20260601","7호선","광명사거리","25060","24698","20260604",""
"20260601","1호선","서울역","80853","76821","20260604",""
"20260601","1호선","시청","29146","28973","20260604",""
"20260601","1호선","종각","43690","43021","20260604",""
"20260601","1호선","종로3가","25907","22753","20260604",""
"20260601","1호선","종로5가","25619","25118","20260604",""
"20260601","1호선","동대문","13892","13478","20260604",""
"20260601","1호선","신설동","16280","15687","20260604",""
"20260601","1호선","제기동","16999","17567","20260604",""
"20260601","1호선","청량리(서울시립대입구)","25202","25049","20260604",""
"20260601","1호선","동묘앞","9582","9907","20260604",""
"20260601","2호선","시청","30373","28846","20260604",""
"20260601","7호선","온수(성공회대입구)","12195","11288","20260604",""
"20260601","8호선","암사역사공원","8403","7408","20260604",""
"20260601","8호선","암사","18099","16626","20260604",""
"20260601","8호선","천호(풍납토성)","19697","22045","20260604",""
"20260601","8호선","강동구청","12035","12324","20260604",""
"20260601","8호선","몽촌토성(평화의문)","9198","9220","20260604",""
"20260601","8호선","잠실(송파구청)","19535","22587","20260604",""
"20260601","8호선","석촌","9583","10529","20260604",""
"20260601","8호선","송파","11184","11133","20260604",""
"20260601","8호선","가락시장","9391","10194","20260604",""
"20260601","8호선","문정","27038","28595","20260604",""
"20260601","8호선","장지","18824","17855","20260604",""
"20260601","8호선","복정","10960","9587","20260604",""
"20260601","8호선","산성","7092","7399","20260604",""
"20260601","8호선","남한산성입구(성남법원.검찰청)","15380","14356","20260604",""
"20260601","8호선","단대오거리","14089","13504","20260604",""
"20260601","8호선","신흥","6075","6253","20260604",""
"20260601","8호선","수진","6049","5577","20260604",""
"20260601","8호선","모란","5261","4192","20260604",""
"20260601","8호선","남위례","9456","9365","20260604",""
"20260601","9호선","개화","2789","1891","20260604",""
"20260601","9호선","김포공항","5687","9873","20260604",""
"20260601","9호선","공항시장","2919","3188","20260604",""
"20260601","9호선","신방화","7833","7656","20260604",""
"20260601","9호선","마곡나루(서울식물원)","17213","16618","20260604",""
"20260601","9호선","양천향교","12879","13456","20260604",""
"20260601","9호선","가양","24416","23925","20260604",""
"20260601","9호선","증미","9308","9218","20260604",""
"20260601","9호선","등촌","14309","13790","20260604",""
"20260601","9호선","염창","20252","19294","20260604",""
"20260601","9호선","신목동","5379","4854","20260604",""
"20260601","9호선","선유도","10648","9877","20260604",""
"20260601","9호선","당산","20863","20792","20260604",""
"20260601","9호선","국회의사당","18188","18717","20260604",""
"20260601","9호선","여의도","34082","33381","20260604",""
"20260601","9호선","샛강","7739","7864","20260604",""
"20260601","9호선","노량진","28971","28494","20260604",""
"20260601","9호선","노들","5413","4476","20260604",""
"20260601","9호선","흑석(중앙대입구)","11469","11890","20260604",""
"20260601","9호선","동작(현충원)","2486","2310","20260604",""
"20260601","9호선","구반포","2267","2103","20260604",""
"20260601","9호선","신반포","5026","4905","20260604",""
"20260601","9호선","고속터미널","15182","19912","20260604",""
"20260601","9호선","사평","4685","4501","20260604",""
"20260601","9호선","신논현","31932","32609","20260604",""
"20260601","9호선2~3단계","언주","12981","13395","20260604",""
"20260601","9호선2~3단계","선정릉","12014","12767","20260604",""
"20260601","9호선2~3단계","삼성중앙","9554","9921","20260604",""
"20260601","9호선2~3단계","봉은사","23414","24690","20260604",""
"20260601","9호선2~3단계","종합운동장","5245","5386","20260604",""
"20260601","9호선2~3단계","삼전","9494","8725","20260604",""
"20260601","9호선2~3단계","석촌고분","8260","8110","20260604",""
"20260601","9호선2~3단계","석촌","10381","9580","20260604",""
"20260601","9호선2~3단계","송파나루","6140","6496","20260604",""
"20260601","9호선2~3단계","한성백제","3719","3316","20260604",""
"20260601","9호선2~3단계","올림픽공원(한국체대)","7283","7756","20260604",""
"20260601","9호선2~3단계","둔촌오륜","5177","5129","20260604",""
"20260601","9호선2~3단계","중앙보훈병원","15800","13850","20260604",""
"20260601","경강선","판교","6810","6672","20260604",""
"20260601","경강선","이매","1212","1127","20260604",""
"20260601","경강선","삼동","2695","2569","20260604",""
"20260601","경강선","경기광주","9640","9209","20260604",""
"20260601","경강선","초월","4253","4059","20260604",""
"20260601","경강선","곤지암","2376","2285","20260604",""
"20260601","경강선","신둔도예촌","1660","1519","20260604",""
"20260601","경강선","이천","3159","3279","20260604",""
"20260601","경강선","부발","2686","2693","20260604",""
"20260601","경강선","세종대왕릉","377","352","20260604",""
"20260601","경강선","여주","3419","3274","20260604",""
"20260601","경강선","성남","1554","1307","20260604",""
"20260601","경부선","서울역","9366","3082","20260604",""
"20260601","경부선","남영","10623","11410","20260604",""
"20260601","경부선","용산","41256","42313","20260604",""
"20260601","경부선","노량진","8599","8717","20260604",""
"20260601","경부선","대방","11704","13243","20260604",""
"20260601","경부선","영등포","40209","40621","20260604",""
"20260601","경부선","신도림","4247","4602","20260604",""
"20260601","경부선","신길","9567","8336","20260604",""
"20260601","경부선","구로","18415","18479","20260604",""
"20260601","경부선","가산디지털단지","20063","23088","20260604",""
"20260601","경부선","금천구청","11863","12230","20260604",""
"20260601","경부선","석수","9135","8514","20260604",""
"20260601","경부선","관악","7817","7654","20260604",""
"20260601","경부선","안양","28870","28677","20260604",""
"20260601","경부선","명학","10569","10519","20260604",""
"20260601","경부선","금정","31871","32490","20260604",""
"20260601","경부선","군포","7743","7531","20260604",""
"20260601","경부선","의왕","11064","11075","20260604",""
"20260601","경부선","성균관대","17919","17915","20260604",""
"20260601","경부선","화서","12295","11781","20260604",""
"20260601","경부선","수원","40512","42109","20260604",""
"20260601","경부선","독산","18805","18934","20260604",""
"20260601","경부선","세류","4044","3546","20260604",""
"20260601","경부선","병점","19114","19093","20260604",""
"20260601","경부선","세마","3979","3831","20260604",""
"20260601","경부선","오산대","4641","4330","20260604",""
"20260601","경부선","오산","12321","12270","20260604",""
"20260601","경부선","진위","2048","1921","20260604",""
"20260601","경부선","송탄","4909","4719","20260604",""
"20260601","경부선","서정리","9968","9429","20260604",""
"20260601","경부선","평택지제","5534","5175","20260604",""
"20260601","경부선","평택","14395","14563","20260604",""
"20260601","경부선","성환","7649","7731","20260604",""
"20260601","경부선","직산","1186","1177","20260604",""
"20260601","경부선","두정","9616","11888","20260604",""
"20260601","경부선","천안","8405","7312","20260604",""
"20260601","경부선","당정","7660","7360","20260604",""
"20260601","경부선","서동탄","1753","1339","20260604",""
"20260601","경부선","광명","3959","3431","20260604",""
"20260601","경원선","이촌(국립중앙박물관)","4297","3480","20260604",""
"20260601","경원선","서빙고","2609","2370","20260604",""
"20260601","경원선","한남","3896","3948","20260604",""
"20260601","경원선","옥수","73","68","20260604",""
"20260601","경원선","응봉","2149","1705","20260604",""
"20260601","경원선","왕십리(성동구청)","18171","17913","20260604",""
"20260601","경원선","청량리(서울시립대입구)","17193","18321","20260604",""
"20260601","경원선","외대앞","16197","16526","20260604",""
"20260601","경원선","신이문","9922","9086","20260604",""
"20260601","경원선","석계","8214","9117","20260604",""
"20260601","경원선","광운대","10722","10440","20260604",""
"20260601","경원선","월계","8572","8015","20260604",""
"20260601","경원선","녹천","4997","4374","20260604",""
"20260601","경원선","창동","4","0","20260604",""
"20260601","경원선","방학","11255","10979","20260604",""
"20260601","경원선","도봉","6581","6325","20260604",""
"20260601","경원선","도봉산","7800","5193","20260604",""
"20260601","경원선","망월사","10722","10827","20260604",""
"20260601","경원선","회룡","14944","14837","20260604",""
"20260601","경원선","의정부","20586","20903","20260604",""
"20260601","경원선","가능","7338","6971","20260604",""
"20260601","경원선","녹양","4956","4876","20260604",""
"20260601","경원선","양주","7857","7478","20260604",""
"20260601","경원선","덕계","7975","7392","20260604",""
"20260601","경원선","덕정","8013","7539","20260604",""
"20260601","경원선","지행","7391","7495","20260604",""
"20260601","경원선","동두천중앙","3476","3258","20260604",""
"20260601","경원선","보산","1544","1463","20260604",""
"20260601","경원선","동두천","2461","2437","20260604",""
"20260601","경원선","소요산","1739","1737","20260604",""
"20260601","경원선","청산","146","117","20260604",""
"20260601","경원선","전곡","1351","1146","20260604",""
"20260601","경원선","연천","1239","1127","20260604",""
"20260601","경의선","서울역","3685","4690","20260604",""
"20260601","경의선","신촌","1235","1451","20260604",""
"20260601","경의선","효창공원앞","3855","4077","20260604",""
"20260601","경의선","공덕","4811","3821","20260604",""
"20260601","경의선","서강대","2591","2600","20260604",""
"20260601","경의선","홍대입구","2037","2284","20260604",""
"20260601","경의선","가좌","6834","6437","20260604",""
"20260601","경의선","디지털미디어시티","2759","2628","20260604",""
"20260601","경의선","수색","3532","3699","20260604",""
"20260601","경의선","한국항공대","4243","4150","20260604",""
"20260601","경의선","강매","3776","3170","20260604",""
"20260601","경의선","행신","8270","8476","20260604",""
"20260601","경의선","능곡","4969","4622","20260604",""
"20260601","경의선","곡산","714","797","20260604",""
"20260601","경의선","백마","8478","8261","20260604",""
"20260601","경의선","풍산","7092","6564","20260604",""
"20260601","경의선","일산","11740","11562","20260604",""
"20260601","경의선","탄현","8762","8286","20260604",""
"20260601","경의선","야당","7894","8163","20260604",""
"20260601","경의선","운정","8899","8452","20260604",""
"20260601","경의선","금릉","5549","5286","20260604",""
"20260601","경의선","금촌","7488","7248","20260604",""
"20260601","경의선","월롱","2449","2201","20260604",""
"20260601","경의선","파주","1886","1574","20260604",""
"20260601","경의선","문산","6103","5697","20260604",""
"20260601","경의선","임진강","3","32","20260604",""
"20260601","경의선","운천","7","3","20260604",""
"20260601","경인선","개봉","26014","25450","20260604",""
"20260601","경인선","오류동","12925","12086","20260604",""
"20260601","경인선","역곡","30531","30574","20260604",""
"20260601","7호선","천왕","13736","13578","20260604",""
"20260601","경인선","부천","34344","34273","20260604",""
"20260601","경인선","송내","28567","28528","20260604",""
"20260601","5호선","방화","8019","7792","20260604",""
"20260601","경인선","부평","30719","31764","20260604",""
"20260601","경인선","백운","7633","7502","20260604",""
"20260601","경인선","동암","16171","16147","20260604",""
"20260601","경인선","주안","20095","18421","20260604",""
"20260601","경인선","제물포","12632","12280","20260604",""
"20260601","경인선","동인천","14460","13186","20260604",""
"20260601","경인선","인천","3934","3132","20260604",""
"20260601","경인선","구일","8277","8181","20260604",""
"20260601","경인선","소사","9476","8743","20260604",""
"20260601","경인선","부개","9497","8841","20260604",""
"20260601","경인선","간석","6461","6048","20260604",""
"20260601","경인선","도원","3792","3878","20260604",""
"20260601","경인선","온수(성공회대입구)","7307","6771","20260604",""
"20260601","경인선","중동","10251","9622","20260604",""
"20260601","경인선","도화","4536","4208","20260604",""
"20260601","경춘선","신내","3417","3256","20260604",""
"20260601","경춘선","갈매","2993","2768","20260604",""
"20260601","경춘선","별내","2983","2785","20260604",""
"20260601","경춘선","퇴계원","3986","3562","20260604",""
"20260601","경춘선","사릉","2513","2441","20260604",""
"20260601","경춘선","금곡","1938","1865","20260604",""
"20260601","경춘선","평내호평","7712","7332","20260604",""
"20260601","경춘선","천마산","1915","1773","20260604",""
"20260601","경춘선","마석","4855","4672","20260604",""
"20260601","경춘선","대성리","439","410","20260604",""
"20260601","경춘선","청평","1784","1698","20260604",""
"20260601","경춘선","상천","306","292","20260604",""
"20260601","경춘선","가평","2104","2023","20260604",""
"20260601","경춘선","굴봉산","129","122","20260604",""
"20260601","경춘선","백양리","119","92","20260604",""
"20260601","경춘선","강촌","538","555","20260604",""
"20260601","경춘선","김유정","436","443","20260604",""
"20260601","경춘선","남춘천","3010","3487","20260604",""
"20260601","경춘선","춘천","1960","2199","20260604",""
"20260601","공항철도 1호선","서울역","13649","12322","20260604",""
"20260601","공항철도 1호선","공덕","3618","4283","20260604",""
"20260601","공항철도 1호선","홍대입구","14902","13751","20260604",""
"20260601","공항철도 1호선","디지털미디어시티","16305","15391","20260604",""
"20260601","공항철도 1호선","마곡나루(서울식물원)","18159","17473","20260604",""
"20260601","공항철도 1호선","김포공항","8893","5276","20260604",""
"20260601","공항철도 1호선","계양","10239","10233","20260604",""
"20260601","공항철도 1호선","검암","6912","6797","20260604",""
"20260601","공항철도 1호선","청라국제도시","8984","8499","20260604",""
"20260601","공항철도 1호선","운서","10549","11091","20260604",""
"20260601","공항철도 1호선","공항화물청사","2198","2288","20260604",""
"20260601","공항철도 1호선","인천공항1터미널","12580","13305","20260604",""
"20260601","공항철도 1호선","인천공항2터미널","11226","10183","20260604",""
"20260601","공항철도 1호선","영종","4967","4902","20260604",""
"20260601","과천선","선바위","8553","7586","20260604",""
"20260601","과천선","경마공원","958","924","20260604",""
"20260601","과천선","대공원","4164","4194","20260604",""
"20260601","과천선","과천","5685","5221","20260604",""
"20260601","과천선","정부과천청사","16143","17567","20260604",""
"20260601","과천선","인덕원","29254","29809","20260604",""
"20260601","과천선","평촌","20598","20044","20260604",""
"20260601","과천선","범계","31505","31717","20260604",""
"20260601","분당선","선릉","14490","21873","20260604",""
"20260601","분당선","한티","16871","17976","20260604",""
"20260601","분당선","도곡","8554","9125","20260604",""
"20260601","분당선","구룡","4151","4093","20260604",""
"20260601","분당선","개포동","4550","4630","20260604",""
"20260601","분당선","대모산입구","6486","6276","20260604",""
"20260601","분당선","수서","19432","20248","20260604",""
"20260601","분당선","복정","2","0","20260604",""
"20260601","분당선","수원","8459","8187","20260604",""
"20260601","분당선","서울숲","15143","15411","20260604",""
"20260601","분당선","압구정로데오","18507","19815","20260604",""
"20260601","분당선","강남구청","10414","12156","20260604",""
"20260601","분당선","선정릉","8394","8699","20260604",""
"20260601","분당선","가천대","16251","16468","20260604",""
"20260601","분당선","태평","14211","13709","20260604",""
"20260601","분당선","모란","20980","21569","20260604",""
"20260601","분당선","야탑","27775","29600","20260604",""
"20260601","분당선","서현","25549","25952","20260604",""
"20260601","분당선","수내","13671","13650","20260604",""
"20260601","분당선","정자","20948","22027","20260604",""
"20260601","분당선","미금","17247","17963","20260604",""
"20260601","분당선","오리","12388","10859","20260604",""
"20260601","분당선","이매","5991","5658","20260604",""
"20260601","분당선","보정","2854","2510","20260604",""
"20260601","분당선","죽전","15695","17548","20260604",""
"20260601","분당선","구성","8771","8880","20260604",""
"20260601","분당선","신갈","5505","5404","20260604",""
"20260601","분당선","기흥","12764","12222","20260604",""
"20260601","분당선","상갈","5955","5532","20260604",""
"20260601","분당선","청명","5410","5175","20260604",""
"20260601","분당선","영통","10205","10553","20260604",""
"20260601","분당선","망포","17303","16781","20260604",""
"20260601","분당선","매탄권선","6425","6253","20260604",""
"20260601","분당선","수원시청","15447","16410","20260604",""
"20260601","분당선","매교","6165","6081","20260604",""
"20260601","서해선","김포공항","2942","4275","20260604",""
"20260601","서해선","원종","5907","5853","20260604",""
"20260601","서해선","부천종합운동장","3596","3086","20260604",""
"20260601","수인선","고색","7271","7042","20260604",""
"20260601","수인선","오목천","5921","5225","20260604",""
"20260601","수인선","어천","1655","1563","20260604",""
"20260601","수인선","야목","887","722","20260604",""
"20260601","수인선","사리","6106","5289","20260604",""
"20260601","수인선","달월","113","88","20260604",""
"20260601","수인선","월곶","3385","2975","20260604",""
"20260601","수인선","소래포구","6303","5767","20260604",""
"20260601","수인선","인천논현","6321","6643","20260604",""
"20260601","수인선","호구포","4614","4789","20260604",""
"20260601","수인선","남동인더스파크","2684","3076","20260604",""
"20260601","수인선","원인재","4829","5122","20260604",""
"20260601","수인선","연수","5117","5074","20260604",""
"20260601","수인선","송도","3007","2740","20260604",""
"20260601","수인선","인하대","9571","9190","20260604",""
"20260601","수인선","숭의","5484","5024","20260604",""
"20260601","수인선","신포","2001","1943","20260604",""
"20260601","수인선","인천","1092","1559","20260604",""
"20260601","신림선","샛강","3744","4354","20260604",""
"20260601","신림선","대방","3805","2955","20260604",""
"20260601","신림선","서울지방병무청","3527","3904","20260604",""
"20260601","신림선","보라매","5394","4782","20260604",""
"20260601","신림선","보라매공원","2911","3166","20260604",""
"20260601","신림선","보라매병원","9770","10268","20260604",""
"20260601","신림선","당곡","5420","5328","20260604",""
"20260601","신림선","신림","2447","3051","20260604",""
"20260601","신림선","서원","3851","3463","20260604",""
"20260601","신림선","서울대벤처타운","11317","10451","20260604",""
"20260601","신림선","관악산(서울대)","3609","3462","20260604",""
"20260601","안산선","산본","18308","19532","20260604",""
"20260601","안산선","대야미","5829","5284","20260604",""
"20260601","안산선","반월","4934","4893","20260604",""
"20260601","안산선","상록수","17205","17463","20260604",""
"20260601","안산선","한대앞","11514","11964","20260604",""
"20260601","안산선","중앙","20195","21013","20260604",""
"20260601","안산선","고잔","10530","10004","20260604",""
"20260601","안산선","초지","5429","5442","20260604",""
"20260601","안산선","안산","12941","11646","20260604",""
"20260601","안산선","신길온천","2458","2120","20260604",""
"20260601","안산선","정왕","12431","12735","20260604",""
"20260601","안산선","오이도","8779","8503","20260604",""
"20260601","안산선","수리산","4644","3967","20260604",""
"20260601","우이신설선","북한산우이","3185","2887","20260604",""
"20260601","우이신설선","솔밭공원","2933","2796","20260604",""
"20260601","우이신설선","4.19민주묘지","4878","4932","20260604",""
"20260601","우이신설선","가오리","4837","4935","20260604",""
"20260601","우이신설선","화계","4301","4041","20260604",""
"20260601","우이신설선","삼양","2786","2997","20260604",""
"20260601","우이신설선","삼양사거리","3175","3163","20260604",""
"20260601","우이신설선","솔샘","6558","6348","20260604",""
"20260601","우이신설선","북한산보국문","7157","6700","20260604",""
"20260601","우이신설선","정릉","5345","4925","20260604",""
"20260601","우이신설선","성신여대입구(돈암)","4176","4421","20260604",""
"20260601","우이신설선","보문","2068","1973","20260604",""
"20260601","우이신설선","신설동","2961","2697","20260604",""
"20260601","일산선","원흥","12688","12314","20260604",""
"20260601","일산선","삼송","21938","21309","20260604",""
"20260601","일산선","원당","13195","12723","20260604",""
"20260601","일산선","화정","19066","19552","20260604",""
"20260601","일산선","대곡","13673","11859","20260604",""
"20260601","일산선","백석","11078","11555","20260604",""
"20260601","일산선","마두","9038","9092","20260604",""
"20260601","일산선","정발산","7465","7460","20260604",""
"20260601","일산선","주엽","10296","10064","20260604",""
"20260601","일산선","대화","12021","9484","20260604",""
"20260601","장항선","봉명","1597","1610","20260604",""
"20260601","장항선","쌍용(나사렛대)","3703","3691","20260604",""
"20260601","장항선","아산","5088","4632","20260604",""
"20260601","장항선","탕정","2860","2323","20260604",""
"20260601","장항선","배방","1482","1430","20260604",""
"20260601","장항선","온양온천","4921","4936","20260604",""
"20260601","장항선","신창(순천향대)","3116","3825","20260604",""
"20260601","중앙선","회기","31524","30839","20260604",""
"20260601","중앙선","중랑","6104","5732","20260604",""
"20260601","중앙선","상봉","6498","6528","20260604",""
"20260601","중앙선","망우","8416","8164","20260604",""
"20260601","중앙선","양원","3800","3740","20260604",""
"20260601","중앙선","구리","8005","8514","20260604",""
"20260601","중앙선","도농","10746","9867","20260604",""
"20260601","중앙선","양정","545","475","20260604",""
"20260601","중앙선","덕소","6023","6024","20260604",""
"20260601","중앙선","도심","3262","2632","20260604",""
"20260601","중앙선","팔당","751","778","20260604",""
"20260601","중앙선","운길산","814","749","20260604",""
"20260601","중앙선","양수","1890","1926","20260604",""
"20260601","중앙선","신원","202","184","20260604",""
"20260601","중앙선","국수","739","682","20260604",""
"20260601","중앙선","아신","578","582","20260604",""
"20260602","과천선","정부과천청사","16814","18093","20260605",""
"20260602","과천선","평촌","21696","20819","20260605",""
"20260602","과천선","범계","33754","34457","20260605",""
"20260602","분당선","선릉","14813","22373","20260605",""
"20260602","분당선","한티","17456","18697","20260605",""
"20260602","분당선","도곡","8922","9245","20260605",""
"20260602","분당선","구룡","4213","4067","20260605",""
"20260602","분당선","개포동","4617","4828","20260605",""
"20260602","분당선","대모산입구","6804","6543","20260605",""
"20260602","분당선","수서","19642","21118","20260605",""
"20260602","분당선","복정","2","0","20260605",""
"20260602","분당선","수원","9266","8913","20260605",""
"20260602","분당선","서울숲","14926","15420","20260605",""
"20260602","분당선","압구정로데오","19795","21632","20260605",""
"20260602","분당선","강남구청","11374","12926","20260605",""
"20260602","분당선","선정릉","8623","8847","20260605",""
"20260602","분당선","가천대","16895","16595","20260605",""
"20260602","분당선","태평","14848","14395","20260605",""
"20260602","중앙선","아신","653","642","20260605",""
"20260602","중앙선","국수","784","780","20260605",""
"20260602","중앙선","신원","201","190","20260605",""
"20260602","중앙선","양수","1884","1941","20260605",""
"20260602","중앙선","운길산","806","809","20260605",""
"20260602","중앙선","팔당","782","843","20260605",""
"20260602","분당선","이매","6360","5900","20260605",""
"20260602","분당선","오리","12867","11247","20260605",""
"20260602","분당선","미금","17969","18581","20260605",""
"20260602","분당선","정자","22878","24468","20260605",""
"20260602","분당선","수내","14900","14691","20260605",""
"20260602","분당선","서현","26442","27555","20260605",""
"20260602","분당선","야탑","29402","31270","20260605",""
"20260602","분당선","모란","22449","23314","20260605",""
"20260602","과천선","인덕원","30781","31615","20260605",""
"20260602","중앙선","덕소","6163","6173","20260605",""
"20260602","중앙선","양정","546","448","20260605",""
"20260602","중앙선","도농","11161","10273","20260605",""
"20260602","중앙선","구리","8247","8691","20260605",""
"20260602","중앙선","양원","3936","3842","20260605",""
"20260602","중앙선","망우","8878","8474","20260605",""
"20260602","중앙선","상봉","6813","6762","20260605",""
"20260602","중앙선","중랑","6337","5922","20260605",""
"20260602","중앙선","회기","33816","31720","20260605",""
"20260602","장항선","신창(순천향대)","3914","3244","20260605",""
"20260602","장항선","온양온천","5077","5231","20260605",""
"20260602","중앙선","지평","65","63","20260605",""
"20260602","중앙선","용문","1988","2078","20260605",""
"20260602","중앙선","원덕","355","364","20260605",""
"20260602","중앙선","양평","3407","3598","20260605",""
"20260602","중앙선","오빈","344","362","20260605",""
"20260602","1호선","서울역","83685","81149","20260605",""
"20260602","1호선","시청","31401","31486","20260605",""
"20260602","1호선","종각","46444","46517","20260605",""
"20260602","1호선","종로3가","27856","25152","20260605",""
"20260602","1호선","종로5가","26320","25986","20260605",""
"20260602","1호선","동대문","14149","13679","20260605",""
"20260602","1호선","신설동","16491","15825","20260605",""
"20260602","1호선","제기동","17093","17602","20260605",""
"20260602","1호선","청량리(서울시립대입구)","25872","25697","20260605",""
"20260602","1호선","동묘앞","9877","10115","20260605",""
"20260602","2호선","시청","32484","31556","20260605",""
"20260602","2호선","을지로입구","59861","61655","20260605",""
"20260602","2호선","을지로3가","29950","31372","20260605",""
"20260602","2호선","을지로4가","17147","16945","20260605",""
"20260602","2호선","동대문역사문화공원(DDP)","16705","18929","20260605",""
"20260602","2호선","신당","17211","17966","20260605",""
"20260602","2호선","상왕십리","16830","16429","20260605",""
"20260602","2호선","왕십리(성동구청)","19115","16775","20260605",""
"20260602","2호선","한양대","19224","21015","20260605",""
"20260602","2호선","뚝섬","28523","30745","20260605",""
"20260602","2호선","성수","58078","62653","20260605",""
"20260602","2호선","건대입구","41091","43780","20260605",""
"20260602","2호선","구의(광진구청)","32608","31776","20260605",""
"20260602","2호선","강변(동서울터미널)","28646","25406","20260605",""
"20260602","2호선","잠실나루","19465","18805","20260605",""
"20260602","2호선","잠실(송파구청)","87508","86846","20260605",""
"20260602","2호선","잠실새내","27702","27252","20260605",""
"20260602","2호선","종합운동장","22071","26115","20260605",""
"20260602","2호선","삼성(무역센터)","59070","56909","20260605",""
"20260602","2호선","선릉","67618","59869","20260605",""
"20260602","2호선","역삼","57006","65019","20260605",""
"20260602","2호선","강남","92496","91626","20260605",""
"20260602","2호선","교대(법원.검찰청)","35818","40606","20260605",""
"20260602","2호선","서초","25607","25118","20260605",""
"20260602","2호선","방배","22671","22869","20260605",""
"20260602","2호선","사당","48266","53203","20260605",""
"20260602","2호선","낙성대(강감찬)","32193","30996","20260605",""
"20260602","2호선","서울대입구(관악구청)","54968","52436","20260605",""
"20260602","2호선","봉천","28040","25967","20260605",""
"20260602","2호선","신림","61670","61024","20260605",""
"20260602","2호선","신대방","27820","26328","20260605",""
"20260602","2호선","구로디지털단지","66731","66690","20260605",""
"20260602","2호선","대림(구로구청)","27551","28116","20260605",""
"20260602","2호선","신도림","55448","52670","20260605",""
"20260602","2호선","문래","26845","28150","20260605",""
"20260602","2호선","영등포구청","26937","28131","20260605",""
"20260602","2호선","당산","22680","25910","20260605",""
"20260602","2호선","합정","33196","37100","20260605",""
"20260602","2호선","홍대입구","70529","76731","20260605",""
"20260602","2호선","신촌","44426","44467","20260605",""
"20260602","2호선","이대","21368","22673","20260605",""
"20260602","2호선","아현","13095","12185","20260605",""
"20260602","2호선","충정로(경기대입구)","11947","12599","20260605",""
"20260602","2호선","용답","3582","3578","20260605",""
"20260602","2호선","신답","2005","2187","20260605",""
"20260602","2호선","신설동","3953","3902","20260605",""
"20260602","2호선","도림천","1619","1561","20260605",""
"20260602","2호선","양천구청","7792","8333","20260605",""
"20260602","2호선","신정네거리","11631","11855","20260605",""
"20260602","2호선","용두(동대문구청)","2598","2572","20260605",""
"20260602","3호선","지축","8704","8993","20260605",""
"20260602","3호선","구파발","25643","24361","20260605",""
"20260602","3호선","연신내","42517","40576","20260605",""
"20260602","3호선","불광","18452","19391","20260605",""
"20260602","3호선","녹번","17942","16368","20260605",""
"20260602","3호선","홍제","21500","20206","20260605",""
"20260602","3호선","무악재","5027","4872","20260605",""
"20260602","3호선","독립문","9225","9337","20260605",""
"20260602","3호선","경복궁(정부서울청사)","27130","26343","20260605",""
"20260602","3호선","안국","27653","29089","20260605",""
"20260602","3호선","종로3가","13226","15515","20260605",""
"20260602","3호선","을지로3가","15242","15043","20260605",""
"20260602","3호선","충무로","5","0","20260605",""
"20260602","3호선","동대입구","12788","14657","20260605",""
"20260602","3호선","약수","14395","14167","20260605",""
"20260602","3호선","금호","9232","8559","20260605",""
"20260602","3호선","옥수","10611","10657","20260605",""
"20260602","3호선","압구정","34487","37050","20260605",""
"20260602","3호선","신사","29655","31768","20260605",""
"20260602","3호선","잠원","8648","8269","20260605",""
"20260602","3호선","고속터미널","49039","46429","20260605",""
"20260602","3호선","교대(법원.검찰청)","19416","11650","20260605",""
"20260602","3호선","남부터미널(예술의전당)","34160","34016","20260605",""
"20260602","3호선","양재(서초구청)","43768","45810","20260605",""
"20260602","3호선","매봉","15055","14558","20260605",""
"20260602","3호선","도곡","7476","7463","20260605",""
"20260602","3호선","대치","13988","13963","20260605",""
"20260602","3호선","학여울","2273","2307","20260605",""
"20260602","3호선","대청","12597","11621","20260605",""
"20260602","3호선","일원","13626","13261","20260605",""
"20260602","3호선","수서","21102","20619","20260605",""
"20260602","3호선","가락시장","10814","10249","20260605",""
"20260602","3호선","경찰병원","8915","8893","20260605",""
"20260602","3호선","오금","7741","6833","20260605",""
"20260602","4호선","불암산","11290","9572","20260605",""
"20260602","4호선","상계","22558","21158","20260605",""
"20260602","4호선","노원","24018","27513","20260605",""
"20260602","4호선","창동","31816","33117","20260605",""
"20260602","4호선","쌍문","33805","31038","20260605",""
"20260602","4호선","수유(강북구청)","38839","39223","20260605",""
"20260602","4호선","미아(서울사이버대학)","19001","18452","20260605",""
"20260602","4호선","미아사거리","29707","29272","20260605",""
"20260602","4호선","길음","26426","26233","20260605",""
"20260602","4호선","성신여대입구(돈암)","27537","26235","20260605",""
"20260602","4호선","한성대입구(삼선교)","18504","17588","20260605",""
"20260602","4호선","혜화","41683","41005","20260605",""
"20260602","4호선","동대문","22923","23394","20260605",""
"20260602","4호선","동대문역사문화공원(DDP)","22111","19681","20260605",""
"20260602","4호선","충무로","39654","39849","20260605",""
"20260602","4호선","명동","40030","41858","20260605",""
"20260602","4호선","회현(남대문시장)","32920","34837","20260605",""
"20260602","4호선","서울역","15378","23229","20260605",""
"20260602","4호선","숙대입구(갈월)","19422","18896","20260605",""
"20260602","4호선","삼각지(전쟁기념관)","7076","8676","20260605",""
"20260602","4호선","신용산","23968","26794","20260605",""
"20260602","4호선","이촌(국립중앙박물관)","12329","12830","20260605",""
"20260602","4호선","동작(현충원)","2440","2582","20260605",""
"20260602","4호선","총신대입구(이수)","22675","24322","20260605",""
"20260602","4호선","사당","30199","26249","20260605",""
"20260602","4호선","남태령","1716","1451","20260605",""
"20260602","5호선","방화","8395","8042","20260605",""
"20260602","5호선","개화산","7229","6839","20260605",""
"20260602","5호선","김포공항","14108","8647","20260605",""
"20260602","5호선","송정","7076","6871","20260605",""
"20260602","5호선","마곡","19755","19829","20260605",""
"20260602","5호선","발산","28379","29520","20260605",""
"20260602","5호선","우장산","17760","17644","20260605",""
"20260602","5호선","화곡","33074","30474","20260605",""
"20260602","5호선","까치산","31496","30015","20260605",""
"20260602","5호선","신정(은행정)","15915","12829","20260605",""
"20260602","5호선","목동","19103","20731","20260605",""
"20260602","5호선","오목교(목동운동장앞)","24019","25869","20260605",""
"20260602","5호선","양평","9895","9699","20260605",""
"20260602","5호선","영등포구청","5946","6088","20260605",""
"20260602","5호선","영등포시장","13425","13201","20260605",""
"20260602","5호선","신길","5711","5926","20260605",""
"20260602","5호선","여의도","33652","36195","20260605",""
"20260602","5호선","여의나루","15458","16864","20260605",""
"20260602","5호선","마포","17611","17750","20260605",""
"20260602","5호선","공덕","16901","17885","20260605",""
"20260602","5호선","애오개","7933","7586","20260605",""
"20260602","5호선","충정로(경기대입구)","6124","6457","20260605",""
"20260602","5호선","서대문","23044","23195","20260605",""
"20260602","5호선","광화문(세종문화회관)","38385","40628","20260605",""
"20260602","5호선","종로3가","16937","18231","20260605",""
"20260602","5호선","을지로4가","8005","8056","20260605",""
"20260602","5호선","동대문역사문화공원(DDP)","3807","4356","20260605",""
"20260602","5호선","청구","3949","3762","20260605",""
"20260602","5호선","신금호","7333","7730","20260605",""
"20260602","5호선","행당","9282","8180","20260605",""
"20260602","5호선","왕십리(성동구청)","5544","6187","20260605",""
"20260602","5호선","마장","7192","6866","20260605",""
"20260602","5호선","답십리","18826","16738","20260605",""
"20260602","5호선","장한평","23422","22833","20260605",""
"20260602","5호선","군자(능동)","14080","15758","20260605",""
"20260602","5호선","아차산(어린이대공원후문)","16841","16353","20260605",""
"20260602","5호선","광나루(장신대)","12758","11999","20260605",""
"20260602","5호선","천호(풍납토성)","23495","23144","20260605",""
"20260602","5호선","강동","21539","20413","20260605",""
"20260602","5호선","길동","10498","10765","20260605",""
"20260602","5호선","굽은다리(강동구민회관앞)","11076","10387","20260605",""
"20260602","5호선","명일","9437","9374","20260605",""
"20260602","5호선","고덕","12183","11934","20260605",""
"20260602","5호선","상일동","17094","16199","20260605",""
"20260602","5호선","둔촌동","15580","15370","20260605",""
"20260602","5호선","올림픽공원(한국체대)","6081","4921","20260605",""
"20260602","5호선","방이","8784","9115","20260605",""
"20260602","5호선","오금","4552","4520","20260605",""
"20260602","5호선","개롱","7436","7725","20260605",""
"20260602","5호선","거여","11896","11755","20260605",""
"20260602","5호선","마천","8677","7449","20260605",""
"20260602","5호선","강일","7248","6605","20260605",""
"20260602","5호선","미사","21100","21534","20260605",""
"20260602","5호선","하남풍산","5426","5296","20260605",""
"20260602","5호선","하남시청(덕풍·신장)","10204","9630","20260605",""
"20260602","5호선","하남검단산","7602","7008","20260605",""
"20260602","6호선","응암","20961","20534","20260605",""
"20260602","6호선","역촌","4546","5203","20260605",""
"20260602","6호선","불광","5191","5048","20260605",""
"20260602","중앙선","도심","3483","2642","20260605",""
"20260602","6호선","독바위","2928","2996","20260605",""
"20260602","6호선","연신내","7","0","20260605",""
"20260602","6호선","구산","9356","7234","20260605",""
"20260602","6호선","새절(신사)","15515","14450","20260605",""
"20260602","6호선","증산(명지대앞)","10760","10462","20260605",""
"20260602","6호선","디지털미디어시티","17300","18730","20260605",""
"20260602","6호선","월드컵경기장(성산)","4415","4461","20260605",""
"20260602","6호선","마포구청","17000","15309","20260605",""
"20260602","6호선","망원","17103","18458","20260605",""
"20260602","6호선","합정","14659","14934","20260605",""
"20260602","6호선","상수","11807","13733","20260605",""
"20260602","6호선","광흥창(서강)","11532","10848","20260605",""
"20260602","6호선","대흥(서강대앞)","12330","12881","20260605",""
"20260602","6호선","공덕","22464","22407","20260605",""
"20260602","6호선","효창공원앞","9605","8874","20260605",""
"20260602","6호선","삼각지(전쟁기념관)","9130","7984","20260605",""
"20260602","6호선","녹사평(용산구청)","5737","6081","20260605",""
"20260602","6호선","이태원","11587","15428","20260605",""
"20260602","6호선","한강진","10496","13043","20260605",""
"20260602","6호선","버티고개","2580","2362","20260605",""
"20260602","6호선","약수","4328","4139","20260605",""
"20260602","6호선","청구","4379","4323","20260605",""
"20260602","6호선","신당","9848","10432","20260605",""
"20260602","6호선","동묘앞","10845","11524","20260605",""
"20260602","6호선","창신","4453","3727","20260605",""
"20260602","6호선","보문","9480","8926","20260605",""
"20260602","6호선","안암(고대병원앞)","18463","18280","20260605",""
"20260602","6호선","고려대(종암)","11272","10658","20260605",""
"20260602","6호선","월곡(동덕여대)","15280","14397","20260605",""
"20260602","6호선","상월곡(한국과학기술연구원)","8485","7961","20260605",""
"20260602","6호선","돌곶이","14309","13252","20260605",""
"20260602","6호선","석계","14758","14956","20260605",""
"20260602","6호선","태릉입구","6895","7763","20260605",""
"20260602","6호선","화랑대(서울여대입구)","14667","11987","20260605",""
"20260602","6호선","봉화산(서울의료원)","9936","9124","20260605",""
"20260602","7호선","장암","3261","1142","20260605",""
"20260602","7호선","도봉산","10848","12028","20260605",""
"20260602","7호선","수락산","14571","14297","20260605",""
"20260602","7호선","마들","15616","14564","20260605",""
"20260602","7호선","노원","23446","25170","20260605",""
"20260602","7호선","중계","17330","15894","20260605",""
"20260602","7호선","하계","21363","19784","20260605",""
"20260602","7호선","공릉(서울과학기술대)","15209","14705","20260605",""
"20260602","7호선","태릉입구","10578","10011","20260605",""
"20260602","7호선","먹골","11796","11627","20260605",""
"20260602","7호선","중화","13329","13392","20260605",""
"20260602","7호선","상봉","20786","20712","20260605",""
"20260602","7호선","면목","17674","16986","20260605",""
"20260602","7호선","사가정","18478","18845","20260605",""
"20260602","7호선","용마산(용마폭포공원)","6735","6405","20260605",""
"20260602","7호선","중곡","12775","12098","20260605",""
"20260602","7호선","군자(능동)","17827","14296","20260605",""
"20260602","7호선","어린이대공원(세종대)","22140","22771","20260605",""
"20260602","7호선","건대입구","17243","17494","20260605",""
"20260602","7호선","자양(뚝섬한강공원)","11191","11045","20260605",""
"20260602","7호선","청담","21326","23296","20260605",""
"20260602","7호선","강남구청","19090","21559","20260605",""
"20260602","7호선","학동","26456","27834","20260605",""
"20260602","7호선","논현","22246","23651","20260605",""
"20260602","7호선","반포","8030","7578","20260605",""
"20260602","7호선","고속터미널","17826","16344","20260605",""
"20260602","7호선","내방","17694","17815","20260605",""
"20260602","7호선","이수","19948","20015","20260605",""
"20260602","7호선","남성","13538","12784","20260605",""
"20260602","7호선","숭실대입구(살피재)","18570","18392","20260605",""
"20260602","7호선","상도","15179","15043","20260605",""
"20260602","7호선","장승배기","11549","11089","20260605",""
"20260602","7호선","신대방삼거리","17522","16842","20260605",""
"20260602","7호선","보라매","7666","8063","20260605",""
"20260602","7호선","신풍","14003","13003","20260605",""
"20260602","7호선","대림(구로구청)","10021","10152","20260605",""
"20260602","7호선","남구로","17509","18768","20260605",""
"20260602","7호선","가산디지털단지","52625","53199","20260605",""
"20260602","7호선","철산","26457","27231","20260605",""
"20260602","7호선","광명사거리","26106","25585","20260605",""
"20260602","7호선","천왕","14204","13722","20260605",""
"20260602","7호선","온수(성공회대입구)","12584","11285","20260605",""
"20260602","8호선","암사역사공원","8636","7535","20260605",""
"20260602","8호선","암사","18792","16946","20260605",""
"20260602","8호선","천호(풍납토성)","20702","23966","20260605",""
"20260602","8호선","강동구청","12508","12601","20260605",""
"20260602","8호선","몽촌토성(평화의문)","9578","9754","20260605",""
"20260602","8호선","잠실(송파구청)","21362","25582","20260605",""
"20260602","8호선","석촌","10075","11218","20260605",""
"20260602","8호선","송파","11852","11352","20260605",""
"20260602","8호선","가락시장","9861","10281","20260605",""
"20260602","8호선","문정","27236","28875","20260605",""
"20260602","8호선","장지","20074","17964","20260605",""
"20260602","8호선","복정","11958","9979","20260605",""
"20260602","8호선","산성","7369","7479","20260605",""
"20260602","8호선","남한산성입구(성남법원.검찰청)","16055","14404","20260605",""
"20260602","8호선","단대오거리","14478","13772","20260605",""
"20260602","8호선","신흥","6169","6170","20260605",""
"20260602","8호선","수진","6080","5736","20260605",""
"20260602","8호선","모란","5624","4455","20260605",""
"20260602","8호선","남위례","9716","9659","20260605",""
"20260602","9호선","개화","2973","2076","20260605",""
"20260602","9호선","김포공항","6059","10450","20260605",""
"20260602","9호선","공항시장","3145","3322","20260605",""
"20260602","9호선","신방화","8251","7898","20260605",""
"20260602","9호선","마곡나루(서울식물원)","18187","17850","20260605",""
"20260602","9호선","양천향교","13376","13599","20260605",""
"20260602","9호선","가양","25325","24612","20260605",""
"20260602","9호선","증미","9684","9313","20260605",""
"20260602","9호선","등촌","14804","14084","20260605",""
"20260602","9호선","염창","20828","19728","20260605",""
"20260602","9호선","신목동","5646","4963","20260605",""
"20260602","9호선","선유도","10977","10147","20260605",""
"20260602","9호선","당산","22764","22094","20260605",""
"20260602","9호선","국회의사당","18495","18903","20260605",""
"20260602","9호선","여의도","35736","34864","20260605",""
"20260602","9호선","샛강","8198","8146","20260605",""
"20260602","9호선","노량진","30068","29936","20260605",""
"20260602","9호선","노들","5683","4610","20260605",""
"20260602","9호선","흑석(중앙대입구)","12219","12278","20260605",""
"20260602","9호선","동작(현충원)","2736","2405","20260605",""
"20260602","9호선","구반포","3277","2923","20260605",""
"20260602","9호선","신반포","5791","5514","20260605",""
"20260602","9호선","고속터미널","16415","21359","20260605",""
"20260602","9호선","사평","5078","4717","20260605",""
"20260602","9호선","신논현","34748","36039","20260605",""
"20260602","9호선2~3단계","언주","13587","13965","20260605",""
"20260602","9호선2~3단계","선정릉","12236","13222","20260605",""
"20260602","9호선2~3단계","삼성중앙","9410","9880","20260605",""
"20260602","9호선2~3단계","봉은사","23692","25029","20260605",""
"20260602","9호선2~3단계","종합운동장","5995","6252","20260605",""
"20260602","9호선2~3단계","삼전","9805","9041","20260605",""
"20260602","9호선2~3단계","석촌고분","8564","8198","20260605",""
"20260602","9호선2~3단계","석촌","11126","10244","20260605",""
"20260602","9호선2~3단계","송파나루","6527","7185","20260605",""
"20260602","9호선2~3단계","한성백제","3991","3546","20260605",""
"20260602","9호선2~3단계","올림픽공원(한국체대)","7830","8208","20260605",""
"20260602","9호선2~3단계","둔촌오륜","5325","5078","20260605",""
"20260602","9호선2~3단계","중앙보훈병원","16179","13798","20260605",""
"20260602","경강선","판교","7130","7020","20260605",""
"20260602","경강선","이매","1215","1171","20260605",""
"20260602","경강선","삼동","2800","2601","20260605",""
"20260602","경강선","경기광주","10138","9417","20260605",""
"20260602","경강선","초월","4487","4103","20260605",""
"20260602","경강선","곤지암","2521","2468","20260605",""
"20260602","경강선","신둔도예촌","1783","1637","20260605",""
"20260602","경강선","이천","3222","3546","20260605",""
"20260602","경강선","부발","2944","2604","20260605",""
"20260602","경강선","세종대왕릉","409","390","20260605",""
"20260602","경강선","여주","3623","3460","20260605",""
"20260602","경강선","성남","1682","1504","20260605",""
"20260602","경부선","서울역","9801","3357","20260605",""
"20260602","경부선","남영","11128","11927","20260605",""
"20260602","경부선","용산","43964","45710","20260605",""
"20260602","경부선","노량진","10261","9913","20260605",""
"20260602","경부선","대방","12115","13500","20260605",""
"20260602","경부선","영등포","43859","45208","20260605",""
"20260602","경부선","신도림","4331","4738","20260605",""
"20260602","경부선","신길","9839","8601","20260605",""
"20260602","경부선","구로","18777","19440","20260605",""
"20260602","경부선","가산디지털단지","20591","23731","20260605",""
"20260602","경부선","금천구청","12214","12654","20260605",""
"20260602","경부선","석수","9716","8834","20260605",""
"20260602","경부선","관악","8278","7910","20260605",""
"20260602","경부선","안양","29916","29767","20260605",""
"20260602","경부선","명학","11079","10761","20260605",""
"20260602","경부선","금정","33905","34297","20260605",""
"20260602","경부선","군포","7886","7617","20260605",""
"20260602","경부선","의왕","11496","11241","20260605",""
"20260602","경부선","성균관대","19427","18437","20260605",""
"20260602","경부선","화서","12772","12443","20260605",""
"20260602","경부선","수원","43429","46250","20260605",""
"20260602","경부선","독산","19220","19286","20260605",""
"20260602","경부선","세류","4215","3761","20260605",""
"20260602","경부선","병점","20176","20455","20260605",""
"20260602","경부선","세마","4190","4046","20260605",""
"20260602","경부선","오산대","5133","4911","20260605",""
"20260602","경부선","오산","13021","12875","20260605",""
"20260602","경부선","진위","2197","2054","20260605",""
"20260602","경부선","송탄","5082","4962","20260605",""
"20260602","경부선","서정리","11161","10067","20260605",""
"20260602","경부선","평택지제","5824","5390","20260605",""
"20260602","경부선","평택","15737","15773","20260605",""
"20260602","경부선","성환","8212","7676","20260605",""
"20260602","경부선","직산","1290","1261","20260605",""
"20260602","경부선","두정","10998","11962","20260605",""
"20260602","경부선","천안","8893","7563","20260605",""
"20260602","경부선","당정","8001","7405","20260605",""
"20260602","경부선","서동탄","1746","1367","20260605",""
"20260602","경부선","광명","3983","3467","20260605",""
"20260602","경원선","이촌(국립중앙박물관)","4482","3695","20260605",""
"20260602","경원선","서빙고","2555","2375","20260605",""
"20260602","경원선","한남","4154","4111","20260605",""
"20260602","경원선","옥수","58","37","20260605",""
"20260602","경원선","응봉","2102","1709","20260605",""
"20260602","경원선","왕십리(성동구청)","19557","19278","20260605",""
"20260602","경원선","청량리(서울시립대입구)","18593","19076","20260605",""
"20260602","경원선","외대앞","17865","18641","20260605",""
"20260602","경원선","신이문","10194","9100","20260605",""
"20260602","경원선","석계","8565","9479","20260605",""
"20260602","경원선","광운대","11135","10422","20260605",""
"20260602","경원선","월계","8962","8192","20260605",""
"20260602","경원선","녹천","5145","4334","20260605",""
"20260602","경원선","창동","4","0","20260605",""
"20260602","경원선","방학","11358","11187","20260605",""
"20260602","경원선","도봉","6807","6554","20260605",""
"20260602","경원선","도봉산","8122","5366","20260605",""
"20260602","경원선","망월사","11507","11531","20260605",""
"20260602","경원선","회룡","15386","15025","20260605",""
"20260602","경원선","의정부","21284","21854","20260605",""
"20260602","경원선","가능","7636","7360","20260605",""
"20260602","경원선","녹양","5089","4830","20260605",""
"20260602","경원선","양주","8122","7674","20260605",""
"20260602","경원선","덕계","8208","7626","20260605",""
"20260602","경원선","덕정","8305","7775","20260605",""
"20260602","경원선","지행","7648","7730","20260605",""
"20260602","경원선","동두천중앙","3407","3326","20260605",""
"20260602","경원선","보산","1705","1522","20260605",""
"20260602","경원선","동두천","2656","2554","20260605",""
"20260602","경원선","소요산","1877","1900","20260605",""
"20260602","경원선","청산","160","153","20260605",""
"20260602","경원선","전곡","1305","1332","20260605",""
"20260602","경원선","연천","1289","1321","20260605",""
"20260602","경의선","서울역","3795","4872","20260605",""
"20260602","경의선","신촌","1194","1584","20260605",""
"20260602","경의선","효창공원앞","4005","4292","20260605",""
"20260602","경의선","공덕","4938","3964","20260605",""
"20260602","경의선","서강대","2683","2705","20260605",""
"20260602","경의선","홍대입구","2272","2529","20260605",""
"20260602","경의선","가좌","7072","6675","20260605",""
"20260602","경의선","디지털미디어시티","2950","2715","20260605",""
"20260602","경의선","수색","3902","3946","20260605",""
"20260602","경의선","한국항공대","4412","4177","20260605",""
"20260602","경의선","강매","3824","3094","20260605",""
"20260602","경의선","행신","8627","8791","20260605",""
"20260602","경의선","능곡","5164","4961","20260605",""
"20260602","경의선","곡산","710","754","20260605",""
"20260602","경의선","백마","9039","8762","20260605",""
"20260602","경의선","풍산","7432","6915","20260605",""
"20260602","경의선","일산","12087","11779","20260605",""
"20260602","경의선","탄현","8793","8507","20260605",""
"20260602","경의선","야당","8333","8809","20260605",""
"20260602","경의선","운정","8995","8612","20260605",""
"20260602","경의선","금릉","5603","5529","20260605",""
"20260602","경의선","금촌","7382","6941","20260605",""
"20260602","경의선","월롱","2821","2264","20260605",""
"20260602","경의선","파주","1999","1670","20260605",""
"20260602","경의선","문산","5926","5925","20260605",""
"20260602","경의선","임진강","6","7","20260605",""
"20260602","경의선","운천","2","4","20260605",""
"20260602","경의선","검암","1","0","20260605",""
"20260602","경인선","개봉","26447","25560","20260605",""
"20260602","경인선","오류동","13224","12000","20260605",""
"20260602","경인선","역곡","31710","31326","20260605",""
"20260602","경인선","부천","35042","35131","20260605",""
"20260602","경인선","송내","30243","29792","20260605",""
"20260602","경인선","부평","31688","34127","20260605",""
"20260602","경인선","백운","7971","7607","20260605",""
"20260602","경인선","동암","16948","17336","20260605",""
"20260602","경인선","주안","20679","18974","20260605",""
"20260602","경인선","제물포","13338","12761","20260605",""
"20260602","경인선","동인천","15334","14170","20260605",""
"20260602","경인선","인천","4215","3487","20260605",""
"20260602","경인선","구일","8658","8387","20260605",""
"20260602","경인선","소사","9514","8753","20260605",""
"20260602","경인선","부개","9950","8957","20260605",""
"20260602","경인선","간석","6622","6356","20260605",""
"20260602","경인선","도원","3749","3851","20260605",""
"20260602","경인선","온수(성공회대입구)","7679","7053","20260605",""
"20260602","경인선","중동","10680","9807","20260605",""
"20260602","경인선","도화","4781","4259","20260605",""
"20260602","경춘선","신내","3503","3346","20260605",""
"20260602","경춘선","갈매","3130","2789","20260605",""
"20260602","경춘선","별내","2937","2822","20260605",""
"20260602","경춘선","퇴계원","3843","3468","20260605",""
"20260602","경춘선","사릉","2561","2440","20260605",""
"20260602","경춘선","금곡","1979","1938","20260605",""
"20260602","경춘선","평내호평","7785","7625","20260605",""
"20260602","경춘선","천마산","1850","1746","20260605",""
"20260602","경춘선","마석","4795","4751","20260605",""
"20260602","경춘선","대성리","481","475","20260605",""
"20260602","경춘선","청평","1834","1814","20260605",""
"20260602","경춘선","상천","319","282","20260605",""
"20260602","경춘선","가평","2027","2158","20260605",""
"20260602","경춘선","굴봉산","134","127","20260605",""
"20260602","경춘선","백양리","128","117","20260605",""
"20260602","경춘선","강촌","544","550","20260605",""
"20260602","경춘선","김유정","399","468","20260605",""
"20260602","경춘선","남춘천","4022","3708","20260605",""
"20260602","경춘선","춘천","2533","1978","20260605",""
"20260602","공항철도 1호선","서울역","13547","11649","20260605",""
"20260602","공항철도 1호선","공덕","3710","4730","20260605",""
"20260602","공항철도 1호선","홍대입구","15199","14788","20260605",""
"20260602","공항철도 1호선","디지털미디어시티","17660","16476","20260605",""
"20260602","공항철도 1호선","마곡나루(서울식물원)","18546","17958","20260605",""
"20260602","공항철도 1호선","김포공항","8821","5399","20260605",""
"20260602","공항철도 1호선","계양","10357","10329","20260605",""
"20260602","공항철도 1호선","검암","7035","6998","20260605",""
"20260602","공항철도 1호선","청라국제도시","9247","8770","20260605",""
"20260602","공항철도 1호선","운서","10898","11450","20260605",""
"20260602","공항철도 1호선","공항화물청사","2239","2423","20260605",""
"20260602","공항철도 1호선","인천공항1터미널","11798","11639","20260605",""
"20260602","공항철도 1호선","인천공항2터미널","10821","9187","20260605",""
"20260602","공항철도 1호선","영종","4970","5228","20260605",""
"20260602","과천선","선바위","9095","8030","20260605",""
"20260602","과천선","경마공원","1765","1718","20260605",""
"20260602","과천선","대공원","5121","5273","20260605",""
"20260602","과천선","과천","6184","5501","20260605",""
"20260602","분당선","보정","3013","2621","20260605",""
"20260602","분당선","죽전","16787","18424","20260605",""
"20260602","분당선","구성","9100","9041","20260605",""
"20260602","분당선","신갈","5754","5551","20260605",""
"20260602","분당선","기흥","13415","12669","20260605",""
"20260602","분당선","상갈","6316","5882","20260605",""
"20260602","분당선","청명","5935","5415","20260605",""
"20260602","분당선","영통","10678","11051","20260605",""
"20260602","분당선","망포","18325","17509","20260605",""
"20260602","분당선","매탄권선","6637","6447","20260605",""
"20260602","분당선","수원시청","16381","18135","20260605",""
"20260602","분당선","매교","6274","6185","20260605",""
"20260602","서해선","김포공항","2913","4634","20260605",""
"20260602","서해선","원종","6169","6029","20260605",""
"20260602","서해선","부천종합운동장","3674","3156","20260605",""
"20260602","수인선","고색","7681","7269","20260605",""
"20260602","수인선","오목천","6310","5481","20260605",""
"20260602","수인선","어천","1683","1597","20260605",""
"20260602","수인선","야목","920","775","20260605",""
"20260602","수인선","사리","6112","5332","20260605",""
"20260602","수인선","달월","125","90","20260605",""
"20260602","수인선","월곶","3403","3094","20260605",""
"20260602","수인선","소래포구","6518","6030","20260605",""
"20260602","수인선","인천논현","6549","7042","20260605",""
"20260602","수인선","호구포","4895","5059","20260605",""
"20260602","수인선","남동인더스파크","2765","3196","20260605",""
"20260602","수인선","원인재","5235","5337","20260605",""
"20260602","수인선","연수","5504","5398","20260605",""
"20260602","수인선","송도","3011","2698","20260605",""
"20260602","수인선","인하대","10020","9391","20260605",""
"20260602","수인선","숭의","5557","5007","20260605",""
"20260602","수인선","신포","2041","2166","20260605",""
"20260602","수인선","인천","1130","1650","20260605",""
"20260602","신림선","샛강","3621","4300","20260605",""
"20260602","신림선","대방","3918","2983","20260605",""
"20260602","신림선","서울지방병무청","3649","3949","20260605",""
"20260602","신림선","보라매","5667","5014","20260605",""
"20260602","신림선","보라매공원","3070","3296","20260605",""
"20260602","신림선","보라매병원","10147","10568","20260605",""
"20260602","신림선","당곡","5622","5329","20260605",""
"20260602","신림선","신림","2581","3062","20260605",""
"20260602","신림선","서원","4133","3567","20260605",""
"20260602","신림선","서울대벤처타운","11412","10443","20260605",""
"20260602","신림선","관악산(서울대)","3856","3714","20260605",""
"20260602","안산선","산본","19170","20517","20260605",""
"20260602","안산선","대야미","6074","5393","20260605",""
"20260602","안산선","반월","5123","4904","20260605",""
"20260602","안산선","상록수","18230","18063","20260605",""
"20260602","안산선","한대앞","12188","12378","20260605",""
"20260602","안산선","중앙","21087","22871","20260605",""
"20260602","안산선","고잔","10620","10103","20260605",""
"20260602","안산선","초지","5896","5988","20260605",""
"20260602","안산선","안산","12997","12014","20260605",""
"20260602","안산선","신길온천","2496","2176","20260605",""
"20260602","안산선","정왕","12976","13044","20260605",""
"20260602","안산선","오이도","9047","9039","20260605",""
"20260602","안산선","수리산","4872","3918","20260605",""
"20260602","우이신설선","북한산우이","3255","2960","20260605",""
"20260602","우이신설선","솔밭공원","3063","2899","20260605",""
"20260602","우이신설선","4.19민주묘지","5102","5001","20260605",""
"20260602","우이신설선","가오리","5020","5039","20260605",""
"20260602","우이신설선","화계","4411","4114","20260605",""
"20260602","우이신설선","삼양","2856","3039","20260605",""
"20260602","우이신설선","삼양사거리","3195","3106","20260605",""
"20260602","우이신설선","솔샘","7011","6500","20260605",""
"20260602","우이신설선","북한산보국문","7587","6845","20260605",""
"20260602","우이신설선","정릉","5687","4905","20260605",""
"20260602","우이신설선","성신여대입구(돈암)","4239","4672","20260605",""
"20260602","우이신설선","보문","2086","2079","20260605",""
"20260602","우이신설선","신설동","2931","2721","20260605",""
"20260602","일산선","원흥","13199","12522","20260605",""
"20260602","일산선","삼송","22654","21706","20260605",""
"20260602","일산선","원당","13897","13497","20260605",""
"20260602","일산선","화정","20190","20715","20260605",""
"20260602","일산선","대곡","14247","12569","20260605",""
"20260602","일산선","백석","11612","12001","20260605",""
"20260602","일산선","마두","9277","9294","20260605",""
"20260602","일산선","정발산","8066","8379","20260605",""
"20260602","일산선","주엽","10588","10379","20260605",""
"20260602","일산선","대화","12209","9881","20260605",""
"20260602","장항선","봉명","1662","1593","20260605",""
"20260602","장항선","쌍용(나사렛대)","4086","3726","20260605",""
"20260602","장항선","아산","5259","4904","20260605",""
"20260602","장항선","탕정","3203","2372","20260605",""
"20260602","장항선","배방","1543","1538","20260605",""
"20260603","6호선","역촌","2645","3059","20260606",""
"20260603","분당선","망포","8200","8224","20260606",""
"20260603","일산선","정발산","6298","5974","20260606",""
"20260603","5호선","개화산","4100","3956","20260606",""
"20260603","5호선","김포공항","11324","7558","20260606",""
"20260603","5호선","송정","4360","4371","20260606",""
"20260603","5호선","마곡","9874","9826","20260606",""
"20260603","5호선","발산","13151","14193","20260606",""
"20260603","5호선","우장산","10042","10260","20260606",""
"20260603","5호선","화곡","19074","17815","20260606",""
"20260603","5호선","까치산","19385","18429","20260606",""
"20260603","5호선","신정(은행정)","8524","7373","20260606",""
"20260603","5호선","목동","9797","10172","20260606",""
"20260603","5호선","오목교(목동운동장앞)","13867","14159","20260606",""
"20260603","5호선","양평","3749","3646","20260606",""
"20260603","5호선","영등포구청","2455","2368","20260606",""
"20260603","5호선","영등포시장","7453","7439","20260606",""
"20260603","5호선","신길","3189","3119","20260606",""
"20260603","5호선","여의도","9725","10659","20260606",""
"20260603","5호선","여의나루","11912","12397","20260606",""
"20260603","5호선","마포","7116","7182","20260606",""
"20260603","5호선","공덕","6516","6494","20260606",""
"20260603","5호선","애오개","3661","3476","20260606",""
"20260603","5호선","충정로(경기대입구)","1847","1981","20260606",""
"20260603","5호선","서대문","6579","6304","20260606",""
"20260603","5호선","광화문(세종문화회관)","17065","18051","20260606",""
"20260603","5호선","종로3가","13938","13611","20260606",""
"20260603","5호선","을지로4가","4067","4148","20260606",""
"20260603","5호선","동대문역사문화공원(DDP)","1494","1549","20260606",""
"20260603","5호선","청구","2241","2119","20260606",""
"20260603","5호선","신금호","3857","4195","20260606",""
"20260603","5호선","행당","4955","4354","20260606",""
"20260603","5호선","왕십리(성동구청)","3267","3983","20260606",""
"20260603","5호선","마장","3934","3489","20260606",""
"20260603","5호선","답십리","9869","8983","20260606",""
"20260603","5호선","장한평","11305","11094","20260606",""
"20260603","5호선","군자(능동)","8931","10033","20260606",""
"20260603","5호선","아차산(어린이대공원후문)","12522","12343","20260606",""
"20260603","5호선","광나루(장신대)","7377","7318","20260606",""
"20260603","5호선","천호(풍납토성)","17442","16169","20260606",""
"20260603","5호선","강동","11524","11396","20260606",""
"20260603","5호선","길동","6407","6451","20260606",""
"20260603","5호선","굽은다리(강동구민회관앞)","7144","6853","20260606",""
"20260603","5호선","명일","5478","5481","20260606",""
"20260603","5호선","고덕","6050","6016","20260606",""
"20260603","5호선","상일동","8664","8402","20260606",""
"20260603","5호선","둔촌동","8901","8651","20260606",""
"20260603","5호선","올림픽공원(한국체대)","3377","2886","20260606",""
"20260603","5호선","방이","4977","4907","20260606",""
"20260603","5호선","오금","2073","1982","20260606",""
"20260603","5호선","개롱","3927","4020","20260606",""
"20260603","5호선","거여","6068","5997","20260606",""
"20260603","5호선","마천","4304","4221","20260606",""
"20260603","5호선","강일","4027","3627","20260606",""
"20260603","1호선","청량리(서울시립대입구)","19149","19299","20260606",""
"20260603","1호선","제기동","13446","13913","20260606",""
"20260603","1호선","신설동","9229","8599","20260606",""
"20260603","1호선","동대문","14619","14643","20260606",""
"20260603","1호선","종로5가","18877","18467","20260606",""
"20260603","1호선","종로3가","20513","18376","20260606",""
"20260603","1호선","종각","19694","18527","20260606",""
"20260603","1호선","시청","12365","12607","20260606",""
"20260603","1호선","서울역","46501","45465","20260606",""
"20260603","4호선","이촌(국립중앙박물관)","10345","10750","20260606",""
"20260603","4호선","총신대입구(이수)","14015","14835","20260606",""
"20260603","4호선","사당","18491","17295","20260606",""
"20260603","4호선","남태령","761","548","20260606",""
"20260603","5호선","방화","4733","4643","20260606",""
"20260603","3호선","경찰병원","3851","3915","20260606",""
"20260603","3호선","오금","3335","3165","20260606",""
"20260603","4호선","불암산","7384","6937","20260606",""
"20260603","4호선","상계","14211","13134","20260606",""
"20260603","4호선","노원","16702","18406","20260606",""
"20260603","4호선","창동","20359","20984","20260606",""
"20260603","4호선","쌍문","20034","18520","20260606",""
"20260603","4호선","수유(강북구청)","25630","24858","20260606",""
"20260603","4호선","미아(서울사이버대학)","11601","10890","20260606",""
"20260603","4호선","미아사거리","19772","19162","20260606",""
"20260603","4호선","길음","13538","13202","20260606",""
"20260603","4호선","성신여대입구(돈암)","17654","17047","20260606",""
"20260603","4호선","한성대입구(삼선교)","11124","10974","20260606",""
"20260603","4호선","혜화","28460","29742","20260606",""
"20260603","4호선","동대문","19540","19876","20260606",""
"20260603","4호선","동대문역사문화공원(DDP)","18186","15970","20260606",""
"20260603","4호선","충무로","16860","17628","20260606",""
"20260603","4호선","명동","30314","32438","20260606",""
"20260603","4호선","회현(남대문시장)","24872","26616","20260606",""
"20260603","4호선","서울역","6207","12579","20260606",""
"20260603","4호선","숙대입구(갈월)","9764","9602","20260606",""
"20260603","4호선","삼각지(전쟁기념관)","4679","6190","20260606",""
"20260603","4호선","신용산","16145","17589","20260606",""
"20260603","4호선","동작(현충원)","2359","2602","20260606",""
"20260603","1호선","동묘앞","11239","12205","20260606",""
"20260603","2호선","시청","10692","9124","20260606",""
"20260603","2호선","을지로입구","31000","30635","20260606",""
"20260603","2호선","을지로3가","12905","12780","20260606",""
"20260603","2호선","을지로4가","9093","8945","20260606",""
"20260603","2호선","동대문역사문화공원(DDP)","14417","16414","20260606",""
"20260603","2호선","신당","11649","12250","20260606",""
"20260603","2호선","상왕십리","9367","9121","20260606",""
"20260603","2호선","왕십리(성동구청)","11584","10742","20260606",""
"20260603","2호선","한양대","4751","5438","20260606",""
"20260603","2호선","뚝섬","15376","15276","20260606",""
"20260603","2호선","성수","41560","44304","20260606",""
"20260603","2호선","건대입구","31739","32763","20260606",""
"20260603","2호선","구의(광진구청)","18987","18674","20260606",""
"20260603","2호선","강변(동서울터미널)","18354","17181","20260606",""
"20260603","2호선","잠실나루","7709","7834","20260606",""
"20260603","2호선","잠실(송파구청)","63459","60551","20260606",""
"20260603","2호선","잠실새내","16562","17234","20260606",""
"20260603","2호선","종합운동장","18531","19058","20260606",""
"20260603","2호선","삼성(무역센터)","23378","20485","20260606",""
"20260603","2호선","선릉","20599","18297","20260606",""
"20260603","2호선","역삼","14011","15440","20260606",""
"20260603","2호선","강남","43480","41976","20260606",""
"20260603","2호선","교대(법원.검찰청)","12540","14679","20260606",""
"20260603","2호선","서초","8497","7760","20260606",""
"20260603","2호선","방배","8515","8725","20260606",""
"20260603","2호선","사당","30726","32391","20260606",""
"20260603","2호선","낙성대(강감찬)","20172","19360","20260606",""
"20260603","2호선","서울대입구(관악구청)","31962","31599","20260606",""
"20260603","2호선","봉천","16940","15772","20260606",""
"20260603","2호선","신림","41081","39722","20260606",""
"20260603","2호선","신대방","18069","17019","20260606",""
"20260603","2호선","구로디지털단지","31650","30457","20260606",""
"20260603","2호선","대림(구로구청)","17284","17836","20260606",""
"20260603","2호선","신도림","30432","29691","20260606",""
"20260603","2호선","문래","11925","12340","20260606",""
"20260603","2호선","영등포구청","10930","11281","20260606",""
"20260603","2호선","당산","11357","11993","20260606",""
"20260603","2호선","합정","24125","25846","20260606",""
"20260603","2호선","홍대입구","68773","72176","20260606",""
"20260603","2호선","신촌","27223","27163","20260606",""
"20260603","2호선","이대","11090","12085","20260606",""
"20260603","2호선","아현","7574","7043","20260606",""
"20260603","2호선","충정로(경기대입구)","4519","4660","20260606",""
"20260603","2호선","용답","2213","2131","20260606",""
"20260603","2호선","신답","998","1070","20260606",""
"20260603","2호선","신설동","2683","2558","20260606",""
"20260603","2호선","도림천","695","651","20260606",""
"20260603","2호선","양천구청","3930","3952","20260606",""
"20260603","2호선","신정네거리","6194","6271","20260606",""
"20260603","2호선","용두(동대문구청)","1501","1478","20260606",""
"20260603","3호선","지축","4935","4759","20260606",""
"20260603","3호선","구파발","16673","16812","20260606",""
"20260603","3호선","연신내","27379","26008","20260606",""
"20260603","3호선","불광","12177","13490","20260606",""
"20260603","3호선","녹번","9299","8406","20260606",""
"20260603","3호선","홍제","12928","11864","20260606",""
"20260603","3호선","무악재","2836","2899","20260606",""
"20260603","3호선","독립문","5897","6712","20260606",""
"20260603","3호선","경복궁(정부서울청사)","20245","21791","20260606",""
"20260603","3호선","안국","19364","21201","20260606",""
"20260603","3호선","을지로3가","7391","6399","20260606",""
"20260603","3호선","충무로","3","0","20260606",""
"20260603","3호선","동대입구","7084","8289","20260606",""
"20260603","3호선","약수","8907","8538","20260606",""
"20260603","3호선","금호","5469","5032","20260606",""
"20260603","3호선","옥수","7204","7315","20260606",""
"20260603","3호선","압구정","19031","20119","20260606",""
"20260603","3호선","신사","13902","14707","20260606",""
"20260603","3호선","잠원","4679","4395","20260606",""
"20260603","3호선","고속터미널","44867","41115","20260606",""
"20260603","3호선","교대(법원.검찰청)","7326","3653","20260606",""
"20260603","3호선","남부터미널(예술의전당)","17576","17745","20260606",""
"20260603","3호선","양재(서초구청)","15345","16633","20260606",""
"20260603","3호선","매봉","6024","5987","20260606",""
"20260603","3호선","도곡","3303","3121","20260606",""
"20260603","3호선","대치","7818","7078","20260606",""
"20260603","3호선","학여울","1225","1431","20260606",""
"20260603","3호선","대청","5739","5547","20260606",""
"20260603","3호선","일원","4955","4949","20260606",""
"20260603","3호선","수서","11652","11602","20260606",""
"20260603","3호선","가락시장","5365","5399","20260606",""
"20260603","3호선","종로3가","8242","9792","20260606",""
"20260603","5호선","미사","13181","13309","20260606",""
"20260603","5호선","하남풍산","3058","3051","20260606",""
"20260603","5호선","하남시청(덕풍·신장)","6301","5911","20260606",""
"20260603","5호선","하남검단산","6079","5923","20260606",""
"20260603","6호선","응암","12134","11862","20260606",""
"20260603","6호선","불광","4151","3608","20260606",""
"20260603","6호선","독바위","1835","2062","20260606",""
"20260603","6호선","연신내","2","0","20260606",""
"20260603","6호선","구산","5363","4367","20260606",""
"20260603","6호선","새절(신사)","8183","7691","20260606",""
"20260603","6호선","증산(명지대앞)","6491","6372","20260606",""
"20260603","6호선","디지털미디어시티","7495","7812","20260606",""
"20260603","6호선","월드컵경기장(성산)","4275","4383","20260606",""
"20260603","6호선","마포구청","8895","8105","20260606",""
"20260603","6호선","망원","14130","15773","20260606",""
"20260603","6호선","합정","11116","10623","20260606",""
"20260603","6호선","상수","8729","9399","20260606",""
"20260603","6호선","광흥창(서강)","5489","4926","20260606",""
"20260603","6호선","대흥(서강대앞)","6201","6528","20260606",""
"20260603","6호선","공덕","9839","9399","20260606",""
"20260603","6호선","효창공원앞","4907","4459","20260606",""
"20260603","6호선","삼각지(전쟁기념관)","5614","4631","20260606",""
"20260603","6호선","녹사평(용산구청)","4706","4902","20260606",""
"20260603","6호선","이태원","10214","9432","20260606",""
"20260603","6호선","한강진","7802","9590","20260606",""
"20260603","6호선","버티고개","1423","1555","20260606",""
"20260603","6호선","약수","2566","2489","20260606",""
"20260603","6호선","청구","2632","2421","20260606",""
"20260603","6호선","신당","7358","6993","20260606",""
"20260603","6호선","동묘앞","11207","11783","20260606",""
"20260603","6호선","창신","2040","1917","20260606",""
"20260603","6호선","보문","5288","4913","20260606",""
"20260603","6호선","안암(고대병원앞)","6897","7205","20260606",""
"20260603","6호선","고려대(종암)","5235","5063","20260606",""
"20260603","6호선","월곡(동덕여대)","7061","6758","20260606",""
"20260603","6호선","상월곡(한국과학기술연구원)","4333","3995","20260606",""
"20260603","6호선","돌곶이","7906","7457","20260606",""
"20260603","6호선","석계","8180","8416","20260606",""
"20260603","6호선","태릉입구","4461","4908","20260606",""
"20260603","6호선","화랑대(서울여대입구)","6506","5543","20260606",""
"20260603","6호선","봉화산(서울의료원)","4690","4648","20260606",""
"20260603","6호선","신내","1","0","20260606",""
"20260603","7호선","장암","2020","1418","20260606",""
"20260603","7호선","도봉산","5912","8091","20260606",""
"20260603","7호선","수락산","9617","9413","20260606",""
"20260603","7호선","마들","8428","7896","20260606",""
"20260603","7호선","노원","15405","16055","20260606",""
"20260603","7호선","중계","9309","8900","20260606",""
"20260603","7호선","하계","11592","10703","20260606",""
"20260603","7호선","공릉(서울과학기술대)","8659","8724","20260606",""
"20260603","7호선","태릉입구","6743","6401","20260606",""
"20260603","7호선","먹골","7567","7318","20260606",""
"20260603","7호선","중화","7762","7308","20260606",""
"20260603","7호선","상봉","13244","12851","20260606",""
"20260603","7호선","면목","10042","9802","20260606",""
"20260603","7호선","사가정","11210","10952","20260606",""
"20260603","7호선","용마산(용마폭포공원)","4037","4422","20260606",""
"20260603","7호선","중곡","6695","6441","20260606",""
"20260603","7호선","군자(능동)","11327","8852","20260606",""
"20260603","7호선","어린이대공원(세종대)","10417","10508","20260606",""
"20260603","7호선","건대입구","10734","10653","20260606",""
"20260603","7호선","자양(뚝섬한강공원)","10280","9509","20260606",""
"20260603","7호선","청담","8671","9155","20260606",""
"20260603","7호선","강남구청","7541","8540","20260606",""
"20260603","7호선","학동","7878","8066","20260606",""
"20260603","7호선","논현","9169","9771","20260606",""
"20260603","7호선","반포","4939","4678","20260606",""
"20260603","7호선","고속터미널","10201","8942","20260606",""
"20260603","7호선","내방","7927","7971","20260606",""
"20260603","7호선","이수","12117","11597","20260606",""
"20260603","7호선","남성","7456","7273","20260606",""
"20260603","7호선","숭실대입구(살피재)","7848","7825","20260606",""
"20260603","7호선","상도","7538","7424","20260606",""
"20260603","7호선","장승배기","6064","5879","20260606",""
"20260603","7호선","신대방삼거리","10092","9758","20260606",""
"20260603","7호선","보라매","4123","4240","20260606",""
"20260603","7호선","신풍","7457","6991","20260606",""
"20260603","7호선","대림(구로구청)","8053","7833","20260606",""
"20260603","7호선","남구로","7630","7875","20260606",""
"20260603","7호선","가산디지털단지","12945","12193","20260606",""
"20260603","7호선","철산","13764","13930","20260606",""
"20260603","7호선","광명사거리","16375","16347","20260606",""
"20260603","7호선","천왕","6834","6600","20260606",""
"20260603","7호선","온수(성공회대입구)","5010","4907","20260606",""
"20260603","8호선","암사역사공원","4237","3906","20260606",""
"20260603","8호선","암사","10693","10045","20260606",""
"20260603","8호선","천호(풍납토성)","13674","15383","20260606",""
"20260603","8호선","강동구청","6127","6129","20260606",""
"20260603","8호선","몽촌토성(평화의문)","5946","5948","20260606",""
"20260603","8호선","잠실(송파구청)","17895","20133","20260606",""
"20260603","8호선","석촌","6825","7980","20260606",""
"20260603","8호선","송파","6230","6070","20260606",""
"20260603","8호선","가락시장","4659","5660","20260606",""
"20260603","8호선","문정","7451","7793","20260606",""
"20260603","8호선","장지","11374","10802","20260606",""
"20260603","8호선","복정","4642","4314","20260606",""
"20260603","8호선","산성","4208","4487","20260606",""
"20260603","8호선","남한산성입구(성남법원.검찰청)","7772","6927","20260606",""
"20260603","8호선","단대오거리","7747","7373","20260606",""
"20260603","8호선","신흥","4217","4280","20260606",""
"20260603","8호선","수진","4515","4179","20260606",""
"20260603","8호선","모란","3850","3143","20260606",""
"20260603","8호선","남위례","4763","4671","20260606",""
"20260603","9호선","개화","1485","1199","20260606",""
"20260603","9호선","김포공항","4905","9399","20260606",""
"20260603","9호선","공항시장","1896","2034","20260606",""
"20260603","9호선","신방화","4397","4279","20260606",""
"20260603","9호선","마곡나루(서울식물원)","8425","8269","20260606",""
"20260603","9호선","양천향교","5711","5876","20260606",""
"20260603","9호선","가양","12513","12286","20260606",""
"20260603","9호선","증미","3462","3219","20260606",""
"20260603","9호선","등촌","7665","7445","20260606",""
"20260603","9호선","염창","10887","10414","20260606",""
"20260603","9호선","신목동","2521","2340","20260606",""
"20260603","9호선","선유도","4415","4118","20260606",""
"20260603","9호선","당산","11490","11113","20260606",""
"20260603","9호선","국회의사당","4483","4563","20260606",""
"20260603","9호선","여의도","11094","10678","20260606",""
"20260603","9호선","샛강","3124","2920","20260606",""
"20260603","9호선","노량진","19583","20108","20260606",""
"20260603","9호선","노들","3245","2690","20260606",""
"20260603","9호선","흑석(중앙대입구)","5292","5280","20260606",""
"20260603","9호선","동작(현충원)","2886","2873","20260606",""
"20260603","9호선","구반포","2261","1908","20260606",""
"20260603","9호선","신반포","3170","3072","20260606",""
"20260603","9호선","고속터미널","13018","17961","20260606",""
"20260603","9호선","사평","2573","2385","20260606",""
"20260603","9호선","신논현","18917","19242","20260606",""
"20260603","9호선2~3단계","언주","4343","4394","20260606",""
"20260603","9호선2~3단계","선정릉","4004","4399","20260606",""
"20260603","9호선2~3단계","삼성중앙","3027","3063","20260606",""
"20260603","9호선2~3단계","봉은사","11347","12144","20260606",""
"20260603","9호선2~3단계","종합운동장","3139","3465","20260606",""
"20260603","9호선2~3단계","삼전","5429","5217","20260606",""
"20260603","9호선2~3단계","석촌고분","4648","4615","20260606",""
"20260603","9호선2~3단계","석촌","7031","6251","20260606",""
"20260603","9호선2~3단계","송파나루","4067","4591","20260606",""
"20260603","9호선2~3단계","한성백제","2389","2112","20260606",""
"20260603","9호선2~3단계","올림픽공원(한국체대)","4883","5350","20260606",""
"20260603","9호선2~3단계","둔촌오륜","2365","2492","20260606",""
"20260603","9호선2~3단계","중앙보훈병원","5684","5414","20260606",""
"20260603","경강선","판교","3757","3362","20260606",""
"20260603","경강선","이매","744","588","20260606",""
"20260603","경강선","삼동","1361","1262","20260606",""
"20260603","경강선","경기광주","4821","4676","20260606",""
"20260603","경강선","초월","2155","2101","20260606",""
"20260603","경강선","곤지암","1538","1740","20260606",""
"20260603","경강선","신둔도예촌","1012","1000","20260606",""
"20260603","경강선","이천","2245","2416","20260606",""
"20260603","경강선","부발","1786","1978","20260606",""
"20260603","경강선","세종대왕릉","345","349","20260606",""
"20260603","경강선","여주","2695","2855","20260606",""
"20260603","경강선","성남","794","721","20260606",""
"20260603","경부선","서울역","7520","2089","20260606",""
"20260603","경부선","남영","5453","5844","20260606",""
"20260603","경부선","용산","43634","44226","20260606",""
"20260603","경부선","노량진","8396","7438","20260606",""
"20260603","경부선","대방","5426","6003","20260606",""
"20260603","경부선","영등포","36784","37274","20260606",""
"20260603","경부선","신도림","2452","2766","20260606",""
"20260603","경부선","신길","5194","4628","20260606",""
"20260603","경부선","구로","11224","11428","20260606",""
"20260603","경부선","가산디지털단지","5199","6905","20260606",""
"20260603","경부선","금천구청","6805","6829","20260606",""
"20260603","경부선","석수","5431","5214","20260606",""
"20260603","경부선","관악","5086","4944","20260606",""
"20260603","경부선","안양","16175","16044","20260606",""
"20260603","경부선","명학","3854","3781","20260606",""
"20260603","경부선","금정","18006","18114","20260606",""
"20260603","경부선","군포","3472","3368","20260606",""
"20260603","경부선","의왕","5252","5179","20260606",""
"20260603","경부선","성균관대","9880","9908","20260606",""
"20260603","경부선","화서","9850","9624","20260606",""
"20260603","경부선","수원","36596","37956","20260606",""
"20260603","경부선","독산","8118","7866","20260606",""
"20260603","경부선","세류","2491","2398","20260606",""
"20260603","경부선","병점","11268","11471","20260606",""
"20260603","경부선","세마","2736","2509","20260606",""
"20260603","경부선","오산대","3319","3186","20260606",""
"20260603","경부선","오산","8843","8981","20260606",""
"20260603","경부선","진위","1105","1109","20260606",""
"20260603","경부선","송탄","3963","4036","20260606",""
"20260603","경부선","서정리","6808","7101","20260606",""
"20260603","경부선","평택지제","3782","3625","20260606",""
"20260603","경부선","평택","12177","11881","20260606",""
"20260603","경부선","성환","3199","3282","20260606",""
"20260603","경부선","직산","736","750","20260606",""
"20260603","경부선","두정","6018","6220","20260606",""
"20260603","경부선","천안","6022","6076","20260606",""
"20260603","경부선","당정","3791","3577","20260606",""
"20260603","경부선","서동탄","852","858","20260606",""
"20260603","경부선","광명","2113","1783","20260606",""
"20260603","경원선","이촌(국립중앙박물관)","2863","2323","20260606",""
"20260603","경원선","서빙고","1509","1519","20260606",""
"20260603","경원선","한남","2134","2134","20260606",""
"20260603","경원선","옥수","46","45","20260606",""
"20260603","경원선","응봉","1486","1319","20260606",""
"20260603","경원선","왕십리(성동구청)","13021","13532","20260606",""
"20260603","경원선","청량리(서울시립대입구)","16310","16490","20260606",""
"20260603","경원선","외대앞","8445","7804","20260606",""
"20260603","경원선","신이문","6035","5580","20260606",""
"20260603","경원선","석계","5822","6063","20260606",""
"20260603","경원선","광운대","5591","5437","20260606",""
"20260603","경원선","월계","4612","4335","20260606",""
"20260603","경원선","녹천","2997","2596","20260606",""
"20260603","경원선","창동","5","0","20260606",""
"20260603","경원선","방학","7550","7323","20260606",""
"20260603","경원선","도봉","4205","4067","20260606",""
"20260603","경원선","도봉산","8125","5746","20260606",""
"20260603","경원선","망월사","5955","6135","20260606",""
"20260603","경원선","회룡","9795","9822","20260606",""
"20260603","경원선","의정부","16199","16203","20260606",""
"20260603","경원선","가능","4808","4525","20260606",""
"20260603","경원선","녹양","3100","2943","20260606",""
"20260603","경원선","양주","5301","5294","20260606",""
"20260603","경원선","덕계","4801","4421","20260606",""
"20260603","경원선","덕정","4159","4015","20260606",""
"20260603","경원선","지행","5417","5457","20260606",""
"20260603","경원선","동두천중앙","2273","2271","20260606",""
"20260603","경원선","보산","1254","1296","20260606",""
"20260603","경원선","동두천","1252","1291","20260606",""
"20260603","경원선","소요산","2410","2441","20260606",""
"20260603","경원선","청산","143","124","20260606",""
"20260603","경원선","전곡","1359","1202","20260606",""
"20260603","경원선","연천","1475","1446","20260606",""
"20260603","경의선","서울역","1133","1154","20260606",""
"20260603","경의선","신촌","318","313","20260606",""
"20260603","경의선","효창공원앞","1870","2177","20260606",""
"20260603","경의선","공덕","2815","2075","20260606",""
"20260603","경의선","서강대","1605","1563","20260606",""
"20260603","경의선","홍대입구","2353","2638","20260606",""
"20260603","경의선","가좌","3887","3705","20260606",""
"20260603","경의선","디지털미디어시티","1845","1755","20260606",""
"20260603","경의선","수색","1588","1743","20260606",""
"20260603","경의선","한국항공대","1673","1652","20260606",""
"20260603","경의선","강매","1830","1647","20260606",""
"20260603","경의선","행신","4648","4600","20260606",""
"20260603","경의선","능곡","3128","3026","20260606",""
"20260603","경의선","곡산","383","416","20260606",""
"20260603","경의선","백마","4471","4266","20260606",""
"20260603","경의선","풍산","4627","4626","20260606",""
"20260603","경의선","일산","7866","7623","20260606",""
"20260603","경의선","탄현","4890","4731","20260606",""
"20260603","경의선","야당","5735","5666","20260606",""
"20260603","경의선","운정","6155","5897","20260606",""
"20260603","경의선","금릉","3735","3602","20260606",""
"20260603","경의선","금촌","4891","4892","20260606",""
"20260603","경의선","월롱","1003","1185","20260606",""
"20260603","경의선","파주","850","746","20260606",""
"20260603","경의선","문산","4546","4482","20260606",""
"20260603","경의선","임진강","41","74","20260606",""
"20260603","경의선","운천","4","3","20260606",""
"20260603","경인선","개봉","15596","15377","20260606",""
"20260603","경인선","오류동","8353","7820","20260606",""
"20260603","경인선","역곡","17594","17449","20260606",""
"20260603","경인선","부천","26031","26103","20260606",""
"20260603","경인선","송내","15063","14804","20260606",""
"20260603","경인선","부평","25319","26297","20260606",""
"20260603","경인선","백운","4907","4888","20260606",""
"20260603","경인선","동암","11390","11320","20260606",""
"20260603","경인선","주안","13562","11940","20260606",""
"20260603","경인선","제물포","6540","6559","20260606",""
"20260603","경인선","동인천","10550","10345","20260606",""
"20260603","경인선","인천","4645","3957","20260606",""
"20260603","경인선","구일","4139","4146","20260606",""
"20260603","경인선","소사","5419","5189","20260606",""
"20260603","경인선","부개","6038","5639","20260606",""
"20260603","경인선","간석","4208","3976","20260606",""
"20260603","경인선","도원","1928","1954","20260606",""
"20260603","경인선","온수(성공회대입구)","4365","4085","20260606",""
"20260603","경인선","중동","6479","6063","20260606",""
"20260603","경인선","도화","2943","2776","20260606",""
"20260603","경춘선","신내","1809","1637","20260606",""
"20260603","경춘선","갈매","1675","1545","20260606",""
"20260603","경춘선","별내","2065","1676","20260606",""
"20260603","경춘선","퇴계원","2425","2291","20260606",""
"20260603","경춘선","사릉","1518","1521","20260606",""
"20260603","경춘선","금곡","1245","1130","20260606",""
"20260603","경춘선","평내호평","4710","4625","20260606",""
"20260603","경춘선","천마산","1357","1344","20260606",""
"20260603","경춘선","마석","3675","3788","20260606",""
"20260603","경춘선","대성리","603","541","20260606",""
"20260603","경춘선","청평","1718","1743","20260606",""
"20260603","경춘선","상천","376","352","20260606",""
"20260603","경춘선","가평","2271","2177","20260606",""
"20260603","경춘선","굴봉산","205","182","20260606",""
"20260603","경춘선","백양리","127","133","20260606",""
"20260603","경춘선","강촌","628","648","20260606",""
"20260603","경춘선","김유정","635","700","20260606",""
"20260603","경춘선","남춘천","2956","3135","20260606",""
"20260603","경춘선","춘천","2081","1715","20260606",""
"20260603","공항철도 1호선","서울역","9350","8826","20260606",""
"20260603","공항철도 1호선","공덕","1922","2545","20260606",""
"20260603","공항철도 1호선","홍대입구","16024","14206","20260606",""
"20260603","공항철도 1호선","디지털미디어시티","5468","5538","20260606",""
"20260603","공항철도 1호선","마곡나루(서울식물원)","5283","5519","20260606",""
"20260603","공항철도 1호선","김포공항","7008","3546","20260606",""
"20260603","공항철도 1호선","계양","5893","5751","20260606",""
"20260603","공항철도 1호선","검암","3556","3650","20260606",""
"20260603","공항철도 1호선","청라국제도시","4481","4466","20260606",""
"20260603","공항철도 1호선","운서","8513","9094","20260606",""
"20260603","공항철도 1호선","공항화물청사","1134","1206","20260606",""
"20260603","공항철도 1호선","인천공항1터미널","11367","11526","20260606",""
"20260603","공항철도 1호선","인천공항2터미널","9801","8531","20260606",""
"20260603","공항철도 1호선","영종","3691","3719","20260606",""
"20260603","과천선","선바위","4468","4146","20260606",""
"20260603","과천선","경마공원","1041","1043","20260606",""
"20260603","과천선","대공원","8117","8424","20260606",""
"20260603","과천선","과천","3921","3509","20260606",""
"20260603","과천선","정부과천청사","6593","6630","20260606",""
"20260603","과천선","인덕원","15027","15258","20260606",""
"20260603","과천선","평촌","8172","7785","20260606",""
"20260603","과천선","범계","19887","19260","20260606",""
"20260603","분당선","선릉","4005","5880","20260606",""
"20260603","분당선","한티","10168","10078","20260606",""
"20260603","분당선","도곡","4204","4224","20260606",""
"20260603","분당선","구룡","1878","1889","20260606",""
"20260603","분당선","개포동","2446","2306","20260606",""
"20260603","분당선","대모산입구","3153","3069","20260606",""
"20260603","분당선","수서","10757","11261","20260606",""
"20260603","분당선","복정","1","0","20260606",""
"20260603","분당선","수원","6542","6051","20260606",""
"20260603","분당선","서울숲","10649","11155","20260606",""
"20260603","분당선","압구정로데오","13138","13867","20260606",""
"20260603","분당선","강남구청","4135","4819","20260606",""
"20260603","분당선","선정릉","2519","2427","20260606",""
"20260603","분당선","가천대","5946","6151","20260606",""
"20260603","분당선","태평","9522","8997","20260606",""
"20260603","분당선","모란","13458","14235","20260606",""
"20260603","분당선","야탑","15939","16471","20260606",""
"20260603","분당선","서현","15660","15779","20260606",""
"20260603","분당선","수내","6996","6652","20260606",""
"20260603","분당선","정자","9415","9685","20260606",""
"20260603","분당선","미금","9522","9701","20260606",""
"20260603","분당선","오리","6521","5665","20260606",""
"20260603","분당선","이매","3685","3567","20260606",""
"20260603","분당선","보정","1406","1333","20260606",""
"20260603","분당선","죽전","9206","10298","20260606",""
"20260603","분당선","구성","4559","4700","20260606",""
"20260603","분당선","신갈","2544","2554","20260606",""
"20260603","분당선","기흥","6268","5809","20260606",""
"20260603","분당선","상갈","3385","3350","20260606",""
"20260603","분당선","청명","2694","2689","20260606",""
"20260603","분당선","영통","5932","5782","20260606",""
"20260603","분당선","매탄권선","3131","3076","20260606",""
"20260603","분당선","수원시청","9166","9366","20260606",""
"20260603","분당선","매교","3113","3067","20260606",""
"20260603","서해선","김포공항","2642","4000","20260606",""
"20260603","서해선","원종","4156","3941","20260606",""
"20260603","서해선","부천종합운동장","1818","1613","20260606",""
"20260603","수인선","고색","2865","3068","20260606",""
"20260603","수인선","오목천","2377","2081","20260606",""
"20260603","수인선","어천","1025","1050","20260606",""
"20260603","수인선","야목","553","420","20260606",""
"20260603","수인선","사리","3549","3161","20260606",""
"20260603","수인선","달월","66","68","20260606",""
"20260603","수인선","월곶","2121","1985","20260606",""
"20260603","수인선","소래포구","5366","5199","20260606",""
"20260603","수인선","인천논현","4218","4336","20260606",""
"20260603","수인선","호구포","2273","2372","20260606",""
"20260603","수인선","남동인더스파크","790","835","20260606",""
"20260603","수인선","원인재","3410","3384","20260606",""
"20260603","수인선","연수","3567","3552","20260606",""
"20260603","수인선","송도","2017","1862","20260606",""
"20260603","수인선","인하대","4589","4363","20260606",""
"20260603","수인선","숭의","3047","2755","20260606",""
"20260603","수인선","신포","1517","1561","20260606",""
"20260603","수인선","인천","1087","1698","20260606",""
"20260603","신림선","샛강","1237","1576","20260606",""
"20260603","신림선","대방","2222","1659","20260606",""
"20260603","신림선","서울지방병무청","2079","2451","20260606",""
"20260603","신림선","보라매","2758","2441","20260606",""
"20260603","신림선","보라매공원","1394","1426","20260606",""
"20260603","신림선","보라매병원","3187","3220","20260606",""
"20260603","신림선","당곡","3490","3241","20260606",""
"20260603","신림선","신림","1885","2192","20260606",""
"20260603","신림선","서원","2560","2403","20260606",""
"20260603","신림선","서울대벤처타운","7484","6754","20260606",""
"20260603","신림선","관악산(서울대)","3557","3739","20260606",""
"20260603","안산선","산본","12448","13145","20260606",""
"20260603","안산선","대야미","3929","3553","20260606",""
"20260603","안산선","반월","3154","3173","20260606",""
"20260603","안산선","상록수","10337","10530","20260606",""
"20260603","안산선","한대앞","7097","7027","20260606",""
"20260603","안산선","중앙","15072","15256","20260606",""
"20260603","안산선","고잔","5423","4983","20260606",""
"20260603","안산선","초지","2863","2790","20260606",""
"20260603","안산선","안산","8549","8114","20260606",""
"20260603","안산선","신길온천","1589","1579","20260606",""
"20260603","안산선","정왕","6571","6549","20260606",""
"20260603","안산선","오이도","6580","6564","20260606",""
"20260603","안산선","수리산","2856","2618","20260606",""
"20260603","우이신설선","북한산우이","3753","3739","20260606",""
"20260603","우이신설선","솔밭공원","2175","2101","20260606",""
"20260603","우이신설선","4.19민주묘지","2901","2543","20260606",""
"20260603","우이신설선","가오리","2953","2885","20260606",""
"20260603","우이신설선","화계","2747","2602","20260606",""
"20260603","우이신설선","삼양","2003","2080","20260606",""
"20260603","우이신설선","삼양사거리","2175","2105","20260606",""
"20260603","우이신설선","솔샘","3634","3447","20260606",""
"20260603","우이신설선","북한산보국문","4656","4177","20260606",""
"20260603","우이신설선","정릉","3666","3008","20260606",""
"20260603","우이신설선","성신여대입구(돈암)","3243","3648","20260606",""
"20260603","우이신설선","보문","1428","1406","20260606",""
"20260603","우이신설선","신설동","1723","1622","20260606",""
"20260603","일산선","원흥","7233","6963","20260606",""
"20260603","일산선","삼송","13373","13068","20260606",""
"20260603","일산선","원당","7949","7697","20260606",""
"20260603","일산선","화정","12450","12820","20260606",""
"20260603","일산선","대곡","6891","6778","20260606",""
"20260603","일산선","백석","6826","6865","20260606",""
"20260603","일산선","마두","4671","4805","20260606",""
"20260603","일산선","주엽","6140","5930","20260606",""
"20260603","일산선","대화","6257","5658","20260606",""
"20260603","장항선","신창(순천향대)","1251","1357","20260606",""
"20260603","중앙선","회기","18115","17227","20260606",""
"20260603","중앙선","중랑","4357","4120","20260606",""
"20260603","중앙선","상봉","4386","4498","20260606",""
"20260603","중앙선","망우","5765","5634","20260606",""
"20260603","중앙선","양원","1821","1904","20260606",""
"20260603","중앙선","구리","5524","6094","20260606",""
"20260603","중앙선","도농","5934","5808","20260606",""
"20260603","중앙선","양정","418","391","20260606",""
"20260603","중앙선","덕소","4044","4203","20260606",""
"20260603","중앙선","도심","1900","1552","20260606",""
"20260603","중앙선","팔당","1251","1278","20260606",""
"20260603","중앙선","운길산","1241","1253","20260606",""
"20260603","중앙선","양수","2060","1860","20260606",""
"20260603","중앙선","신원","189","171","20260606",""
"20260603","중앙선","국수","600","575","20260606",""
"20260603","중앙선","아신","538","531","20260606",""
"20260603","중앙선","용문","2202","2045","20260606",""
"20260603","중앙선","지평","40","54","20260606",""
"20260603","장항선","봉명","736","770","20260606",""
"20260603","장항선","쌍용(나사렛대)","1992","1921","20260606",""
"20260603","장항선","아산","3188","2673","20260606",""
"20260603","장항선","탕정","1677","1616","20260606",""
"20260603","장항선","배방","1079","1059","20260606",""
"20260603","장항선","온양온천","4159","4179","20260606",""
"20260603","중앙선","원덕","356","336","20260606",""
"20260603","중앙선","오빈","333","305","20260606",""
"20260603","중앙선","양평","4212","4282","20260606",""
"20260604","수인선","월곶","3692","3478","20260607",""
"20260604","중앙선","도농","10730","9980","20260607",""
"20260604","중앙선","양정","563","453","20260607",""
"20260604","중앙선","덕소","5942","5994","20260607",""
"20260604","중앙선","도심","3259","2552","20260607",""
"20260604","중앙선","팔당","763","798","20260607",""
"20260604","중앙선","운길산","762","735","20260607",""
"20260604","중앙선","양수","1849","1830","20260607",""
"20260604","중앙선","신원","164","176","20260607",""
"20260604","중앙선","국수","758","766","20260607",""
"20260604","중앙선","아신","577","564","20260607",""
"20260604","중앙선","오빈","338","346","20260607",""
"20260604","중앙선","양평","3223","3183","20260607",""
"20260604","중앙선","원덕","361","314","20260607",""
"20260604","중앙선","용문","1936","1867","20260607",""
"20260604","중앙선","지평","73","47","20260607",""
"20260604","장항선","아산","5146","4694","20260607",""
"20260604","장항선","탕정","2974","2339","20260607",""
"20260604","1호선","시청","30693","30347","20260607",""
"20260604","1호선","종각","45413","44313","20260607",""
"20260604","1호선","종로3가","25667","22930","20260607",""
"20260604","1호선","종로5가","25526","25067","20260607",""
"20260604","1호선","동대문","12992","12453","20260607",""
"20260604","1호선","신설동","16074","15766","20260607",""
"20260604","1호선","제기동","16032","16227","20260607",""
"20260604","1호선","청량리(서울시립대입구)","24036","24082","20260607",""
"20260604","1호선","동묘앞","8826","8974","20260607",""
"20260604","2호선","시청","31338","29570","20260607",""
"20260604","2호선","을지로입구","57877","59593","20260607",""
"20260604","2호선","을지로3가","28694","28714","20260607",""
"20260604","2호선","을지로4가","16516","15860","20260607",""
"20260604","2호선","동대문역사문화공원(DDP)","15688","18440","20260607",""
"20260604","2호선","신당","16284","16876","20260607",""
"20260604","2호선","상왕십리","16055","15821","20260607",""
"20260604","2호선","왕십리(성동구청)","18029","15499","20260607",""
"20260604","2호선","한양대","18230","19790","20260607",""
"20260604","2호선","뚝섬","28141","29926","20260607",""
"20260604","2호선","성수","55649","59355","20260607",""
"20260604","2호선","건대입구","38214","39560","20260607",""
"20260604","2호선","구의(광진구청)","31509","31041","20260607",""
"20260604","2호선","강변(동서울터미널)","28290","24624","20260607",""
"20260604","2호선","잠실나루","18412","17879","20260607",""
"20260604","2호선","잠실(송파구청)","79367","79444","20260607",""
"20260604","2호선","잠실새내","25910","25487","20260607",""
"20260604","2호선","종합운동장","26191","28460","20260607",""
"20260604","2호선","삼성(무역센터)","61391","56577","20260607",""
"20260604","2호선","선릉","65411","57427","20260607",""
"20260604","2호선","역삼","58404","65151","20260607",""
"20260604","2호선","강남","88037","86186","20260607",""
"20260604","2호선","교대(법원.검찰청)","34770","39236","20260607",""
"20260604","2호선","서초","24861","24212","20260607",""
"20260604","2호선","방배","21871","22651","20260607",""
"20260604","2호선","사당","45160","48641","20260607",""
"20260604","2호선","낙성대(강감찬)","31064","30650","20260607",""
"20260604","2호선","서울대입구(관악구청)","51818","49822","20260607",""
"20260604","2호선","봉천","26902","25606","20260607",""
"20260604","2호선","신림","59228","58453","20260607",""
"20260604","2호선","신대방","26644","26019","20260607",""
"20260604","2호선","구로디지털단지","63461","63003","20260607",""
"20260604","2호선","대림(구로구청)","26734","27370","20260607",""
"20260604","2호선","신도림","51935","48882","20260607",""
"20260604","2호선","문래","25271","25861","20260607",""
"20260604","2호선","영등포구청","25925","26647","20260607",""
"20260604","2호선","당산","21094","24233","20260607",""
"20260604","2호선","합정","31723","34045","20260607",""
"20260604","2호선","홍대입구","66758","70166","20260607",""
"20260604","2호선","신촌","42328","42440","20260607",""
"20260604","2호선","이대","20915","22766","20260607",""
"20260604","2호선","아현","12445","12054","20260607",""
"20260604","2호선","충정로(경기대입구)","11362","11927","20260607",""
"20260604","2호선","용답","3396","3503","20260607",""
"20260604","2호선","신답","1948","2232","20260607",""
"20260604","2호선","신설동","3971","3860","20260607",""
"20260604","2호선","도림천","1574","1660","20260607",""
"20260604","2호선","양천구청","7644","8153","20260607",""
"20260604","2호선","신정네거리","10907","11436","20260607",""
"20260604","2호선","용두(동대문구청)","2502","2545","20260607",""
"20260604","3호선","지축","8534","8800","20260607",""
"20260604","3호선","구파발","24783","23757","20260607",""
"20260604","3호선","연신내","40651","38557","20260607",""
"20260604","3호선","불광","17798","18706","20260607",""
"20260604","3호선","녹번","17306","16156","20260607",""
"20260604","3호선","홍제","20462","19639","20260607",""
"20260604","3호선","무악재","4767","4830","20260607",""
"20260604","3호선","독립문","8481","9017","20260607",""
"20260604","3호선","경복궁(정부서울청사)","28462","28355","20260607",""
"20260604","3호선","안국","28510","28605","20260607",""
"20260604","3호선","종로3가","12658","13864","20260607",""
"20260604","3호선","을지로3가","14600","13729","20260607",""
"20260604","3호선","충무로","5","0","20260607",""
"20260604","3호선","동대입구","12608","14198","20260607",""
"20260604","3호선","약수","13813","13735","20260607",""
"20260604","3호선","금호","8956","8458","20260607",""
"20260604","3호선","옥수","10134","10457","20260607",""
"20260604","3호선","압구정","33101","35250","20260607",""
"20260604","3호선","신사","28917","30232","20260607",""
"20260604","3호선","잠원","8058","8066","20260607",""
"20260604","3호선","고속터미널","46766","43132","20260607",""
"20260604","3호선","교대(법원.검찰청)","19054","11294","20260607",""
"20260604","3호선","남부터미널(예술의전당)","33206","33817","20260607",""
"20260604","3호선","양재(서초구청)","42505","44780","20260607",""
"20260604","3호선","매봉","14630","14209","20260607",""
"20260604","3호선","도곡","7376","7167","20260607",""
"20260604","3호선","대치","13509","13609","20260607",""
"20260604","3호선","학여울","2353","2269","20260607",""
"20260604","3호선","대청","12413","11266","20260607",""
"20260604","3호선","일원","13357","13290","20260607",""
"20260604","3호선","수서","20000","20041","20260607",""
"20260604","3호선","가락시장","10030","9686","20260607",""
"20260604","3호선","경찰병원","8778","8839","20260607",""
"20260604","3호선","오금","7515","6706","20260607",""
"20260604","4호선","불암산","10720","9213","20260607",""
"20260604","4호선","상계","21393","20416","20260607",""
"20260604","4호선","노원","22634","25254","20260607",""
"20260604","4호선","창동","30141","31373","20260607",""
"20260604","4호선","쌍문","32451","30419","20260607",""
"20260604","4호선","수유(강북구청)","36673","37036","20260607",""
"20260604","4호선","미아(서울사이버대학)","17963","17618","20260607",""
"20260604","4호선","미아사거리","28231","28220","20260607",""
"20260604","4호선","길음","25105","25593","20260607",""
"20260604","4호선","성신여대입구(돈암)","25384","24341","20260607",""
"20260604","4호선","한성대입구(삼선교)","18108","17342","20260607",""
"20260604","4호선","혜화","40242","40238","20260607",""
"20260604","4호선","동대문","21435","21495","20260607",""
"20260604","4호선","동대문역사문화공원(DDP)","21859","19502","20260607",""
"20260604","4호선","충무로","38161","38752","20260607",""
"20260604","4호선","명동","38488","40511","20260607",""
"20260604","4호선","회현(남대문시장)","31658","32585","20260607",""
"20260604","4호선","서울역","15103","22758","20260607",""
"20260604","4호선","숙대입구(갈월)","18398","17998","20260607",""
"20260604","4호선","삼각지(전쟁기념관)","6432","7508","20260607",""
"20260604","4호선","신용산","23006","24615","20260607",""
"20260604","4호선","이촌(국립중앙박물관)","10642","11449","20260607",""
"20260604","4호선","동작(현충원)","2102","2204","20260607",""
"20260604","4호선","총신대입구(이수)","21145","22802","20260607",""
"20260604","4호선","사당","28311","24526","20260607",""
"20260604","4호선","남태령","1590","1446","20260607",""
"20260604","5호선","방화","7890","7738","20260607",""
"20260604","5호선","개화산","6816","6573","20260607",""
"20260604","5호선","김포공항","14559","8683","20260607",""
"20260604","5호선","송정","6585","6386","20260607",""
"20260604","5호선","마곡","19127","19080","20260607",""
"20260604","5호선","발산","27152","27645","20260607",""
"20260604","5호선","우장산","17204","17236","20260607",""
"20260604","5호선","화곡","31601","29643","20260607",""
"20260604","5호선","까치산","30502","29770","20260607",""
"20260604","5호선","신정(은행정)","15140","12500","20260607",""
"20260604","5호선","목동","18267","20412","20260607",""
"20260604","5호선","오목교(목동운동장앞)","23064","24710","20260607",""
"20260604","5호선","양평","9759","9697","20260607",""
"20260604","5호선","영등포구청","5725","5791","20260607",""
"20260604","5호선","영등포시장","12759","12603","20260607",""
"20260604","5호선","신길","5587","5948","20260607",""
"20260604","5호선","여의도","34034","35154","20260607",""
"20260604","5호선","여의나루","12261","13811","20260607",""
"20260604","5호선","마포","17018","17423","20260607",""
"20260604","5호선","공덕","16446","17157","20260607",""
"20260604","5호선","애오개","7820","7682","20260607",""
"20260604","5호선","충정로(경기대입구)","5938","6213","20260607",""
"20260604","5호선","서대문","22943","22915","20260607",""
"20260604","5호선","광화문(세종문화회관)","38621","39746","20260607",""
"20260604","5호선","종로3가","15525","15559","20260607",""
"20260604","5호선","을지로4가","7598","7618","20260607",""
"20260604","5호선","동대문역사문화공원(DDP)","3938","4313","20260607",""
"20260604","5호선","청구","3985","3638","20260607",""
"20260604","5호선","신금호","7244","7780","20260607",""
"20260604","5호선","행당","8978","8212","20260607",""
"20260604","5호선","왕십리(성동구청)","5053","5556","20260607",""
"20260604","5호선","마장","6757","6561","20260607",""
"20260604","5호선","답십리","18127","16280","20260607",""
"20260604","5호선","장한평","22890","22756","20260607",""
"20260604","5호선","군자(능동)","13426","14573","20260607",""
"20260604","5호선","아차산(어린이대공원후문)","15840","15818","20260607",""
"20260604","5호선","광나루(장신대)","12420","11880","20260607",""
"20260604","5호선","천호(풍납토성)","22052","21457","20260607",""
"20260604","5호선","강동","21156","20331","20260607",""
"20260604","5호선","길동","9910","10121","20260607",""
"20260604","5호선","굽은다리(강동구민회관앞)","10553","10259","20260607",""
"20260604","5호선","명일","9117","9120","20260607",""
"20260604","5호선","고덕","12299","11829","20260607",""
"20260604","5호선","상일동","16513","16038","20260607",""
"20260604","5호선","둔촌동","14765","14908","20260607",""
"20260604","5호선","올림픽공원(한국체대)","5512","4638","20260607",""
"20260604","5호선","방이","8593","8829","20260607",""
"20260604","5호선","오금","4355","4443","20260607",""
"20260604","5호선","개롱","7517","7776","20260607",""
"20260604","5호선","거여","11589","11743","20260607",""
"20260604","5호선","마천","8451","7396","20260607",""
"20260604","5호선","강일","6788","6519","20260607",""
"20260604","5호선","미사","20104","20548","20260607",""
"20260604","5호선","하남풍산","5324","5265","20260607",""
"20260604","5호선","하남시청(덕풍·신장)","9795","9283","20260607",""
"20260604","5호선","하남검단산","7169","6778","20260607",""
"20260604","6호선","응암","20238","20264","20260607",""
"20260604","6호선","역촌","4316","5195","20260607",""
"20260604","6호선","불광","4952","4680","20260607",""
"20260604","6호선","독바위","2842","3045","20260607",""
"20260604","6호선","연신내","2","0","20260607",""
"20260604","6호선","구산","9189","7324","20260607",""
"20260604","6호선","새절(신사)","14928","14112","20260607",""
"20260604","6호선","증산(명지대앞)","10246","10215","20260607",""
"20260604","6호선","디지털미디어시티","16745","18454","20260607",""
"20260604","6호선","월드컵경기장(성산)","4945","5066","20260607",""
"20260604","6호선","마포구청","16423","15334","20260607",""
"20260604","6호선","망원","16477","17337","20260607",""
"20260604","6호선","합정","13794","13814","20260607",""
"20260604","6호선","상수","11471","12722","20260607",""
"20260604","6호선","광흥창(서강)","11174","10861","20260607",""
"20260604","6호선","대흥(서강대앞)","12134","12845","20260607",""
"20260604","6호선","공덕","21520","21220","20260607",""
"20260604","6호선","효창공원앞","8884","8525","20260607",""
"20260604","6호선","삼각지(전쟁기념관)","8386","7582","20260607",""
"20260604","6호선","녹사평(용산구청)","5606","5608","20260607",""
"20260604","6호선","이태원","11143","12313","20260607",""
"20260604","6호선","한강진","9611","11828","20260607",""
"20260604","6호선","버티고개","2493","2461","20260607",""
"20260604","6호선","약수","4184","3973","20260607",""
"20260604","6호선","청구","4237","4323","20260607",""
"20260604","6호선","신당","9541","10026","20260607",""
"20260604","6호선","동묘앞","9891","10726","20260607",""
"20260604","6호선","창신","4376","3855","20260607",""
"20260604","6호선","보문","9187","8753","20260607",""
"20260604","6호선","안암(고대병원앞)","18005","18011","20260607",""
"20260604","6호선","고려대(종암)","10865","10411","20260607",""
"20260604","6호선","월곡(동덕여대)","14188","13623","20260607",""
"20260604","6호선","상월곡(한국과학기술연구원)","8232","7945","20260607",""
"20260604","6호선","돌곶이","13835","13218","20260607",""
"20260604","6호선","석계","14239","14657","20260607",""
"20260604","6호선","태릉입구","6487","7501","20260607",""
"20260604","6호선","화랑대(서울여대입구)","14289","11776","20260607",""
"20260604","6호선","봉화산(서울의료원)","9675","8913","20260607",""
"20260604","7호선","장암","3071","1128","20260607",""
"20260604","7호선","도봉산","10251","11765","20260607",""
"20260604","7호선","수락산","13715","13902","20260607",""
"20260604","7호선","마들","14864","14294","20260607",""
"20260604","7호선","노원","22591","23667","20260607",""
"20260604","7호선","중계","17415","16327","20260607",""
"20260604","7호선","하계","20423","19373","20260607",""
"20260604","7호선","공릉(서울과학기술대)","14343","13975","20260607",""
"20260604","7호선","태릉입구","10184","9674","20260607",""
"20260604","7호선","먹골","11533","11541","20260607",""
"20260604","7호선","중화","12464","12800","20260607",""
"20260604","7호선","상봉","19635","18920","20260607",""
"20260604","7호선","면목","16961","16741","20260607",""
"20260604","7호선","사가정","17730","18173","20260607",""
"20260604","7호선","용마산(용마폭포공원)","6336","6257","20260607",""
"20260604","7호선","중곡","12316","11740","20260607",""
"20260604","7호선","군자(능동)","16977","13679","20260607",""
"20260604","7호선","어린이대공원(세종대)","21272","21749","20260607",""
"20260604","7호선","건대입구","16255","16566","20260607",""
"20260604","7호선","자양(뚝섬한강공원)","9147","8994","20260607",""
"20260604","7호선","청담","20873","22834","20260607",""
"20260604","7호선","강남구청","18766","20832","20260607",""
"20260604","7호선","학동","26504","27392","20260607",""
"20260604","7호선","논현","21424","22418","20260607",""
"20260604","7호선","반포","7657","7448","20260607",""
"20260604","7호선","고속터미널","17930","15875","20260607",""
"20260604","7호선","내방","17131","17171","20260607",""
"20260604","7호선","이수","19069","18587","20260607",""
"20260604","7호선","남성","12711","12478","20260607",""
"20260604","7호선","숭실대입구(살피재)","18240","18361","20260607",""
"20260604","7호선","상도","14581","14676","20260607",""
"20260604","7호선","장승배기","10895","10854","20260607",""
"20260604","7호선","신대방삼거리","16836","16485","20260607",""
"20260604","7호선","보라매","7424","7729","20260607",""
"20260604","7호선","신풍","13451","12719","20260607",""
"20260604","7호선","대림(구로구청)","9387","9366","20260607",""
"20260604","7호선","남구로","17230","18297","20260607",""
"20260604","7호선","가산디지털단지","51134","51688","20260607",""
"20260604","7호선","철산","25261","26017","20260607",""
"20260604","7호선","광명사거리","24952","24678","20260607",""
"20260604","7호선","천왕","13773","13498","20260607",""
"20260604","7호선","온수(성공회대입구)","12210","11243","20260607",""
"20260604","7호선","상동","1","0","20260607",""
"20260604","8호선","암사역사공원","8308","7333","20260607",""
"20260604","8호선","암사","17758","16697","20260607",""
"20260604","8호선","천호(풍납토성)","19818","22196","20260607",""
"20260604","8호선","강동구청","11985","12436","20260607",""
"20260604","8호선","몽촌토성(평화의문)","9190","9495","20260607",""
"20260604","8호선","잠실(송파구청)","20034","22808","20260607",""
"20260604","8호선","석촌","9640","10633","20260607",""
"20260604","8호선","송파","11556","11731","20260607",""
"20260604","8호선","가락시장","9403","10152","20260607",""
"20260604","8호선","문정","26884","28170","20260607",""
"20260604","8호선","장지","19177","17766","20260607",""
"20260604","8호선","복정","11410","9981","20260607",""
"20260604","8호선","산성","7167","7381","20260607",""
"20260604","8호선","남한산성입구(성남법원.검찰청)","15371","14369","20260607",""
"20260604","8호선","단대오거리","13936","13426","20260607",""
"20260604","8호선","신흥","6031","6152","20260607",""
"20260604","8호선","수진","6004","5688","20260607",""
"20260604","8호선","모란","6780","5294","20260607",""
"20260604","8호선","남위례","9247","9251","20260607",""
"20260604","9호선","개화","2740","1831","20260607",""
"20260604","9호선","김포공항","5928","10398","20260607",""
"20260604","9호선","공항시장","2998","3281","20260607",""
"20260604","9호선","신방화","7673","7726","20260607",""
"20260604","9호선","마곡나루(서울식물원)","17492","17000","20260607",""
"20260604","9호선","양천향교","12916","13603","20260607",""
"20260604","9호선","가양","24497","24004","20260607",""
"20260604","9호선","증미","9447","9303","20260607",""
"20260604","9호선","등촌","14371","14005","20260607",""
"20260604","9호선","염창","20117","19379","20260607",""
"20260604","9호선","신목동","5329","4840","20260607",""
"20260604","9호선","선유도","10525","9609","20260607",""
"20260604","9호선","당산","21454","21105","20260607",""
"20260604","9호선","국회의사당","18599","18603","20260607",""
"20260604","9호선","여의도","35508","34085","20260607",""
"20260604","9호선","샛강","7915","7788","20260607",""
"20260604","9호선","노량진","28181","28584","20260607",""
"20260604","9호선","노들","5403","4609","20260607",""
"20260604","9호선","흑석(중앙대입구)","11548","11940","20260607",""
"20260604","9호선","동작(현충원)","2916","2761","20260607",""
"20260604","9호선","구반포","3294","2822","20260607",""
"20260604","9호선","신반포","5801","5609","20260607",""
"20260604","9호선","고속터미널","15409","19792","20260607",""
"20260604","9호선","사평","4845","4757","20260607",""
"20260604","9호선","신논현","32377","33175","20260607",""
"20260604","9호선2~3단계","언주","13197","13710","20260607",""
"20260604","9호선2~3단계","선정릉","11892","12844","20260607",""
"20260604","9호선2~3단계","삼성중앙","9402","9824","20260607",""
"20260604","9호선2~3단계","봉은사","25684","27058","20260607",""
"20260604","9호선2~3단계","종합운동장","5586","6000","20260607",""
"20260604","9호선2~3단계","삼전","9399","9087","20260607",""
"20260604","9호선2~3단계","석촌고분","8079","8015","20260607",""
"20260604","9호선2~3단계","석촌","10538","9769","20260607",""
"20260604","9호선2~3단계","송파나루","6418","6721","20260607",""
"20260604","9호선2~3단계","한성백제","3747","3460","20260607",""
"20260604","9호선2~3단계","올림픽공원(한국체대)","7472","7341","20260607",""
"20260604","9호선2~3단계","둔촌오륜","5204","5308","20260607",""
"20260604","9호선2~3단계","중앙보훈병원","15861","13647","20260607",""
"20260604","경강선","판교","6913","6782","20260607",""
"20260604","경강선","이매","1161","1092","20260607",""
"20260604","경강선","삼동","2628","2537","20260607",""
"20260604","경강선","경기광주","9698","9139","20260607",""
"20260604","경강선","초월","4205","3936","20260607",""
"20260604","경강선","곤지암","2410","2338","20260607",""
"20260604","경강선","신둔도예촌","1811","1611","20260607",""
"20260604","경강선","이천","3070","3190","20260607",""
"20260604","경강선","부발","2708","2615","20260607",""
"20260604","경강선","세종대왕릉","368","371","20260607",""
"20260604","경강선","여주","3445","3149","20260607",""
"20260604","경강선","성남","1614","1472","20260607",""
"20260604","경부선","서울역","9382","3100","20260607",""
"20260604","경부선","남영","10629","11373","20260607",""
"20260604","경부선","용산","42520","42852","20260607",""
"20260604","경부선","노량진","9926","8905","20260607",""
"20260604","경부선","대방","11506","13282","20260607",""
"20260604","경부선","영등포","41714","41652","20260607",""
"20260604","경부선","신도림","4185","4437","20260607",""
"20260604","경부선","신길","9379","8398","20260607",""
"20260604","경부선","구로","18277","18446","20260607",""
"20260604","경부선","가산디지털단지","19764","22749","20260607",""
"20260604","경부선","금천구청","11791","12001","20260607",""
"20260604","경부선","석수","9082","8550","20260607",""
"20260604","경부선","관악","7857","7678","20260607",""
"20260604","경부선","안양","29012","28519","20260607",""
"20260604","경부선","명학","10657","10705","20260607",""
"20260604","경부선","금정","31951","32874","20260607",""
"20260604","경부선","군포","7639","7441","20260607",""
"20260604","경부선","의왕","10829","10943","20260607",""
"20260604","경부선","성균관대","18256","17869","20260607",""
"20260604","경부선","화서","11617","11212","20260607",""
"20260604","경부선","수원","40137","42186","20260607",""
"20260604","경부선","독산","18672","19029","20260607",""
"20260604","경부선","세류","3910","3574","20260607",""
"20260604","경부선","병점","18694","18576","20260607",""
"20260604","경부선","세마","3974","3776","20260607",""
"20260604","경부선","오산대","4598","4344","20260607",""
"20260604","경부선","오산","11894","12167","20260607",""
"20260604","경부선","진위","1840","1759","20260607",""
"20260604","경부선","송탄","4748","4588","20260607",""
"20260604","경부선","서정리","9634","9005","20260607",""
"20260604","경부선","평택지제","5360","5078","20260607",""
"20260604","경부선","평택","13990","14168","20260607",""
"20260604","경부선","성환","7406","6882","20260607",""
"20260604","경부선","직산","1139","1168","20260607",""
"20260604","경부선","두정","10092","10910","20260607",""
"20260604","경부선","천안","8316","7023","20260607",""
"20260604","경부선","당정","7499","7211","20260607",""
"20260604","경부선","서동탄","1674","1332","20260607",""
"20260604","경부선","광명","3887","3321","20260607",""
"20260604","경원선","이촌(국립중앙박물관)","4162","3605","20260607",""
"20260604","경원선","서빙고","2489","2253","20260607",""
"20260604","경원선","한남","3999","3952","20260607",""
"20260604","경원선","옥수","51","36","20260607",""
"20260604","경원선","응봉","2068","1738","20260607",""
"20260604","경원선","왕십리(성동구청)","18250","18074","20260607",""
"20260604","경원선","청량리(서울시립대입구)","17972","18103","20260607",""
"20260604","경원선","외대앞","15371","15431","20260607",""
"20260604","경원선","신이문","9585","8936","20260607",""
"20260604","경원선","석계","8088","9067","20260607",""
"20260604","경원선","광운대","10535","10138","20260607",""
"20260604","경원선","월계","8670","8138","20260607",""
"20260604","경원선","녹천","5039","4366","20260607",""
"20260604","경원선","방학","10870","10729","20260607",""
"20260604","경원선","도봉","6419","6186","20260607",""
"20260604","경원선","도봉산","7504","4928","20260607",""
"20260604","경원선","망월사","10650","10812","20260607",""
"20260604","경원선","회룡","14749","14346","20260607",""
"20260604","경원선","의정부","20423","20508","20260607",""
"20260604","경원선","가능","7176","7002","20260607",""
"20260604","경원선","녹양","4820","4703","20260607",""
"20260604","경원선","양주","7806","7455","20260607",""
"20260604","경원선","덕계","7837","7287","20260607",""
"20260604","경원선","덕정","7603","7153","20260607",""
"20260604","경원선","지행","7135","7245","20260607",""
"20260604","경원선","동두천중앙","3359","3113","20260607",""
"20260604","경원선","보산","1494","1411","20260607",""
"20260604","경원선","동두천","2416","2418","20260607",""
"20260604","경원선","소요산","1517","1540","20260607",""
"20260604","경원선","청산","148","128","20260607",""
"20260604","경원선","전곡","1206","1158","20260607",""
"20260604","경원선","연천","1048","1011","20260607",""
"20260604","경의선","서울역","3594","4848","20260607",""
"20260604","경의선","신촌","1154","1518","20260607",""
"20260604","경의선","효창공원앞","3805","4157","20260607",""
"20260604","경의선","공덕","4629","3646","20260607",""
"20260604","경의선","서강대","2619","2584","20260607",""
"20260604","경의선","홍대입구","2033","2290","20260607",""
"20260604","경의선","가좌","6628","6378","20260607",""
"20260604","경의선","디지털미디어시티","2774","2621","20260607",""
"20260604","경의선","수색","3492","3610","20260607",""
"20260604","경의선","한국항공대","3838","3669","20260607",""
"20260604","경의선","강매","3644","3070","20260607",""
"20260604","경의선","행신","8338","8451","20260607",""
"20260604","경의선","능곡","5007","4661","20260607",""
"20260604","경의선","곡산","686","727","20260607",""
"20260604","경의선","백마","8556","8447","20260607",""
"20260604","경의선","풍산","7156","6724","20260607",""
"20260604","경의선","일산","11620","11644","20260607",""
"20260604","경의선","탄현","8513","8264","20260607",""
"20260604","경의선","야당","7882","7857","20260607",""
"20260604","경의선","운정","8694","8497","20260607",""
"20260604","경의선","금릉","5464","5155","20260607",""
"20260604","경의선","금촌","6974","6705","20260607",""
"20260604","경의선","월롱","2561","2270","20260607",""
"20260604","경의선","파주","1869","1545","20260607",""
"20260604","경의선","문산","5885","5773","20260607",""
"20260604","경의선","임진강","8","9","20260607",""
"20260604","경의선","운천","3","1","20260607",""
"20260604","경의선","계양","1","0","20260607",""
"20260604","경인선","개봉","25364","25178","20260607",""
"20260604","경인선","오류동","12660","11969","20260607",""
"20260604","경인선","역곡","30477","30425","20260607",""
"20260604","경인선","부천","33805","33583","20260607",""
"20260604","경인선","송내","28808","28730","20260607",""
"20260604","경인선","부평","30167","31311","20260607",""
"20260604","경인선","백운","7644","7536","20260607",""
"20260604","경인선","동암","16035","16114","20260607",""
"20260604","경인선","주안","19905","18037","20260607",""
"20260604","경인선","제물포","12506","12043","20260607",""
"20260604","경인선","동인천","14496","13367","20260607",""
"20260604","경인선","인천","3726","2872","20260607",""
"20260604","경인선","구일","7994","7967","20260607",""
"20260604","경인선","소사","9207","8676","20260607",""
"20260604","경인선","부개","9408","8931","20260607",""
"20260604","경인선","간석","6437","6123","20260607",""
"20260604","경인선","도원","3550","3722","20260607",""
"20260604","경인선","온수(성공회대입구)","7386","7001","20260607",""
"20260604","경인선","중동","10196","9638","20260607",""
"20260604","경인선","도화","4486","4111","20260607",""
"20260604","경춘선","신내","3458","3285","20260607",""
"20260604","경춘선","갈매","2925","2715","20260607",""
"20260604","경춘선","별내","2758","2699","20260607",""
"20260604","경춘선","퇴계원","3769","3598","20260607",""
"20260604","경춘선","사릉","2414","2380","20260607",""
"20260604","경춘선","금곡","1913","1879","20260607",""
"20260604","경춘선","평내호평","7449","7262","20260607",""
"20260604","경춘선","천마산","1790","1686","20260607",""
"20260604","경춘선","마석","4684","4556","20260607",""
"20260604","경춘선","대성리","429","407","20260607",""
"20260604","경춘선","청평","1754","1726","20260607",""
"20260604","경춘선","상천","252","253","20260607",""
"20260604","경춘선","가평","1915","1897","20260607",""
"20260604","경춘선","굴봉산","117","111","20260607",""
"20260604","경춘선","백양리","66","84","20260607",""
"20260604","경춘선","강촌","431","411","20260607",""
"20260604","경춘선","김유정","342","376","20260607",""
"20260604","경춘선","남춘천","3304","3128","20260607",""
"20260604","경춘선","춘천","2337","1833","20260607",""
"20260604","공항철도 1호선","서울역","13109","11361","20260607",""
"20260604","공항철도 1호선","공덕","3536","4488","20260607",""
"20260604","공항철도 1호선","홍대입구","14001","13998","20260607",""
"20260604","공항철도 1호선","디지털미디어시티","16244","15185","20260607",""
"20260604","공항철도 1호선","마곡나루(서울식물원)","18022","17302","20260607",""
"20260604","공항철도 1호선","김포공항","9205","5064","20260607",""
"20260604","공항철도 1호선","계양","10312","10348","20260607",""
"20260604","공항철도 1호선","검암","6730","6552","20260607",""
"20260604","공항철도 1호선","청라국제도시","8716","8494","20260607",""
"20260604","공항철도 1호선","운서","10313","11036","20260607",""
"20260604","공항철도 1호선","공항화물청사","2322","2343","20260607",""
"20260604","공항철도 1호선","인천공항1터미널","13563","11294","20260607",""
"20260604","공항철도 1호선","인천공항2터미널","11633","8833","20260607",""
"20260604","공항철도 1호선","영종","5016","4972","20260607",""
"20260604","과천선","선바위","8847","7727","20260607",""
"20260604","과천선","경마공원","1516","1456","20260607",""
"20260604","과천선","대공원","3509","3592","20260607",""
"20260604","과천선","과천","5910","5638","20260607",""
"20260604","과천선","정부과천청사","18865","19539","20260607",""
"20260604","과천선","인덕원","29444","30789","20260607",""
"20260604","과천선","평촌","20549","20163","20260607",""
"20260604","과천선","범계","31777","31942","20260607",""
"20260604","분당선","선릉","14645","21785","20260607",""
"20260604","분당선","한티","16562","17703","20260607",""
"20260604","분당선","도곡","8670","9068","20260607",""
"20260604","분당선","구룡","4066","3941","20260607",""
"20260604","분당선","개포동","4528","4644","20260607",""
"20260604","분당선","대모산입구","6594","6454","20260607",""
"20260604","분당선","수서","19483","21008","20260607",""
"20260604","분당선","수원","8479","8223","20260607",""
"20260604","분당선","서울숲","14037","14284","20260607",""
"20260604","분당선","압구정로데오","19749","21415","20260607",""
"20260604","분당선","강남구청","10820","12565","20260607",""
"20260604","분당선","선정릉","8468","8576","20260607",""
"20260604","분당선","가천대","16139","16055","20260607",""
"20260604","분당선","태평","14143","13945","20260607",""
"20260604","분당선","모란","25196","26329","20260607",""
"20260604","분당선","야탑","28834","30161","20260607",""
"20260604","분당선","서현","25520","26330","20260607",""
"20260604","분당선","수내","14112","14254","20260607",""
"20260604","분당선","정자","21792","23054","20260607",""
"20260604","분당선","미금","16976","17457","20260607",""
"20260604","분당선","오리","12283","10864","20260607",""
"20260604","분당선","이매","6430","5821","20260607",""
"20260604","분당선","보정","2966","2683","20260607",""
"20260604","분당선","죽전","16054","17841","20260607",""
"20260604","분당선","구성","8575","8834","20260607",""
"20260604","분당선","신갈","5623","5490","20260607",""
"20260604","분당선","기흥","12714","12087","20260607",""
"20260604","분당선","상갈","6022","5602","20260607",""
"20260604","분당선","청명","5407","5265","20260607",""
"20260604","분당선","영통","10092","10355","20260607",""
"20260604","분당선","망포","17355","16959","20260607",""
"20260604","분당선","매탄권선","6287","6267","20260607",""
"20260604","분당선","수원시청","15308","16214","20260607",""
"20260604","분당선","매교","6097","6061","20260607",""
"20260604","서해선","김포공항","2897","4440","20260607",""
"20260604","서해선","원종","5883","5824","20260607",""
"20260604","서해선","부천종합운동장","3645","3188","20260607",""
"20260604","수인선","고색","7122","6906","20260607",""
"20260604","수인선","오목천","6013","5142","20260607",""
"20260604","수인선","어천","1679","1630","20260607",""
"20260604","수인선","야목","851","714","20260607",""
"20260604","수인선","사리","5960","5174","20260607",""
"20260604","수인선","달월","117","70","20260607",""
"20260604","수인선","소래포구","5811","5318","20260607",""
"20260604","수인선","인천논현","6136","6598","20260607",""
"20260604","수인선","호구포","4607","4846","20260607",""
"20260604","수인선","남동인더스파크","2735","3067","20260607",""
"20260604","수인선","원인재","4832","5089","20260607",""
"20260604","수인선","연수","5096","5005","20260607",""
"20260604","수인선","송도","2876","2684","20260607",""
"20260604","수인선","인하대","9403","8926","20260607",""
"20260604","수인선","숭의","5349","4922","20260607",""
"20260604","수인선","신포","2002","1994","20260607",""
"20260604","수인선","인천","1031","1531","20260607",""
"20260604","신림선","샛강","3566","4138","20260607",""
"20260604","신림선","대방","3861","2978","20260607",""
"20260604","신림선","서울지방병무청","3629","4068","20260607",""
"20260604","신림선","보라매","5368","4797","20260607",""
"20260604","신림선","보라매공원","2854","3140","20260607",""
"20260604","신림선","보라매병원","9912","10351","20260607",""
"20260604","신림선","당곡","5467","5346","20260607",""
"20260604","신림선","신림","2529","3012","20260607",""
"20260604","신림선","서원","3892","3605","20260607",""
"20260604","신림선","서울대벤처타운","10789","10280","20260607",""
"20260604","신림선","관악산(서울대)","3395","3212","20260607",""
"20260604","안산선","산본","18306","19537","20260607",""
"20260604","안산선","대야미","5698","5160","20260607",""
"20260604","안산선","반월","4867","4775","20260607",""
"20260604","안산선","상록수","17283","17550","20260607",""
"20260604","안산선","한대앞","11920","11985","20260607",""
"20260604","안산선","중앙","20222","21153","20260607",""
"20260604","안산선","고잔","10368","9722","20260607",""
"20260604","안산선","초지","5682","5903","20260607",""
"20260604","안산선","안산","12492","11420","20260607",""
"20260604","안산선","신길온천","2363","2089","20260607",""
"20260604","안산선","정왕","12141","12194","20260607",""
"20260604","안산선","오이도","8563","8628","20260607",""
"20260604","안산선","수리산","4710","3981","20260607",""
"20260604","우이신설선","북한산우이","2976","2705","20260607",""
"20260604","우이신설선","솔밭공원","2908","2867","20260607",""
"20260604","우이신설선","4.19민주묘지","4705","4634","20260607",""
"20260604","우이신설선","가오리","4794","4940","20260607",""
"20260604","우이신설선","화계","4173","3948","20260607",""
"20260604","우이신설선","삼양","2771","3042","20260607",""
"20260604","우이신설선","삼양사거리","3020","2996","20260607",""
"20260604","우이신설선","솔샘","6533","6308","20260607",""
"20260604","우이신설선","북한산보국문","7103","6728","20260607",""
"20260604","우이신설선","정릉","5475","5007","20260607",""
"20260604","우이신설선","성신여대입구(돈암)","4048","4209","20260607",""
"20260604","우이신설선","보문","1988","1958","20260607",""
"20260604","우이신설선","신설동","2808","2682","20260607",""
"20260604","일산선","원흥","12572","12250","20260607",""
"20260604","일산선","지축","1","0","20260607",""
"20260604","일산선","삼송","21779","21264","20260607",""
"20260604","일산선","원당","12995","12773","20260607",""
"20260604","일산선","화정","18805","19380","20260607",""
"20260604","일산선","대곡","13972","12249","20260607",""
"20260604","일산선","백석","11070","11095","20260607",""
"20260604","일산선","마두","8782","9036","20260607",""
"20260604","일산선","정발산","7707","7520","20260607",""
"20260604","일산선","주엽","10038","9917","20260607",""
"20260604","일산선","대화","11917","9588","20260607",""
"20260604","장항선","봉명","1542","1548","20260607",""
"20260604","장항선","쌍용(나사렛대)","3857","3660","20260607",""
"20260604","장항선","배방","1529","1492","20260607",""
"20260604","장항선","온양온천","5789","5888","20260607",""
"20260604","장항선","신창(순천향대)","3560","3143","20260607",""
"20260604","중앙선","회기","31737","30380","20260607",""
"20260604","중앙선","중랑","5988","5695","20260607",""
"20260604","중앙선","상봉","6425","6276","20260607",""
"20260604","중앙선","망우","8106","7931","20260607",""
"20260604","중앙선","양원","3902","3829","20260607",""
"20260604","중앙선","구리","7824","8274","20260607",""
"20260604","1호선","서울역","81866","79392","20260607",""
"20260605","경인선","오류동","13398","12311","20260608",""
"20260605","7호선","광명사거리","26643","26305","20260608",""
"20260605","7호선","천왕","14485","13968","20260608",""
"20260605","7호선","온수(성공회대입구)","11887","10811","20260608",""
"20260605","8호선","암사역사공원","8461","7362","20260608",""
"20260605","8호선","암사","18730","17178","20260608",""
"20260605","8호선","천호(풍납토성)","21111","24586","20260608",""
"20260605","8호선","강동구청","12340","12520","20260608",""
"20260605","8호선","몽촌토성(평화의문)","9824","10598","20260608",""
"20260605","8호선","잠실(송파구청)","21430","25437","20260608",""
"20260605","8호선","석촌","10298","11518","20260608",""
"20260605","8호선","송파","11533","11146","20260608",""
"20260605","8호선","가락시장","9681","10889","20260608",""
"20260605","8호선","문정","27015","28142","20260608",""
"20260605","8호선","장지","19923","18060","20260608",""
"20260605","8호선","복정","11748","9897","20260608",""
"20260605","8호선","산성","7316","7376","20260608",""
"20260605","8호선","남한산성입구(성남법원.검찰청)","15605","13659","20260608",""
"20260605","8호선","단대오거리","14104","13252","20260608",""
"20260605","8호선","신흥","6323","6412","20260608",""
"20260605","8호선","수진","6399","5922","20260608",""
"20260605","8호선","모란","5658","4633","20260608",""
"20260605","8호선","남위례","9809","9810","20260608",""
"20260605","9호선","개화","2845","1914","20260608",""
"20260605","9호선","김포공항","6137","10544","20260608",""
"20260605","9호선","공항시장","3066","3221","20260608",""
"20260605","9호선","신방화","7986","7607","20260608",""
"20260605","9호선","마곡나루(서울식물원)","18345","18020","20260608",""
"20260605","9호선","양천향교","13167","13244","20260608",""
"20260605","9호선","가양","25539","24756","20260608",""
"20260605","9호선","증미","9313","8992","20260608",""
"20260605","9호선","등촌","14879","14150","20260608",""
"20260605","9호선","염창","21232","20127","20260608",""
"20260605","9호선","신목동","5543","4920","20260608",""
"20260605","9호선","선유도","10826","9815","20260608",""
"20260605","9호선","당산","22815","22207","20260608",""
"20260605","9호선","국회의사당","19230","19911","20260608",""
"20260605","9호선","여의도","35999","34565","20260608",""
"20260605","9호선","샛강","9409","8911","20260608",""
"20260605","9호선","노량진","30569","30273","20260608",""
"20260605","9호선","노들","5842","4728","20260608",""
"20260605","9호선","흑석(중앙대입구)","11962","11894","20260608",""
"20260605","9호선","동작(현충원)","4049","3831","20260608",""
"20260605","9호선","구반포","3337","2907","20260608",""
"20260605","9호선","신반포","5950","5617","20260608",""
"20260605","9호선","고속터미널","18724","25206","20260608",""
"20260605","9호선","사평","4928","4709","20260608",""
"20260605","9호선","신논현","36465","38243","20260608",""
"20260605","9호선2~3단계","언주","13436","13617","20260608",""
"20260605","9호선2~3단계","선정릉","12267","13243","20260608",""
"20260605","9호선2~3단계","삼성중앙","9411","9685","20260608",""
"20260605","9호선2~3단계","봉은사","26034","27592","20260608",""
"20260605","9호선2~3단계","종합운동장","5747","6184","20260608",""
"20260605","9호선2~3단계","삼전","9933","9174","20260608",""
"20260605","9호선2~3단계","석촌고분","8542","8256","20260608",""
"20260605","9호선2~3단계","석촌","11336","10476","20260608",""
"20260605","9호선2~3단계","송파나루","6651","7248","20260608",""
"20260605","9호선2~3단계","한성백제","4097","3676","20260608",""
"20260605","9호선2~3단계","올림픽공원(한국체대)","13530","14589","20260608",""
"20260605","9호선2~3단계","둔촌오륜","5259","4940","20260608",""
"20260605","9호선2~3단계","중앙보훈병원","15447","13102","20260608",""
"20260605","경강선","판교","7171","6905","20260608",""
"20260605","경강선","이매","1218","1129","20260608",""
"20260605","경강선","삼동","2753","2552","20260608",""
"20260605","경강선","경기광주","9922","9412","20260608",""
"20260605","경강선","초월","4414","4052","20260608",""
"20260605","경강선","곤지암","2576","2529","20260608",""
"20260605","경강선","신둔도예촌","1760","1607","20260608",""
"20260605","경강선","이천","3628","3886","20260608",""
"20260605","경강선","부발","3213","2743","20260608",""
"20260605","경강선","세종대왕릉","423","435","20260608",""
"20260605","경강선","여주","3412","3507","20260608",""
"20260605","경강선","성남","1578","1459","20260608",""
"20260605","경부선","서울역","12182","4335","20260608",""
"20260605","경부선","남영","10585","11368","20260608",""
"20260605","경부선","용산","53006","54521","20260608",""
"20260605","경부선","노량진","10620","9942","20260608",""
"20260605","경부선","대방","11959","13344","20260608",""
"20260605","경부선","영등포","47103","48397","20260608",""
"20260605","경부선","신도림","4280","4623","20260608",""
"20260605","경부선","신길","10150","8886","20260608",""
"20260605","경부선","구로","18925","19404","20260608",""
"20260605","경부선","가산디지털단지","19739","22409","20260608",""
"20260605","경부선","금천구청","12315","12686","20260608",""
"20260605","경부선","석수","9373","8540","20260608",""
"20260605","경부선","관악","8148","7890","20260608",""
"20260605","경부선","안양","29203","28828","20260608",""
"20260605","경부선","명학","9919","9648","20260608",""
"20260605","경부선","금정","33146","34103","20260608",""
"20260605","경부선","군포","7833","7535","20260608",""
"20260605","경부선","의왕","11022","10863","20260608",""
"20260605","경부선","성균관대","18597","17662","20260608",""
"20260605","경부선","화서","12265","12053","20260608",""
"20260605","경부선","수원","44734","48303","20260608",""
"20260605","경부선","독산","19131","19111","20260608",""
"20260605","경부선","세류","4034","3860","20260608",""
"20260605","경부선","병점","18829","18960","20260608",""
"20260605","경부선","세마","4198","4122","20260608",""
"20260605","경부선","오산대","4903","4698","20260608",""
"20260605","경부선","오산","13138","13186","20260608",""
"20260605","경부선","진위","2193","1902","20260608",""
"20260605","경부선","송탄","5445","5167","20260608",""
"20260605","경부선","서정리","11492","9702","20260608",""
"20260605","경부선","평택지제","6055","5735","20260608",""
"20260605","경부선","평택","15951","15253","20260608",""
"20260605","경부선","성환","5382","4896","20260608",""
"20260605","경부선","직산","1264","1182","20260608",""
"20260605","경부선","두정","9912","9100","20260608",""
"20260605","경부선","천안","7628","7599","20260608",""
"20260605","경부선","당정","7759","7157","20260608",""
"20260605","경부선","서동탄","1708","1495","20260608",""
"20260605","경부선","광명","4292","3981","20260608",""
"20260605","경원선","이촌(국립중앙박물관)","4580","3715","20260608",""
"20260605","경원선","서빙고","2558","2246","20260608",""
"20260605","경원선","한남","4226","4195","20260608",""
"20260605","경원선","옥수","76","31","20260608",""
"20260605","경원선","응봉","2171","1780","20260608",""
"20260605","경원선","왕십리(성동구청)","20032","19789","20260608",""
"20260605","경원선","청량리(서울시립대입구)","20274","21375","20260608",""
"20260605","경원선","외대앞","15389","14920","20260608",""
"20260605","경원선","신이문","10132","9010","20260608",""
"20260605","경원선","석계","8735","9464","20260608",""
"20260605","경원선","광운대","10359","9344","20260608",""
"20260605","경원선","월계","8581","7819","20260608",""
"20260605","경원선","녹천","5212","4317","20260608",""
"20260605","경원선","창동","6","0","20260608",""
"20260605","경원선","방학","11411","11333","20260608",""
"20260605","경원선","도봉","6828","6461","20260608",""
"20260605","경원선","도봉산","8216","5305","20260608",""
"20260605","경원선","망월사","9463","9449","20260608",""
"20260605","경원선","회룡","15398","15228","20260608",""
"20260605","경원선","의정부","21951","22669","20260608",""
"20260605","경원선","가능","7586","7352","20260608",""
"20260605","경원선","녹양","5161","4878","20260608",""
"20260605","경원선","양주","7878","7652","20260608",""
"20260605","경원선","덕계","7937","7522","20260608",""
"20260605","경원선","덕정","7881","7388","20260608",""
"20260605","경원선","지행","7804","7834","20260608",""
"20260605","경원선","동두천중앙","3616","3514","20260608",""
"20260605","경원선","보산","2147","1686","20260608",""
"20260605","경원선","동두천","2616","2380","20260608",""
"20260605","경원선","소요산","1950","2026","20260608",""
"20260605","경원선","청산","162","156","20260608",""
"20260605","경원선","전곡","1443","1423","20260608",""
"20260605","경원선","연천","1253","1295","20260608",""
"20260605","경의선","서울역","3738","4908","20260608",""
"20260605","경의선","신촌","1161","1421","20260608",""
"20260605","경의선","효창공원앞","3783","4208","20260608",""
"20260605","경의선","공덕","5078","4104","20260608",""
"20260605","경의선","서강대","2733","2631","20260608",""
"20260605","경의선","홍대입구","2471","2800","20260608",""
"20260605","경의선","가좌","6950","6466","20260608",""
"20260605","경의선","디지털미디어시티","2873","2826","20260608",""
"20260605","경의선","수색","3624","3759","20260608",""
"20260605","경의선","한국항공대","3309","2981","20260608",""
"20260605","경의선","강매","3720","3023","20260608",""
"20260605","경의선","행신","8610","8861","20260608",""
"20260605","경의선","능곡","5110","4822","20260608",""
"20260605","경의선","곡산","708","745","20260608",""
"20260605","경의선","백마","8632","8529","20260608",""
"20260605","경의선","풍산","7516","7257","20260608",""
"20260605","경의선","일산","11963","11848","20260608",""
"20260605","경의선","탄현","8705","8515","20260608",""
"20260605","경의선","야당","8384","8959","20260608",""
"20260605","경의선","운정","9091","8859","20260608",""
"20260605","경의선","금릉","5751","5591","20260608",""
"20260605","경의선","금촌","7629","7294","20260608",""
"20260605","경의선","월롱","2892","2136","20260608",""
"20260605","경의선","파주","1534","1203","20260608",""
"20260605","경의선","문산","6317","6280","20260608",""
"20260605","경의선","임진강","16","11","20260608",""
"20260605","경의선","운천","4","4","20260608",""
"20260605","경인선","개봉","26482","25854","20260608",""
"20260605","경인선","역곡","30611","30210","20260608",""
"20260605","경인선","부천","36543","36898","20260608",""
"20260605","경인선","송내","29316","29405","20260608",""
"20260605","경인선","부평","32741","35669","20260608",""
"20260605","경인선","백운","8058","7782","20260608",""
"20260605","경인선","동암","17305","17488","20260608",""
"20260605","경인선","주안","21124","19059","20260608",""
"20260605","경인선","제물포","13008","12095","20260608",""
"20260605","경인선","동인천","15506","14257","20260608",""
"20260605","경인선","인천","4330","3512","20260608",""
"20260605","경인선","구일","8035","7852","20260608",""
"20260605","경인선","소사","9455","8769","20260608",""
"20260605","경인선","부개","9721","9026","20260608",""
"20260605","경인선","간석","6542","6231","20260608",""
"20260605","경인선","도원","3855","3936","20260608",""
"20260605","경인선","온수(성공회대입구)","7515","7043","20260608",""
"20260605","경인선","중동","10353","9672","20260608",""
"20260605","경인선","도화","4673","4322","20260608",""
"20260605","경춘선","신내","3584","3390","20260608",""
"20260605","경춘선","갈매","3247","2855","20260608",""
"20260605","경춘선","별내","3038","2950","20260608",""
"20260605","경춘선","퇴계원","3942","3581","20260608",""
"20260605","경춘선","사릉","2407","2376","20260608",""
"20260605","경춘선","금곡","1985","1935","20260608",""
"20260605","경춘선","평내호평","7594","7676","20260608",""
"20260605","경춘선","천마산","1884","1713","20260608",""
"20260605","경춘선","마석","4861","4862","20260608",""
"20260605","경춘선","대성리","473","905","20260608",""
"20260605","경춘선","청평","1794","2047","20260608",""
"20260605","경춘선","상천","305","293","20260608",""
"20260605","경춘선","가평","2173","2417","20260608",""
"20260605","경춘선","굴봉산","137","140","20260608",""
"20260605","경춘선","백양리","85","100","20260608",""
"20260605","경춘선","강촌","333","405","20260608",""
"20260605","경춘선","김유정","435","567","20260608",""
"20260605","경춘선","남춘천","3691","3254","20260608",""
"20260605","경춘선","춘천","2106","1547","20260608",""
"20260605","공항철도 1호선","서울역","15972","14378","20260608",""
"20260605","공항철도 1호선","공덕","3863","4885","20260608",""
"20260605","공항철도 1호선","홍대입구","17239","17332","20260608",""
"20260605","공항철도 1호선","디지털미디어시티","16489","15403","20260608",""
"20260605","공항철도 1호선","마곡나루(서울식물원)","18974","18119","20260608",""
"20260605","공항철도 1호선","김포공항","9554","4626","20260608",""
"20260605","공항철도 1호선","계양","10702","10700","20260608",""
"20260605","공항철도 1호선","검암","7068","7048","20260608",""
"20260605","공항철도 1호선","청라국제도시","9400","8898","20260608",""
"20260605","공항철도 1호선","운서","11120","11759","20260608",""
"20260605","공항철도 1호선","공항화물청사","2223","2317","20260608",""
"20260605","공항철도 1호선","인천공항1터미널","15238","11979","20260608",""
"20260605","공항철도 1호선","인천공항2터미널","12263","9086","20260608",""
"20260605","공항철도 1호선","영종","5119","5381","20260608",""
"20260605","과천선","선바위","9166","7875","20260608",""
"20260605","과천선","경마공원","7352","7339","20260608",""
"20260605","과천선","대공원","5724","5854","20260608",""
"20260605","과천선","과천","6201","5607","20260608",""
"20260605","과천선","정부과천청사","17922","18877","20260608",""
"20260605","과천선","인덕원","30446","31143","20260608",""
"20260605","과천선","평촌","21050","20400","20260608",""
"20260605","과천선","범계","33510","34148","20260608",""
"20260605","분당선","선릉","14661","21820","20260608",""
"20260605","분당선","한티","17848","18972","20260608",""
"20260605","분당선","도곡","9100","9399","20260608",""
"20260605","분당선","구룡","4341","4091","20260608",""
"20260605","분당선","개포동","4692","4803","20260608",""
"20260605","분당선","대모산입구","6662","6351","20260608",""
"20260605","분당선","수서","20440","22262","20260608",""
"20260605","분당선","수원","9207","9146","20260608",""
"20260605","분당선","서울숲","16013","16555","20260608",""
"20260605","분당선","압구정로데오","22222","24602","20260608",""
"20260605","분당선","강남구청","11011","12589","20260608",""
"20260605","분당선","선정릉","8423","8560","20260608",""
"20260605","분당선","가천대","14772","14269","20260608",""
"20260605","분당선","태평","14933","14414","20260608",""
"20260605","분당선","모란","22291","23116","20260608",""
"20260605","분당선","야탑","30117","31881","20260608",""
"20260605","분당선","서현","27585","28707","20260608",""
"20260605","분당선","수내","14304","14234","20260608",""
"20260605","분당선","정자","22633","23849","20260608",""
"20260605","분당선","미금","17862","18601","20260608",""
"20260605","분당선","오리","12908","11237","20260608",""
"20260605","분당선","이매","6512","6048","20260608",""
"20260605","분당선","보정","2906","2547","20260608",""
"20260605","분당선","죽전","16254","17658","20260608",""
"20260605","분당선","구성","9035","9122","20260608",""
"20260605","분당선","신갈","5842","5607","20260608",""
"20260605","분당선","기흥","12377","11631","20260608",""
"20260605","분당선","상갈","6131","5730","20260608",""
"20260605","분당선","청명","5716","5398","20260608",""
"20260605","분당선","영통","10933","10914","20260608",""
"20260605","분당선","망포","18341","17603","20260608",""
"20260605","분당선","매탄권선","6788","6520","20260608",""
"20260605","분당선","수원시청","16777","18572","20260608",""
"20260605","분당선","매교","6341","6329","20260608",""
"20260605","서해선","김포공항","3123","4613","20260608",""
"20260605","서해선","원종","6134","5969","20260608",""
"20260605","서해선","부천종합운동장","3601","3138","20260608",""
"20260605","수인선","고색","7452","6995","20260608",""
"20260605","수인선","오목천","5382","4554","20260608",""
"20260605","수인선","어천","1820","1675","20260608",""
"20260605","수인선","야목","926","771","20260608",""
"20260605","수인선","사리","6178","5251","20260608",""
"20260605","수인선","달월","105","62","20260608",""
"20260605","수인선","소래포구","5873","5573","20260608",""
"20260605","수인선","인천논현","6548","6996","20260608",""
"20260605","수인선","호구포","4831","4939","20260608",""
"20260605","수인선","남동인더스파크","2682","2993","20260608",""
"20260605","수인선","원인재","5231","5529","20260608",""
"20260605","수인선","연수","5495","5560","20260608",""
"20260605","수인선","송도","3106","2770","20260608",""
"20260605","수인선","인하대","8890","8355","20260608",""
"20260605","수인선","숭의","5385","4925","20260608",""
"20260605","수인선","신포","2162","2185","20260608",""
"20260605","수인선","인천","1216","1772","20260608",""
"20260605","신림선","샛강","3562","4315","20260608",""
"20260605","신림선","대방","4076","3001","20260608",""
"20260605","신림선","서울지방병무청","3715","4030","20260608",""
"20260605","신림선","보라매","5467","4726","20260608",""
"20260605","신림선","보라매공원","2853","3144","20260608",""
"20260605","신림선","보라매병원","9153","9453","20260608",""
"20260605","신림선","당곡","5612","5193","20260608",""
"20260605","신림선","신림","2587","3046","20260608",""
"20260605","신림선","서원","4090","3513","20260608",""
"20260605","신림선","서울대벤처타운","11531","10490","20260608",""
"20260605","신림선","관악산(서울대)","3671","3353","20260608",""
"20260605","안산선","산본","19413","20909","20260608",""
"20260605","안산선","대야미","6261","5350","20260608",""
"20260605","안산선","반월","5241","4976","20260608",""
"20260605","안산선","상록수","17461","17597","20260608",""
"20260605","안산선","한대앞","12125","11817","20260608",""
"20260605","안산선","중앙","21662","23232","20260608",""
"20260605","안산선","고잔","10946","10590","20260608",""
"20260605","안산선","초지","5603","5667","20260608",""
"20260605","안산선","안산","13088","12523","20260608",""
"20260605","안산선","신길온천","2358","2256","20260608",""
"20260605","안산선","정왕","12234","11872","20260608",""
"20260605","안산선","오이도","8787","8808","20260608",""
"20260605","안산선","수리산","4863","3935","20260608",""
"20260605","우이신설선","북한산우이","3275","2963","20260608",""
"20260605","우이신설선","솔밭공원","3085","2901","20260608",""
"20260605","우이신설선","4.19민주묘지","3944","3730","20260608",""
"20260605","우이신설선","가오리","5041","4936","20260608",""
"20260605","우이신설선","화계","4394","4071","20260608",""
"20260605","우이신설선","삼양","2843","3071","20260608",""
"20260605","우이신설선","삼양사거리","3218","3137","20260608",""
"20260605","우이신설선","솔샘","6768","6315","20260608",""
"20260605","우이신설선","북한산보국문","7203","6572","20260608",""
"20260605","우이신설선","정릉","5661","4995","20260608",""
"20260605","우이신설선","성신여대입구(돈암)","4344","4790","20260608",""
"20260605","우이신설선","보문","2076","2044","20260608",""
"20260605","우이신설선","신설동","2958","2655","20260608",""
"20260605","일산선","원흥","13129","12482","20260608",""
"20260605","일산선","삼송","22551","21699","20260608",""
"20260605","일산선","원당","13771","13312","20260608",""
"20260605","일산선","화정","19846","20642","20260608",""
"20260605","일산선","대곡","14288","12749","20260608",""
"20260605","일산선","백석","11554","12045","20260608",""
"20260605","일산선","마두","9139","9326","20260608",""
"20260605","일산선","정발산","8405","8666","20260608",""
"20260605","일산선","주엽","11089","10914","20260608",""
"20260605","일산선","대화","12165","9975","20260608",""
"20260605","장항선","봉명","1601","1510","20260608",""
"20260605","장항선","쌍용(나사렛대)","3341","2966","20260608",""
"20260605","장항선","아산","4972","4810","20260608",""
"20260605","장항선","탕정","2843","2435","20260608",""
"20260605","수인선","월곶","3433","3150","20260608",""
"20260605","5호선","굽은다리(강동구민회관앞)","11094","10364","20260608",""
"20260605","6호선","신내","2","0","20260608",""
"20260605","7호선","장암","3230","1260","20260608",""
"20260605","7호선","도봉산","10377","11869","20260608",""
"20260605","7호선","수락산","14347","14348","20260608",""
"20260605","7호선","마들","15722","14701","20260608",""
"20260605","7호선","노원","23635","25953","20260608",""
"20260605","7호선","중계","17094","15461","20260608",""
"20260605","7호선","하계","20555","18762","20260608",""
"20260605","7호선","공릉(서울과학기술대)","15167","14501","20260608",""
"20260605","7호선","태릉입구","10372","9770","20260608",""
"20260605","7호선","먹골","12027","11799","20260608",""
"20260605","7호선","중화","13188","13006","20260608",""
"20260605","7호선","상봉","21585","21373","20260608",""
"20260605","7호선","면목","17323","16790","20260608",""
"20260605","7호선","사가정","18601","18781","20260608",""
"20260605","7호선","용마산(용마폭포공원)","6905","6479","20260608",""
"20260605","7호선","중곡","13022","12084","20260608",""
"20260605","7호선","군자(능동)","18433","14460","20260608",""
"20260605","7호선","어린이대공원(세종대)","20244","20405","20260608",""
"20260605","7호선","건대입구","17164","17061","20260608",""
"20260605","7호선","자양(뚝섬한강공원)","21826","22384","20260608",""
"20260605","7호선","청담","21466","23348","20260608",""
"20260605","7호선","강남구청","19042","21337","20260608",""
"20260605","7호선","학동","26072","27040","20260608",""
"20260605","7호선","논현","22648","23948","20260608",""
"20260605","7호선","반포","8317","7939","20260608",""
"20260605","7호선","고속터미널","20680","17703","20260608",""
"20260605","7호선","내방","17689","17690","20260608",""
"20260605","7호선","이수","20404","19994","20260608",""
"20260605","7호선","남성","13288","12491","20260608",""
"20260605","7호선","숭실대입구(살피재)","17325","16806","20260608",""
"20260605","7호선","상도","14857","14352","20260608",""
"20260605","7호선","장승배기","11419","11267","20260608",""
"20260605","7호선","신대방삼거리","17663","16833","20260608",""
"20260605","7호선","보라매","7784","8127","20260608",""
"20260605","7호선","신풍","13682","12813","20260608",""
"20260605","7호선","대림(구로구청)","9897","10162","20260608",""
"20260605","7호선","남구로","17449","18306","20260608",""
"20260605","7호선","가산디지털단지","50674","50988","20260608",""
"20260605","7호선","철산","26590","27245","20260608",""
"20260605","1호선","서울역","89917","89727","20260608",""
"20260605","1호선","시청","31218","31750","20260608",""
"20260605","1호선","종각","46701","46365","20260608",""
"20260605","1호선","종로3가","29295","26764","20260608",""
"20260605","1호선","종로5가","27124","26840","20260608",""
"20260605","1호선","동대문","14659","13505","20260608",""
"20260605","1호선","신설동","17111","16303","20260608",""
"20260605","1호선","제기동","17926","18289","20260608",""
"20260605","1호선","청량리(서울시립대입구)","26711","26432","20260608",""
"20260605","1호선","동묘앞","10338","10477","20260608",""
"20260605","2호선","시청","31925","30447","20260608",""
"20260605","2호선","을지로입구","61079","63098","20260608",""
"20260605","2호선","을지로3가","30730","32257","20260608",""
"20260605","2호선","을지로4가","18242","17657","20260608",""
"20260605","2호선","동대문역사문화공원(DDP)","17799","19656","20260608",""
"20260605","2호선","신당","17892","18657","20260608",""
"20260605","2호선","상왕십리","16918","16491","20260608",""
"20260605","2호선","왕십리(성동구청)","19591","17441","20260608",""
"20260605","2호선","한양대","15926","16762","20260608",""
"20260605","2호선","뚝섬","30563","32327","20260608",""
"20260605","2호선","성수","63679","69097","20260608",""
"20260605","2호선","건대입구","43810","45739","20260608",""
"20260605","2호선","구의(광진구청)","33155","31969","20260608",""
"20260605","2호선","강변(동서울터미널)","31190","29247","20260608",""
"20260605","2호선","잠실나루","18698","18137","20260608",""
"20260605","2호선","잠실(송파구청)","87213","86919","20260608",""
"20260605","2호선","잠실새내","27648","27301","20260608",""
"20260605","2호선","종합운동장","19163","21257","20260608",""
"20260605","2호선","삼성(무역센터)","61763","59120","20260608",""
"20260605","2호선","선릉","66189","58042","20260608",""
"20260605","2호선","역삼","54974","61987","20260608",""
"20260605","2호선","강남","94577","93115","20260608",""
"20260605","2호선","교대(법원.검찰청)","35773","42792","20260608",""
"20260605","2호선","서초","24695","24255","20260608",""
"20260605","2호선","방배","20564","21244","20260608",""
"20260605","2호선","사당","48997","53744","20260608",""
"20260605","2호선","낙성대(강감찬)","32190","30027","20260608",""
"20260605","2호선","서울대입구(관악구청)","53988","50611","20260608",""
"20260605","2호선","봉천","28246","26021","20260608",""
"20260605","2호선","신림","63004","61291","20260608",""
"20260605","2호선","신대방","28073","26455","20260608",""
"20260605","2호선","구로디지털단지","66562","65655","20260608",""
"20260605","2호선","대림(구로구청)","28042","28646","20260608",""
"20260605","2호선","신도림","55134","52889","20260608",""
"20260605","2호선","문래","27048","28538","20260608",""
"20260605","2호선","영등포구청","26527","27589","20260608",""
"20260605","2호선","당산","22554","25636","20260608",""
"20260605","2호선","합정","35922","40543","20260608",""
"20260605","2호선","홍대입구","78698","87144","20260608",""
"20260605","2호선","신촌","43869","44840","20260608",""
"20260605","2호선","이대","21186","22157","20260608",""
"20260605","2호선","아현","12922","11975","20260608",""
"20260605","2호선","충정로(경기대입구)","11437","12149","20260608",""
"20260605","2호선","용답","3699","3567","20260608",""
"20260605","2호선","신답","1996","2112","20260608",""
"20260605","2호선","신설동","4503","4364","20260608",""
"20260605","2호선","도림천","1552","1595","20260608",""
"20260605","2호선","양천구청","7904","8400","20260608",""
"20260605","2호선","신정네거리","11251","11621","20260608",""
"20260605","2호선","용두(동대문구청)","2621","2624","20260608",""
"20260605","3호선","지축","8918","9196","20260608",""
"20260605","3호선","구파발","25253","24415","20260608",""
"20260605","3호선","연신내","43399","41312","20260608",""
"20260605","3호선","불광","18662","19887","20260608",""
"20260605","3호선","녹번","17606","16080","20260608",""
"20260605","3호선","홍제","21369","19839","20260608",""
"20260605","3호선","무악재","4965","4842","20260608",""
"20260605","3호선","독립문","9425","9578","20260608",""
"20260605","3호선","경복궁(정부서울청사)","31323","31189","20260608",""
"20260605","3호선","안국","30972","32321","20260608",""
"20260605","3호선","종로3가","13872","16160","20260608",""
"20260605","3호선","을지로3가","15849","15579","20260608",""
"20260605","3호선","충무로","5","0","20260608",""
"20260605","3호선","동대입구","12266","14089","20260608",""
"20260605","3호선","약수","14849","14478","20260608",""
"20260605","3호선","금호","9370","8639","20260608",""
"20260605","3호선","옥수","10949","11190","20260608",""
"20260605","3호선","압구정","36807","39488","20260608",""
"20260605","3호선","신사","31269","34125","20260608",""
"20260605","3호선","잠원","8842","8481","20260608",""
"20260605","3호선","고속터미널","56027","56723","20260608",""
"20260605","3호선","교대(법원.검찰청)","19904","11390","20260608",""
"20260605","3호선","남부터미널(예술의전당)","37549","37213","20260608",""
"20260605","3호선","양재(서초구청)","44435","45718","20260608",""
"20260605","3호선","매봉","15029","14630","20260608",""
"20260605","3호선","도곡","7688","7478","20260608",""
"20260605","3호선","대치","14626","14727","20260608",""
"20260605","3호선","학여울","2364","2356","20260608",""
"20260605","3호선","대청","12971","11852","20260608",""
"20260605","3호선","일원","14037","13417","20260608",""
"20260605","3호선","수서","21885","21462","20260608",""
"20260605","3호선","가락시장","10841","10420","20260608",""
"20260605","3호선","경찰병원","8849","8947","20260608",""
"20260605","3호선","오금","7589","6745","20260608",""
"20260605","4호선","불암산","11225","9679","20260608",""
"20260605","4호선","상계","22567","21242","20260608",""
"20260605","4호선","노원","23954","27682","20260608",""
"20260605","4호선","창동","32658","34208","20260608",""
"20260605","4호선","쌍문","33826","31061","20260608",""
"20260605","4호선","수유(강북구청)","39139","39582","20260608",""
"20260605","4호선","미아(서울사이버대학)","19356","18688","20260608",""
"20260605","4호선","미아사거리","30325","29933","20260608",""
"20260605","4호선","길음","25226","24726","20260608",""
"20260605","4호선","성신여대입구(돈암)","26947","25961","20260608",""
"20260605","4호선","한성대입구(삼선교)","18236","17218","20260608",""
"20260605","4호선","혜화","41993","41439","20260608",""
"20260605","4호선","동대문","23579","22961","20260608",""
"20260605","4호선","동대문역사문화공원(DDP)","23245","20304","20260608",""
"20260605","4호선","충무로","38193","39724","20260608",""
"20260605","4호선","명동","42423","45035","20260608",""
"20260605","4호선","회현(남대문시장)","33516","35075","20260608",""
"20260605","4호선","서울역","15761","25224","20260608",""
"20260605","4호선","숙대입구(갈월)","18294","18007","20260608",""
"20260605","4호선","삼각지(전쟁기념관)","7356","8825","20260608",""
"20260605","4호선","신용산","25631","28571","20260608",""
"20260605","4호선","이촌(국립중앙박물관)","11926","12690","20260608",""
"20260605","4호선","동작(현충원)","3173","3361","20260608",""
"20260605","4호선","총신대입구(이수)","22841","24580","20260608",""
"20260605","4호선","사당","29981","26695","20260608",""
"20260605","4호선","남태령","1744","1444","20260608",""
"20260605","5호선","방화","8280","7921","20260608",""
"20260605","5호선","개화산","6892","6471","20260608",""
"20260605","5호선","김포공항","14863","8449","20260608",""
"20260605","5호선","송정","7270","6864","20260608",""
"20260605","5호선","마곡","19404","19539","20260608",""
"20260605","5호선","발산","27672","28933","20260608",""
"20260605","5호선","우장산","18079","17667","20260608",""
"20260605","5호선","화곡","33553","30896","20260608",""
"20260605","5호선","까치산","32228","30732","20260608",""
"20260605","5호선","신정(은행정)","15949","12547","20260608",""
"20260605","5호선","목동","19163","21041","20260608",""
"20260605","5호선","오목교(목동운동장앞)","24180","26311","20260608",""
"20260605","5호선","양평","10078","9561","20260608",""
"20260605","5호선","영등포구청","6065","6008","20260608",""
"20260605","5호선","영등포시장","13772","13532","20260608",""
"20260605","5호선","신길","5840","5903","20260608",""
"20260605","5호선","여의도","33440","35810","20260608",""
"20260605","5호선","여의나루","17246","18495","20260608",""
"20260605","5호선","마포","17216","17688","20260608",""
"20260605","5호선","공덕","17251","18179","20260608",""
"20260605","5호선","애오개","8017","7556","20260608",""
"20260605","5호선","충정로(경기대입구)","5773","5964","20260608",""
"20260605","5호선","서대문","22396","22391","20260608",""
"20260605","5호선","광화문(세종문화회관)","40226","42618","20260608",""
"20260605","5호선","종로3가","18761","20081","20260608",""
"20260605","5호선","을지로4가","8189","8322","20260608",""
"20260605","5호선","동대문역사문화공원(DDP)","3943","4454","20260608",""
"20260605","5호선","청구","4118","3929","20260608",""
"20260605","5호선","신금호","7577","7918","20260608",""
"20260605","5호선","행당","9263","8090","20260608",""
"20260605","5호선","왕십리(성동구청)","5559","6461","20260608",""
"20260605","5호선","마장","7195","6686","20260608",""
"20260605","5호선","답십리","18928","16815","20260608",""
"20260605","5호선","장한평","23765","23299","20260608",""
"20260605","5호선","군자(능동)","14533","16265","20260608",""
"20260605","5호선","아차산(어린이대공원후문)","16803","16551","20260608",""
"20260605","5호선","광나루(장신대)","13153","12308","20260608",""
"20260605","5호선","천호(풍납토성)","24802","24354","20260608",""
"20260605","5호선","강동","21450","20522","20260608",""
"20260605","5호선","길동","10640","10905","20260608",""
"20260605","5호선","명일","9695","9779","20260608",""
"20260605","5호선","고덕","12488","12292","20260608",""
"20260605","5호선","상일동","17456","16546","20260608",""
"20260605","5호선","둔촌동","15706","15673","20260608",""
"20260605","5호선","올림픽공원(한국체대)","6848","6553","20260608",""
"20260605","5호선","방이","8699","9104","20260608",""
"20260605","5호선","오금","4453","4635","20260608",""
"20260605","5호선","개롱","7866","7796","20260608",""
"20260605","5호선","거여","11821","11729","20260608",""
"20260605","5호선","마천","8565","7374","20260608",""
"20260605","5호선","강일","7311","6740","20260608",""
"20260605","5호선","미사","21220","21678","20260608",""
"20260605","5호선","하남풍산","5469","5382","20260608",""
"20260605","5호선","하남시청(덕풍·신장)","10247","9653","20260608",""
"20260605","5호선","하남검단산","7664","7051","20260608",""
"20260605","6호선","응암","20796","20559","20260608",""
"20260605","6호선","역촌","4439","5100","20260608",""
"20260605","6호선","불광","5369","4945","20260608",""
"20260605","6호선","독바위","2972","3491","20260608",""
"20260605","6호선","구산","9701","7366","20260608",""
"20260605","6호선","새절(신사)","14894","13763","20260608",""
"20260605","6호선","증산(명지대앞)","10541","10268","20260608",""
"20260605","6호선","디지털미디어시티","16958","18156","20260608",""
"20260605","6호선","월드컵경기장(성산)","5067","5166","20260608",""
"20260605","6호선","마포구청","17236","15324","20260608",""
"20260605","6호선","망원","18406","19829","20260608",""
"20260605","6호선","합정","15320","15671","20260608",""
"20260605","6호선","상수","12213","14286","20260608",""
"20260605","6호선","광흥창(서강)","11469","10814","20260608",""
"20260605","6호선","대흥(서강대앞)","12135","12634","20260608",""
"20260605","6호선","공덕","23001","22453","20260608",""
"20260605","6호선","효창공원앞","9178","8218","20260608",""
"20260605","6호선","삼각지(전쟁기념관)","9185","8216","20260608",""
"20260605","6호선","녹사평(용산구청)","6484","6970","20260608",""
"20260605","6호선","이태원","13570","18662","20260608",""
"20260605","6호선","한강진","10755","13501","20260608",""
"20260605","6호선","버티고개","2547","2473","20260608",""
"20260605","6호선","약수","4477","4447","20260608",""
"20260605","6호선","청구","4557","4385","20260608",""
"20260605","6호선","신당","10523","9922","20260608",""
"20260605","6호선","동묘앞","11669","11987","20260608",""
"20260605","6호선","창신","4228","3572","20260608",""
"20260605","6호선","보문","9579","8917","20260608",""
"20260605","6호선","안암(고대병원앞)","15662","15139","20260608",""
"20260605","6호선","고려대(종암)","10325","9493","20260608",""
"20260605","6호선","월곡(동덕여대)","14191","13458","20260608",""
"20260605","6호선","상월곡(한국과학기술연구원)","7735","7053","20260608",""
"20260605","6호선","돌곶이","14390","13285","20260608",""
"20260605","6호선","석계","14300","14657","20260608",""
"20260605","6호선","태릉입구","6765","7563","20260608",""
"20260605","6호선","화랑대(서울여대입구)","13836","10964","20260608",""
"20260605","6호선","봉화산(서울의료원)","9761","9039","20260608",""
"20260605","중앙선","회기","32129","29243","20260608",""
"20260605","장항선","신창(순천향대)","3050","2148","20260608",""
"20260605","장항선","온양온천","5054","5324","20260608",""
"20260605","장항선","배방","1572","1561","20260608",""
"20260605","중앙선","지평","58","79","20260608",""
"20260605","중앙선","용문","3507","3775","20260608",""
"20260605","중앙선","원덕","369","425","20260608",""
"20260605","중앙선","양평","3565","3992","20260608",""
"20260605","중앙선","오빈","341","360","20260608",""
"20260605","중앙선","아신","634","690","20260608",""
"20260605","중앙선","국수","865","823","20260608",""
"20260605","중앙선","신원","166","184","20260608",""
"20260605","중앙선","양수","2303","2172","20260608",""
"20260605","중앙선","운길산","848","883","20260608",""
"20260605","중앙선","팔당","953","959","20260608",""
"20260605","중앙선","도심","3374","2659","20260608",""
"20260605","중앙선","덕소","6333","6347","20260608",""
"20260605","중앙선","양정","598","530","20260608",""
"20260605","중앙선","도농","10963","10109","20260608",""
"20260605","중앙선","구리","8422","9022","20260608",""
"20260605","중앙선","중랑","6401","5991","20260608",""
"20260605","중앙선","상봉","6980","6866","20260608",""
"20260605","중앙선","망우","9062","8539","20260608",""
"20260605","중앙선","양원","4005","3855","20260608",""
"20260606","신림선","서울지방병무청","2218","2404","20260609",""
"20260606","신림선","보라매","3202","2805","20260609",""
"20260606","신림선","보라매공원","1647","1673","20260609",""
"20260606","신림선","보라매병원","3501","3454","20260609",""
"20260606","신림선","당곡","3550","3302","20260609",""
"20260606","신림선","신림","1763","2205","20260609",""
"20260606","신림선","서원","2762","2370","20260609",""
"20260606","신림선","서울대벤처타운","8426","7113","20260609",""
"20260606","신림선","관악산(서울대)","4198","4285","20260609",""
"20260606","안산선","산본","14408","15162","20260609",""
"20260606","안산선","대야미","4591","3958","20260609",""
"20260606","안산선","반월","3776","3587","20260609",""
"20260606","안산선","상록수","12203","12148","20260609",""
"20260606","안산선","한대앞","8335","8139","20260609",""
"20260606","안산선","중앙","17299","17979","20260609",""
"20260606","안산선","고잔","7114","7005","20260609",""
"20260606","장항선","탕정","1937","1736","20260609",""
"20260606","장항선","아산","3978","3461","20260609",""
"20260606","장항선","쌍용(나사렛대)","2078","1982","20260609",""
"20260606","중앙선","양원","2265","2274","20260609",""
"20260606","중앙선","망우","6698","6342","20260609",""
"20260606","중앙선","상봉","5608","5376","20260609",""
"20260606","중앙선","중랑","4803","4445","20260609",""
"20260606","중앙선","회기","21067","19277","20260609",""
"20260606","장항선","신창(순천향대)","1297","1212","20260609",""
"20260606","장항선","온양온천","5202","5431","20260609",""
"20260606","장항선","배방","1241","1240","20260609",""
"20260606","중앙선","구리","6472","6970","20260609",""
"20260606","중앙선","도농","7333","6792","20260609",""
"20260606","중앙선","양정","446","412","20260609",""
"20260606","중앙선","덕소","4645","4735","20260609",""
"20260606","중앙선","도심","2099","1689","20260609",""
"20260606","중앙선","팔당","1336","1517","20260609",""
"20260606","중앙선","운길산","1678","1721","20260609",""
"20260606","중앙선","양수","2317","2327","20260609",""
"20260606","중앙선","신원","245","271","20260609",""
"20260606","중앙선","국수","717","713","20260609",""
"20260606","중앙선","아신","583","602","20260609",""
"20260606","중앙선","오빈","352","321","20260609",""
"20260606","중앙선","양평","3315","3525","20260609",""
"20260606","중앙선","원덕","480","507","20260609",""
"20260606","중앙선","용문","2242","2519","20260609",""
"20260606","중앙선","지평","63","88","20260609",""
"20260606","장항선","봉명","827","797","20260609",""
"20260606","일산선","대화","7666","6815","20260609",""
"20260606","일산선","주엽","6762","6521","20260609",""
"20260606","일산선","정발산","6194","6266","20260609",""
"20260606","일산선","마두","5383","5408","20260609",""
"20260606","일산선","백석","8132","8185","20260609",""
"20260606","일산선","대곡","8965","9091","20260609",""
"20260606","일산선","화정","13710","14083","20260609",""
"20260606","일산선","원당","9436","8953","20260609",""
"20260606","일산선","삼송","15298","14694","20260609",""
"20260606","일산선","원흥","8684","8314","20260609",""
"20260606","우이신설선","신설동","1872","1705","20260609",""
"20260606","우이신설선","보문","1512","1459","20260609",""
"20260606","우이신설선","성신여대입구(돈암)","3230","3776","20260609",""
"20260606","우이신설선","정릉","3889","3242","20260609",""
"20260606","우이신설선","북한산보국문","5121","4150","20260609",""
"20260606","우이신설선","솔샘","4245","3816","20260609",""
"20260606","우이신설선","삼양사거리","2344","2176","20260609",""
"20260606","우이신설선","삼양","2050","2059","20260609",""
"20260606","우이신설선","화계","2962","2744","20260609",""
"20260606","안산선","초지","3842","3483","20260609",""
"20260606","안산선","안산","10625","11508","20260609",""
"20260606","안산선","신길온천","1913","1733","20260609",""
"20260606","안산선","정왕","8008","8105","20260609",""
"20260606","안산선","오이도","7598","7780","20260609",""
"20260606","안산선","수리산","3231","2812","20260609",""
"20260606","우이신설선","북한산우이","4060","4445","20260609",""
"20260606","우이신설선","솔밭공원","2240","2013","20260609",""
"20260606","우이신설선","4.19민주묘지","3056","2679","20260609",""
"20260606","1호선","서울역","69671","68101","20260609",""
"20260606","1호선","시청","22830","23799","20260609",""
"20260606","1호선","종각","26161","25389","20260609",""
"20260606","1호선","종로3가","27463","25422","20260609",""
"20260606","1호선","종로5가","22863","22599","20260609",""
"20260606","1호선","동대문","16011","16414","20260609",""
"20260606","1호선","신설동","11453","10757","20260609",""
"20260606","1호선","제기동","15291","15772","20260609",""
"20260606","1호선","청량리(서울시립대입구)","23133","23433","20260609",""
"20260606","1호선","동묘앞","15419","16994","20260609",""
"20260606","2호선","시청","14599","11825","20260609",""
"20260606","2호선","을지로입구","37723","37963","20260609",""
"20260606","2호선","을지로3가","16622","17195","20260609",""
"20260606","2호선","을지로4가","11048","10873","20260609",""
"20260606","2호선","동대문역사문화공원(DDP)","15500","17811","20260609",""
"20260606","2호선","신당","13360","14277","20260609",""
"20260606","2호선","상왕십리","10581","9879","20260609",""
"20260606","2호선","왕십리(성동구청)","13344","12650","20260609",""
"20260606","2호선","한양대","5272","5527","20260609",""
"20260606","2호선","뚝섬","22519","22448","20260609",""
"20260606","2호선","성수","52517","56510","20260609",""
"20260606","2호선","건대입구","37314","39587","20260609",""
"20260606","2호선","구의(광진구청)","21413","20709","20260609",""
"20260606","2호선","강변(동서울터미널)","26155","24238","20260609",""
"20260606","2호선","잠실나루","8883","8937","20260609",""
"20260606","2호선","잠실(송파구청)","78270","75829","20260609",""
"20260606","2호선","잠실새내","19467","19443","20260609",""
"20260606","2호선","종합운동장","22187","24659","20260609",""
"20260606","2호선","삼성(무역센터)","37956","33509","20260609",""
"20260606","2호선","선릉","24707","21652","20260609",""
"20260606","2호선","역삼","16615","18091","20260609",""
"20260606","2호선","강남","51290","50868","20260609",""
"20260606","2호선","교대(법원.검찰청)","14650","18394","20260609",""
"20260606","2호선","서초","11748","9831","20260609",""
"20260606","2호선","방배","9057","8915","20260609",""
"20260606","2호선","사당","39224","42779","20260609",""
"20260606","2호선","낙성대(강감찬)","22997","21032","20260609",""
"20260606","2호선","서울대입구(관악구청)","37221","35320","20260609",""
"20260606","2호선","봉천","18518","16983","20260609",""
"20260606","2호선","신림","47294","44519","20260609",""
"20260606","2호선","신대방","20873","19170","20260609",""
"20260606","2호선","구로디지털단지","37720","36748","20260609",""
"20260606","2호선","대림(구로구청)","19837","20306","20260609",""
"20260606","2호선","신도림","41507","40922","20260609",""
"20260606","2호선","문래","14988","16746","20260609",""
"20260606","2호선","영등포구청","14230","14978","20260609",""
"20260606","2호선","당산","14454","15585","20260609",""
"20260606","2호선","합정","31861","36146","20260609",""
"20260606","2호선","홍대입구","84141","93458","20260609",""
"20260606","2호선","신촌","32981","33685","20260609",""
"20260606","2호선","이대","11945","12602","20260609",""
"20260606","2호선","아현","8227","7515","20260609",""
"20260606","2호선","충정로(경기대입구)","6396","7030","20260609",""
"20260606","2호선","용답","2491","2225","20260609",""
"20260606","2호선","신답","1098","1144","20260609",""
"20260606","2호선","신설동","3942","3722","20260609",""
"20260606","2호선","도림천","945","953","20260609",""
"20260606","2호선","양천구청","4479","4494","20260609",""
"20260606","2호선","신정네거리","7361","7285","20260609",""
"20260606","2호선","용두(동대문구청)","1592","1611","20260609",""
"20260606","3호선","지축","5509","5343","20260609",""
"20260606","3호선","구파발","18343","18467","20260609",""
"20260606","3호선","연신내","31784","29983","20260609",""
"20260606","3호선","불광","13935","15226","20260609",""
"20260606","3호선","녹번","10593","9355","20260609",""
"20260606","3호선","홍제","14941","14088","20260609",""
"20260606","3호선","무악재","3173","3236","20260609",""
"20260606","3호선","독립문","7668","8291","20260609",""
"20260606","3호선","경복궁(정부서울청사)","26846","26612","20260609",""
"20260606","3호선","안국","22056","24954","20260609",""
"20260606","3호선","종로3가","10045","13499","20260609",""
"20260606","3호선","을지로3가","9067","8673","20260609",""
"20260606","3호선","충무로","3","0","20260609",""
"20260606","3호선","동대입구","9017","10376","20260609",""
"20260606","3호선","약수","9428","9212","20260609",""
"20260606","3호선","금호","6307","5696","20260609",""
"20260606","3호선","옥수","7782","7970","20260609",""
"20260606","3호선","압구정","19794","20892","20260609",""
"20260606","3호선","신사","17327","18543","20260609",""
"20260606","3호선","잠원","5038","4619","20260609",""
"20260606","3호선","고속터미널","59228","55983","20260609",""
"20260606","3호선","교대(법원.검찰청)","9099","4641","20260609",""
"20260606","3호선","남부터미널(예술의전당)","23751","23212","20260609",""
"20260606","3호선","양재(서초구청)","20409","21560","20260609",""
"20260606","3호선","매봉","6663","6336","20260609",""
"20260606","3호선","도곡","3282","3093","20260609",""
"20260606","3호선","대치","9967","8629","20260609",""
"20260606","3호선","학여울","3474","3565","20260609",""
"20260606","3호선","대청","6755","6309","20260609",""
"20260606","3호선","일원","5477","5460","20260609",""
"20260606","3호선","수서","15724","14476","20260609",""
"20260606","3호선","가락시장","6723","6241","20260609",""
"20260606","3호선","경찰병원","4452","4272","20260609",""
"20260606","3호선","오금","3705","3697","20260609",""
"20260606","4호선","불암산","8127","7428","20260609",""
"20260606","4호선","상계","15706","14343","20260609",""
"20260606","4호선","노원","17695","19919","20260609",""
"20260606","4호선","창동","23122","23762","20260609",""
"20260606","4호선","쌍문","22994","20579","20260609",""
"20260606","4호선","수유(강북구청)","28762","27598","20260609",""
"20260606","4호선","미아(서울사이버대학)","12136","11188","20260609",""
"20260606","4호선","미아사거리","21419","20533","20260609",""
"20260606","4호선","길음","15443","14590","20260609",""
"20260606","4호선","성신여대입구(돈암)","19307","18156","20260609",""
"20260606","4호선","한성대입구(삼선교)","12450","12526","20260609",""
"20260606","4호선","혜화","33943","35775","20260609",""
"20260606","4호선","동대문","19368","19488","20260609",""
"20260606","4호선","동대문역사문화공원(DDP)","20541","17861","20260609",""
"20260606","4호선","충무로","21522","23094","20260609",""
"20260606","4호선","명동","38035","41608","20260609",""
"20260606","4호선","회현(남대문시장)","27118","30091","20260609",""
"20260606","4호선","서울역","8149","19061","20260609",""
"20260606","4호선","숙대입구(갈월)","11654","11474","20260609",""
"20260606","4호선","삼각지(전쟁기념관)","6552","9363","20260609",""
"20260606","4호선","신용산","20018","22720","20260609",""
"20260606","4호선","이촌(국립중앙박물관)","13471","13593","20260609",""
"20260606","4호선","동작(현충원)","6654","6165","20260609",""
"20260606","4호선","총신대입구(이수)","15923","16922","20260609",""
"20260606","4호선","사당","24811","22878","20260609",""
"20260606","4호선","남태령","1194","723","20260609",""
"20260606","5호선","방화","5385","5066","20260609",""
"20260606","5호선","개화산","4359","4073","20260609",""
"20260606","5호선","김포공항","12325","7537","20260609",""
"20260606","5호선","송정","5124","4844","20260609",""
"20260606","5호선","마곡","10214","10268","20260609",""
"20260606","5호선","발산","15860","17328","20260609",""
"20260606","5호선","우장산","10801","10674","20260609",""
"20260606","5호선","화곡","20893","19065","20260609",""
"20260606","5호선","까치산","21815","20508","20260609",""
"20260606","5호선","신정(은행정)","9676","8011","20260609",""
"20260606","5호선","목동","11735","11986","20260609",""
"20260606","5호선","오목교(목동운동장앞)","15885","16439","20260609",""
"20260606","5호선","양평","4441","4188","20260609",""
"20260606","5호선","영등포구청","2813","2751","20260609",""
"20260606","5호선","영등포시장","9151","9123","20260609",""
"20260606","5호선","신길","3756","3698","20260609",""
"20260606","5호선","여의도","12600","14066","20260609",""
"20260606","5호선","여의나루","17691","19249","20260609",""
"20260606","5호선","마포","8517","8410","20260609",""
"20260606","5호선","공덕","8826","8577","20260609",""
"20260606","5호선","애오개","4188","4108","20260609",""
"20260606","5호선","충정로(경기대입구)","2508","2396","20260609",""
"20260606","5호선","서대문","8155","7815","20260609",""
"20260606","5호선","광화문(세종문화회관)","27660","28155","20260609",""
"20260606","5호선","종로3가","18678","20004","20260609",""
"20260606","5호선","을지로4가","4789","5065","20260609",""
"20260606","5호선","동대문역사문화공원(DDP)","1704","2094","20260609",""
"20260606","5호선","청구","2383","2459","20260609",""
"20260606","5호선","신금호","4380","4661","20260609",""
"20260606","5호선","행당","5513","4720","20260609",""
"20260606","5호선","왕십리(성동구청)","3983","5025","20260609",""
"20260606","5호선","마장","4417","4074","20260609",""
"20260606","5호선","답십리","11208","9816","20260609",""
"20260606","5호선","장한평","13625","12849","20260609",""
"20260606","5호선","군자(능동)","10517","12139","20260609",""
"20260606","5호선","아차산(어린이대공원후문)","14817","14152","20260609",""
"20260606","5호선","광나루(장신대)","9799","9542","20260609",""
"20260606","5호선","천호(풍납토성)","20480","19391","20260609",""
"20260606","5호선","강동","13586","13102","20260609",""
"20260606","5호선","길동","6977","7225","20260609",""
"20260606","5호선","굽은다리(강동구민회관앞)","7716","7359","20260609",""
"20260606","5호선","명일","6015","5826","20260609",""
"20260606","5호선","고덕","7158","7037","20260609",""
"20260606","5호선","상일동","9590","9173","20260609",""
"20260606","5호선","둔촌동","10461","9930","20260609",""
"20260606","5호선","올림픽공원(한국체대)","17889","16080","20260609",""
"20260606","5호선","방이","6643","5947","20260609",""
"20260606","5호선","오금","2447","2267","20260609",""
"20260606","5호선","개롱","4386","4529","20260609",""
"20260606","5호선","거여","7082","6723","20260609",""
"20260606","5호선","마천","5181","4972","20260609",""
"20260606","5호선","강일","4564","4072","20260609",""
"20260606","5호선","미사","14911","15080","20260609",""
"20260606","5호선","하남풍산","3376","3247","20260609",""
"20260606","5호선","하남시청(덕풍·신장)","7366","6828","20260609",""
"20260606","5호선","하남검단산","6591","6407","20260609",""
"20260606","6호선","응암","13431","13108","20260609",""
"20260606","6호선","역촌","2868","3321","20260609",""
"20260606","6호선","불광","4167","3633","20260609",""
"20260606","6호선","독바위","2440","2256","20260609",""
"20260606","6호선","연신내","3","0","20260609",""
"20260606","6호선","구산","6230","4478","20260609",""
"20260606","6호선","새절(신사)","9140","8691","20260609",""
"20260606","6호선","증산(명지대앞)","7461","7196","20260609",""
"20260606","6호선","디지털미디어시티","12230","10488","20260609",""
"20260606","6호선","월드컵경기장(성산)","18532","24310","20260609",""
"20260606","6호선","마포구청","12849","9731","20260609",""
"20260606","6호선","망원","17497","19392","20260609",""
"20260606","6호선","합정","15207","14830","20260609",""
"20260606","6호선","상수","10933","12294","20260609",""
"20260606","6호선","광흥창(서강)","6132","5516","20260609",""
"20260606","6호선","대흥(서강대앞)","6945","7125","20260609",""
"20260606","6호선","공덕","11920","11795","20260609",""
"20260606","6호선","효창공원앞","5818","5151","20260609",""
"20260606","6호선","삼각지(전쟁기념관)","9396","7874","20260609",""
"20260606","6호선","녹사평(용산구청)","6130","7001","20260609",""
"20260606","6호선","이태원","14156","18185","20260609",""
"20260606","6호선","한강진","10622","13597","20260609",""
"20260606","6호선","버티고개","1762","1739","20260609",""
"20260606","6호선","약수","2738","2852","20260609",""
"20260606","6호선","청구","3006","2564","20260609",""
"20260606","6호선","신당","7707","7037","20260609",""
"20260606","6호선","동묘앞","14029","14648","20260609",""
"20260606","6호선","창신","2323","1881","20260609",""
"20260606","6호선","보문","5959","5594","20260609",""
"20260606","6호선","안암(고대병원앞)","6959","6743","20260609",""
"20260606","6호선","고려대(종암)","6193","5665","20260609",""
"20260606","6호선","월곡(동덕여대)","7665","7145","20260609",""
"20260606","6호선","상월곡(한국과학기술연구원)","4372","3867","20260609",""
"20260606","6호선","돌곶이","8358","7523","20260609",""
"20260606","6호선","석계","9410","9430","20260609",""
"20260606","6호선","태릉입구","5019","5296","20260609",""
"20260606","6호선","화랑대(서울여대입구)","7960","6950","20260609",""
"20260606","6호선","봉화산(서울의료원)","5566","5331","20260609",""
"20260606","6호선","신내","1","0","20260609",""
"20260606","7호선","장암","2323","1708","20260609",""
"20260606","7호선","도봉산","7296","9694","20260609",""
"20260606","7호선","수락산","10962","10795","20260609",""
"20260606","7호선","마들","9901","9096","20260609",""
"20260606","7호선","노원","16238","17021","20260609",""
"20260606","7호선","중계","9763","8706","20260609",""
"20260606","7호선","하계","12280","11404","20260609",""
"20260606","7호선","공릉(서울과학기술대)","9269","9104","20260609",""
"20260606","7호선","태릉입구","7134","6679","20260609",""
"20260606","7호선","먹골","8175","7814","20260609",""
"20260606","7호선","중화","8340","7902","20260609",""
"20260606","7호선","상봉","14668","14584","20260609",""
"20260606","7호선","면목","10961","10210","20260609",""
"20260606","7호선","사가정","12756","12214","20260609",""
"20260606","7호선","용마산(용마폭포공원)","4539","4804","20260609",""
"20260606","7호선","중곡","7408","6872","20260609",""
"20260606","7호선","군자(능동)","12606","9510","20260609",""
"20260606","7호선","어린이대공원(세종대)","11684","11136","20260609",""
"20260606","7호선","건대입구","12415","12866","20260609",""
"20260606","7호선","자양(뚝섬한강공원)","19232","19038","20260609",""
"20260606","7호선","청담","10792","11391","20260609",""
"20260606","7호선","강남구청","9138","10583","20260609",""
"20260606","7호선","학동","9799","10251","20260609",""
"20260606","7호선","논현","9919","10893","20260609",""
"20260606","7호선","반포","5223","4881","20260609",""
"20260606","7호선","고속터미널","16083","12333","20260609",""
"20260606","7호선","내방","8357","8118","20260609",""
"20260606","7호선","이수","13572","12827","20260609",""
"20260606","7호선","남성","7995","7364","20260609",""
"20260606","7호선","숭실대입구(살피재)","8914","8563","20260609",""
"20260606","7호선","상도","8353","7676","20260609",""
"20260606","7호선","장승배기","6606","6224","20260609",""
"20260606","7호선","신대방삼거리","11019","10154","20260609",""
"20260606","7호선","보라매","5142","5126","20260609",""
"20260606","7호선","신풍","8422","7920","20260609",""
"20260606","7호선","대림(구로구청)","8546","9225","20260609",""
"20260606","7호선","남구로","8408","8873","20260609",""
"20260606","7호선","가산디지털단지","14590","13355","20260609",""
"20260606","7호선","철산","16275","16248","20260609",""
"20260606","7호선","광명사거리","18220","18155","20260609",""
"20260606","7호선","천왕","7581","7168","20260609",""
"20260606","7호선","온수(성공회대입구)","5528","5390","20260609",""
"20260606","8호선","암사역사공원","4840","4341","20260609",""
"20260606","8호선","암사","12038","11123","20260609",""
"20260606","8호선","천호(풍납토성)","15572","18322","20260609",""
"20260606","8호선","강동구청","6781","6605","20260609",""
"20260606","8호선","몽촌토성(평화의문)","7877","9131","20260609",""
"20260606","8호선","잠실(송파구청)","19489","23204","20260609",""
"20260606","8호선","석촌","7240","8831","20260609",""
"20260606","8호선","송파","6812","6552","20260609",""
"20260606","8호선","가락시장","6134","6282","20260609",""
"20260606","8호선","문정","10085","10221","20260609",""
"20260606","8호선","장지","12511","11158","20260609",""
"20260606","8호선","복정","6119","5110","20260609",""
"20260606","8호선","산성","4904","4926","20260609",""
"20260606","8호선","남한산성입구(성남법원.검찰청)","8626","7282","20260609",""
"20260606","8호선","단대오거리","8699","8182","20260609",""
"20260606","8호선","신흥","4529","4540","20260609",""
"20260606","8호선","수진","4250","3856","20260609",""
"20260606","8호선","모란","4143","3473","20260609",""
"20260606","8호선","남위례","5700","5502","20260609",""
"20260606","9호선","개화","1557","1430","20260609",""
"20260606","9호선","김포공항","5458","10216","20260609",""
"20260606","9호선","공항시장","2173","2198","20260609",""
"20260606","9호선","신방화","5044","4651","20260609",""
"20260606","9호선","마곡나루(서울식물원)","10806","10841","20260609",""
"20260606","9호선","양천향교","6557","6205","20260609",""
"20260606","9호선","가양","15877","15071","20260609",""
"20260606","9호선","증미","3925","3650","20260609",""
"20260606","9호선","등촌","8264","7891","20260609",""
"20260606","9호선","염창","13959","12705","20260609",""
"20260606","9호선","신목동","3071","2730","20260609",""
"20260606","9호선","선유도","4892","4598","20260609",""
"20260606","9호선","당산","15144","14659","20260609",""
"20260606","9호선","국회의사당","5782","5729","20260609",""
"20260606","9호선","여의도","15163","14433","20260609",""
"20260606","9호선","샛강","3559","3625","20260609",""
"20260606","9호선","노량진","23876","23311","20260609",""
"20260606","9호선","노들","3932","3248","20260609",""
"20260606","9호선","흑석(중앙대입구)","6578","6273","20260609",""
"20260606","9호선","동작(현충원)","18188","17703","20260609",""
"20260606","9호선","구반포","2401","1988","20260609",""
"20260606","9호선","신반포","3779","3930","20260609",""
"20260606","9호선","고속터미널","18556","26564","20260609",""
"20260606","9호선","사평","2716","2511","20260609",""
"20260606","9호선","신논현","26240","27383","20260609",""
"20260606","9호선2~3단계","언주","5388","5402","20260609",""
"20260606","9호선2~3단계","선정릉","5672","6325","20260609",""
"20260606","9호선2~3단계","삼성중앙","3710","3655","20260609",""
"20260606","9호선2~3단계","봉은사","20288","22529","20260609",""
"20260606","9호선2~3단계","종합운동장","6214","6000","20260609",""
"20260606","9호선2~3단계","삼전","6009","5641","20260609",""
"20260606","9호선2~3단계","석촌고분","5462","5331","20260609",""
"20260606","9호선2~3단계","석촌","9358","8268","20260609",""
"20260606","9호선2~3단계","송파나루","5228","5879","20260609",""
"20260606","9호선2~3단계","한성백제","3904","2911","20260609",""
"20260606","9호선2~3단계","올림픽공원(한국체대)","40071","44329","20260609",""
"20260606","9호선2~3단계","둔촌오륜","2906","2892","20260609",""
"20260606","9호선2~3단계","중앙보훈병원","7193","6452","20260609",""
"20260606","경강선","판교","4231","3896","20260609",""
"20260606","경강선","이매","834","679","20260609",""
"20260606","경강선","삼동","1495","1369","20260609",""
"20260606","경강선","경기광주","6253","5756","20260609",""
"20260606","경강선","초월","2720","2498","20260609",""
"20260606","경강선","곤지암","2109","2158","20260609",""
"20260606","경강선","신둔도예촌","1475","1361","20260609",""
"20260606","경강선","이천","3705","3760","20260609",""
"20260606","경강선","부발","2405","2217","20260609",""
"20260606","경강선","세종대왕릉","401","434","20260609",""
"20260606","경강선","여주","3412","3601","20260609",""
"20260606","경강선","성남","876","907","20260609",""
"20260606","경부선","서울역","11818","3502","20260609",""
"20260606","경부선","남영","7173","7363","20260609",""
"20260606","경부선","용산","57531","60672","20260609",""
"20260606","경부선","노량진","9779","9424","20260609",""
"20260606","경부선","대방","6572","7258","20260609",""
"20260606","경부선","영등포","45288","47335","20260609",""
"20260606","경부선","신도림","3307","4069","20260609",""
"20260606","경부선","신길","6348","5624","20260609",""
"20260606","경부선","구로","14503","15154","20260609",""
"20260606","경부선","가산디지털단지","6578","8248","20260609",""
"20260606","경부선","금천구청","8145","8227","20260609",""
"20260606","경부선","석수","6756","6502","20260609",""
"20260606","경부선","관악","6283","6018","20260609",""
"20260606","경부선","안양","19248","19347","20260609",""
"20260606","경부선","명학","4980","4592","20260609",""
"20260606","경부선","금정","21718","21572","20260609",""
"20260606","경부선","군포","4140","3803","20260609",""
"20260606","경부선","의왕","6171","5871","20260609",""
"20260606","경부선","성균관대","11971","11801","20260609",""
"20260606","경부선","화서","10816","10626","20260609",""
"20260606","경부선","수원","46665","50705","20260609",""
"20260606","경부선","독산","9651","8952","20260609",""
"20260606","경부선","세류","3237","3226","20260609",""
"20260606","경부선","병점","14117","14004","20260609",""
"20260606","경부선","세마","3215","2870","20260609",""
"20260606","경부선","오산대","3785","3476","20260609",""
"20260606","경부선","오산","11619","11406","20260609",""
"20260606","경부선","진위","1260","1111","20260609",""
"20260606","경부선","송탄","5165","4694","20260609",""
"20260606","경부선","서정리","9385","8090","20260609",""
"20260606","경부선","평택지제","4960","4227","20260609",""
"20260606","경부선","평택","15847","15133","20260609",""
"20260606","경부선","성환","4068","3817","20260609",""
"20260606","경부선","직산","993","972","20260609",""
"20260606","경부선","두정","7629","7544","20260609",""
"20260606","경부선","천안","8188","8182","20260609",""
"20260606","경부선","당정","4393","4057","20260609",""
"20260606","경부선","서동탄","1167","1123","20260609",""
"20260606","경부선","광명","3370","2841","20260609",""
"20260606","경원선","이촌(국립중앙박물관)","3349","2612","20260609",""
"20260606","경원선","서빙고","1993","1869","20260609",""
"20260606","경원선","한남","2460","2481","20260609",""
"20260606","경원선","옥수","50","36","20260609",""
"20260606","경원선","응봉","1669","1484","20260609",""
"20260606","경원선","왕십리(성동구청)","15132","15788","20260609",""
"20260606","경원선","청량리(서울시립대입구)","20479","20721","20260609",""
"20260606","경원선","외대앞","9450","8662","20260609",""
"20260606","경원선","신이문","6765","6031","20260609",""
"20260606","경원선","석계","6895","7038","20260609",""
"20260606","경원선","광운대","6947","6486","20260609",""
"20260606","경원선","월계","5501","4938","20260609",""
"20260606","경원선","녹천","3472","3012","20260609",""
"20260606","경원선","창동","6","0","20260609",""
"20260606","경원선","방학","8263","8044","20260609",""
"20260606","경원선","도봉","4775","4447","20260609",""
"20260606","경원선","도봉산","9759","6939","20260609",""
"20260606","경원선","망월사","6505","6658","20260609",""
"20260606","경원선","회룡","11136","10981","20260609",""
"20260606","경원선","의정부","18887","19589","20260609",""
"20260606","경원선","가능","5358","5029","20260609",""
"20260606","경원선","녹양","3881","3657","20260609",""
"20260606","경원선","양주","6550","6164","20260609",""
"20260606","경원선","덕계","5341","4950","20260609",""
"20260606","경원선","덕정","5023","4518","20260609",""
"20260606","경원선","지행","6401","6273","20260609",""
"20260606","경원선","동두천중앙","2637","2563","20260609",""
"20260606","경원선","보산","1753","1662","20260609",""
"20260606","경원선","동두천","1433","1381","20260609",""
"20260606","경원선","소요산","3409","3402","20260609",""
"20260606","경원선","청산","208","204","20260609",""
"20260606","경원선","전곡","1691","1496","20260609",""
"20260606","경원선","연천","1701","1623","20260609",""
"20260606","경의선","서울역","1421","1572","20260609",""
"20260606","경의선","신촌","328","401","20260609",""
"20260606","경의선","효창공원앞","2082","2377","20260609",""
"20260606","경의선","공덕","3753","2564","20260609",""
"20260606","경의선","서강대","1944","1870","20260609",""
"20260606","경의선","홍대입구","2815","3440","20260609",""
"20260606","경의선","가좌","4377","4314","20260609",""
"20260606","경의선","디지털미디어시티","2348","2497","20260609",""
"20260606","경의선","수색","2134","2084","20260609",""
"20260606","경의선","한국항공대","1374","1327","20260609",""
"20260606","경의선","강매","2219","1987","20260609",""
"20260606","경의선","행신","5595","5751","20260609",""
"20260606","경의선","능곡","3669","3623","20260609",""
"20260606","경의선","곡산","471","488","20260609",""
"20260606","경의선","백마","5613","5039","20260609",""
"20260606","경의선","풍산","5567","5271","20260609",""
"20260606","경의선","일산","8056","7635","20260609",""
"20260606","경의선","탄현","6139","5682","20260609",""
"20260606","경의선","야당","6752","7151","20260609",""
"20260606","경의선","운정","7244","7011","20260609",""
"20260606","경의선","금릉","4227","4109","20260609",""
"20260606","경의선","금촌","6909","6641","20260609",""
"20260606","경의선","월롱","1334","1281","20260609",""
"20260606","경의선","파주","1144","943","20260609",""
"20260606","경의선","문산","6081","5386","20260609",""
"20260606","경의선","임진강","78","73","20260609",""
"20260606","경의선","운천","3","6","20260609",""
"20260606","경인선","개봉","18459","17921","20260609",""
"20260606","경인선","오류동","9469","8575","20260609",""
"20260606","경인선","역곡","20290","19964","20260609",""
"20260606","경인선","부천","30189","30710","20260609",""
"20260606","경인선","송내","19081","18532","20260609",""
"20260606","경인선","부평","29855","32403","20260609",""
"20260606","경인선","백운","5425","5330","20260609",""
"20260606","경인선","동암","13607","13607","20260609",""
"20260606","경인선","주안","16473","14613","20260609",""
"20260606","경인선","제물포","8056","7609","20260609",""
"20260606","경인선","동인천","12482","12184","20260609",""
"20260606","경인선","인천","5593","5008","20260609",""
"20260606","경인선","구일","5009","4612","20260609",""
"20260606","경인선","소사","7237","6589","20260609",""
"20260606","경인선","부개","6797","6204","20260609",""
"20260606","경인선","간석","4766","4334","20260609",""
"20260606","경인선","도원","2385","2388","20260609",""
"20260606","경인선","온수(성공회대입구)","4974","4343","20260609",""
"20260606","경인선","중동","7376","6711","20260609",""
"20260606","경인선","도화","3306","3079","20260609",""
"20260606","경춘선","신내","1959","1741","20260609",""
"20260606","경춘선","갈매","1894","1628","20260609",""
"20260606","경춘선","별내","2073","1829","20260609",""
"20260606","경춘선","퇴계원","2681","2428","20260609",""
"20260606","경춘선","사릉","1636","1633","20260609",""
"20260606","경춘선","금곡","1325","1240","20260609",""
"20260606","경춘선","평내호평","4864","4745","20260609",""
"20260606","경춘선","천마산","1535","1427","20260609",""
"20260606","경춘선","마석","3549","3471","20260609",""
"20260606","경춘선","대성리","949","877","20260609",""
"20260606","경춘선","청평","2007","2164","20260609",""
"20260606","경춘선","상천","403","395","20260609",""
"20260606","경춘선","가평","2719","3016","20260609",""
"20260606","경춘선","굴봉산","184","239","20260609",""
"20260606","경춘선","백양리","173","155","20260609",""
"20260606","경춘선","강촌","723","767","20260609",""
"20260606","경춘선","김유정","932","1085","20260609",""
"20260606","경춘선","남춘천","3462","3826","20260609",""
"20260606","경춘선","춘천","2589","2202","20260609",""
"20260606","공항철도 1호선","서울역","14233","13438","20260609",""
"20260606","공항철도 1호선","공덕","2415","3478","20260609",""
"20260606","공항철도 1호선","홍대입구","19819","19107","20260609",""
"20260606","공항철도 1호선","디지털미디어시티","10671","8730","20260609",""
"20260606","공항철도 1호선","마곡나루(서울식물원)","6879","7387","20260609",""
"20260606","공항철도 1호선","김포공항","7306","3800","20260609",""
"20260606","공항철도 1호선","계양","7378","7253","20260609",""
"20260606","공항철도 1호선","검암","4567","4471","20260609",""
"20260606","공항철도 1호선","청라국제도시","5654","5423","20260609",""
"20260606","공항철도 1호선","운서","9883","10529","20260609",""
"20260606","공항철도 1호선","공항화물청사","1202","1208","20260609",""
"20260606","공항철도 1호선","인천공항1터미널","13690","12109","20260609",""
"20260606","공항철도 1호선","인천공항2터미널","11845","8712","20260609",""
"20260606","공항철도 1호선","영종","4331","4446","20260609",""
"20260606","과천선","선바위","5988","4902","20260609",""
"20260606","과천선","경마공원","13414","13420","20260609",""
"20260606","과천선","대공원","9314","9591","20260609",""
"20260606","과천선","과천","4394","3922","20260609",""
"20260606","과천선","정부과천청사","8003","7888","20260609",""
"20260606","과천선","인덕원","18464","18426","20260609",""
"20260606","과천선","평촌","10406","9974","20260609",""
"20260606","과천선","범계","23952","23368","20260609",""
"20260606","분당선","선릉","4706","7296","20260609",""
"20260606","분당선","한티","12560","12061","20260609",""
"20260606","분당선","도곡","4334","4106","20260609",""
"20260606","분당선","구룡","2060","1873","20260609",""
"20260606","분당선","개포동","2514","2515","20260609",""
"20260606","분당선","대모산입구","3640","3537","20260609",""
"20260606","분당선","수서","14559","15526","20260609",""
"20260606","분당선","복정","1","0","20260609",""
"20260606","분당선","수원","7401","7727","20260609",""
"20260606","분당선","서울숲","15372","16384","20260609",""
"20260606","분당선","압구정로데오","15424","17246","20260609",""
"20260606","분당선","강남구청","5079","6016","20260609",""
"20260606","분당선","선정릉","3430","3138","20260609",""
"20260606","우이신설선","가오리","3379","3108","20260609",""
"20260606","분당선","가천대","6648","6611","20260609",""
"20260606","분당선","태평","10736","9820","20260609",""
"20260606","분당선","모란","15511","16137","20260609",""
"20260606","분당선","야탑","17928","18902","20260609",""
"20260606","분당선","서현","17447","17899","20260609",""
"20260606","분당선","수내","7559","7020","20260609",""
"20260606","분당선","정자","10913","11229","20260609",""
"20260606","분당선","미금","10356","10519","20260609",""
"20260606","분당선","오리","7421","6459","20260609",""
"20260606","분당선","이매","4065","3947","20260609",""
"20260606","분당선","보정","1633","1531","20260609",""
"20260606","분당선","죽전","10218","11393","20260609",""
"20260606","분당선","구성","5847","5960","20260609",""
"20260606","분당선","신갈","3049","3095","20260609",""
"20260606","분당선","기흥","7402","6746","20260609",""
"20260606","분당선","상갈","3914","3800","20260609",""
"20260606","분당선","청명","3232","3070","20260609",""
"20260606","분당선","영통","7342","6984","20260609",""
"20260606","분당선","망포","10003","9026","20260609",""
"20260606","분당선","매탄권선","3975","3565","20260609",""
"20260606","분당선","수원시청","11262","12432","20260609",""
"20260606","분당선","매교","3614","3709","20260609",""
"20260606","서해선","김포공항","2758","4231","20260609",""
"20260606","서해선","원종","4753","4488","20260609",""
"20260606","서해선","부천종합운동장","2115","1705","20260609",""
"20260606","수인선","고색","3531","3558","20260609",""
"20260606","수인선","오목천","3434","2759","20260609",""
"20260606","수인선","어천","1447","1289","20260609",""
"20260606","수인선","야목","655","546","20260609",""
"20260606","수인선","사리","4173","3395","20260609",""
"20260606","수인선","달월","71","79","20260609",""
"20260606","수인선","월곶","2509","2345","20260609",""
"20260606","수인선","소래포구","5849","5817","20260609",""
"20260606","수인선","인천논현","4416","4534","20260609",""
"20260606","수인선","호구포","2774","2509","20260609",""
"20260606","수인선","남동인더스파크","858","833","20260609",""
"20260606","수인선","원인재","3849","3981","20260609",""
"20260606","수인선","연수","4417","4454","20260609",""
"20260606","수인선","송도","2083","1927","20260609",""
"20260606","수인선","인하대","4882","4485","20260609",""
"20260606","수인선","숭의","3239","2958","20260609",""
"20260606","수인선","신포","1803","1709","20260609",""
"20260606","수인선","인천","1311","2176","20260609",""
"20260606","신림선","샛강","1276","1635","20260609",""
"20260606","신림선","대방","2713","1711","20260609",""
"20260607","5호선","개롱","3691","4015","20260610",""
"20260607","일산선","대곡","7284","6909","20260610",""
"20260607","일산선","백석","6210","6247","20260610",""
"20260607","일산선","마두","3957","3913","20260610",""
"20260607","일산선","정발산","5477","5443","20260610",""
"20260607","일산선","주엽","5204","4896","20260610",""
"20260607","일산선","대화","5797","5308","20260610",""
"20260607","장항선","봉명","649","719","20260610",""
"20260607","장항선","쌍용(나사렛대)","1638","1711","20260610",""
"20260607","장항선","아산","3876","2880","20260610",""
"20260607","장항선","탕정","1474","1721","20260610",""
"20260607","장항선","배방","1092","1116","20260610",""
"20260607","장항선","온양온천","4470","4202","20260610",""
"20260607","장항선","신창(순천향대)","1006","1701","20260610",""
"20260607","중앙선","회기","17620","17780","20260610",""
"20260607","중앙선","중랑","3710","3682","20260610",""
"20260607","중앙선","상봉","4467","4306","20260610",""
"20260607","중앙선","망우","5364","5313","20260610",""
"20260607","중앙선","양원","1763","1744","20260610",""
"20260607","중앙선","구리","4762","5204","20260610",""
"20260607","중앙선","도농","5399","5377","20260610",""
"20260607","중앙선","양정","397","312","20260610",""
"20260607","중앙선","덕소","3651","3801","20260610",""
"20260607","중앙선","도심","1638","1359","20260610",""
"20260607","중앙선","팔당","993","1038","20260610",""
"20260607","중앙선","운길산","1196","1180","20260610",""
"20260607","중앙선","양수","1892","1614","20260610",""
"20260607","중앙선","신원","185","138","20260610",""
"20260607","중앙선","국수","601","548","20260610",""
"20260607","중앙선","아신","549","493","20260610",""
"20260607","중앙선","오빈","265","234","20260610",""
"20260607","중앙선","양평","2604","2448","20260610",""
"20260607","중앙선","원덕","403","289","20260610",""
"20260607","중앙선","용문","2238","1795","20260610",""
"20260607","중앙선","지평","64","36","20260610",""
"20260607","일산선","원흥","6975","6851","20260610",""
"20260607","일산선","삼송","11765","11726","20260610",""
"20260607","일산선","화정","10669","10989","20260610",""
"20260607","일산선","원당","6978","6751","20260610",""
"20260607","경의선","운천","10","4","20260610",""
"20260607","분당선","영통","5517","5555","20260610",""
"20260607","분당선","망포","6780","7077","20260610",""
"20260607","분당선","매탄권선","2981","2909","20260610",""
"20260607","분당선","수원시청","8341","8392","20260610",""
"20260607","분당선","매교","2825","2800","20260610",""
"20260607","서해선","김포공항","2657","3676","20260610",""
"20260607","서해선","원종","3440","3351","20260610",""
"20260607","서해선","부천종합운동장","1607","1395","20260610",""
"20260607","수인선","고색","2519","2720","20260610",""
"20260607","수인선","오목천","2444","2316","20260610",""
"20260607","수인선","어천","995","1125","20260610",""
"20260607","수인선","야목","482","408","20260610",""
"20260607","수인선","사리","3239","2776","20260610",""
"20260607","수인선","달월","47","60","20260610",""
"20260607","수인선","월곶","1943","1865","20260610",""
"20260607","수인선","소래포구","4505","4178","20260610",""
"20260607","수인선","인천논현","3452","3446","20260610",""
"20260607","수인선","호구포","2226","2358","20260610",""
"20260607","수인선","남동인더스파크","622","639","20260610",""
"20260607","수인선","원인재","3165","3203","20260610",""
"20260607","수인선","연수","3468","3524","20260610",""
"20260607","수인선","송도","1645","1746","20260610",""
"20260607","수인선","인하대","3652","3709","20260610",""
"20260607","수인선","숭의","2577","2364","20260610",""
"20260607","수인선","신포","1396","1342","20260610",""
"20260607","수인선","인천","1122","1490","20260610",""
"20260607","신림선","샛강","1099","1402","20260610",""
"20260607","신림선","대방","2220","1599","20260610",""
"20260607","신림선","서울지방병무청","1832","2174","20260610",""
"20260607","신림선","보라매","2507","2263","20260610",""
"20260607","신림선","보라매공원","1292","1425","20260610",""
"20260607","신림선","보라매병원","2652","2684","20260610",""
"20260607","신림선","당곡","2781","2871","20260610",""
"20260607","신림선","신림","1599","1892","20260610",""
"20260607","신림선","서원","2290","2178","20260610",""
"20260607","신림선","서울대벤처타운","6918","6340","20260610",""
"20260607","신림선","관악산(서울대)","3536","3879","20260610",""
"20260607","안산선","산본","10532","11028","20260610",""
"20260607","안산선","대야미","3516","3188","20260610",""
"20260607","안산선","반월","2849","2913","20260610",""
"20260607","안산선","상록수","9579","9658","20260610",""
"20260607","안산선","한대앞","6260","6477","20260610",""
"20260607","안산선","중앙","13210","13075","20260610",""
"20260607","안산선","고잔","5283","5100","20260610",""
"20260607","안산선","초지","2760","2500","20260610",""
"20260607","안산선","안산","10636","9627","20260610",""
"20260607","안산선","신길온천","1562","1433","20260610",""
"20260607","안산선","정왕","6807","6999","20260610",""
"20260607","안산선","오이도","5787","5574","20260610",""
"20260607","안산선","수리산","2628","2425","20260610",""
"20260607","우이신설선","북한산우이","3316","3458","20260610",""
"20260607","우이신설선","솔밭공원","1891","1743","20260610",""
"20260607","우이신설선","4.19민주묘지","2293","2113","20260610",""
"20260607","우이신설선","가오리","2891","2781","20260610",""
"20260607","우이신설선","화계","2572","2519","20260610",""
"20260607","우이신설선","삼양","1775","1871","20260610",""
"20260607","우이신설선","삼양사거리","2006","1921","20260610",""
"20260607","우이신설선","솔샘","3443","3201","20260610",""
"20260607","우이신설선","북한산보국문","4352","3759","20260610",""
"20260607","우이신설선","정릉","3326","2820","20260610",""
"20260607","우이신설선","성신여대입구(돈암)","2735","2978","20260610",""
"20260607","우이신설선","보문","1319","1338","20260610",""
"20260607","우이신설선","신설동","1610","1571","20260610",""
"20260607","경부선","독산","6955","7039","20260610",""
"20260607","경부선","세류","2523","2344","20260610",""
"20260607","경부선","병점","10689","11340","20260610",""
"20260607","경부선","세마","2300","2062","20260610",""
"20260607","경부선","오산대","2765","2543","20260610",""
"20260607","경부선","오산","9192","9118","20260610",""
"20260607","경부선","진위","1077","1079","20260610",""
"20260607","경부선","송탄","4067","4479","20260610",""
"20260607","경부선","서정리","6352","8533","20260610",""
"20260607","경부선","평택지제","3620","3652","20260610",""
"20260607","경부선","평택","13126","13717","20260610",""
"20260607","경부선","성환","3291","4029","20260610",""
"20260607","경부선","직산","820","910","20260610",""
"20260607","경부선","두정","6529","7929","20260610",""
"20260607","경부선","천안","7232","6985","20260610",""
"20260607","경부선","당정","3529","3401","20260610",""
"20260607","경부선","서동탄","886","789","20260610",""
"20260607","경부선","광명","3132","2098","20260610",""
"20260607","경원선","이촌(국립중앙박물관)","3066","2407","20260610",""
"20260607","경원선","서빙고","2726","2809","20260610",""
"20260607","경원선","한남","1793","1853","20260610",""
"20260607","경원선","옥수","69","36","20260610",""
"20260607","경부선","수원","39200","37310","20260610",""
"20260607","경원선","응봉","1344","1210","20260610",""
"20260607","경원선","왕십리(성동구청)","11923","12742","20260610",""
"20260607","경원선","청량리(서울시립대입구)","17558","16221","20260610",""
"20260607","경원선","외대앞","7317","7347","20260610",""
"20260607","경원선","신이문","5317","5012","20260610",""
"20260607","경원선","석계","4928","5424","20260610",""
"20260607","경원선","광운대","5105","5132","20260610",""
"20260607","경원선","월계","4168","4018","20260610",""
"20260607","경원선","녹천","2939","2481","20260610",""
"20260607","경원선","창동","2","0","20260610",""
"20260607","경원선","방학","7079","6803","20260610",""
"20260607","경원선","도봉","3978","3751","20260610",""
"20260607","경원선","도봉산","8897","6192","20260610",""
"20260607","경원선","망월사","5399","5584","20260610",""
"20260607","경원선","회룡","8864","8677","20260610",""
"20260607","경원선","의정부","14830","14978","20260610",""
"20260607","경원선","가능","4362","4083","20260610",""
"20260607","경원선","녹양","2933","2852","20260610",""
"20260607","경원선","양주","5173","5209","20260610",""
"20260607","경원선","덕계","4419","4089","20260610",""
"20260607","경원선","덕정","4061","4148","20260610",""
"20260607","경원선","지행","4817","5123","20260610",""
"20260607","경원선","동두천중앙","2122","1989","20260610",""
"20260607","경원선","보산","1399","1514","20260610",""
"20260607","경원선","동두천","1091","1204","20260610",""
"20260607","경원선","소요산","2996","2923","20260610",""
"20260607","경원선","청산","130","137","20260610",""
"20260607","경원선","전곡","1298","1249","20260610",""
"20260607","경원선","연천","1296","1317","20260610",""
"20260607","경의선","서울역","1114","1070","20260610",""
"20260607","경의선","신촌","285","326","20260610",""
"20260607","경의선","효창공원앞","1706","2070","20260610",""
"20260607","경의선","공덕","2672","2050","20260610",""
"20260607","경의선","서강대","1611","1521","20260610",""
"20260607","경의선","홍대입구","2239","2534","20260610",""
"20260607","경의선","가좌","3658","3582","20260610",""
"20260607","경의선","디지털미디어시티","1675","1732","20260610",""
"20260607","경의선","수색","1468","1440","20260610",""
"20260607","경의선","한국항공대","1233","1305","20260610",""
"20260607","경의선","강매","1709","1519","20260610",""
"20260607","경의선","행신","4443","4359","20260610",""
"20260607","경의선","능곡","2926","2843","20260610",""
"20260607","경의선","곡산","388","366","20260610",""
"20260607","경의선","백마","4063","4055","20260610",""
"20260607","경의선","풍산","4462","4242","20260610",""
"20260607","경의선","일산","6065","5743","20260610",""
"20260607","경의선","탄현","4702","4361","20260610",""
"20260607","경의선","야당","5348","5216","20260610",""
"20260607","경의선","운정","5332","5230","20260610",""
"20260607","경의선","금릉","3292","3025","20260610",""
"20260607","경의선","금촌","4754","5052","20260610",""
"20260607","경의선","월롱","915","1280","20260610",""
"20260607","경의선","파주","754","752","20260610",""
"20260607","경의선","문산","4052","4292","20260610",""
"20260607","경의선","임진강","47","50","20260610",""
"20260607","경의선","검암","1","0","20260610",""
"20260607","경인선","개봉","14026","14038","20260610",""
"20260607","경인선","오류동","7771","7303","20260610",""
"20260607","경인선","역곡","14987","15267","20260610",""
"20260607","경인선","부천","24502","23925","20260610",""
"20260607","경인선","송내","13716","13560","20260610",""
"20260607","경인선","부평","23884","23720","20260610",""
"20260607","경인선","백운","4491","4297","20260610",""
"20260607","경인선","동암","10668","10443","20260610",""
"20260607","경인선","주안","12076","10602","20260610",""
"20260607","경인선","제물포","6114","6017","20260610",""
"20260607","경인선","동인천","9924","9307","20260610",""
"20260607","경인선","인천","4308","3660","20260610",""
"20260607","경인선","구일","6153","6310","20260610",""
"20260607","경인선","소사","5262","5141","20260610",""
"20260607","경인선","부개","5254","4963","20260610",""
"20260607","경인선","간석","3798","3541","20260610",""
"20260607","경인선","도원","1905","1969","20260610",""
"20260607","경인선","온수(성공회대입구)","4501","4010","20260610",""
"20260607","경인선","중동","5581","5254","20260610",""
"20260607","경인선","도화","2566","2456","20260610",""
"20260607","경춘선","신내","1604","1519","20260610",""
"20260607","경춘선","갈매","1490","1353","20260610",""
"20260607","경춘선","별내","1904","1578","20260610",""
"20260607","경춘선","퇴계원","2211","1975","20260610",""
"20260607","경춘선","사릉","1383","1323","20260610",""
"20260607","경춘선","금곡","1029","1017","20260610",""
"20260607","경춘선","평내호평","3659","3596","20260610",""
"20260607","경춘선","천마산","1198","1182","20260610",""
"20260607","경춘선","마석","2858","2723","20260610",""
"20260607","경춘선","대성리","696","439","20260610",""
"20260607","경춘선","청평","1940","1635","20260610",""
"20260607","경춘선","상천","489","409","20260610",""
"20260607","경춘선","가평","2365","1898","20260610",""
"20260607","경춘선","굴봉산","142","129","20260610",""
"20260607","경춘선","백양리","142","105","20260610",""
"20260607","경춘선","강촌","688","550","20260610",""
"20260607","경춘선","김유정","1015","913","20260610",""
"20260607","경춘선","남춘천","3465","4143","20260610",""
"20260607","경춘선","춘천","2028","1903","20260610",""
"20260607","공항철도 1호선","서울역","14407","12614","20260610",""
"20260607","공항철도 1호선","공덕","2023","2621","20260610",""
"20260607","공항철도 1호선","홍대입구","16158","13262","20260610",""
"20260607","공항철도 1호선","디지털미디어시티","6645","6397","20260610",""
"20260607","공항철도 1호선","마곡나루(서울식물원)","5287","5482","20260610",""
"20260607","공항철도 1호선","김포공항","6963","3771","20260610",""
"20260607","공항철도 1호선","계양","5650","5728","20260610",""
"20260607","공항철도 1호선","검암","3687","3666","20260610",""
"20260607","공항철도 1호선","청라국제도시","4141","4231","20260610",""
"20260607","공항철도 1호선","운서","8341","9081","20260610",""
"20260607","공항철도 1호선","공항화물청사","981","1049","20260610",""
"20260607","공항철도 1호선","인천공항1터미널","11951","13578","20260610",""
"20260607","공항철도 1호선","인천공항2터미널","10114","9590","20260610",""
"20260607","공항철도 1호선","영종","3589","3470","20260610",""
"20260607","과천선","선바위","4459","3811","20260610",""
"20260607","과천선","경마공원","14522","14641","20260610",""
"20260607","과천선","대공원","6010","6147","20260610",""
"20260607","과천선","과천","3495","3120","20260610",""
"20260607","과천선","정부과천청사","5477","5484","20260610",""
"20260607","과천선","인덕원","14822","14849","20260610",""
"20260607","과천선","평촌","7600","7321","20260610",""
"20260607","과천선","범계","16802","16330","20260610",""
"20260607","분당선","선릉","3209","4990","20260610",""
"20260607","분당선","한티","10113","9734","20260610",""
"20260607","분당선","도곡","3411","3290","20260610",""
"20260607","분당선","구룡","1735","1832","20260610",""
"20260607","분당선","개포동","2317","2383","20260610",""
"20260607","분당선","대모산입구","2911","2839","20260610",""
"20260607","분당선","수서","11354","11324","20260610",""
"20260607","분당선","복정","2","0","20260610",""
"20260607","분당선","수원","6095","5786","20260610",""
"20260607","분당선","서울숲","9768","10179","20260610",""
"20260607","분당선","압구정로데오","10182","10617","20260610",""
"20260607","분당선","강남구청","3387","4051","20260610",""
"20260607","분당선","선정릉","2626","2514","20260610",""
"20260607","분당선","가천대","4743","5278","20260610",""
"20260607","분당선","태평","8722","8341","20260610",""
"20260607","분당선","모란","11643","11994","20260610",""
"20260607","분당선","야탑","14870","15186","20260610",""
"20260607","분당선","서현","14304","14202","20260610",""
"20260607","분당선","수내","5696","5594","20260610",""
"20260607","분당선","정자","8044","8198","20260610",""
"20260607","분당선","미금","8436","8751","20260610",""
"20260607","분당선","오리","5458","5009","20260610",""
"20260607","분당선","이매","4311","4121","20260610",""
"20260607","분당선","보정","1198","1150","20260610",""
"20260607","분당선","죽전","8226","9114","20260610",""
"20260607","분당선","구성","4334","4506","20260610",""
"20260607","분당선","신갈","2353","2377","20260610",""
"20260607","분당선","기흥","5472","5137","20260610",""
"20260607","분당선","상갈","3028","3132","20260610",""
"20260607","분당선","청명","2413","2572","20260610",""
"20260607","6호선","공덕","8846","8547","20260610",""
"20260607","6호선","효창공원앞","4357","3934","20260610",""
"20260607","6호선","삼각지(전쟁기념관)","6342","5123","20260610",""
"20260607","6호선","녹사평(용산구청)","4429","4618","20260610",""
"20260607","6호선","이태원","10980","8919","20260610",""
"20260607","6호선","한강진","7520","9275","20260610",""
"20260607","6호선","버티고개","1411","1495","20260610",""
"20260607","6호선","약수","2159","2044","20260610",""
"20260607","6호선","청구","2252","2018","20260610",""
"20260607","6호선","신당","5371","5917","20260610",""
"20260607","6호선","동묘앞","10291","10377","20260610",""
"20260607","6호선","창신","1952","1657","20260610",""
"20260607","6호선","보문","5298","5115","20260610",""
"20260607","6호선","안암(고대병원앞)","5365","6077","20260610",""
"20260607","6호선","고려대(종암)","4998","4975","20260610",""
"20260607","6호선","월곡(동덕여대)","5845","6033","20260610",""
"20260607","6호선","상월곡(한국과학기술연구원)","3906","3656","20260610",""
"20260607","6호선","돌곶이","7593","7248","20260610",""
"20260607","6호선","석계","7087","7256","20260610",""
"20260607","6호선","태릉입구","3873","4187","20260610",""
"20260607","6호선","화랑대(서울여대입구)","5814","5433","20260610",""
"20260607","6호선","봉화산(서울의료원)","4389","4359","20260610",""
"20260607","7호선","장암","1870","1291","20260610",""
"20260607","7호선","도봉산","6052","8240","20260610",""
"20260607","7호선","수락산","8742","8782","20260610",""
"20260607","7호선","마들","7203","6566","20260610",""
"20260607","7호선","노원","12352","12785","20260610",""
"20260607","7호선","중계","8167","7749","20260610",""
"20260607","7호선","하계","10475","9900","20260610",""
"20260607","7호선","공릉(서울과학기술대)","7178","7286","20260610",""
"20260607","7호선","태릉입구","5673","5417","20260610",""
"20260607","7호선","먹골","6189","6201","20260610",""
"20260607","7호선","중화","6663","6444","20260610",""
"20260607","7호선","상봉","11291","10856","20260610",""
"20260607","7호선","면목","9017","8861","20260610",""
"20260607","7호선","사가정","9916","9754","20260610",""
"20260607","7호선","용마산(용마폭포공원)","3633","3936","20260610",""
"20260607","7호선","중곡","6163","5928","20260610",""
"20260607","7호선","군자(능동)","9743","7528","20260610",""
"20260607","7호선","어린이대공원(세종대)","9710","9969","20260610",""
"20260607","7호선","건대입구","9689","9838","20260610",""
"20260607","7호선","자양(뚝섬한강공원)","13683","13462","20260610",""
"20260607","7호선","청담","7454","7989","20260610",""
"20260607","7호선","강남구청","6185","6753","20260610",""
"20260607","7호선","학동","7837","8145","20260610",""
"20260607","7호선","논현","6999","7386","20260610",""
"20260607","7호선","반포","4104","4017","20260610",""
"20260607","7호선","고속터미널","15758","10228","20260610",""
"20260607","7호선","내방","6502","6684","20260610",""
"20260607","7호선","이수","9895","9733","20260610",""
"20260607","7호선","남성","6234","6324","20260610",""
"20260607","7호선","숭실대입구(살피재)","6795","7286","20260610",""
"20260607","7호선","상도","6688","6806","20260610",""
"20260607","7호선","장승배기","5246","5292","20260610",""
"20260607","7호선","신대방삼거리","8887","8872","20260610",""
"20260607","7호선","보라매","3950","4151","20260610",""
"20260607","7호선","신풍","7261","6926","20260610",""
"20260607","7호선","대림(구로구청)","9549","8924","20260610",""
"20260607","7호선","남구로","7364","7381","20260610",""
"20260607","7호선","가산디지털단지","10812","10200","20260610",""
"20260607","7호선","철산","12329","12257","20260610",""
"20260607","7호선","광명사거리","14212","14362","20260610",""
"20260607","7호선","천왕","6001","5933","20260610",""
"20260607","7호선","온수(성공회대입구)","4616","4627","20260610",""
"20260607","8호선","암사역사공원","3887","3554","20260610",""
"20260607","8호선","암사","9349","8954","20260610",""
"20260607","8호선","천호(풍납토성)","12595","14062","20260610",""
"20260607","8호선","강동구청","5624","5542","20260610",""
"20260607","8호선","몽촌토성(평화의문)","6384","7207","20260610",""
"20260607","8호선","잠실(송파구청)","14241","16044","20260610",""
"20260607","8호선","석촌","5878","7080","20260610",""
"20260607","8호선","송파","5259","5325","20260610",""
"20260607","8호선","가락시장","3798","4718","20260610",""
"20260607","8호선","문정","7178","7579","20260610",""
"20260607","8호선","장지","9685","9207","20260610",""
"20260607","8호선","복정","5744","5323","20260610",""
"20260607","8호선","산성","3426","3750","20260610",""
"20260607","8호선","남한산성입구(성남법원.검찰청)","6635","6156","20260610",""
"20260607","8호선","단대오거리","6521","6432","20260610",""
"20260607","8호선","신흥","3393","3492","20260610",""
"20260607","8호선","수진","3711","3493","20260610",""
"20260607","8호선","모란","3099","2589","20260610",""
"20260607","8호선","남위례","4128","4061","20260610",""
"20260607","9호선","개화","1198","1122","20260610",""
"20260607","9호선","김포공항","5133","9326","20260610",""
"20260607","9호선","공항시장","1819","2059","20260610",""
"20260607","9호선","신방화","3953","4053","20260610",""
"20260607","9호선","마곡나루(서울식물원)","8207","8093","20260610",""
"20260607","9호선","양천향교","4745","4931","20260610",""
"20260607","9호선","가양","13560","13037","20260610",""
"20260607","9호선","증미","3455","3293","20260610",""
"20260607","9호선","등촌","6616","6636","20260610",""
"20260607","9호선","염창","10720","10488","20260610",""
"20260607","9호선","신목동","2599","2364","20260610",""
"20260607","9호선","선유도","3819","3668","20260610",""
"20260607","9호선","당산","11530","11208","20260610",""
"20260607","9호선","국회의사당","6788","6511","20260610",""
"20260607","9호선","여의도","11182","10309","20260610",""
"20260607","9호선","샛강","2720","2632","20260610",""
"20260607","9호선","노량진","17459","18023","20260610",""
"20260607","9호선","노들","3306","2878","20260610",""
"20260607","9호선","흑석(중앙대입구)","4647","4808","20260610",""
"20260607","9호선","동작(현충원)","2370","2270","20260610",""
"20260607","9호선","구반포","629","587","20260610",""
"20260607","9호선","신반포","2964","3143","20260610",""
"20260607","9호선","고속터미널","15738","21674","20260610",""
"20260607","9호선","사평","2114","2169","20260610",""
"20260607","9호선","신논현","18372","18650","20260610",""
"20260607","9호선2~3단계","언주","4516","4550","20260610",""
"20260607","9호선2~3단계","선정릉","4376","5029","20260610",""
"20260607","9호선2~3단계","삼성중앙","2739","2747","20260610",""
"20260607","9호선2~3단계","봉은사","14350","15583","20260610",""
"20260607","9호선2~3단계","종합운동장","5478","4780","20260610",""
"20260607","9호선2~3단계","삼전","4909","4910","20260610",""
"20260607","9호선2~3단계","석촌고분","4332","4376","20260610",""
"20260607","9호선2~3단계","석촌","7074","6542","20260610",""
"20260607","9호선2~3단계","송파나루","3931","4334","20260610",""
"20260607","9호선2~3단계","한성백제","3038","2391","20260610",""
"20260607","9호선2~3단계","올림픽공원(한국체대)","32892","33636","20260610",""
"20260607","9호선2~3단계","둔촌오륜","2532","2590","20260610",""
"20260607","9호선2~3단계","중앙보훈병원","5473","5088","20260610",""
"20260607","경강선","판교","3639","3113","20260610",""
"20260607","경강선","이매","777","623","20260610",""
"20260607","경강선","삼동","1265","1261","20260610",""
"20260607","경강선","경기광주","4576","4568","20260610",""
"20260607","경강선","초월","2187","2106","20260610",""
"20260607","경강선","곤지암","1564","1911","20260610",""
"20260607","경강선","신둔도예촌","1082","1034","20260610",""
"20260607","경강선","이천","2561","2829","20260610",""
"20260607","경강선","부발","1783","2358","20260610",""
"20260607","경강선","세종대왕릉","390","351","20260610",""
"20260607","경강선","여주","3016","2954","20260610",""
"20260607","경강선","성남","857","730","20260610",""
"20260607","경부선","서울역","12001","2955","20260610",""
"20260607","경부선","남영","6577","6860","20260610",""
"20260607","경부선","용산","48350","45010","20260610",""
"20260607","경부선","노량진","7002","6727","20260610",""
"20260607","경부선","대방","5744","6688","20260610",""
"20260607","경부선","영등포","36486","35149","20260610",""
"20260607","경부선","신도림","2593","3054","20260610",""
"20260607","경부선","신길","5240","4957","20260610",""
"20260607","경부선","구로","11083","11220","20260610",""
"20260607","경부선","가산디지털단지","5076","6619","20260610",""
"20260607","경부선","석수","5173","4905","20260610",""
"20260607","경부선","금천구청","6488","6399","20260610",""
"20260607","경부선","관악","5494","5046","20260610",""
"20260607","경부선","안양","14340","14250","20260610",""
"20260607","경부선","명학","3491","3411","20260610",""
"20260607","경부선","금정","16986","17083","20260610",""
"20260607","경부선","군포","2984","2786","20260610",""
"20260607","경부선","의왕","4492","4595","20260610",""
"20260607","경부선","성균관대","9208","9441","20260610",""
"20260607","경부선","화서","7844","7696","20260610",""
"20260607","1호선","서울역","55081","55416","20260610",""
"20260607","1호선","시청","14818","15136","20260610",""
"20260607","1호선","종각","16953","15949","20260610",""
"20260607","1호선","종로3가","17188","14729","20260610",""
"20260607","1호선","종로5가","12763","12506","20260610",""
"20260607","1호선","동대문","14691","14909","20260610",""
"20260607","1호선","신설동","10403","9694","20260610",""
"20260607","1호선","제기동","11016","11631","20260610",""
"20260607","1호선","청량리(서울시립대입구)","18011","17845","20260610",""
"20260607","1호선","동묘앞","14463","15070","20260610",""
"20260607","2호선","시청","10979","9682","20260610",""
"20260607","2호선","을지로입구","30853","29828","20260610",""
"20260607","2호선","을지로3가","14433","14068","20260610",""
"20260607","2호선","을지로4가","7436","6928","20260610",""
"20260607","2호선","동대문역사문화공원(DDP)","12718","15335","20260610",""
"20260607","2호선","신당","10492","10936","20260610",""
"20260607","2호선","상왕십리","8755","8450","20260610",""
"20260607","2호선","왕십리(성동구청)","10232","9754","20260610",""
"20260607","2호선","한양대","3802","4433","20260610",""
"20260607","2호선","뚝섬","17186","17364","20260610",""
"20260607","2호선","성수","39209","41623","20260610",""
"20260607","2호선","건대입구","28895","29654","20260610",""
"20260607","2호선","구의(광진구청)","16633","16362","20260610",""
"20260607","2호선","강변(동서울터미널)","21580","20638","20260610",""
"20260607","2호선","잠실나루","6901","7184","20260610",""
"20260607","2호선","잠실(송파구청)","56943","53309","20260610",""
"20260607","2호선","잠실새내","14354","14586","20260610",""
"20260607","2호선","종합운동장","20532","22756","20260610",""
"20260607","2호선","삼성(무역센터)","28974","25031","20260610",""
"20260607","2호선","선릉","17063","14285","20260610",""
"20260607","2호선","역삼","13242","14490","20260610",""
"20260607","2호선","강남","35572","34166","20260610",""
"20260607","2호선","교대(법원.검찰청)","10830","13292","20260610",""
"20260607","2호선","서초","16067","15175","20260610",""
"20260607","2호선","방배","7581","7832","20260610",""
"20260607","2호선","사당","27329","29258","20260610",""
"20260607","2호선","낙성대(강감찬)","17905","18342","20260610",""
"20260607","2호선","서울대입구(관악구청)","27582","27988","20260610",""
"20260607","2호선","봉천","14479","13976","20260610",""
"20260607","2호선","신림","37350","37059","20260610",""
"20260607","2호선","신대방","17061","16517","20260610",""
"20260607","2호선","구로디지털단지","28362","27234","20260610",""
"20260607","2호선","대림(구로구청)","17795","18277","20260610",""
"20260607","2호선","신도림","30530","29979","20260610",""
"20260607","2호선","문래","9648","10254","20260610",""
"20260607","2호선","영등포구청","10633","11166","20260610",""
"20260607","2호선","당산","10482","11045","20260610",""
"20260607","2호선","합정","23936","24864","20260610",""
"20260607","2호선","홍대입구","64382","65462","20260610",""
"20260607","2호선","신촌","25748","25557","20260610",""
"20260607","2호선","이대","10077","10853","20260610",""
"20260607","2호선","아현","6355","6113","20260610",""
"20260607","2호선","충정로(경기대입구)","4434","4829","20260610",""
"20260607","2호선","용답","2134","2194","20260610",""
"20260607","2호선","신답","949","1038","20260610",""
"20260607","2호선","신설동","3768","3651","20260610",""
"20260607","2호선","도림천","673","721","20260610",""
"20260607","2호선","양천구청","3830","3752","20260610",""
"20260607","2호선","신정네거리","5660","5808","20260610",""
"20260607","2호선","용두(동대문구청)","1372","1264","20260610",""
"20260607","3호선","지축","4615","4595","20260610",""
"20260607","3호선","구파발","14034","14579","20260610",""
"20260607","3호선","연신내","24837","23074","20260610",""
"20260607","3호선","불광","10970","12037","20260610",""
"20260607","3호선","녹번","8230","7475","20260610",""
"20260607","3호선","홍제","11594","10762","20260610",""
"20260607","3호선","무악재","2327","2387","20260610",""
"20260607","3호선","독립문","5679","6066","20260610",""
"20260607","3호선","경복궁(정부서울청사)","17072","18071","20260610",""
"20260607","3호선","안국","16049","17856","20260610",""
"20260607","3호선","종로3가","6367","7449","20260610",""
"20260607","3호선","을지로3가","7072","6122","20260610",""
"20260607","3호선","충무로","2","0","20260610",""
"20260607","3호선","동대입구","7185","8005","20260610",""
"20260607","3호선","약수","7847","7677","20260610",""
"20260607","3호선","금호","4841","4602","20260610",""
"20260607","3호선","옥수","6175","6360","20260610",""
"20260607","3호선","압구정","16770","17351","20260610",""
"20260607","3호선","신사","12239","12385","20260610",""
"20260607","3호선","잠원","4029","4048","20260610",""
"20260607","3호선","고속터미널","50369","45931","20260610",""
"20260607","3호선","교대(법원.검찰청)","6361","3206","20260610",""
"20260607","3호선","남부터미널(예술의전당)","16868","17334","20260610",""
"20260607","3호선","양재(서초구청)","16055","17606","20260610",""
"20260607","3호선","매봉","5088","5104","20260610",""
"20260607","3호선","도곡","2754","2684","20260610",""
"20260607","3호선","대치","7424","6412","20260610",""
"20260607","3호선","학여울","1730","1818","20260610",""
"20260607","3호선","대청","5150","5151","20260610",""
"20260607","3호선","일원","4862","5100","20260610",""
"20260607","3호선","수서","12589","12132","20260610",""
"20260607","3호선","가락시장","4649","4810","20260610",""
"20260607","3호선","경찰병원","3558","3526","20260610",""
"20260607","3호선","오금","3187","3212","20260610",""
"20260607","4호선","불암산","6538","6102","20260610",""
"20260607","4호선","상계","12307","11495","20260610",""
"20260607","4호선","노원","14191","15526","20260610",""
"20260607","4호선","창동","18758","19350","20260610",""
"20260607","4호선","쌍문","18320","16749","20260610",""
"20260607","4호선","수유(강북구청)","23229","22528","20260610",""
"20260607","4호선","미아(서울사이버대학)","10045","9401","20260610",""
"20260607","4호선","미아사거리","17495","16782","20260610",""
"20260607","4호선","길음","12884","12620","20260610",""
"20260607","4호선","성신여대입구(돈암)","16429","15076","20260610",""
"20260607","4호선","한성대입구(삼선교)","16253","17966","20260610",""
"20260607","4호선","혜화","28391","29311","20260610",""
"20260607","4호선","동대문","11180","11478","20260610",""
"20260607","4호선","동대문역사문화공원(DDP)","17165","14993","20260610",""
"20260607","4호선","충무로","15392","15631","20260610",""
"20260607","4호선","명동","31598","33835","20260610",""
"20260607","4호선","회현(남대문시장)","13033","13541","20260610",""
"20260607","4호선","서울역","7033","15609","20260610",""
"20260607","4호선","숙대입구(갈월)","10746","10433","20260610",""
"20260607","4호선","삼각지(전쟁기념관)","4735","6226","20260610",""
"20260607","4호선","신용산","15308","16458","20260610",""
"20260607","4호선","이촌(국립중앙박물관)","8986","9245","20260610",""
"20260607","4호선","동작(현충원)","1953","2135","20260610",""
"20260607","4호선","총신대입구(이수)","12160","13114","20260610",""
"20260607","4호선","사당","17786","16419","20260610",""
"20260607","4호선","남태령","846","585","20260610",""
"20260607","5호선","방화","4306","4307","20260610",""
"20260607","5호선","개화산","3317","3343","20260610",""
"20260607","5호선","김포공항","10921","6450","20260610",""
"20260607","5호선","송정","4218","4103","20260610",""
"20260607","5호선","마곡","7867","7841","20260610",""
"20260607","5호선","발산","11493","12089","20260610",""
"20260607","5호선","우장산","8194","8435","20260610",""
"20260607","5호선","화곡","16357","15531","20260610",""
"20260607","5호선","까치산","17256","16620","20260610",""
"20260607","5호선","신정(은행정)","7144","6373","20260610",""
"20260607","5호선","목동","9225","9662","20260610",""
"20260607","5호선","오목교(목동운동장앞)","13418","13622","20260610",""
"20260607","5호선","양평","3502","3507","20260610",""
"20260607","5호선","영등포구청","2243","2045","20260610",""
"20260607","5호선","영등포시장","6909","6974","20260610",""
"20260607","5호선","신길","3010","3013","20260610",""
"20260607","5호선","여의도","9044","10003","20260610",""
"20260607","5호선","여의나루","11591","12288","20260610",""
"20260607","5호선","마포","6315","6153","20260610",""
"20260607","5호선","공덕","6096","6103","20260610",""
"20260607","5호선","애오개","3303","3387","20260610",""
"20260607","5호선","충정로(경기대입구)","1968","1889","20260610",""
"20260607","5호선","서대문","6470","6210","20260610",""
"20260607","5호선","광화문(세종문화회관)","16806","17460","20260610",""
"20260607","5호선","종로3가","11955","11202","20260610",""
"20260607","5호선","을지로4가","2950","2900","20260610",""
"20260607","5호선","동대문역사문화공원(DDP)","1377","1564","20260610",""
"20260607","5호선","청구","1932","1828","20260610",""
"20260607","5호선","신금호","3326","3749","20260610",""
"20260607","5호선","행당","4493","3997","20260610",""
"20260607","5호선","왕십리(성동구청)","3035","3593","20260610",""
"20260607","5호선","마장","3377","3178","20260610",""
"20260607","5호선","답십리","8770","8158","20260610",""
"20260607","5호선","장한평","10443","10169","20260610",""
"20260607","5호선","군자(능동)","8078","9279","20260610",""
"20260607","5호선","아차산(어린이대공원후문)","11565","11336","20260610",""
"20260607","5호선","광나루(장신대)","8126","7970","20260610",""
"20260607","5호선","천호(풍납토성)","16301","15447","20260610",""
"20260607","5호선","강동","10299","10454","20260610",""
"20260607","5호선","길동","5583","5804","20260610",""
"20260607","5호선","굽은다리(강동구민회관앞)","6381","6260","20260610",""
"20260607","5호선","명일","5395","5420","20260610",""
"20260607","5호선","고덕","5134","5208","20260610",""
"20260607","5호선","상일동","7263","7234","20260610",""
"20260607","5호선","둔촌동","8637","8402","20260610",""
"20260607","5호선","올림픽공원(한국체대)","13359","12869","20260610",""
"20260607","5호선","방이","5621","5051","20260610",""
"20260607","5호선","오금","1893","1850","20260610",""
"20260607","5호선","거여","5500","5599","20260610",""
"20260607","5호선","마천","4133","4285","20260610",""
"20260607","5호선","강일","3589","3379","20260610",""
"20260607","5호선","미사","11279","11498","20260610",""
"20260607","5호선","하남풍산","3502","3416","20260610",""
"20260607","5호선","하남시청(덕풍·신장)","5711","5361","20260610",""
"20260607","5호선","하남검단산","5308","5054","20260610",""
"20260607","6호선","응암","10838","10827","20260610",""
"20260607","6호선","역촌","2418","2687","20260610",""
"20260607","6호선","불광","3337","2917","20260610",""
"20260607","6호선","독바위","1509","1914","20260610",""
"20260607","6호선","연신내","2","0","20260610",""
"20260607","6호선","구산","4570","3570","20260610",""
"20260607","6호선","새절(신사)","7333","7272","20260610",""
"20260607","6호선","증산(명지대앞)","5797","5743","20260610",""
"20260607","6호선","디지털미디어시티","8496","8317","20260610",""
"20260607","6호선","월드컵경기장(성산)","5797","5857","20260610",""
"20260607","6호선","마포구청","8593","7742","20260610",""
"20260607","6호선","망원","13024","13724","20260610",""
"20260607","6호선","합정","10453","9691","20260610",""
"20260607","6호선","상수","7937","8515","20260610",""
"20260607","6호선","광흥창(서강)","5093","4892","20260610",""
"20260607","6호선","대흥(서강대앞)","5438","5570","20260610",""
"20260608","2호선","뚝섬","26575","28301","20260611",""
"20260608","6호선","약수","4192","4063","20260611",""
"20260608","장항선","탕정","2849","2302","20260611",""
"20260608","장항선","배방","1479","1392","20260611",""
"20260608","장항선","온양온천","4933","5044","20260611",""
"20260608","장항선","신창(순천향대)","2928","3319","20260611",""
"20260608","중앙선","회기","31160","30530","20260611",""
"20260608","중앙선","중랑","6037","5673","20260611",""
"20260608","중앙선","상봉","6460","6462","20260611",""
"20260608","중앙선","망우","8322","8025","20260611",""
"20260608","중앙선","양원","3802","3679","20260611",""
"20260608","중앙선","구리","7708","8205","20260611",""
"20260608","중앙선","도농","10772","10024","20260611",""
"20260608","중앙선","양정","595","475","20260611",""
"20260608","중앙선","덕소","6098","6094","20260611",""
"20260608","중앙선","도심","3353","2594","20260611",""
"20260608","중앙선","팔당","739","793","20260611",""
"20260608","중앙선","운길산","914","897","20260611",""
"20260608","중앙선","양수","1996","1980","20260611",""
"20260608","중앙선","신원","184","176","20260611",""
"20260608","중앙선","국수","796","741","20260611",""
"20260608","중앙선","아신","618","629","20260611",""
"20260608","중앙선","오빈","330","362","20260611",""
"20260608","중앙선","양평","4380","4365","20260611",""
"20260608","중앙선","원덕","383","346","20260611",""
"20260608","중앙선","용문","2007","2006","20260611",""
"20260608","중앙선","지평","76","73","20260611",""
"20260608","일산선","마두","9118","9055","20260611",""
"20260608","일산선","정발산","6874","6894","20260611",""
"20260608","일산선","주엽","10396","10173","20260611",""
"20260608","일산선","대화","12157","9558","20260611",""
"20260608","장항선","봉명","1658","1686","20260611",""
"20260608","장항선","쌍용(나사렛대)","3751","3771","20260611",""
"20260608","장항선","아산","5019","4591","20260611",""
"20260608","1호선","서울역","82014","78634","20260611",""
"20260608","1호선","시청","29026","28950","20260611",""
"20260608","1호선","종각","43940","43536","20260611",""
"20260608","1호선","종로3가","25805","22795","20260611",""
"20260608","1호선","종로5가","25834","25514","20260611",""
"20260608","1호선","동대문","13630","13123","20260611",""
"20260608","1호선","신설동","16112","15472","20260611",""
"20260608","1호선","제기동","17103","17503","20260611",""
"20260608","1호선","청량리(서울시립대입구)","24699","24209","20260611",""
"20260608","1호선","동묘앞","9240","9742","20260611",""
"20260608","2호선","시청","29782","28287","20260611",""
"20260608","2호선","을지로입구","52319","54508","20260611",""
"20260608","2호선","을지로3가","27823","27874","20260611",""
"20260608","2호선","을지로4가","16758","16222","20260611",""
"20260608","2호선","동대문역사문화공원(DDP)","15609","17809","20260611",""
"20260608","2호선","신당","16178","16608","20260611",""
"20260608","2호선","상왕십리","15864","15732","20260611",""
"20260608","2호선","왕십리(성동구청)","17241","14961","20260611",""
"20260608","2호선","한양대","18121","20326","20260611",""
"20260608","2호선","성수","55444","59466","20260611",""
"20260608","2호선","건대입구","37421","38636","20260611",""
"20260608","2호선","구의(광진구청)","31576","30957","20260611",""
"20260608","2호선","강변(동서울터미널)","28447","25149","20260611",""
"20260608","2호선","잠실나루","19140","18799","20260611",""
"20260608","2호선","잠실(송파구청)","73791","72586","20260611",""
"20260608","2호선","잠실새내","25597","24394","20260611",""
"20260608","2호선","종합운동장","9581","10445","20260611",""
"20260608","2호선","삼성(무역센터)","53935","51384","20260611",""
"20260608","2호선","선릉","65209","57989","20260611",""
"20260608","2호선","역삼","57269","64754","20260611",""
"20260608","2호선","강남","87225","85759","20260611",""
"20260608","2호선","교대(법원.검찰청)","35197","41742","20260611",""
"20260608","2호선","서초","23887","23629","20260611",""
"20260608","2호선","방배","21091","21905","20260611",""
"20260608","2호선","사당","42969","46794","20260611",""
"20260608","2호선","낙성대(강감찬)","30006","30096","20260611",""
"20260608","2호선","서울대입구(관악구청)","51345","49738","20260611",""
"20260608","2호선","봉천","27280","25738","20260611",""
"20260608","2호선","신림","58447","57844","20260611",""
"20260608","2호선","신대방","26890","25982","20260611",""
"20260608","2호선","구로디지털단지","64455","63799","20260611",""
"20260608","2호선","대림(구로구청)","27266","27935","20260611",""
"20260608","2호선","신도림","51632","48589","20260611",""
"20260608","2호선","문래","26008","26235","20260611",""
"20260608","2호선","영등포구청","26104","27006","20260611",""
"20260608","2호선","당산","21436","24306","20260611",""
"20260608","2호선","합정","30717","32476","20260611",""
"20260608","2호선","홍대입구","64686","67605","20260611",""
"20260608","2호선","신촌","40608","41061","20260611",""
"20260608","2호선","이대","20381","22280","20260611",""
"20260608","2호선","아현","12240","11725","20260611",""
"20260608","2호선","충정로(경기대입구)","11610","12122","20260611",""
"20260608","2호선","신답","1963","2167","20260611",""
"20260608","2호선","신설동","3978","3929","20260611",""
"20260608","2호선","도림천","1448","1512","20260611",""
"20260608","2호선","양천구청","7611","8047","20260611",""
"20260608","2호선","신정네거리","10960","11381","20260611",""
"20260608","2호선","용두(동대문구청)","2500","2519","20260611",""
"20260608","3호선","지축","8667","8976","20260611",""
"20260608","3호선","구파발","24096","22958","20260611",""
"20260608","3호선","연신내","40390","38417","20260611",""
"20260608","3호선","불광","17804","19222","20260611",""
"20260608","3호선","녹번","17413","16200","20260611",""
"20260608","3호선","홍제","20452","19582","20260611",""
"20260608","3호선","무악재","4856","4871","20260611",""
"20260608","3호선","독립문","8460","8703","20260611",""
"20260608","3호선","경복궁(정부서울청사)","28225","27891","20260611",""
"20260608","3호선","안국","27601","28132","20260611",""
"20260608","3호선","종로3가","12246","13748","20260611",""
"20260608","3호선","을지로3가","13886","13161","20260611",""
"20260608","3호선","충무로","6","0","20260611",""
"20260608","3호선","동대입구","12312","13870","20260611",""
"20260608","3호선","약수","14001","13712","20260611",""
"20260608","3호선","금호","8826","8337","20260611",""
"20260608","3호선","옥수","10190","10516","20260611",""
"20260608","3호선","압구정","32565","34733","20260611",""
"20260608","3호선","신사","28115","29553","20260611",""
"20260608","3호선","잠원","8336","8049","20260611",""
"20260608","3호선","고속터미널","46009","42974","20260611",""
"20260608","3호선","교대(법원.검찰청)","19448","11445","20260611",""
"20260608","3호선","남부터미널(예술의전당)","33009","33410","20260611",""
"20260608","3호선","양재(서초구청)","42120","44664","20260611",""
"20260608","3호선","매봉","15571","14918","20260611",""
"20260608","3호선","도곡","7464","7121","20260611",""
"20260608","3호선","대치","13902","14013","20260611",""
"20260608","3호선","학여울","2282","2259","20260611",""
"20260608","3호선","대청","12372","11575","20260611",""
"20260608","3호선","일원","13755","13673","20260611",""
"20260608","3호선","수서","20263","20453","20260611",""
"20260608","3호선","가락시장","10237","9874","20260611",""
"20260608","3호선","경찰병원","9034","9103","20260611",""
"20260608","3호선","오금","7407","6640","20260611",""
"20260608","4호선","불암산","10825","9126","20260611",""
"20260608","4호선","상계","21762","20619","20260611",""
"20260608","4호선","노원","22129","24896","20260611",""
"20260608","4호선","창동","29691","31030","20260611",""
"20260608","4호선","쌍문","32127","30152","20260611",""
"20260608","4호선","수유(강북구청)","37012","37511","20260611",""
"20260608","4호선","미아(서울사이버대학)","18231","17988","20260611",""
"20260608","4호선","미아사거리","27652","27214","20260611",""
"20260608","4호선","길음","24601","25146","20260611",""
"20260608","4호선","성신여대입구(돈암)","25529","25304","20260611",""
"20260608","4호선","한성대입구(삼선교)","17250","16615","20260611",""
"20260608","4호선","혜화","35540","35277","20260611",""
"20260608","4호선","동대문","22102","22138","20260611",""
"20260608","4호선","동대문역사문화공원(DDP)","21398","19045","20260611",""
"20260608","4호선","충무로","37392","37906","20260611",""
"20260608","4호선","명동","39567","40530","20260611",""
"20260608","4호선","회현(남대문시장)","32243","33638","20260611",""
"20260608","4호선","서울역","15273","22684","20260611",""
"20260608","4호선","숙대입구(갈월)","18268","17945","20260611",""
"20260608","4호선","삼각지(전쟁기념관)","5930","6851","20260611",""
"20260608","4호선","신용산","22406","24140","20260611",""
"20260608","4호선","이촌(국립중앙박물관)","9883","10829","20260611",""
"20260608","4호선","동작(현충원)","2170","2284","20260611",""
"20260608","4호선","총신대입구(이수)","21594","23187","20260611",""
"20260608","4호선","사당","26814","23322","20260611",""
"20260608","4호선","남태령","1622","1472","20260611",""
"20260608","5호선","방화","7803","7619","20260611",""
"20260608","5호선","개화산","6872","6622","20260611",""
"20260608","5호선","김포공항","13144","7925","20260611",""
"20260608","5호선","송정","6876","6650","20260611",""
"20260608","5호선","마곡","18741","18613","20260611",""
"20260608","5호선","발산","27042","27466","20260611",""
"20260608","5호선","우장산","17327","17200","20260611",""
"20260608","5호선","화곡","32194","30090","20260611",""
"20260608","5호선","까치산","30539","29703","20260611",""
"20260608","5호선","신정(은행정)","15071","12299","20260611",""
"20260608","5호선","목동","18262","20619","20260611",""
"20260608","5호선","오목교(목동운동장앞)","22880","24461","20260611",""
"20260608","5호선","양평","9801","9697","20260611",""
"20260608","5호선","영등포구청","5883","5820","20260611",""
"20260608","5호선","영등포시장","12444","12017","20260611",""
"20260608","5호선","신길","5639","5824","20260611",""
"20260608","5호선","여의도","32536","34872","20260611",""
"20260608","5호선","여의나루","14820","15870","20260611",""
"20260608","5호선","마포","16844","17153","20260611",""
"20260608","5호선","공덕","16450","17163","20260611",""
"20260608","5호선","애오개","7532","7296","20260611",""
"20260608","5호선","충정로(경기대입구)","5893","6166","20260611",""
"20260608","5호선","서대문","22242","22403","20260611",""
"20260608","5호선","광화문(세종문화회관)","37775","39237","20260611",""
"20260608","5호선","종로3가","15037","14900","20260611",""
"20260608","5호선","을지로4가","7969","7552","20260611",""
"20260608","5호선","동대문역사문화공원(DDP)","4008","4286","20260611",""
"20260608","5호선","청구","3967","3708","20260611",""
"20260608","5호선","신금호","7195","7755","20260611",""
"20260608","5호선","행당","8997","8061","20260611",""
"20260608","5호선","왕십리(성동구청)","5103","5587","20260611",""
"20260608","5호선","마장","6948","6617","20260611",""
"20260608","5호선","답십리","18144","16574","20260611",""
"20260608","5호선","장한평","22275","22025","20260611",""
"20260608","5호선","군자(능동)","13102","14355","20260611",""
"20260608","5호선","아차산(어린이대공원후문)","16074","15809","20260611",""
"20260608","5호선","광나루(장신대)","12257","11757","20260611",""
"20260608","5호선","천호(풍납토성)","22840","22342","20260611",""
"20260608","5호선","강동","21127","20425","20260611",""
"20260608","5호선","길동","10191","10548","20260611",""
"20260608","5호선","굽은다리(강동구민회관앞)","10601","9992","20260611",""
"20260608","5호선","명일","9093","9108","20260611",""
"20260608","5호선","고덕","11871","11603","20260611",""
"20260608","5호선","상일동","16631","15979","20260611",""
"20260608","5호선","둔촌동","15063","14865","20260611",""
"20260608","5호선","올림픽공원(한국체대)","7619","7279","20260611",""
"20260608","5호선","방이","8208","8477","20260611",""
"20260608","5호선","오금","4418","4511","20260611",""
"20260608","5호선","개롱","7257","7634","20260611",""
"20260608","5호선","거여","11635","11723","20260611",""
"20260608","5호선","마천","8387","7270","20260611",""
"20260608","5호선","강일","6958","6544","20260611",""
"20260608","5호선","하남풍산","5313","5224","20260611",""
"20260608","5호선","하남시청(덕풍·신장)","9837","9346","20260611",""
"20260608","5호선","하남검단산","7070","6714","20260611",""
"20260608","6호선","응암","20023","20105","20260611",""
"20260608","6호선","역촌","4292","5134","20260611",""
"20260608","6호선","불광","5003","4683","20260611",""
"20260608","6호선","독바위","2872","3070","20260611",""
"20260608","6호선","연신내","4","0","20260611",""
"20260608","6호선","구산","9067","7236","20260611",""
"20260608","6호선","새절(신사)","14632","13814","20260611",""
"20260608","6호선","증산(명지대앞)","10297","10267","20260611",""
"20260608","6호선","디지털미디어시티","16930","18033","20260611",""
"20260608","6호선","월드컵경기장(성산)","4230","4213","20260611",""
"20260608","6호선","마포구청","16247","15033","20260611",""
"20260608","6호선","망원","15876","16750","20260611",""
"20260608","6호선","합정","13111","13244","20260611",""
"20260608","6호선","상수","11004","11741","20260611",""
"20260608","6호선","광흥창(서강)","11212","10560","20260611",""
"20260608","6호선","대흥(서강대앞)","11754","12313","20260611",""
"20260608","6호선","공덕","21540","21413","20260611",""
"20260608","6호선","효창공원앞","8988","8374","20260611",""
"20260608","6호선","삼각지(전쟁기념관)","7517","6771","20260611",""
"20260608","6호선","녹사평(용산구청)","5308","5282","20260611",""
"20260608","6호선","이태원","10816","11314","20260611",""
"20260608","6호선","한강진","8870","10818","20260611",""
"20260608","6호선","버티고개","2565","2458","20260611",""
"20260608","6호선","청구","4264","4155","20260611",""
"20260608","6호선","신당","9134","9417","20260611",""
"20260608","6호선","동묘앞","10298","11113","20260611",""
"20260608","6호선","창신","4453","3757","20260611",""
"20260608","6호선","보문","9115","8753","20260611",""
"20260608","6호선","안암(고대병원앞)","18592","18892","20260611",""
"20260608","6호선","고려대(종암)","10935","10915","20260611",""
"20260608","6호선","월곡(동덕여대)","14623","14157","20260611",""
"20260608","6호선","상월곡(한국과학기술연구원)","7946","7582","20260611",""
"20260608","6호선","돌곶이","14537","13922","20260611",""
"20260608","6호선","석계","13994","14619","20260611",""
"20260608","6호선","태릉입구","6375","7513","20260611",""
"20260608","6호선","화랑대(서울여대입구)","14157","11868","20260611",""
"20260608","6호선","봉화산(서울의료원)","9832","9102","20260611",""
"20260608","6호선","신내","1","0","20260611",""
"20260608","7호선","장암","3145","1113","20260611",""
"20260608","7호선","도봉산","10406","11528","20260611",""
"20260608","7호선","수락산","13821","13948","20260611",""
"20260608","7호선","마들","15085","14255","20260611",""
"20260608","7호선","노원","21256","22522","20260611",""
"20260608","7호선","중계","16948","15957","20260611",""
"20260608","7호선","하계","20407","19279","20260611",""
"20260608","7호선","공릉(서울과학기술대)","14065","14142","20260611",""
"20260608","7호선","태릉입구","9907","9795","20260611",""
"20260608","7호선","먹골","11318","11381","20260611",""
"20260608","7호선","중화","12426","12641","20260611",""
"20260608","7호선","상봉","19956","19221","20260611",""
"20260608","7호선","면목","17127","16583","20260611",""
"20260608","7호선","사가정","17717","18378","20260611",""
"20260608","7호선","용마산(용마폭포공원)","6483","6376","20260611",""
"20260608","7호선","중곡","12290","11592","20260611",""
"20260608","7호선","군자(능동)","16939","13710","20260611",""
"20260608","7호선","어린이대공원(세종대)","21054","22021","20260611",""
"20260608","7호선","건대입구","15511","15669","20260611",""
"20260608","7호선","자양(뚝섬한강공원)","10390","10120","20260611",""
"20260608","7호선","청담","21335","22850","20260611",""
"20260608","7호선","강남구청","17739","19610","20260611",""
"20260608","7호선","학동","26420","26934","20260611",""
"20260608","7호선","논현","21815","22120","20260611",""
"20260608","7호선","반포","7506","7252","20260611",""
"20260608","7호선","고속터미널","18197","16006","20260611",""
"20260608","7호선","내방","17463","17394","20260611",""
"20260608","7호선","이수","18770","18559","20260611",""
"20260608","7호선","남성","12882","12705","20260611",""
"20260608","7호선","숭실대입구(살피재)","17771","17973","20260611",""
"20260608","7호선","상도","14502","14749","20260611",""
"20260608","7호선","장승배기","10901","10925","20260611",""
"20260608","7호선","신대방삼거리","16873","16385","20260611",""
"20260608","7호선","보라매","7238","7660","20260611",""
"20260608","7호선","신풍","13362","12692","20260611",""
"20260608","7호선","대림(구로구청)","9798","9745","20260611",""
"20260608","7호선","남구로","17733","18473","20260611",""
"20260608","7호선","가산디지털단지","51700","52414","20260611",""
"20260608","7호선","철산","25621","26122","20260611",""
"20260608","7호선","광명사거리","25074","24694","20260611",""
"20260608","7호선","천왕","13844","13697","20260611",""
"20260608","7호선","온수(성공회대입구)","12171","11182","20260611",""
"20260608","8호선","암사역사공원","8384","7344","20260611",""
"20260608","8호선","암사","17927","16647","20260611",""
"20260608","8호선","천호(풍납토성)","19883","22285","20260611",""
"20260608","8호선","강동구청","11971","12306","20260611",""
"20260608","8호선","몽촌토성(평화의문)","9277","9539","20260611",""
"20260608","8호선","잠실(송파구청)","18215","20573","20260611",""
"20260608","8호선","석촌","9435","10436","20260611",""
"20260608","8호선","송파","11121","11002","20260611",""
"20260608","8호선","가락시장","9330","10266","20260611",""
"20260608","8호선","문정","26852","28570","20260611",""
"20260608","8호선","장지","18714","17499","20260611",""
"20260608","8호선","복정","11474","9976","20260611",""
"20260608","8호선","산성","7018","7305","20260611",""
"20260608","8호선","남한산성입구(성남법원.검찰청)","15310","14369","20260611",""
"20260608","8호선","단대오거리","13886","13349","20260611",""
"20260608","8호선","신흥","5922","6031","20260611",""
"20260608","8호선","수진","6257","5813","20260611",""
"20260608","8호선","모란","5341","4235","20260611",""
"20260608","8호선","남위례","9059","9198","20260611",""
"20260608","9호선","개화","2944","1942","20260611",""
"20260608","9호선","김포공항","5327","9302","20260611",""
"20260608","9호선","공항시장","3022","3207","20260611",""
"20260608","9호선","신방화","7750","7588","20260611",""
"20260608","9호선","마곡나루(서울식물원)","17204","16781","20260611",""
"20260608","9호선","양천향교","12558","13102","20260611",""
"20260608","9호선","가양","24731","24258","20260611",""
"20260608","9호선","증미","9395","9269","20260611",""
"20260608","9호선","등촌","14384","13895","20260611",""
"20260608","9호선","염창","20326","19421","20260611",""
"20260608","9호선","신목동","5453","4998","20260611",""
"20260608","9호선","선유도","10750","9879","20260611",""
"20260608","9호선","당산","21224","20974","20260611",""
"20260608","9호선","국회의사당","19721","20315","20260611",""
"20260608","9호선","여의도","34523","33756","20260611",""
"20260608","9호선","샛강","7953","7894","20260611",""
"20260608","9호선","노량진","28682","28525","20260611",""
"20260608","9호선","노들","5338","4520","20260611",""
"20260608","9호선","흑석(중앙대입구)","12037","12426","20260611",""
"20260608","9호선","동작(현충원)","2302","2044","20260611",""
"20260608","9호선","구반포","3174","2814","20260611",""
"20260608","9호선","신반포","5334","5073","20260611",""
"20260608","9호선","고속터미널","15447","20376","20260611",""
"20260608","9호선","사평","4656","4580","20260611",""
"20260608","9호선","신논현","32722","33097","20260611",""
"20260608","9호선2~3단계","언주","13191","13496","20260611",""
"20260608","9호선2~3단계","선정릉","11861","12600","20260611",""
"20260608","9호선2~3단계","삼성중앙","9475","9923","20260611",""
"20260608","9호선2~3단계","봉은사","21855","22732","20260611",""
"20260608","9호선2~3단계","종합운동장","5455","5602","20260611",""
"20260608","9호선2~3단계","삼전","9535","9051","20260611",""
"20260608","9호선2~3단계","석촌고분","8471","8252","20260611",""
"20260608","9호선2~3단계","석촌","10747","9887","20260611",""
"20260608","9호선2~3단계","송파나루","6213","6624","20260611",""
"20260608","9호선2~3단계","한성백제","3861","3468","20260611",""
"20260608","9호선2~3단계","올림픽공원(한국체대)","17593","16987","20260611",""
"20260608","9호선2~3단계","둔촌오륜","5324","5241","20260611",""
"20260608","9호선2~3단계","중앙보훈병원","15400","13426","20260611",""
"20260608","경강선","판교","6896","6637","20260611",""
"20260608","경강선","이매","1208","1082","20260611",""
"20260608","경강선","삼동","2630","2534","20260611",""
"20260608","경강선","경기광주","9784","9321","20260611",""
"20260608","경강선","초월","4232","4087","20260611",""
"20260608","경강선","곤지암","2501","2473","20260611",""
"20260608","경강선","신둔도예촌","1748","1552","20260611",""
"20260608","경강선","이천","3211","3369","20260611",""
"20260608","경강선","부발","2743","2734","20260611",""
"20260608","경강선","세종대왕릉","394","349","20260611",""
"20260608","경강선","여주","3510","3404","20260611",""
"20260608","경강선","성남","1577","1365","20260611",""
"20260608","경부선","서울역","9907","3154","20260611",""
"20260608","경부선","남영","10455","11101","20260611",""
"20260608","경부선","용산","41947","42924","20260611",""
"20260608","경부선","노량진","8878","8861","20260611",""
"20260608","경부선","대방","11593","13238","20260611",""
"20260608","경부선","영등포","38757","39100","20260611",""
"20260608","경부선","신도림","4295","4519","20260611",""
"20260608","경부선","신길","9742","8678","20260611",""
"20260608","경부선","구로","18759","18678","20260611",""
"20260608","경부선","가산디지털단지","20005","23164","20260611",""
"20260608","경부선","금천구청","12067","12438","20260611",""
"20260608","경부선","석수","9238","8606","20260611",""
"20260608","경부선","관악","7976","7828","20260611",""
"20260608","경부선","안양","28966","28656","20260611",""
"20260608","경부선","명학","10680","10699","20260611",""
"20260608","경부선","금정","31992","32872","20260611",""
"20260608","경부선","군포","7715","7580","20260611",""
"20260608","경부선","의왕","11017","11211","20260611",""
"20260608","경부선","성균관대","18085","17974","20260611",""
"20260608","경부선","화서","11550","11150","20260611",""
"20260608","경부선","수원","39519","40821","20260611",""
"20260608","경부선","독산","19103","19165","20260611",""
"20260608","경부선","세류","3995","3652","20260611",""
"20260608","경부선","병점","18903","18898","20260611",""
"20260608","경부선","세마","4051","3843","20260611",""
"20260608","경부선","오산대","4645","4327","20260611",""
"20260608","경부선","오산","12783","12824","20260611",""
"20260608","경부선","진위","2014","1901","20260611",""
"20260608","경부선","송탄","4813","4687","20260611",""
"20260608","경부선","서정리","9918","9525","20260611",""
"20260608","경부선","평택지제","5586","5066","20260611",""
"20260608","경부선","평택","14311","14517","20260611",""
"20260608","경부선","성환","7618","7619","20260611",""
"20260608","경부선","직산","1209","1189","20260611",""
"20260608","경부선","두정","9574","11775","20260611",""
"20260608","경부선","천안","8298","7212","20260611",""
"20260608","경부선","당정","7632","7327","20260611",""
"20260608","경부선","서동탄","1806","1399","20260611",""
"20260608","경부선","광명","4070","3471","20260611",""
"20260608","경원선","이촌(국립중앙박물관)","4357","3598","20260611",""
"20260608","경원선","서빙고","2401","2168","20260611",""
"20260608","경원선","한남","3941","3921","20260611",""
"20260608","경원선","옥수","61","68","20260611",""
"20260608","경원선","응봉","2122","1770","20260611",""
"20260608","경원선","왕십리(성동구청)","17756","17672","20260611",""
"20260608","경원선","청량리(서울시립대입구)","16393","17369","20260611",""
"20260608","경원선","외대앞","14853","15220","20260611",""
"20260608","경원선","신이문","9853","9015","20260611",""
"20260608","경원선","석계","8274","9063","20260611",""
"20260608","경원선","광운대","10515","10165","20260611",""
"20260608","경원선","월계","8474","7997","20260611",""
"20260608","경원선","녹천","5006","4275","20260611",""
"20260608","경원선","방학","11215","11022","20260611",""
"20260608","경원선","도봉","6560","6367","20260611",""
"20260608","경원선","도봉산","7736","5130","20260611",""
"20260608","경원선","망월사","10655","10779","20260611",""
"20260608","경원선","회룡","15036","14759","20260611",""
"20260608","경원선","의정부","20358","20526","20260611",""
"20260608","경원선","가능","7213","7092","20260611",""
"20260608","경원선","녹양","4997","4825","20260611",""
"20260608","경원선","양주","7827","7509","20260611",""
"20260608","경원선","덕계","7929","7383","20260611",""
"20260608","경원선","덕정","8007","7523","20260611",""
"20260608","경원선","지행","7342","7426","20260611",""
"20260608","경원선","동두천중앙","3485","3181","20260611",""
"20260608","경원선","보산","1744","1588","20260611",""
"20260608","경원선","동두천","2405","2410","20260611",""
"20260608","경원선","소요산","1732","1681","20260611",""
"20260608","경원선","청산","173","149","20260611",""
"20260608","경원선","전곡","1334","1106","20260611",""
"20260608","경원선","연천","1213","1049","20260611",""
"20260608","경의선","서울역","4028","5073","20260611",""
"20260608","경의선","신촌","1257","1580","20260611",""
"20260608","경의선","효창공원앞","3919","4170","20260611",""
"20260608","경의선","공덕","4603","3764","20260611",""
"20260608","경의선","서강대","2732","2652","20260611",""
"20260608","경의선","홍대입구","2000","2191","20260611",""
"20260608","경의선","가좌","6747","6445","20260611",""
"20260608","경의선","디지털미디어시티","2871","2702","20260611",""
"20260608","경의선","수색","3633","3734","20260611",""
"20260608","경의선","한국항공대","3987","3864","20260611",""
"20260608","경의선","강매","3724","3090","20260611",""
"20260608","경의선","행신","8372","8491","20260611",""
"20260608","경의선","능곡","5063","4710","20260611",""
"20260608","경의선","곡산","723","760","20260611",""
"20260608","경의선","백마","8703","8545","20260611",""
"20260608","경의선","풍산","7214","6736","20260611",""
"20260608","경의선","일산","12932","12987","20260611",""
"20260608","경의선","탄현","8708","8363","20260611",""
"20260608","경의선","야당","7978","8210","20260611",""
"20260608","경의선","운정","8813","8344","20260611",""
"20260608","경의선","금릉","5553","5290","20260611",""
"20260608","경의선","금촌","7098","6773","20260611",""
"20260608","경의선","월롱","2575","2276","20260611",""
"20260608","경의선","파주","1803","1502","20260611",""
"20260608","경의선","문산","6276","5723","20260611",""
"20260608","경의선","임진강","7","31","20260611",""
"20260608","경의선","운천","1","2","20260611",""
"20260608","경인선","개봉","26011","25480","20260611",""
"20260608","경인선","오류동","12743","11989","20260611",""
"20260608","경인선","역곡","30242","30330","20260611",""
"20260608","경인선","부천","34332","34025","20260611",""
"20260608","경인선","송내","28757","28578","20260611",""
"20260608","경인선","부평","30186","31042","20260611",""
"20260608","경인선","백운","7658","7555","20260611",""
"20260608","경인선","동암","16262","16317","20260611",""
"20260608","경인선","주안","19781","17839","20260611",""
"20260608","경인선","제물포","12718","12280","20260611",""
"20260608","경인선","동인천","14255","13253","20260611",""
"20260608","경인선","인천","3694","3013","20260611",""
"20260608","경인선","구일","8283","8318","20260611",""
"20260608","경인선","소사","9197","8607","20260611",""
"20260608","경인선","부개","9495","8960","20260611",""
"20260608","경인선","간석","6449","6128","20260611",""
"20260608","경인선","도원","3772","3785","20260611",""
"20260608","경인선","온수(성공회대입구)","7286","6812","20260611",""
"20260608","경인선","중동","10250","9735","20260611",""
"20260608","경인선","도화","4487","4142","20260611",""
"20260608","경춘선","신내","3430","3325","20260611",""
"20260608","경춘선","갈매","3041","2798","20260611",""
"20260608","경춘선","별내","2871","2721","20260611",""
"20260608","경춘선","퇴계원","3801","3426","20260611",""
"20260608","경춘선","사릉","2480","2416","20260611",""
"20260608","경춘선","금곡","2038","1973","20260611",""
"20260608","경춘선","평내호평","7658","7447","20260611",""
"20260608","경춘선","천마산","1906","1789","20260611",""
"20260608","경춘선","마석","5190","5100","20260611",""
"20260608","경춘선","대성리","519","419","20260611",""
"20260608","경춘선","청평","2018","1799","20260611",""
"20260608","경춘선","상천","331","284","20260611",""
"20260608","경춘선","가평","2061","2073","20260611",""
"20260608","경춘선","굴봉산","128","105","20260611",""
"20260608","경춘선","백양리","88","98","20260611",""
"20260608","경춘선","강촌","420","454","20260611",""
"20260608","경춘선","김유정","356","354","20260611",""
"20260608","경춘선","남춘천","3019","3512","20260611",""
"20260608","경춘선","춘천","2062","2071","20260611",""
"20260608","공항철도 1호선","서울역","13926","11997","20260611",""
"20260608","공항철도 1호선","공덕","3614","4324","20260611",""
"20260608","공항철도 1호선","홍대입구","14585","13566","20260611",""
"20260608","공항철도 1호선","디지털미디어시티","16107","15401","20260611",""
"20260608","공항철도 1호선","마곡나루(서울식물원)","18071","17445","20260611",""
"20260608","공항철도 1호선","김포공항","8795","5115","20260611",""
"20260608","공항철도 1호선","계양","10303","10370","20260611",""
"20260608","공항철도 1호선","검암","6776","6786","20260611",""
"20260608","공항철도 1호선","청라국제도시","8918","8390","20260611",""
"20260608","공항철도 1호선","운서","10523","10986","20260611",""
"20260608","공항철도 1호선","공항화물청사","2230","2335","20260611",""
"20260608","공항철도 1호선","인천공항1터미널","12783","13636","20260611",""
"20260608","공항철도 1호선","인천공항2터미널","11507","9899","20260611",""
"20260608","공항철도 1호선","영종","4948","4921","20260611",""
"20260608","과천선","선바위","8518","7651","20260611",""
"20260608","과천선","경마공원","890","849","20260611",""
"20260608","과천선","대공원","2893","3011","20260611",""
"20260608","과천선","과천","5726","5275","20260611",""
"20260608","과천선","정부과천청사","16163","17393","20260611",""
"20260608","과천선","인덕원","29473","30092","20260611",""
"20260608","과천선","평촌","20777","20176","20260611",""
"20260608","과천선","범계","30679","30875","20260611",""
"20260608","분당선","선릉","14409","21553","20260611",""
"20260608","분당선","한티","15833","17231","20260611",""
"20260608","분당선","도곡","8635","9051","20260611",""
"20260608","분당선","구룡","4171","4062","20260611",""
"20260608","분당선","개포동","4343","4517","20260611",""
"20260608","분당선","대모산입구","6578","6301","20260611",""
"20260608","분당선","수서","19602","20264","20260611",""
"20260608","분당선","수원","8454","8043","20260611",""
"20260608","분당선","서울숲","14426","14813","20260611",""
"20260608","분당선","압구정로데오","17718","18922","20260611",""
"20260608","분당선","강남구청","10434","11997","20260611",""
"20260608","분당선","선정릉","8446","8737","20260611",""
"20260608","분당선","가천대","15467","15741","20260611",""
"20260608","분당선","태평","14251","13992","20260611",""
"20260608","분당선","모란","20976","21717","20260611",""
"20260608","분당선","야탑","27862","29475","20260611",""
"20260608","분당선","서현","25071","25514","20260611",""
"20260608","분당선","수내","13875","13808","20260611",""
"20260608","분당선","정자","21374","22663","20260611",""
"20260608","분당선","미금","17123","17570","20260611",""
"20260608","분당선","오리","12377","10893","20260611",""
"20260608","분당선","이매","6121","5750","20260611",""
"20260608","분당선","보정","2912","2549","20260611",""
"20260608","분당선","죽전","15505","17270","20260611",""
"20260608","분당선","구성","8764","8858","20260611",""
"20260608","분당선","신갈","5680","5527","20260611",""
"20260608","분당선","기흥","12587","12146","20260611",""
"20260608","분당선","상갈","5994","5636","20260611",""
"20260608","분당선","청명","5424","5251","20260611",""
"20260608","분당선","영통","9986","10370","20260611",""
"20260608","분당선","망포","17408","17078","20260611",""
"20260608","분당선","매탄권선","6434","6251","20260611",""
"20260608","분당선","수원시청","15558","16457","20260611",""
"20260608","분당선","매교","6143","6174","20260611",""
"20260608","서해선","김포공항","2841","4301","20260611",""
"20260608","서해선","원종","5726","5686","20260611",""
"20260608","서해선","부천종합운동장","3585","3088","20260611",""
"20260608","수인선","고색","7212","7051","20260611",""
"20260608","수인선","오목천","5807","5112","20260611",""
"20260608","수인선","어천","1870","1860","20260611",""
"20260608","수인선","야목","888","726","20260611",""
"20260608","수인선","사리","5918","5230","20260611",""
"20260608","수인선","달월","128","84","20260611",""
"20260608","수인선","월곶","3203","2932","20260611",""
"20260608","수인선","소래포구","5450","4930","20260611",""
"20260608","수인선","인천논현","6205","6508","20260611",""
"20260608","수인선","호구포","4599","4920","20260611",""
"20260608","수인선","남동인더스파크","2698","3051","20260611",""
"20260608","수인선","원인재","4841","5085","20260611",""
"20260608","수인선","연수","5135","5070","20260611",""
"20260608","수인선","송도","3086","2730","20260611",""
"20260608","수인선","인하대","9211","8785","20260611",""
"20260608","수인선","숭의","5541","5122","20260611",""
"20260608","수인선","신포","1922","1917","20260611",""
"20260608","수인선","인천","1094","1575","20260611",""
"20260608","신림선","샛강","3782","4213","20260611",""
"20260608","신림선","대방","3813","2957","20260611",""
"20260608","신림선","서울지방병무청","3424","3831","20260611",""
"20260608","신림선","보라매","5416","4860","20260611",""
"20260608","신림선","보라매공원","2866","3109","20260611",""
"20260608","신림선","보라매병원","9823","10325","20260611",""
"20260608","신림선","당곡","5131","5041","20260611",""
"20260608","신림선","신림","2483","3093","20260611",""
"20260608","신림선","서원","3939","3520","20260611",""
"20260608","신림선","서울대벤처타운","10919","10330","20260611",""
"20260608","신림선","관악산(서울대)","3621","3497","20260611",""
"20260608","안산선","산본","18114","19269","20260611",""
"20260608","안산선","대야미","5749","5191","20260611",""
"20260608","안산선","반월","4897","4771","20260611",""
"20260608","안산선","상록수","17093","17311","20260611",""
"20260608","안산선","한대앞","11418","11720","20260611",""
"20260608","안산선","중앙","19851","20679","20260611",""
"20260608","안산선","고잔","10536","9954","20260611",""
"20260608","안산선","초지","5463","5614","20260611",""
"20260608","안산선","안산","12985","11770","20260611",""
"20260608","안산선","신길온천","2468","2146","20260611",""
"20260608","안산선","정왕","12291","12587","20260611",""
"20260608","안산선","오이도","8777","8363","20260611",""
"20260608","안산선","수리산","4572","3910","20260611",""
"20260608","우이신설선","북한산우이","3064","2819","20260611",""
"20260608","우이신설선","솔밭공원","2917","2902","20260611",""
"20260608","우이신설선","4.19민주묘지","4834","4824","20260611",""
"20260608","우이신설선","가오리","4819","4875","20260611",""
"20260608","우이신설선","화계","4231","3992","20260611",""
"20260608","우이신설선","삼양","2824","3031","20260611",""
"20260608","우이신설선","삼양사거리","3148","3036","20260611",""
"20260608","우이신설선","솔샘","6499","6284","20260611",""
"20260608","우이신설선","북한산보국문","6969","6685","20260611",""
"20260608","우이신설선","정릉","5360","4844","20260611",""
"20260608","우이신설선","성신여대입구(돈암)","3987","4359","20260611",""
"20260608","우이신설선","보문","2046","1924","20260611",""
"20260608","우이신설선","신설동","2927","2693","20260611",""
"20260608","일산선","원흥","12627","12367","20260611",""
"20260608","일산선","삼송","21793","21200","20260611",""
"20260608","일산선","원당","13149","12810","20260611",""
"20260608","일산선","화정","19013","19450","20260611",""
"20260608","일산선","대곡","13726","12019","20260611",""
"20260608","일산선","백석","11178","11751","20260611",""
"20260608","일산선","지축","1","0","20260611",""
"20260608","5호선","미사","19975","20176","20260611",""
"20260608","2호선","용답","3320","3449","20260611",""
"20260609","2호선","용답","3495","3492","20260612",""
"20260609","7호선","강남구청","18768","21220","20260612",""
"20260609","중앙선","양수","1917","2118","20260612",""
"20260609","중앙선","신원","169","164","20260612",""
"20260609","중앙선","국수","808","736","20260612",""
"20260609","중앙선","아신","647","625","20260612",""
"20260609","중앙선","오빈","376","368","20260612",""
"20260609","중앙선","양평","3288","3371","20260612",""
"20260609","중앙선","원덕","384","358","20260612",""
"20260609","중앙선","용문","2054","1979","20260612",""
"20260609","중앙선","지평","64","62","20260612",""
"20260609","1호선","서울역","84410","80923","20260612",""
"20260609","1호선","시청","32190","32219","20260612",""
"20260609","1호선","종각","45712","45032","20260612",""
"20260609","1호선","종로3가","26675","23703","20260612",""
"20260609","1호선","종로5가","26176","25995","20260612",""
"20260609","1호선","동대문","13920","13344","20260612",""
"20260609","1호선","신설동","16104","15591","20260612",""
"20260609","1호선","제기동","17543","17738","20260612",""
"20260609","1호선","청량리(서울시립대입구)","25590","25222","20260612",""
"20260609","1호선","동묘앞","9611","10062","20260612",""
"20260609","2호선","시청","32384","31139","20260612",""
"20260609","2호선","을지로입구","58423","59766","20260612",""
"20260609","2호선","을지로3가","29021","29129","20260612",""
"20260609","2호선","을지로4가","16880","16433","20260612",""
"20260609","2호선","동대문역사문화공원(DDP)","16069","18294","20260612",""
"20260609","2호선","신당","17439","17993","20260612",""
"20260609","2호선","상왕십리","16501","16168","20260612",""
"20260609","2호선","왕십리(성동구청)","17634","15276","20260612",""
"20260609","2호선","한양대","18695","20461","20260612",""
"20260609","2호선","뚝섬","28085","29736","20260612",""
"20260609","2호선","성수","55347","59856","20260612",""
"20260609","2호선","건대입구","38375","39563","20260612",""
"20260609","2호선","구의(광진구청)","32403","31831","20260612",""
"20260609","2호선","강변(동서울터미널)","27057","24030","20260612",""
"20260609","2호선","잠실나루","19181","18713","20260612",""
"20260609","2호선","잠실(송파구청)","79844","79310","20260612",""
"20260609","2호선","잠실새내","26480","25619","20260612",""
"20260609","2호선","종합운동장","20264","22934","20260612",""
"20260609","2호선","삼성(무역센터)","58352","55124","20260612",""
"20260609","2호선","선릉","67384","59471","20260612",""
"20260609","2호선","역삼","58791","66596","20260612",""
"20260609","2호선","강남","88800","86882","20260612",""
"20260609","2호선","교대(법원.검찰청)","36208","43168","20260612",""
"20260609","2호선","서초","25594","25442","20260612",""
"20260609","2호선","방배","21649","22279","20260612",""
"20260609","2호선","사당","46181","49623","20260612",""
"20260609","2호선","낙성대(강감찬)","30855","30683","20260612",""
"20260609","2호선","서울대입구(관악구청)","52764","50862","20260612",""
"20260609","2호선","봉천","27686","26067","20260612",""
"20260609","2호선","신림","59854","59171","20260612",""
"20260609","2호선","신대방","27670","26696","20260612",""
"20260609","2호선","구로디지털단지","65717","64968","20260612",""
"20260609","2호선","대림(구로구청)","27081","27864","20260612",""
"20260609","2호선","신도림","52600","49811","20260612",""
"20260609","2호선","문래","26112","26896","20260612",""
"20260609","2호선","영등포구청","26643","27785","20260612",""
"20260609","2호선","당산","22283","25124","20260612",""
"20260609","2호선","합정","31927","34114","20260612",""
"20260609","2호선","홍대입구","65613","68074","20260612",""
"20260609","2호선","신촌","42340","41853","20260612",""
"20260609","2호선","이대","20500","22380","20260612",""
"20260609","2호선","아현","12635","12031","20260612",""
"20260609","2호선","충정로(경기대입구)","11955","12766","20260612",""
"20260609","2호선","신답","1969","2245","20260612",""
"20260609","2호선","신설동","3748","3773","20260612",""
"20260609","2호선","도림천","1521","1583","20260612",""
"20260609","2호선","양천구청","7935","8554","20260612",""
"20260609","2호선","신정네거리","11369","11733","20260612",""
"20260609","2호선","용두(동대문구청)","2589","2598","20260612",""
"20260609","3호선","지축","8771","9066","20260612",""
"20260609","3호선","구파발","25114","24184","20260612",""
"20260609","3호선","연신내","41471","39556","20260612",""
"20260609","3호선","불광","18423","19799","20260612",""
"20260609","3호선","녹번","17757","16384","20260612",""
"20260609","3호선","홍제","21242","20001","20260612",""
"20260609","3호선","무악재","4960","4876","20260612",""
"20260609","3호선","독립문","9172","9737","20260612",""
"20260609","3호선","경복궁(정부서울청사)","27045","26507","20260612",""
"20260609","3호선","안국","28093","29239","20260612",""
"20260609","3호선","종로3가","12658","13717","20260612",""
"20260609","3호선","을지로3가","14424","13799","20260612",""
"20260609","3호선","충무로","7","0","20260612",""
"20260609","3호선","동대입구","12655","14047","20260612",""
"20260609","3호선","약수","14366","14000","20260612",""
"20260609","3호선","금호","9146","8591","20260612",""
"20260609","3호선","옥수","10468","10753","20260612",""
"20260609","3호선","압구정","34414","37136","20260612",""
"20260609","3호선","신사","28552","30328","20260612",""
"20260609","3호선","잠원","8473","8270","20260612",""
"20260609","3호선","고속터미널","45999","42315","20260612",""
"20260609","3호선","교대(법원.검찰청)","19920","11516","20260612",""
"20260609","3호선","남부터미널(예술의전당)","34065","34521","20260612",""
"20260609","3호선","양재(서초구청)","43892","46368","20260612",""
"20260609","3호선","매봉","15621","15021","20260612",""
"20260609","3호선","도곡","7592","7262","20260612",""
"20260609","3호선","대치","14178","14304","20260612",""
"20260609","3호선","학여울","2347","2429","20260612",""
"20260609","3호선","대청","12794","11914","20260612",""
"20260609","3호선","일원","13710","13446","20260612",""
"20260609","3호선","수서","20337","20093","20260612",""
"20260609","3호선","가락시장","10503","10150","20260612",""
"20260609","3호선","경찰병원","8968","9056","20260612",""
"20260609","3호선","오금","7874","6959","20260612",""
"20260609","4호선","불암산","10920","9677","20260612",""
"20260609","4호선","상계","22098","20927","20260612",""
"20260609","4호선","노원","23088","25678","20260612",""
"20260609","4호선","창동","31269","32547","20260612",""
"20260609","4호선","쌍문","32865","30886","20260612",""
"20260609","4호선","수유(강북구청)","37726","38092","20260612",""
"20260609","4호선","미아(서울사이버대학)","18786","18509","20260612",""
"20260609","4호선","미아사거리","29147","29011","20260612",""
"20260609","4호선","길음","25863","25929","20260612",""
"20260609","4호선","성신여대입구(돈암)","26586","25311","20260612",""
"20260609","4호선","한성대입구(삼선교)","17647","16854","20260612",""
"20260609","4호선","혜화","39565","39088","20260612",""
"20260609","4호선","동대문","22227","22367","20260612",""
"20260609","4호선","동대문역사문화공원(DDP)","21701","19430","20260612",""
"20260609","4호선","충무로","38091","38251","20260612",""
"20260609","4호선","명동","39431","40781","20260612",""
"20260609","4호선","회현(남대문시장)","32984","34432","20260612",""
"20260609","4호선","서울역","15657","23285","20260612",""
"20260609","4호선","숙대입구(갈월)","18886","18340","20260612",""
"20260609","4호선","삼각지(전쟁기념관)","6376","7447","20260612",""
"20260609","4호선","신용산","23203","24949","20260612",""
"20260609","4호선","이촌(국립중앙박물관)","10391","11144","20260612",""
"20260609","4호선","동작(현충원)","2291","2402","20260612",""
"20260609","4호선","총신대입구(이수)","22169","23684","20260612",""
"20260609","4호선","사당","28474","24970","20260612",""
"20260609","4호선","남태령","1676","1456","20260612",""
"20260609","5호선","방화","8201","7944","20260612",""
"20260609","5호선","개화산","7025","6749","20260612",""
"20260609","5호선","김포공항","13754","8250","20260612",""
"20260609","5호선","송정","6962","6641","20260612",""
"20260609","5호선","마곡","18898","18914","20260612",""
"20260609","5호선","발산","27716","28181","20260612",""
"20260609","5호선","우장산","17542","17646","20260612",""
"20260609","5호선","화곡","32536","30576","20260612",""
"20260609","5호선","까치산","31345","30257","20260612",""
"20260609","5호선","신정(은행정)","15617","12862","20260612",""
"20260609","5호선","목동","18971","21237","20260612",""
"20260609","5호선","오목교(목동운동장앞)","23572","25146","20260612",""
"20260609","5호선","양평","10084","9919","20260612",""
"20260609","5호선","영등포구청","5991","5992","20260612",""
"20260609","5호선","영등포시장","12915","12620","20260612",""
"20260609","5호선","신길","5731","5980","20260612",""
"20260609","5호선","여의도","33649","35943","20260612",""
"20260609","5호선","여의나루","14455","15676","20260612",""
"20260609","5호선","마포","17341","17678","20260612",""
"20260609","5호선","공덕","16943","17797","20260612",""
"20260609","5호선","애오개","7827","7671","20260612",""
"20260609","5호선","충정로(경기대입구)","5997","6384","20260612",""
"20260609","5호선","서대문","22884","23241","20260612",""
"20260609","5호선","광화문(세종문화회관)","39867","41579","20260612",""
"20260609","5호선","종로3가","15479","15491","20260612",""
"20260609","5호선","을지로4가","8035","7939","20260612",""
"20260609","5호선","동대문역사문화공원(DDP)","3811","4333","20260612",""
"20260609","5호선","청구","3935","3715","20260612",""
"20260609","5호선","신금호","7420","8024","20260612",""
"20260609","5호선","행당","9219","8194","20260612",""
"20260609","5호선","왕십리(성동구청)","5228","5663","20260612",""
"20260609","5호선","마장","6851","6546","20260612",""
"20260609","5호선","답십리","18767","16830","20260612",""
"20260609","5호선","장한평","22724","22572","20260612",""
"20260609","5호선","군자(능동)","13655","14885","20260612",""
"20260609","5호선","아차산(어린이대공원후문)","16775","16464","20260612",""
"20260609","5호선","광나루(장신대)","12508","12117","20260612",""
"20260609","5호선","천호(풍납토성)","22808","22336","20260612",""
"20260609","5호선","강동","21454","20595","20260612",""
"20260609","5호선","길동","10304","10417","20260612",""
"20260609","5호선","굽은다리(강동구민회관앞)","10550","10076","20260612",""
"20260609","5호선","명일","9208","9301","20260612",""
"20260609","5호선","고덕","12013","11889","20260612",""
"20260609","5호선","상일동","16821","16194","20260612",""
"20260609","5호선","둔촌동","15378","15396","20260612",""
"20260609","5호선","올림픽공원(한국체대)","7293","6806","20260612",""
"20260609","5호선","방이","8482","8847","20260612",""
"20260609","5호선","오금","4556","4659","20260612",""
"20260609","5호선","개롱","7510","7724","20260612",""
"20260609","5호선","거여","11827","11745","20260612",""
"20260609","5호선","마천","8670","7616","20260612",""
"20260609","5호선","강일","7169","6705","20260612",""
"20260609","5호선","미사","20207","20622","20260612",""
"20260609","5호선","하남풍산","5480","5316","20260612",""
"20260609","5호선","하남시청(덕풍·신장)","10401","9951","20260612",""
"20260609","5호선","하남검단산","7379","6873","20260612",""
"20260609","6호선","응암","20442","20560","20260612",""
"20260609","6호선","역촌","4405","5204","20260612",""
"20260609","6호선","불광","5225","4912","20260612",""
"20260609","6호선","독바위","2951","3191","20260612",""
"20260609","6호선","구산","9255","7277","20260612",""
"20260609","6호선","새절(신사)","15327","14439","20260612",""
"20260609","6호선","증산(명지대앞)","10522","10463","20260612",""
"20260609","6호선","디지털미디어시티","17408","18664","20260612",""
"20260609","6호선","월드컵경기장(성산)","4150","4368","20260612",""
"20260609","6호선","마포구청","16694","15449","20260612",""
"20260609","6호선","망원","16432","17529","20260612",""
"20260609","6호선","합정","13863","13639","20260612",""
"20260609","6호선","상수","11488","12376","20260612",""
"20260609","6호선","광흥창(서강)","11205","10587","20260612",""
"20260609","6호선","대흥(서강대앞)","12306","13003","20260612",""
"20260609","6호선","공덕","21967","21706","20260612",""
"20260609","6호선","효창공원앞","9208","8710","20260612",""
"20260609","6호선","삼각지(전쟁기념관)","8401","7545","20260612",""
"20260609","6호선","녹사평(용산구청)","5510","5430","20260612",""
"20260609","6호선","이태원","11155","11962","20260612",""
"20260609","6호선","한강진","9755","11760","20260612",""
"20260609","6호선","버티고개","2586","2473","20260612",""
"20260609","6호선","약수","4269","3974","20260612",""
"20260609","6호선","청구","4284","4256","20260612",""
"20260609","6호선","신당","9484","10013","20260612",""
"20260609","6호선","동묘앞","10183","10896","20260612",""
"20260609","6호선","창신","4394","3783","20260612",""
"20260609","6호선","보문","9422","9049","20260612",""
"20260609","6호선","안암(고대병원앞)","17409","17869","20260612",""
"20260609","6호선","고려대(종암)","11021","10626","20260612",""
"20260609","6호선","월곡(동덕여대)","15278","14550","20260612",""
"20260609","6호선","상월곡(한국과학기술연구원)","8229","7942","20260612",""
"20260609","6호선","돌곶이","14008","13181","20260612",""
"20260609","6호선","석계","14326","14809","20260612",""
"20260609","6호선","태릉입구","6533","7423","20260612",""
"20260609","6호선","화랑대(서울여대입구)","14415","11973","20260612",""
"20260609","6호선","봉화산(서울의료원)","9973","9184","20260612",""
"20260609","6호선","신내","2","0","20260612",""
"20260609","7호선","장암","3344","1270","20260612",""
"20260609","7호선","도봉산","10881","12345","20260612",""
"20260609","7호선","수락산","14222","14357","20260612",""
"20260609","7호선","마들","15282","14507","20260612",""
"20260609","7호선","노원","22235","23788","20260612",""
"20260609","7호선","중계","17248","16281","20260612",""
"20260609","7호선","하계","20508","19494","20260612",""
"20260609","7호선","공릉(서울과학기술대)","14570","14439","20260612",""
"20260609","7호선","태릉입구","10095","9432","20260612",""
"20260609","7호선","먹골","11720","11671","20260612",""
"20260609","7호선","중화","13158","13188","20260612",""
"20260609","7호선","상봉","20028","19389","20260612",""
"20260609","7호선","면목","17421","17125","20260612",""
"20260609","7호선","사가정","18301","18682","20260612",""
"20260609","7호선","용마산(용마폭포공원)","6639","6369","20260612",""
"20260609","7호선","중곡","12621","12084","20260612",""
"20260609","7호선","군자(능동)","17724","13955","20260612",""
"20260609","7호선","어린이대공원(세종대)","21861","22664","20260612",""
"20260609","7호선","건대입구","16731","16516","20260612",""
"20260609","7호선","자양(뚝섬한강공원)","10475","10136","20260612",""
"20260609","7호선","청담","22124","23649","20260612",""
"20260609","7호선","학동","27379","27891","20260612",""
"20260609","7호선","논현","22235","22941","20260612",""
"20260609","7호선","반포","7800","7436","20260612",""
"20260609","7호선","고속터미널","17866","16547","20260612",""
"20260609","7호선","내방","18031","18081","20260612",""
"20260609","7호선","이수","19204","19014","20260612",""
"20260609","7호선","남성","13051","12727","20260612",""
"20260609","7호선","숭실대입구(살피재)","18318","18309","20260612",""
"20260609","7호선","상도","15023","15071","20260612",""
"20260609","7호선","장승배기","11352","11178","20260612",""
"20260609","7호선","신대방삼거리","17312","16666","20260612",""
"20260609","7호선","보라매","7682","8116","20260612",""
"20260609","7호선","신풍","13892","13208","20260612",""
"20260609","7호선","대림(구로구청)","9896","9950","20260612",""
"20260609","7호선","남구로","17917","18741","20260612",""
"20260609","7호선","가산디지털단지","51466","52672","20260612",""
"20260609","7호선","철산","26198","26818","20260612",""
"20260609","7호선","광명사거리","25771","25448","20260612",""
"20260609","7호선","천왕","14145","13984","20260612",""
"20260609","7호선","온수(성공회대입구)","12521","11436","20260612",""
"20260609","8호선","암사역사공원","8660","7627","20260612",""
"20260609","8호선","암사","18595","17131","20260612",""
"20260609","8호선","천호(풍납토성)","20204","22621","20260612",""
"20260609","8호선","강동구청","12305","12842","20260612",""
"20260609","8호선","몽촌토성(평화의문)","9483","9883","20260612",""
"20260609","8호선","잠실(송파구청)","19423","22274","20260612",""
"20260609","8호선","석촌","9994","11016","20260612",""
"20260609","8호선","송파","11548","11450","20260612",""
"20260609","8호선","가락시장","9697","10392","20260612",""
"20260609","8호선","문정","27318","28696","20260612",""
"20260609","8호선","장지","19105","17771","20260612",""
"20260609","8호선","복정","12009","10428","20260612",""
"20260609","8호선","산성","7406","7513","20260612",""
"20260609","8호선","남한산성입구(성남법원.검찰청)","15765","14693","20260612",""
"20260609","8호선","단대오거리","14512","13700","20260612",""
"20260609","8호선","신흥","6071","6179","20260612",""
"20260609","8호선","수진","6279","6070","20260612",""
"20260609","8호선","모란","7652","6060","20260612",""
"20260609","8호선","남위례","9548","9513","20260612",""
"20260609","9호선","개화","2873","1949","20260612",""
"20260609","9호선","김포공항","5694","9704","20260612",""
"20260609","9호선","공항시장","3086","3326","20260612",""
"20260609","9호선","신방화","7950","7721","20260612",""
"20260609","9호선","마곡나루(서울식물원)","18366","17638","20260612",""
"20260609","9호선","양천향교","13144","13546","20260612",""
"20260609","9호선","가양","25149","24853","20260612",""
"20260609","9호선","증미","9464","9224","20260612",""
"20260609","9호선","등촌","14773","14262","20260612",""
"20260609","9호선","염창","20795","20028","20260612",""
"20260609","9호선","신목동","5686","5092","20260612",""
"20260609","9호선","선유도","10995","9997","20260612",""
"20260609","9호선","당산","22098","21829","20260612",""
"20260609","9호선","국회의사당","20757","20971","20260612",""
"20260609","9호선","여의도","35880","35137","20260612",""
"20260609","9호선","샛강","8121","8107","20260612",""
"20260609","9호선","노량진","29271","28812","20260612",""
"20260609","9호선","노들","5552","4699","20260612",""
"20260609","9호선","흑석(중앙대입구)","12143","12291","20260612",""
"20260609","9호선","동작(현충원)","2397","2128","20260612",""
"20260609","9호선","구반포","3140","2856","20260612",""
"20260609","9호선","신반포","5463","5417","20260612",""
"20260609","9호선","고속터미널","15339","20313","20260612",""
"20260609","9호선","사평","5139","4918","20260612",""
"20260609","9호선","신논현","33494","34242","20260612",""
"20260609","9호선2~3단계","언주","13322","13961","20260612",""
"20260609","9호선2~3단계","선정릉","12428","13261","20260612",""
"20260609","9호선2~3단계","삼성중앙","9573","9890","20260612",""
"20260609","9호선2~3단계","봉은사","23462","24353","20260612",""
"20260609","9호선2~3단계","종합운동장","5847","6001","20260612",""
"20260609","9호선2~3단계","삼전","9535","9040","20260612",""
"20260609","9호선2~3단계","석촌고분","8380","8168","20260612",""
"20260609","9호선2~3단계","석촌","11081","10183","20260612",""
"20260609","9호선2~3단계","송파나루","6524","6802","20260612",""
"20260609","9호선2~3단계","한성백제","4122","3724","20260612",""
"20260609","9호선2~3단계","올림픽공원(한국체대)","16181","15770","20260612",""
"20260609","9호선2~3단계","둔촌오륜","5282","5264","20260612",""
"20260609","9호선2~3단계","중앙보훈병원","15916","13788","20260612",""
"20260609","경강선","판교","6967","6794","20260612",""
"20260609","경강선","이매","1250","1186","20260612",""
"20260609","경강선","삼동","2800","2613","20260612",""
"20260609","경강선","경기광주","10091","9629","20260612",""
"20260609","경강선","초월","4405","4138","20260612",""
"20260609","경강선","곤지암","2595","2494","20260612",""
"20260609","경강선","신둔도예촌","1749","1829","20260612",""
"20260609","경강선","이천","3048","3319","20260612",""
"20260609","경강선","부발","2627","2556","20260612",""
"20260609","경강선","세종대왕릉","410","404","20260612",""
"20260609","경강선","여주","3429","3256","20260612",""
"20260609","경강선","성남","1616","1360","20260612",""
"20260609","경부선","서울역","9306","2959","20260612",""
"20260609","경부선","남영","10762","11556","20260612",""
"20260609","경부선","용산","41856","42218","20260612",""
"20260609","경부선","노량진","9208","9086","20260612",""
"20260609","경부선","대방","12116","13724","20260612",""
"20260609","경부선","영등포","41745","41629","20260612",""
"20260609","경부선","신도림","4539","4767","20260612",""
"20260609","경부선","신길","9767","8716","20260612",""
"20260609","경부선","구로","18858","18962","20260612",""
"20260609","경부선","가산디지털단지","20469","23363","20260612",""
"20260609","경부선","금천구청","12333","12778","20260612",""
"20260609","경부선","석수","9447","8751","20260612",""
"20260609","경부선","관악","8216","7983","20260612",""
"20260609","경부선","안양","29377","28831","20260612",""
"20260609","경부선","명학","11126","10957","20260612",""
"20260609","경부선","금정","32568","33070","20260612",""
"20260609","경부선","군포","7835","7729","20260612",""
"20260609","경부선","의왕","11259","11193","20260612",""
"20260609","경부선","성균관대","18484","18146","20260612",""
"20260609","경부선","화서","12083","11798","20260612",""
"20260609","경부선","수원","40198","42409","20260612",""
"20260609","경부선","독산","19318","19602","20260612",""
"20260609","경부선","세류","4048","3624","20260612",""
"20260609","경부선","병점","19262","19237","20260612",""
"20260609","경부선","세마","4001","3841","20260612",""
"20260609","경부선","오산대","4878","4641","20260612",""
"20260609","경부선","오산","12464","12492","20260612",""
"20260609","경부선","진위","2122","1974","20260612",""
"20260609","경부선","송탄","4748","4736","20260612",""
"20260609","경부선","서정리","10131","9520","20260612",""
"20260609","경부선","평택지제","5547","5157","20260612",""
"20260609","경부선","평택","14495","14530","20260612",""
"20260609","경부선","성환","7888","7612","20260612",""
"20260609","경부선","직산","1147","1216","20260612",""
"20260609","경부선","두정","9858","11495","20260612",""
"20260609","경부선","천안","8358","7089","20260612",""
"20260609","경부선","당정","7766","7450","20260612",""
"20260609","경부선","서동탄","1787","1361","20260612",""
"20260609","경부선","광명","3861","3321","20260612",""
"20260609","경원선","이촌(국립중앙박물관)","4393","3668","20260612",""
"20260609","경원선","서빙고","2467","2234","20260612",""
"20260609","경원선","한남","4014","4022","20260612",""
"20260609","경원선","옥수","58","33","20260612",""
"20260609","경원선","응봉","2136","1735","20260612",""
"20260609","경원선","왕십리(성동구청)","17786","17748","20260612",""
"20260609","경원선","청량리(서울시립대입구)","17478","18492","20260612",""
"20260609","경원선","외대앞","15338","15309","20260612",""
"20260609","경원선","신이문","9958","9179","20260612",""
"20260609","경원선","석계","8442","9322","20260612",""
"20260609","경원선","광운대","10438","9954","20260612",""
"20260609","경원선","월계","9188","8502","20260612",""
"20260609","경원선","녹천","5199","4479","20260612",""
"20260609","경원선","창동","4","0","20260612",""
"20260609","경원선","방학","11405","11333","20260612",""
"20260609","경원선","도봉","6925","6677","20260612",""
"20260609","경원선","도봉산","8376","5477","20260612",""
"20260609","경원선","망월사","11513","11667","20260612",""
"20260609","경원선","회룡","15297","15125","20260612",""
"20260609","경원선","의정부","20812","20763","20260612",""
"20260609","경원선","가능","7343","7308","20260612",""
"20260609","경원선","녹양","4998","4837","20260612",""
"20260609","경원선","양주","8063","7777","20260612",""
"20260609","경원선","덕계","7891","7421","20260612",""
"20260609","경원선","덕정","7934","7474","20260612",""
"20260609","경원선","지행","7374","7550","20260612",""
"20260609","경원선","동두천중앙","3380","3208","20260612",""
"20260609","경원선","보산","1638","1567","20260612",""
"20260609","경원선","동두천","2585","2562","20260612",""
"20260609","경원선","소요산","1785","1785","20260612",""
"20260609","경원선","청산","160","133","20260612",""
"20260609","경원선","전곡","1384","1237","20260612",""
"20260609","경원선","연천","1185","1146","20260612",""
"20260609","경의선","서울역","3988","5120","20260612",""
"20260609","경의선","신촌","1272","1577","20260612",""
"20260609","경의선","효창공원앞","4019","4247","20260612",""
"20260609","경의선","공덕","4891","3853","20260612",""
"20260609","경의선","서강대","2710","2689","20260612",""
"20260609","경의선","홍대입구","1967","2281","20260612",""
"20260609","경의선","가좌","7009","6598","20260612",""
"20260609","경의선","디지털미디어시티","2967","2786","20260612",""
"20260609","경의선","수색","3752","3862","20260612",""
"20260609","경의선","한국항공대","4093","3878","20260612",""
"20260609","경의선","강매","3803","3193","20260612",""
"20260609","경의선","행신","8580","8682","20260612",""
"20260609","경의선","능곡","5197","4890","20260612",""
"20260609","경의선","곡산","737","819","20260612",""
"20260609","경의선","백마","8751","8640","20260612",""
"20260609","경의선","풍산","7287","6898","20260612",""
"20260609","경의선","일산","11995","11982","20260612",""
"20260609","경의선","탄현","8745","8423","20260612",""
"20260609","경의선","야당","8168","8187","20260612",""
"20260609","경의선","운정","8778","8454","20260612",""
"20260609","경의선","금릉","5525","5417","20260612",""
"20260609","경의선","금촌","7219","7100","20260612",""
"20260609","경의선","월롱","2606","2257","20260612",""
"20260609","경의선","파주","1978","1691","20260612",""
"20260609","경의선","문산","6315","6160","20260612",""
"20260609","경의선","임진강","6","38","20260612",""
"20260609","경의선","운천","2","1","20260612",""
"20260609","경인선","개봉","26302","25850","20260612",""
"20260609","중앙선","도심","3432","2667","20260612",""
"20260609","중앙선","팔당","802","860","20260612",""
"20260609","중앙선","운길산","927","929","20260612",""
"20260609","우이신설선","정릉","5489","5060","20260612",""
"20260609","우이신설선","성신여대입구(돈암)","4068","4515","20260612",""
"20260609","우이신설선","보문","2134","2064","20260612",""
"20260609","우이신설선","신설동","2969","2757","20260612",""
"20260609","일산선","원흥","13103","12610","20260612",""
"20260609","일산선","지축","2","0","20260612",""
"20260609","일산선","삼송","22030","21743","20260612",""
"20260609","일산선","원당","13424","13001","20260612",""
"20260609","일산선","화정","19541","20090","20260612",""
"20260609","일산선","대곡","14342","12613","20260612",""
"20260609","일산선","백석","11375","11886","20260612",""
"20260609","일산선","마두","9313","9426","20260612",""
"20260609","일산선","정발산","7864","7826","20260612",""
"20260609","일산선","주엽","10316","10170","20260612",""
"20260609","일산선","대화","12581","10352","20260612",""
"20260609","장항선","봉명","1696","1652","20260612",""
"20260609","장항선","쌍용(나사렛대)","4064","3953","20260612",""
"20260609","장항선","아산","4846","4469","20260612",""
"20260609","장항선","탕정","3003","2359","20260612",""
"20260609","장항선","배방","1507","1483","20260612",""
"20260609","장항선","온양온천","6380","6416","20260612",""
"20260609","장항선","신창(순천향대)","3042","2910","20260612",""
"20260609","중앙선","회기","32058","30758","20260612",""
"20260609","중앙선","중랑","6231","5857","20260612",""
"20260609","중앙선","상봉","6518","6515","20260612",""
"20260609","중앙선","망우","8461","8066","20260612",""
"20260609","중앙선","양원","3777","3794","20260612",""
"20260609","중앙선","구리","8230","8696","20260612",""
"20260609","중앙선","도농","11207","10275","20260612",""
"20260609","중앙선","양정","547","477","20260612",""
"20260609","중앙선","덕소","6194","6325","20260612",""
"20260609","신림선","당곡","5501","5371","20260612",""
"20260609","신림선","신림","2566","3027","20260612",""
"20260609","신림선","서원","4025","3599","20260612",""
"20260609","신림선","서울대벤처타운","10978","10381","20260612",""
"20260609","신림선","관악산(서울대)","3903","3668","20260612",""
"20260609","안산선","산본","18704","19978","20260612",""
"20260609","안산선","대야미","6028","5330","20260612",""
"20260609","안산선","반월","4883","4830","20260612",""
"20260609","안산선","상록수","17316","17590","20260612",""
"20260609","안산선","한대앞","11809","11902","20260612",""
"20260609","안산선","중앙","20141","21031","20260612",""
"20260609","안산선","고잔","10454","9895","20260612",""
"20260609","안산선","초지","5719","5890","20260612",""
"20260609","안산선","안산","12895","11753","20260612",""
"20260609","안산선","신길온천","2463","2174","20260612",""
"20260609","안산선","정왕","12475","12572","20260612",""
"20260609","안산선","오이도","8776","8664","20260612",""
"20260609","안산선","수리산","4632","3945","20260612",""
"20260609","우이신설선","북한산우이","3434","3115","20260612",""
"20260609","우이신설선","솔밭공원","2994","2899","20260612",""
"20260609","우이신설선","4.19민주묘지","4886","4826","20260612",""
"20260609","우이신설선","가오리","4979","5101","20260612",""
"20260609","우이신설선","화계","4353","4041","20260612",""
"20260609","우이신설선","삼양","2847","3108","20260612",""
"20260609","우이신설선","삼양사거리","3146","3154","20260612",""
"20260609","우이신설선","솔샘","6656","6411","20260612",""
"20260609","우이신설선","북한산보국문","7242","6802","20260612",""
"20260609","경인선","오류동","13062","12235","20260612",""
"20260609","경인선","역곡","30332","30381","20260612",""
"20260609","경인선","부천","34326","34180","20260612",""
"20260609","경인선","송내","29707","29661","20260612",""
"20260609","경인선","부평","30039","31041","20260612",""
"20260609","경인선","백운","7806","7738","20260612",""
"20260609","경인선","동암","16594","16778","20260612",""
"20260609","경인선","주안","20030","18311","20260612",""
"20260609","경인선","제물포","13121","12742","20260612",""
"20260609","경인선","동인천","14790","13678","20260612",""
"20260609","경인선","인천","3899","3175","20260612",""
"20260609","경인선","구일","9794","9860","20260612",""
"20260609","경인선","소사","9181","8816","20260612",""
"20260609","경인선","부개","9620","9110","20260612",""
"20260609","경인선","간석","6405","6075","20260612",""
"20260609","경인선","도원","3709","3849","20260612",""
"20260609","경인선","온수(성공회대입구)","7385","6963","20260612",""
"20260609","경인선","중동","10574","9946","20260612",""
"20260609","경인선","도화","4570","4255","20260612",""
"20260609","경춘선","신내","3583","3414","20260612",""
"20260609","경춘선","갈매","3160","2902","20260612",""
"20260609","경춘선","별내","2891","2770","20260612",""
"20260609","경춘선","퇴계원","3892","3537","20260612",""
"20260609","경춘선","사릉","2447","2417","20260612",""
"20260609","경춘선","금곡","2037","2015","20260612",""
"20260609","경춘선","평내호평","7659","7474","20260612",""
"20260609","경춘선","천마산","1852","1705","20260612",""
"20260609","경춘선","마석","4857","4654","20260612",""
"20260609","경춘선","대성리","490","467","20260612",""
"20260609","경춘선","청평","1789","1710","20260612",""
"20260609","경춘선","상천","303","284","20260612",""
"20260609","경춘선","가평","2079","2056","20260612",""
"20260609","경춘선","굴봉산","122","136","20260612",""
"20260609","경춘선","백양리","99","102","20260612",""
"20260609","경춘선","강촌","463","504","20260612",""
"20260609","경춘선","김유정","440","465","20260612",""
"20260609","경춘선","남춘천","2922","2984","20260612",""
"20260609","경춘선","춘천","1628","1422","20260612",""
"20260609","공항철도 1호선","서울역","12635","10986","20260612",""
"20260609","공항철도 1호선","공덕","3581","4470","20260612",""
"20260609","공항철도 1호선","홍대입구","14086","13489","20260612",""
"20260609","공항철도 1호선","디지털미디어시티","16349","15608","20260612",""
"20260609","공항철도 1호선","마곡나루(서울식물원)","18876","18125","20260612",""
"20260609","공항철도 1호선","김포공항","8897","5051","20260612",""
"20260609","공항철도 1호선","계양","10529","10523","20260612",""
"20260609","공항철도 1호선","검암","6930","6982","20260612",""
"20260609","공항철도 1호선","청라국제도시","9083","8586","20260612",""
"20260609","공항철도 1호선","운서","10462","11060","20260612",""
"20260609","공항철도 1호선","공항화물청사","2278","2358","20260612",""
"20260609","공항철도 1호선","인천공항1터미널","12273","11898","20260612",""
"20260609","공항철도 1호선","인천공항2터미널","10574","8336","20260612",""
"20260609","공항철도 1호선","영종","5032","5096","20260612",""
"20260609","과천선","선바위","8709","7902","20260612",""
"20260609","과천선","경마공원","1684","1684","20260612",""
"20260609","과천선","대공원","3388","3449","20260612",""
"20260609","과천선","과천","6092","5665","20260612",""
"20260609","과천선","정부과천청사","16449","17563","20260612",""
"20260609","과천선","인덕원","30129","30828","20260612",""
"20260609","과천선","평촌","21269","20601","20260612",""
"20260609","과천선","범계","32370","32570","20260612",""
"20260609","분당선","선릉","15063","22395","20260612",""
"20260609","분당선","한티","17292","18586","20260612",""
"20260609","분당선","도곡","8820","9445","20260612",""
"20260609","분당선","구룡","4141","4150","20260612",""
"20260609","분당선","개포동","4469","4667","20260612",""
"20260609","분당선","대모산입구","6846","6605","20260612",""
"20260609","분당선","수서","19860","21071","20260612",""
"20260609","분당선","복정","2","0","20260612",""
"20260609","분당선","수원","8743","7976","20260612",""
"20260609","분당선","서울숲","14526","15205","20260612",""
"20260609","분당선","압구정로데오","19431","20991","20260612",""
"20260609","분당선","강남구청","10998","12573","20260612",""
"20260609","분당선","선정릉","8783","9072","20260612",""
"20260609","분당선","가천대","16651","16572","20260612",""
"20260609","분당선","태평","14606","14359","20260612",""
"20260609","분당선","모란","27530","28859","20260612",""
"20260609","분당선","야탑","28999","30673","20260612",""
"20260609","분당선","서현","26067","26566","20260612",""
"20260609","분당선","수내","14265","14286","20260612",""
"20260609","분당선","정자","22171","23633","20260612",""
"20260609","분당선","미금","17703","18332","20260612",""
"20260609","분당선","오리","12871","11170","20260612",""
"20260609","분당선","이매","6317","5938","20260612",""
"20260609","분당선","보정","3040","2660","20260612",""
"20260609","분당선","죽전","16260","18037","20260612",""
"20260609","분당선","구성","8830","8970","20260612",""
"20260609","분당선","신갈","5891","5791","20260612",""
"20260609","분당선","기흥","12815","12279","20260612",""
"20260609","분당선","상갈","6176","5763","20260612",""
"20260609","분당선","청명","5559","5489","20260612",""
"20260609","분당선","영통","10033","10424","20260612",""
"20260609","분당선","망포","17784","17394","20260612",""
"20260609","분당선","매탄권선","6553","6463","20260612",""
"20260609","분당선","수원시청","15586","16453","20260612",""
"20260609","분당선","매교","6289","6182","20260612",""
"20260609","서해선","김포공항","2883","4328","20260612",""
"20260609","서해선","원종","6058","5899","20260612",""
"20260609","서해선","부천종합운동장","3620","3192","20260612",""
"20260609","수인선","고색","7274","7146","20260612",""
"20260609","수인선","오목천","6077","5208","20260612",""
"20260609","수인선","어천","1831","1769","20260612",""
"20260609","수인선","야목","892","875","20260612",""
"20260609","수인선","사리","6037","5369","20260612",""
"20260609","수인선","달월","116","78","20260612",""
"20260609","수인선","월곶","3239","3017","20260612",""
"20260609","수인선","소래포구","5862","5397","20260612",""
"20260609","수인선","인천논현","6158","6574","20260612",""
"20260609","수인선","호구포","4663","4945","20260612",""
"20260609","수인선","남동인더스파크","2737","3079","20260612",""
"20260609","수인선","원인재","4977","5172","20260612",""
"20260609","수인선","연수","5378","5213","20260612",""
"20260609","수인선","송도","3050","2766","20260612",""
"20260609","수인선","인하대","9136","8674","20260612",""
"20260609","수인선","숭의","5449","4956","20260612",""
"20260609","수인선","신포","2071","2084","20260612",""
"20260609","수인선","인천","1043","1626","20260612",""
"20260609","신림선","샛강","3837","4352","20260612",""
"20260609","신림선","대방","3857","3006","20260612",""
"20260609","신림선","서울지방병무청","3708","4096","20260612",""
"20260609","신림선","보라매","5607","5065","20260612",""
"20260609","신림선","보라매공원","3003","3335","20260612",""
"20260609","신림선","보라매병원","10131","10662","20260612",""
"20260610","7호선","반포","8024","7642","20260613",""
"20260610","3호선","충무로","2","0","20260613",""
"20260610","1호선","서울역","86054","81740","20260613",""
"20260610","중앙선","양수","1976","1982","20260613",""
"20260610","중앙선","신원","189","195","20260613",""
"20260610","중앙선","국수","788","713","20260613",""
"20260610","중앙선","아신","590","600","20260613",""
"20260610","중앙선","오빈","380","362","20260613",""
"20260610","중앙선","양평","3369","3522","20260613",""
"20260610","중앙선","원덕","349","378","20260613",""
"20260610","중앙선","용문","3474","3373","20260613",""
"20260610","중앙선","지평","72","51","20260613",""
"20260610","장항선","신창(순천향대)","3113","2860","20260613",""
"20260610","중앙선","회기","32517","31212","20260613",""
"20260610","중앙선","중랑","6144","5878","20260613",""
"20260610","중앙선","상봉","6622","6512","20260613",""
"20260610","중앙선","망우","8277","8096","20260613",""
"20260610","중앙선","양원","3785","3821","20260613",""
"20260610","중앙선","구리","8226","8658","20260613",""
"20260610","중앙선","도농","11042","10337","20260613",""
"20260610","중앙선","양정","546","485","20260613",""
"20260610","중앙선","덕소","6074","6110","20260613",""
"20260610","중앙선","도심","3436","2679","20260613",""
"20260610","중앙선","팔당","803","804","20260613",""
"20260610","중앙선","운길산","874","836","20260613",""
"20260610","3호선","홍제","21198","20147","20260613",""
"20260610","3호선","무악재","4899","4857","20260613",""
"20260610","3호선","독립문","9128","9567","20260613",""
"20260610","3호선","경복궁(정부서울청사)","32234","31951","20260613",""
"20260610","3호선","안국","30916","32192","20260613",""
"20260610","3호선","종로3가","13103","14152","20260613",""
"20260610","3호선","을지로3가","15121","14343","20260613",""
"20260610","3호선","동대입구","12890","14397","20260613",""
"20260610","3호선","약수","14504","14416","20260613",""
"20260610","3호선","금호","9305","8787","20260613",""
"20260610","3호선","옥수","10658","10940","20260613",""
"20260610","3호선","압구정","33536","35942","20260613",""
"20260610","3호선","신사","28453","29978","20260613",""
"20260610","3호선","잠원","8472","8172","20260613",""
"20260610","3호선","고속터미널","46696","43329","20260613",""
"20260610","3호선","교대(법원.검찰청)","20643","11663","20260613",""
"20260610","3호선","남부터미널(예술의전당)","34286","34441","20260613",""
"20260610","3호선","양재(서초구청)","44872","47233","20260613",""
"20260610","3호선","매봉","15803","15210","20260613",""
"20260610","3호선","도곡","7459","7229","20260613",""
"20260610","2호선","뚝섬","28240","30237","20260613",""
"20260610","2호선","성수","57676","61701","20260613",""
"20260610","2호선","건대입구","39327","40814","20260613",""
"20260610","2호선","구의(광진구청)","32634","32158","20260613",""
"20260610","2호선","강변(동서울터미널)","27942","24782","20260613",""
"20260610","2호선","잠실나루","19108","18576","20260613",""
"20260610","2호선","잠실(송파구청)","80851","80641","20260613",""
"20260610","2호선","잠실새내","26688","26118","20260613",""
"20260610","2호선","종합운동장","20287","22518","20260613",""
"20260610","2호선","삼성(무역센터)","66340","61846","20260613",""
"20260610","2호선","선릉","67958","59673","20260613",""
"20260610","2호선","역삼","58774","66597","20260613",""
"20260610","2호선","강남","90153","87765","20260613",""
"20260610","2호선","교대(법원.검찰청)","37210","44791","20260613",""
"20260610","2호선","서초","25987","25837","20260613",""
"20260610","2호선","방배","21200","21894","20260613",""
"20260610","2호선","사당","47025","50666","20260613",""
"20260610","2호선","낙성대(강감찬)","31532","31406","20260613",""
"20260610","2호선","서울대입구(관악구청)","52939","50694","20260613",""
"20260610","2호선","봉천","27924","26169","20260613",""
"20260610","2호선","신림","61837","61392","20260613",""
"20260610","2호선","신대방","28137","27073","20260613",""
"20260610","2호선","구로디지털단지","65984","65551","20260613",""
"20260610","2호선","대림(구로구청)","27904","28549","20260613",""
"20260610","2호선","신도림","54113","51858","20260613",""
"20260610","2호선","문래","26399","27047","20260613",""
"20260610","2호선","영등포구청","27287","28179","20260613",""
"20260610","2호선","당산","22344","25379","20260613",""
"20260610","2호선","합정","32497","34862","20260613",""
"20260610","2호선","홍대입구","67994","71376","20260613",""
"20260610","2호선","신촌","41795","41823","20260613",""
"20260610","2호선","이대","20624","22146","20260613",""
"20260610","2호선","아현","12721","12073","20260613",""
"20260610","2호선","충정로(경기대입구)","12080","12772","20260613",""
"20260610","2호선","용답","3466","3525","20260613",""
"20260610","2호선","신답","2076","2377","20260613",""
"20260610","2호선","신설동","4065","3936","20260613",""
"20260610","2호선","도림천","1473","1488","20260613",""
"20260610","2호선","양천구청","7886","8442","20260613",""
"20260610","2호선","신정네거리","11419","11722","20260613",""
"20260610","2호선","용두(동대문구청)","2589","2630","20260613",""
"20260610","3호선","지축","8676","9058","20260613",""
"20260610","3호선","구파발","25148","24086","20260613",""
"20260610","3호선","연신내","41803","39765","20260613",""
"20260610","1호선","시청","32472","32527","20260613",""
"20260610","1호선","종각","46873","45839","20260613",""
"20260610","1호선","종로3가","27953","24371","20260613",""
"20260610","1호선","종로5가","26458","26153","20260613",""
"20260610","1호선","동대문","14199","13825","20260613",""
"20260610","1호선","신설동","16418","15987","20260613",""
"20260610","1호선","제기동","17257","17622","20260613",""
"20260610","1호선","청량리(서울시립대입구)","25468","25225","20260613",""
"20260610","1호선","동묘앞","9968","10150","20260613",""
"20260610","2호선","시청","32486","31104","20260613",""
"20260610","2호선","을지로입구","59317","60904","20260613",""
"20260610","3호선","불광","18572","19819","20260613",""
"20260610","2호선","을지로3가","29586","29659","20260613",""
"20260610","2호선","을지로4가","17295","16984","20260613",""
"20260610","2호선","동대문역사문화공원(DDP)","16625","19069","20260613",""
"20260610","2호선","신당","16974","17482","20260613",""
"20260610","2호선","상왕십리","16440","16222","20260613",""
"20260610","2호선","왕십리(성동구청)","17980","16058","20260613",""
"20260610","3호선","녹번","18007","16622","20260613",""
"20260610","2호선","한양대","18513","20098","20260613",""
"20260610","8호선","석촌","10083","11065","20260613",""
"20260610","3호선","대치","13770","13857","20260613",""
"20260610","3호선","학여울","2509","2484","20260613",""
"20260610","3호선","대청","12509","11616","20260613",""
"20260610","3호선","일원","13634","13380","20260613",""
"20260610","3호선","수서","20712","20547","20260613",""
"20260610","3호선","가락시장","10810","10367","20260613",""
"20260610","3호선","경찰병원","9030","9034","20260613",""
"20260610","3호선","오금","7660","6922","20260613",""
"20260610","4호선","불암산","11129","9558","20260613",""
"20260610","4호선","상계","22202","21096","20260613",""
"20260610","4호선","노원","23195","26126","20260613",""
"20260610","4호선","창동","31887","32902","20260613",""
"20260610","4호선","쌍문","33378","31050","20260613",""
"20260610","4호선","수유(강북구청)","38455","38626","20260613",""
"20260610","4호선","미아(서울사이버대학)","19109","18510","20260613",""
"20260610","4호선","미아사거리","29448","29488","20260613",""
"20260610","4호선","길음","25992","26214","20260613",""
"20260610","4호선","성신여대입구(돈암)","27081","25935","20260613",""
"20260610","4호선","한성대입구(삼선교)","18459","17574","20260613",""
"20260610","4호선","혜화","42234","41989","20260613",""
"20260610","4호선","동대문","22237","22374","20260613",""
"20260610","4호선","동대문역사문화공원(DDP)","22436","19997","20260613",""
"20260610","4호선","충무로","38775","39115","20260613",""
"20260610","4호선","명동","41717","43906","20260613",""
"20260610","4호선","회현(남대문시장)","32886","34252","20260613",""
"20260610","4호선","서울역","15630","23579","20260613",""
"20260610","4호선","숙대입구(갈월)","19320","18845","20260613",""
"20260610","4호선","삼각지(전쟁기념관)","6685","7581","20260613",""
"20260610","4호선","신용산","23739","25575","20260613",""
"20260610","4호선","이촌(국립중앙박물관)","11083","11904","20260613",""
"20260610","4호선","동작(현충원)","2435","2506","20260613",""
"20260610","4호선","총신대입구(이수)","22172","24007","20260613",""
"20260610","4호선","사당","28928","25195","20260613",""
"20260610","4호선","남태령","1772","1589","20260613",""
"20260610","5호선","방화","8469","8126","20260613",""
"20260610","5호선","개화산","6985","6621","20260613",""
"20260610","5호선","김포공항","13988","8412","20260613",""
"20260610","5호선","송정","7088","6753","20260613",""
"20260610","5호선","마곡","19205","19217","20260613",""
"20260610","5호선","발산","28533","29086","20260613",""
"20260610","5호선","우장산","17817","17806","20260613",""
"20260610","5호선","화곡","32836","31012","20260613",""
"20260610","5호선","까치산","31731","30660","20260613",""
"20260610","5호선","신정(은행정)","15640","12890","20260613",""
"20260610","5호선","목동","18987","21042","20260613",""
"20260610","5호선","오목교(목동운동장앞)","23784","25654","20260613",""
"20260610","5호선","양평","10125","9844","20260613",""
"20260610","5호선","영등포구청","6107","6019","20260613",""
"20260610","5호선","영등포시장","13170","12953","20260613",""
"20260610","5호선","신길","5711","5951","20260613",""
"20260610","5호선","여의도","33665","36087","20260613",""
"20260610","5호선","여의나루","15144","16480","20260613",""
"20260610","5호선","마포","17159","17616","20260613",""
"20260610","5호선","공덕","17020","17902","20260613",""
"20260610","5호선","애오개","7812","7529","20260613",""
"20260610","5호선","충정로(경기대입구)","6191","6520","20260613",""
"20260610","5호선","서대문","22964","23337","20260613",""
"20260610","5호선","광화문(세종문화회관)","41803","43317","20260613",""
"20260610","5호선","종로3가","16465","16826","20260613",""
"20260610","5호선","을지로4가","8141","8245","20260613",""
"20260610","5호선","동대문역사문화공원(DDP)","3998","4424","20260613",""
"20260610","5호선","청구","4091","3714","20260613",""
"20260610","5호선","신금호","7400","7889","20260613",""
"20260610","5호선","행당","9284","8318","20260613",""
"20260610","5호선","왕십리(성동구청)","5330","5839","20260613",""
"20260610","5호선","마장","6883","6656","20260613",""
"20260610","5호선","답십리","18790","17029","20260613",""
"20260610","5호선","장한평","23753","23578","20260613",""
"20260610","5호선","군자(능동)","13931","15275","20260613",""
"20260610","5호선","아차산(어린이대공원후문)","16385","16273","20260613",""
"20260610","5호선","광나루(장신대)","12630","12102","20260613",""
"20260610","5호선","천호(풍납토성)","23023","22791","20260613",""
"20260610","5호선","강동","21720","21083","20260613",""
"20260610","5호선","길동","10359","10635","20260613",""
"20260610","5호선","굽은다리(강동구민회관앞)","11285","10800","20260613",""
"20260610","5호선","명일","9510","9629","20260613",""
"20260610","5호선","고덕","12074","11858","20260613",""
"20260610","5호선","상일동","17091","16353","20260613",""
"20260610","5호선","둔촌동","15724","15521","20260613",""
"20260610","5호선","올림픽공원(한국체대)","7193","6903","20260613",""
"20260610","5호선","방이","8599","8956","20260613",""
"20260610","5호선","오금","4468","4610","20260613",""
"20260610","5호선","개롱","7663","7842","20260613",""
"20260610","5호선","거여","11938","11923","20260613",""
"20260610","5호선","마천","8732","7519","20260613",""
"20260610","5호선","강일","7170","6717","20260613",""
"20260610","5호선","미사","21072","21508","20260613",""
"20260610","5호선","하남풍산","5280","5163","20260613",""
"20260610","5호선","하남시청(덕풍·신장)","10074","9545","20260613",""
"20260610","5호선","하남검단산","7325","6893","20260613",""
"20260610","6호선","응암","20601","20646","20260613",""
"20260610","6호선","역촌","4440","5320","20260613",""
"20260610","6호선","불광","5616","5220","20260613",""
"20260610","6호선","독바위","2868","3138","20260613",""
"20260610","6호선","연신내","2","0","20260613",""
"20260610","6호선","구산","9437","7320","20260613",""
"20260610","6호선","새절(신사)","15243","14407","20260613",""
"20260610","6호선","증산(명지대앞)","10589","10565","20260613",""
"20260610","6호선","디지털미디어시티","17296","18692","20260613",""
"20260610","6호선","월드컵경기장(성산)","4476","4667","20260613",""
"20260610","6호선","마포구청","16843","15354","20260613",""
"20260610","6호선","망원","17202","18172","20260613",""
"20260610","6호선","합정","13906","13789","20260613",""
"20260610","6호선","상수","11459","12563","20260613",""
"20260610","6호선","광흥창(서강)","11571","10943","20260613",""
"20260610","6호선","대흥(서강대앞)","12108","12854","20260613",""
"20260610","6호선","공덕","21972","21775","20260613",""
"20260610","6호선","효창공원앞","9268","8695","20260613",""
"20260610","6호선","삼각지(전쟁기념관)","8476","7558","20260613",""
"20260610","6호선","녹사평(용산구청)","5820","5935","20260613",""
"20260610","6호선","이태원","11482","12115","20260613",""
"20260610","6호선","한강진","10026","12293","20260613",""
"20260610","6호선","버티고개","2623","2578","20260613",""
"20260610","6호선","약수","4249","4125","20260613",""
"20260610","6호선","청구","4371","4370","20260613",""
"20260610","6호선","신당","9521","10044","20260613",""
"20260610","6호선","동묘앞","10654","11405","20260613",""
"20260610","6호선","창신","4617","3902","20260613",""
"20260610","6호선","보문","9463","9073","20260613",""
"20260610","6호선","안암(고대병원앞)","17206","17853","20260613",""
"20260610","6호선","고려대(종암)","11064","10640","20260613",""
"20260610","6호선","월곡(동덕여대)","15161","14400","20260613",""
"20260610","6호선","상월곡(한국과학기술연구원)","8165","7904","20260613",""
"20260610","6호선","돌곶이","14179","13353","20260613",""
"20260610","6호선","석계","14431","14824","20260613",""
"20260610","6호선","태릉입구","6621","7441","20260613",""
"20260610","6호선","화랑대(서울여대입구)","14097","11703","20260613",""
"20260610","6호선","봉화산(서울의료원)","9872","9168","20260613",""
"20260610","6호선","신내","1","0","20260613",""
"20260610","7호선","장암","3283","1220","20260613",""
"20260610","7호선","도봉산","10642","12205","20260613",""
"20260610","7호선","수락산","14197","14323","20260613",""
"20260610","7호선","마들","15418","14698","20260613",""
"20260610","7호선","노원","22651","23702","20260613",""
"20260610","7호선","중계","18180","17095","20260613",""
"20260610","7호선","하계","21000","20083","20260613",""
"20260610","7호선","공릉(서울과학기술대)","14847","14518","20260613",""
"20260610","7호선","태릉입구","10025","9632","20260613",""
"20260610","7호선","먹골","11607","11616","20260613",""
"20260610","7호선","중화","12944","12954","20260613",""
"20260610","7호선","상봉","20543","20014","20260613",""
"20260610","7호선","면목","16209","15930","20260613",""
"20260610","7호선","사가정","18104","18326","20260613",""
"20260610","7호선","용마산(용마폭포공원)","6570","6424","20260613",""
"20260610","7호선","중곡","12793","12234","20260613",""
"20260610","7호선","군자(능동)","17627","14188","20260613",""
"20260610","7호선","어린이대공원(세종대)","21673","22580","20260613",""
"20260610","7호선","건대입구","16726","16443","20260613",""
"20260610","7호선","자양(뚝섬한강공원)","10578","10254","20260613",""
"20260610","7호선","청담","22441","24310","20260613",""
"20260610","7호선","강남구청","18789","21303","20260613",""
"20260610","7호선","학동","27091","27738","20260613",""
"20260610","7호선","논현","21719","22142","20260613",""
"20260610","7호선","고속터미널","17808","16483","20260613",""
"20260610","7호선","내방","17861","17938","20260613",""
"20260610","7호선","이수","19998","19397","20260613",""
"20260610","7호선","남성","13030","12534","20260613",""
"20260610","7호선","숭실대입구(살피재)","18023","18017","20260613",""
"20260610","7호선","상도","15155","15080","20260613",""
"20260610","7호선","장승배기","11484","11275","20260613",""
"20260610","7호선","신대방삼거리","17217","16764","20260613",""
"20260610","7호선","보라매","7568","7819","20260613",""
"20260610","7호선","신풍","13866","13068","20260613",""
"20260610","7호선","대림(구로구청)","9759","9853","20260613",""
"20260610","7호선","남구로","17432","18518","20260613",""
"20260610","7호선","가산디지털단지","51700","52502","20260613",""
"20260610","7호선","철산","26427","26888","20260613",""
"20260610","7호선","광명사거리","25874","25788","20260613",""
"20260610","7호선","천왕","14127","13803","20260613",""
"20260610","7호선","온수(성공회대입구)","12586","11546","20260613",""
"20260610","8호선","암사역사공원","8638","7592","20260613",""
"20260610","8호선","암사","18497","17050","20260613",""
"20260610","8호선","천호(풍납토성)","20158","22869","20260613",""
"20260610","8호선","강동구청","12455","12752","20260613",""
"20260610","8호선","몽촌토성(평화의문)","9804","10276","20260613",""
"20260610","8호선","잠실(송파구청)","20245","23096","20260613",""
"20260610","8호선","송파","11696","11553","20260613",""
"20260610","8호선","가락시장","9738","10578","20260613",""
"20260610","8호선","문정","27223","28855","20260613",""
"20260610","8호선","장지","19630","18237","20260613",""
"20260610","8호선","복정","11816","10217","20260613",""
"20260610","8호선","산성","7336","7562","20260613",""
"20260610","8호선","남한산성입구(성남법원.검찰청)","15827","14680","20260613",""
"20260610","8호선","단대오거리","14487","13973","20260613",""
"20260610","8호선","신흥","6082","6227","20260613",""
"20260610","8호선","수진","6614","6257","20260613",""
"20260610","8호선","모란","5445","4253","20260613",""
"20260610","8호선","남위례","9657","9600","20260613",""
"20260610","9호선","개화","2828","1891","20260613",""
"20260610","9호선","김포공항","5685","10138","20260613",""
"20260610","9호선","공항시장","3057","3217","20260613",""
"20260610","9호선","신방화","7749","7751","20260613",""
"20260610","9호선","마곡나루(서울식물원)","18357","17849","20260613",""
"20260610","9호선","양천향교","13024","13581","20260613",""
"20260610","9호선","가양","25271","24679","20260613",""
"20260610","9호선","증미","9470","9174","20260613",""
"20260610","9호선","등촌","14749","14174","20260613",""
"20260610","9호선","염창","20517","19967","20260613",""
"20260610","9호선","신목동","5573","5035","20260613",""
"20260610","9호선","선유도","10890","10057","20260613",""
"20260610","9호선","당산","22453","22000","20260613",""
"20260610","9호선","국회의사당","20669","20976","20260613",""
"20260610","9호선","여의도","36017","35056","20260613",""
"20260610","9호선","샛강","8012","8060","20260613",""
"20260610","9호선","노량진","29739","29190","20260613",""
"20260610","9호선","노들","5682","4637","20260613",""
"20260610","9호선","흑석(중앙대입구)","12430","12542","20260613",""
"20260610","9호선","동작(현충원)","2315","1994","20260613",""
"20260610","9호선","구반포","3270","2937","20260613",""
"20260610","9호선","신반포","6148","5772","20260613",""
"20260610","9호선","고속터미널","16365","21086","20260613",""
"20260610","9호선","사평","4849","4643","20260613",""
"20260610","9호선","신논현","33985","34586","20260613",""
"20260610","9호선2~3단계","언주","13221","13603","20260613",""
"20260610","9호선2~3단계","선정릉","12511","13323","20260613",""
"20260610","9호선2~3단계","삼성중앙","9514","10065","20260613",""
"20260610","9호선2~3단계","봉은사","28779","30541","20260613",""
"20260610","9호선2~3단계","종합운동장","5907","6072","20260613",""
"20260610","9호선2~3단계","삼전","9736","9265","20260613",""
"20260610","9호선2~3단계","석촌고분","8587","8360","20260613",""
"20260610","9호선2~3단계","석촌","11048","10386","20260613",""
"20260610","9호선2~3단계","송파나루","6502","6811","20260613",""
"20260610","9호선2~3단계","한성백제","4096","3705","20260613",""
"20260610","9호선2~3단계","올림픽공원(한국체대)","16269","15868","20260613",""
"20260610","9호선2~3단계","둔촌오륜","5521","5446","20260613",""
"20260610","9호선2~3단계","중앙보훈병원","15940","13800","20260613",""
"20260610","경강선","판교","7011","6700","20260613",""
"20260610","경강선","이매","1264","1125","20260613",""
"20260610","경강선","삼동","2693","2607","20260613",""
"20260610","경강선","경기광주","9804","9371","20260613",""
"20260610","경강선","초월","4274","4066","20260613",""
"20260610","경강선","곤지암","2530","2554","20260613",""
"20260610","경강선","신둔도예촌","1823","1582","20260613",""
"20260610","경강선","이천","3064","3239","20260613",""
"20260610","경강선","부발","2590","2563","20260613",""
"20260610","경강선","세종대왕릉","359","376","20260613",""
"20260610","경강선","여주","3520","3397","20260613",""
"20260610","경강선","성남","1591","1308","20260613",""
"20260610","경부선","서울역","9649","3050","20260613",""
"20260610","경부선","남영","11214","11897","20260613",""
"20260610","경부선","용산","43810","44689","20260613",""
"20260610","경부선","노량진","9523","9704","20260613",""
"20260610","경부선","대방","12452","14301","20260613",""
"20260610","경부선","영등포","42604","42759","20260613",""
"20260610","경부선","신도림","4710","4910","20260613",""
"20260610","경부선","신길","9868","8844","20260613",""
"20260610","경부선","구로","18917","19240","20260613",""
"20260610","경부선","가산디지털단지","20326","23442","20260613",""
"20260610","경부선","금천구청","12408","12895","20260613",""
"20260610","경부선","석수","9629","8935","20260613",""
"20260610","경부선","관악","8391","8215","20260613",""
"20260610","경부선","안양","29646","29250","20260613",""
"20260610","경부선","명학","11226","10992","20260613",""
"20260610","경부선","금정","32898","33786","20260613",""
"20260610","경부선","군포","7914","7733","20260613",""
"20260610","경부선","의왕","11229","11118","20260613",""
"20260610","경부선","성균관대","18390","17978","20260613",""
"20260610","경부선","화서","12064","11895","20260613",""
"20260610","경부선","수원","40943","42965","20260613",""
"20260610","경부선","독산","19274","19497","20260613",""
"20260610","경부선","세류","4163","3874","20260613",""
"20260610","경부선","병점","19177","19215","20260613",""
"20260610","경부선","세마","4053","3880","20260613",""
"20260610","경부선","오산대","4815","4663","20260613",""
"20260610","경부선","오산","12577","12510","20260613",""
"20260610","경부선","진위","2089","1945","20260613",""
"20260610","경부선","송탄","4866","4773","20260613",""
"20260610","경부선","서정리","10158","9584","20260613",""
"20260610","경부선","평택지제","5450","5104","20260613",""
"20260610","경부선","평택","14395","14610","20260613",""
"20260610","경부선","성환","7965","7497","20260613",""
"20260610","경부선","직산","1178","1167","20260613",""
"20260610","경부선","두정","9934","11414","20260613",""
"20260610","경부선","천안","8276","6815","20260613",""
"20260610","경부선","당정","7741","7351","20260613",""
"20260610","경부선","서동탄","1713","1399","20260613",""
"20260610","경부선","광명","3953","3338","20260613",""
"20260610","경원선","이촌(국립중앙박물관)","4468","3689","20260613",""
"20260610","경원선","서빙고","2459","2238","20260613",""
"20260610","경원선","한남","4062","4043","20260613",""
"20260610","경원선","옥수","57","47","20260613",""
"20260610","경원선","응봉","2186","1865","20260613",""
"20260610","경원선","왕십리(성동구청)","18835","18547","20260613",""
"20260610","경원선","청량리(서울시립대입구)","17411","17938","20260613",""
"20260610","경원선","외대앞","14886","15158","20260613",""
"20260610","경원선","신이문","10009","9227","20260613",""
"20260610","경원선","석계","8405","9275","20260613",""
"20260610","경원선","광운대","10816","10388","20260613",""
"20260610","경원선","월계","8794","8228","20260613",""
"20260610","경원선","녹천","5242","4587","20260613",""
"20260610","경원선","창동","3","0","20260613",""
"20260610","경원선","방학","11448","11313","20260613",""
"20260610","경원선","도봉","6795","6398","20260613",""
"20260610","경원선","도봉산","8206","5353","20260613",""
"20260610","경원선","망월사","11779","11919","20260613",""
"20260610","경원선","회룡","15198","15199","20260613",""
"20260610","경원선","의정부","21037","21270","20260613",""
"20260610","경원선","가능","7462","7314","20260613",""
"20260610","경원선","녹양","5091","4913","20260613",""
"20260610","경원선","양주","7892","7527","20260613",""
"20260610","경원선","덕계","8069","7496","20260613",""
"20260610","경원선","덕정","7977","7576","20260613",""
"20260610","경원선","지행","7328","7519","20260613",""
"20260610","경원선","동두천중앙","3514","3461","20260613",""
"20260610","경원선","보산","1661","1586","20260613",""
"20260610","경원선","동두천","2475","2360","20260613",""
"20260610","경원선","소요산","1702","1682","20260613",""
"20260610","경원선","청산","151","139","20260613",""
"20260610","경원선","전곡","1176","1105","20260613",""
"20260610","경원선","연천","1145","1094","20260613",""
"20260610","경의선","서울역","3939","5109","20260613",""
"20260610","경의선","신촌","1334","1627","20260613",""
"20260610","경의선","효창공원앞","3901","4254","20260613",""
"20260610","경의선","공덕","4988","3789","20260613",""
"20260610","경의선","서강대","2840","2766","20260613",""
"20260610","경의선","홍대입구","2141","2470","20260613",""
"20260610","경의선","가좌","6977","6649","20260613",""
"20260610","경의선","디지털미디어시티","2976","2812","20260613",""
"20260610","경의선","수색","3632","3842","20260613",""
"20260610","경의선","한국항공대","3980","3804","20260613",""
"20260610","경의선","강매","3818","3198","20260613",""
"20260610","경의선","행신","8540","8539","20260613",""
"20260610","경의선","능곡","5192","4915","20260613",""
"20260610","경의선","곡산","673","741","20260613",""
"20260610","경의선","백마","8734","8744","20260613",""
"20260610","경의선","풍산","7233","6741","20260613",""
"20260610","경의선","일산","11906","11990","20260613",""
"20260610","경의선","탄현","8797","8457","20260613",""
"20260610","경의선","야당","8323","8511","20260613",""
"20260610","경의선","운정","8916","8453","20260613",""
"20260610","경의선","금릉","5606","5402","20260613",""
"20260610","경의선","금촌","7184","6967","20260613",""
"20260610","경의선","월롱","2639","2276","20260613",""
"20260610","경의선","파주","1939","1685","20260613",""
"20260610","경의선","문산","6046","5864","20260613",""
"20260610","경의선","임진강","13","11","20260613",""
"20260610","경의선","운천","3","3","20260613",""
"20260610","경인선","개봉","26454","25986","20260613",""
"20260610","경인선","오류동","13440","12532","20260613",""
"20260610","경인선","역곡","30675","30664","20260613",""
"20260610","경인선","부천","35174","35160","20260613",""
"20260610","경인선","송내","29586","29458","20260613",""
"20260610","경인선","부평","30816","32455","20260613",""
"20260610","경인선","백운","8138","7930","20260613",""
"20260610","경인선","동암","16867","17160","20260613",""
"20260610","경인선","주안","20413","18874","20260613",""
"20260610","경인선","제물포","13008","12659","20260613",""
"20260610","경인선","동인천","14826","13644","20260613",""
"20260610","경인선","인천","4009","3227","20260613",""
"20260610","경인선","구일","10083","10256","20260613",""
"20260610","경인선","소사","9553","9056","20260613",""
"20260610","경인선","부개","9721","9089","20260613",""
"20260610","경인선","간석","6581","6336","20260613",""
"20260610","경인선","도원","3804","3836","20260613",""
"20260610","경인선","온수(성공회대입구)","7506","7147","20260613",""
"20260610","경인선","중동","10682","9993","20260613",""
"20260610","경인선","도화","4774","4370","20260613",""
"20260610","경춘선","신내","3562","3320","20260613",""
"20260610","경춘선","갈매","3121","2872","20260613",""
"20260610","경춘선","별내","2817","2666","20260613",""
"20260610","경춘선","퇴계원","3839","3571","20260613",""
"20260610","경춘선","사릉","2454","2382","20260613",""
"20260610","경춘선","금곡","2028","1976","20260613",""
"20260610","경춘선","평내호평","7664","7507","20260613",""
"20260610","경춘선","천마산","1933","1763","20260613",""
"20260610","경춘선","마석","4648","4593","20260613",""
"20260610","경춘선","대성리","484","429","20260613",""
"20260610","경춘선","청평","1720","1723","20260613",""
"20260610","경춘선","상천","308","304","20260613",""
"20260610","경춘선","가평","1971","1966","20260613",""
"20260610","경춘선","굴봉산","109","100","20260613",""
"20260610","경춘선","백양리","89","94","20260613",""
"20260610","경춘선","강촌","475","474","20260613",""
"20260610","경춘선","김유정","405","438","20260613",""
"20260610","경춘선","남춘천","2982","3004","20260613",""
"20260610","경춘선","춘천","2109","1766","20260613",""
"20260610","공항철도 1호선","서울역","13211","11471","20260613",""
"20260610","공항철도 1호선","공덕","3660","4593","20260613",""
"20260610","공항철도 1호선","홍대입구","14651","14280","20260613",""
"20260610","공항철도 1호선","디지털미디어시티","16657","15833","20260613",""
"20260610","공항철도 1호선","마곡나루(서울식물원)","19059","18222","20260613",""
"20260610","공항철도 1호선","김포공항","9035","5209","20260613",""
"20260610","공항철도 1호선","계양","10434","10436","20260613",""
"20260610","공항철도 1호선","검암","6894","6957","20260613",""
"20260610","공항철도 1호선","청라국제도시","8978","8475","20260613",""
"20260610","공항철도 1호선","운서","10837","11299","20260613",""
"20260610","공항철도 1호선","공항화물청사","2322","2423","20260613",""
"20260610","공항철도 1호선","인천공항1터미널","13110","11657","20260613",""
"20260610","공항철도 1호선","인천공항2터미널","10492","8252","20260613",""
"20260610","공항철도 1호선","영종","4899","5124","20260613",""
"20260610","과천선","선바위","8734","7863","20260613",""
"20260610","과천선","경마공원","1598","1544","20260613",""
"20260610","과천선","대공원","3477","3443","20260613",""
"20260610","과천선","과천","6002","5366","20260613",""
"20260610","과천선","정부과천청사","16512","17458","20260613",""
"20260610","과천선","인덕원","31150","32114","20260613",""
"20260610","과천선","평촌","21145","20472","20260613",""
"20260610","과천선","범계","32522","32866","20260613",""
"20260610","분당선","선릉","14825","22342","20260613",""
"20260610","분당선","한티","17463","18832","20260613",""
"20260610","분당선","도곡","8913","8495","20260613",""
"20260610","분당선","구룡","4313","4284","20260613",""
"20260610","분당선","개포동","4668","4760","20260613",""
"20260610","분당선","대모산입구","6743","6553","20260613",""
"20260610","분당선","수서","19977","20946","20260613",""
"20260610","분당선","복정","1","0","20260613",""
"20260610","분당선","수원","8957","8317","20260613",""
"20260610","분당선","서울숲","14959","15406","20260613",""
"20260610","분당선","압구정로데오","19494","21174","20260613",""
"20260610","분당선","강남구청","11105","12698","20260613",""
"20260610","분당선","선정릉","8749","9077","20260613",""
"20260610","분당선","가천대","16368","16091","20260613",""
"20260610","분당선","태평","14567","14169","20260613",""
"20260610","분당선","모란","21635","22412","20260613",""
"20260610","분당선","야탑","29373","31267","20260613",""
"20260610","분당선","서현","26395","26789","20260613",""
"20260610","분당선","수내","14413","14531","20260613",""
"20260610","분당선","정자","22640","23914","20260613",""
"20260610","분당선","미금","17786","18484","20260613",""
"20260610","분당선","오리","12811","11149","20260613",""
"20260610","분당선","이매","6515","6007","20260613",""
"20260610","분당선","보정","3088","2782","20260613",""
"20260610","분당선","죽전","16379","18183","20260613",""
"20260610","분당선","구성","8958","9025","20260613",""
"20260610","분당선","신갈","5787","5753","20260613",""
"20260610","분당선","기흥","12956","12431","20260613",""
"20260610","분당선","상갈","6205","5826","20260613",""
"20260610","분당선","청명","5727","5466","20260613",""
"20260610","분당선","영통","10386","10543","20260613",""
"20260610","분당선","망포","17679","17379","20260613",""
"20260610","분당선","매탄권선","6506","6413","20260613",""
"20260610","분당선","수원시청","16049","16849","20260613",""
"20260610","분당선","매교","6339","6314","20260613",""
"20260610","서해선","김포공항","2983","4478","20260613",""
"20260610","서해선","원종","6024","5859","20260613",""
"20260610","서해선","부천종합운동장","3649","3161","20260613",""
"20260610","수인선","고색","7313","7219","20260613",""
"20260610","수인선","오목천","6067","5111","20260613",""
"20260610","수인선","어천","1838","1850","20260613",""
"20260610","수인선","야목","878","763","20260613",""
"20260610","수인선","사리","6061","5412","20260613",""
"20260610","수인선","달월","109","77","20260613",""
"20260610","수인선","월곶","3848","3567","20260613",""
"20260610","수인선","소래포구","5878","5479","20260613",""
"20260610","수인선","인천논현","6255","6758","20260613",""
"20260610","수인선","호구포","4825","4935","20260613",""
"20260610","수인선","남동인더스파크","2742","3105","20260613",""
"20260610","수인선","원인재","5008","5240","20260613",""
"20260610","수인선","연수","5278","5274","20260613",""
"20260610","수인선","송도","3130","2901","20260613",""
"20260610","수인선","인하대","9463","8841","20260613",""
"20260610","수인선","숭의","5597","5196","20260613",""
"20260610","수인선","신포","2089","2096","20260613",""
"20260610","수인선","인천","1041","1654","20260613",""
"20260610","신림선","샛강","3697","4291","20260613",""
"20260610","신림선","대방","4006","3048","20260613",""
"20260610","신림선","서울지방병무청","3703","4020","20260613",""
"20260610","신림선","보라매","5614","4973","20260613",""
"20260610","신림선","보라매공원","2964","3281","20260613",""
"20260610","신림선","보라매병원","10099","10664","20260613",""
"20260610","신림선","당곡","5649","5420","20260613",""
"20260610","신림선","신림","2595","3172","20260613",""
"20260610","신림선","서원","3989","3580","20260613",""
"20260610","신림선","서울대벤처타운","11220","10407","20260613",""
"20260610","신림선","관악산(서울대)","3891","3623","20260613",""
"20260610","안산선","산본","18869","20143","20260613",""
"20260610","안산선","대야미","6009","5407","20260613",""
"20260610","안산선","반월","5015","4841","20260613",""
"20260610","안산선","상록수","17521","17721","20260613",""
"20260610","안산선","한대앞","11590","11934","20260613",""
"20260610","안산선","중앙","20877","21705","20260613",""
"20260610","안산선","고잔","10519","10054","20260613",""
"20260610","안산선","초지","5838","6069","20260613",""
"20260610","안산선","안산","12914","11817","20260613",""
"20260610","안산선","신길온천","2393","2136","20260613",""
"20260610","안산선","정왕","12403","12379","20260613",""
"20260610","안산선","오이도","8927","8844","20260613",""
"20260610","안산선","수리산","4785","3979","20260613",""
"20260610","우이신설선","북한산우이","3088","2914","20260613",""
"20260610","우이신설선","솔밭공원","3095","2926","20260613",""
"20260610","우이신설선","4.19민주묘지","4719","4653","20260613",""
"20260610","우이신설선","가오리","4876","4989","20260613",""
"20260610","우이신설선","화계","4294","4102","20260613",""
"20260610","우이신설선","삼양","2784","3052","20260613",""
"20260610","우이신설선","삼양사거리","3282","3223","20260613",""
"20260610","우이신설선","솔샘","6734","6442","20260613",""
"20260610","우이신설선","북한산보국문","7263","6820","20260613",""
"20260610","우이신설선","정릉","5445","4979","20260613",""
"20260610","우이신설선","성신여대입구(돈암)","4226","4422","20260613",""
"20260610","우이신설선","보문","2014","2044","20260613",""
"20260610","우이신설선","신설동","2927","2768","20260613",""
"20260610","일산선","원흥","13038","12606","20260613",""
"20260610","일산선","삼송","22669","22036","20260613",""
"20260610","일산선","원당","13361","13074","20260613",""
"20260610","일산선","화정","20172","20799","20260613",""
"20260610","일산선","대곡","14535","12902","20260613",""
"20260610","일산선","백석","11410","11769","20260613",""
"20260610","일산선","마두","9509","9638","20260613",""
"20260610","일산선","정발산","8145","8053","20260613",""
"20260610","일산선","주엽","10365","10240","20260613",""
"20260610","일산선","대화","12955","10518","20260613",""
"20260610","장항선","봉명","1694","1626","20260613",""
"20260610","장항선","쌍용(나사렛대)","3619","3414","20260613",""
"20260610","장항선","아산","4851","4496","20260613",""
"20260610","장항선","탕정","2832","2200","20260613",""
"20260610","장항선","배방","1374","1407","20260613",""
"20260610","장항선","온양온천","4716","4999","20260613",""
"20260611","중앙선","아신","608","592","20260614",""
"20260611","중앙선","국수","732","715","20260614",""
"20260611","중앙선","오빈","348","367","20260614",""
"20260611","3호선","불광","18473","19602","20260614",""
"20260611","중앙선","덕소","6099","6124","20260614",""
"20260611","중앙선","도심","3393","2697","20260614",""
"20260611","중앙선","팔당","961","962","20260614",""
"20260611","중앙선","운길산","858","802","20260614",""
"20260611","중앙선","양수","2028","2112","20260614",""
"20260611","중앙선","신원","177","161","20260614",""
"20260611","5호선","명일","9279","9276","20260614",""
"20260611","안산선","정왕","12571","12484","20260614",""
"20260611","안산선","오이도","8740","8747","20260614",""
"20260611","안산선","수리산","4700","3933","20260614",""
"20260611","우이신설선","북한산우이","3185","2917","20260614",""
"20260611","중앙선","양평","3444","3776","20260614",""
"20260611","중앙선","양정","545","480","20260614",""
"20260611","중앙선","도농","10998","10216","20260614",""
"20260611","중앙선","구리","8115","8550","20260614",""
"20260611","중앙선","양원","3819","3772","20260614",""
"20260611","중앙선","망우","8332","7996","20260614",""
"20260611","중앙선","상봉","6621","6484","20260614",""
"20260611","중앙선","중랑","6199","5844","20260614",""
"20260611","중앙선","회기","31778","30185","20260614",""
"20260611","장항선","신창(순천향대)","3544","2842","20260614",""
"20260611","장항선","온양온천","4910","5105","20260614",""
"20260611","장항선","배방","1529","1452","20260614",""
"20260611","장항선","탕정","2936","2363","20260614",""
"20260611","장항선","아산","5059","4686","20260614",""
"20260611","장항선","쌍용(나사렛대)","3881","3690","20260614",""
"20260611","장항선","봉명","1609","1558","20260614",""
"20260611","일산선","대화","12653","10372","20260614",""
"20260611","일산선","주엽","10249","10182","20260614",""
"20260611","일산선","정발산","7806","7867","20260614",""
"20260611","일산선","마두","9013","9216","20260614",""
"20260611","일산선","백석","11579","11833","20260614",""
"20260611","일산선","대곡","14604","12767","20260614",""
"20260611","일산선","화정","19521","20144","20260614",""
"20260611","일산선","원당","13311","13043","20260614",""
"20260611","일산선","삼송","22682","22072","20260614",""
"20260611","일산선","원흥","13223","12805","20260614",""
"20260611","우이신설선","신설동","2905","2779","20260614",""
"20260611","우이신설선","보문","2072","2004","20260614",""
"20260611","우이신설선","성신여대입구(돈암)","4149","4436","20260614",""
"20260611","우이신설선","정릉","5555","5027","20260614",""
"20260611","우이신설선","북한산보국문","7316","6696","20260614",""
"20260611","우이신설선","솔샘","6646","6457","20260614",""
"20260611","우이신설선","삼양사거리","3217","3128","20260614",""
"20260611","우이신설선","삼양","2755","3057","20260614",""
"20260611","우이신설선","화계","4346","4129","20260614",""
"20260611","우이신설선","가오리","4870","4993","20260614",""
"20260611","우이신설선","4.19민주묘지","4843","4681","20260614",""
"20260611","1호선","서울역","89365","85819","20260614",""
"20260611","1호선","시청","32942","33161","20260614",""
"20260611","1호선","종각","46039","46223","20260614",""
"20260611","1호선","종로3가","28413","24671","20260614",""
"20260611","1호선","종로5가","26703","26560","20260614",""
"20260611","1호선","동대문","14577","13956","20260614",""
"20260611","1호선","신설동","16409","15808","20260614",""
"20260611","1호선","제기동","17679","18091","20260614",""
"20260611","1호선","청량리(서울시립대입구)","25755","25290","20260614",""
"20260611","1호선","동묘앞","10122","10211","20260614",""
"20260611","2호선","시청","32934","31461","20260614",""
"20260611","2호선","을지로입구","60072","61970","20260614",""
"20260611","2호선","을지로3가","29277","29607","20260614",""
"20260611","2호선","을지로4가","17722","17569","20260614",""
"20260611","2호선","동대문역사문화공원(DDP)","17315","19652","20260614",""
"20260611","2호선","신당","17097","17530","20260614",""
"20260611","2호선","상왕십리","16641","16362","20260614",""
"20260611","2호선","왕십리(성동구청)","18349","15869","20260614",""
"20260611","2호선","한양대","17039","18763","20260614",""
"20260611","2호선","뚝섬","30132","31976","20260614",""
"20260611","2호선","성수","59224","64021","20260614",""
"20260611","2호선","건대입구","39956","41182","20260614",""
"20260611","2호선","구의(광진구청)","32825","32170","20260614",""
"20260611","2호선","강변(동서울터미널)","28615","25379","20260614",""
"20260611","2호선","잠실나루","18742","18162","20260614",""
"20260611","2호선","잠실(송파구청)","82593","82191","20260614",""
"20260611","2호선","잠실새내","26636","25653","20260614",""
"20260611","2호선","종합운동장","20060","22156","20260614",""
"20260611","2호선","삼성(무역센터)","65533","61187","20260614",""
"20260611","2호선","선릉","67963","60210","20260614",""
"20260611","2호선","역삼","58721","66852","20260614",""
"20260611","2호선","강남","90875","88514","20260614",""
"20260611","2호선","교대(법원.검찰청)","36570","43808","20260614",""
"20260611","2호선","서초","25239","25025","20260614",""
"20260611","2호선","방배","20913","21597","20260614",""
"20260611","2호선","사당","48195","50635","20260614",""
"20260611","2호선","낙성대(강감찬)","31746","30938","20260614",""
"20260611","2호선","서울대입구(관악구청)","53425","51231","20260614",""
"20260611","2호선","봉천","27750","26030","20260614",""
"20260611","2호선","신림","61747","61007","20260614",""
"20260611","2호선","신대방","27606","26788","20260614",""
"20260611","2호선","구로디지털단지","65555","64781","20260614",""
"20260611","2호선","대림(구로구청)","27315","28113","20260614",""
"20260611","2호선","신도림","54316","52158","20260614",""
"20260611","2호선","문래","26447","26840","20260614",""
"20260611","2호선","영등포구청","26518","27545","20260614",""
"20260611","2호선","당산","22275","25458","20260614",""
"20260611","2호선","합정","33540","36108","20260614",""
"20260611","2호선","홍대입구","71621","75248","20260614",""
"20260611","2호선","신촌","42494","42518","20260614",""
"20260611","2호선","이대","21170","22599","20260614",""
"20260611","2호선","아현","12670","11963","20260614",""
"20260611","2호선","충정로(경기대입구)","11963","12784","20260614",""
"20260611","2호선","용답","3387","3289","20260614",""
"20260611","2호선","신답","1997","2220","20260614",""
"20260611","2호선","신설동","4062","4060","20260614",""
"20260611","2호선","도림천","1545","1569","20260614",""
"20260611","2호선","양천구청","7816","8383","20260614",""
"20260611","2호선","신정네거리","11297","11611","20260614",""
"20260611","2호선","용두(동대문구청)","2687","2706","20260614",""
"20260611","3호선","지축","8872","9024","20260614",""
"20260611","3호선","구파발","24949","24015","20260614",""
"20260611","3호선","연신내","42058","39895","20260614",""
"20260611","3호선","녹번","17665","16462","20260614",""
"20260611","3호선","홍제","20905","19946","20260614",""
"20260611","3호선","무악재","4937","4876","20260614",""
"20260611","3호선","독립문","9015","9338","20260614",""
"20260611","3호선","경복궁(정부서울청사)","30693","30832","20260614",""
"20260611","3호선","안국","29515","30675","20260614",""
"20260611","3호선","종로3가","13091","14538","20260614",""
"20260611","3호선","을지로3가","14912","14314","20260614",""
"20260611","3호선","충무로","4","0","20260614",""
"20260611","3호선","동대입구","12851","14735","20260614",""
"20260611","3호선","약수","14619","14278","20260614",""
"20260611","3호선","금호","9191","8692","20260614",""
"20260611","3호선","옥수","10592","10919","20260614",""
"20260611","3호선","압구정","34021","36483","20260614",""
"20260611","3호선","신사","29552","31073","20260614",""
"20260611","3호선","잠원","8455","8177","20260614",""
"20260611","3호선","고속터미널","48765","45519","20260614",""
"20260611","3호선","교대(법원.검찰청)","20305","11672","20260614",""
"20260611","3호선","남부터미널(예술의전당)","34947","35130","20260614",""
"20260611","3호선","양재(서초구청)","45828","48281","20260614",""
"20260611","3호선","매봉","15460","15027","20260614",""
"20260611","3호선","도곡","7409","7275","20260614",""
"20260611","3호선","대치","14137","14137","20260614",""
"20260611","3호선","학여울","3327","3329","20260614",""
"20260611","3호선","대청","12657","11719","20260614",""
"20260611","3호선","일원","13539","13406","20260614",""
"20260611","3호선","수서","20806","20547","20260614",""
"20260611","3호선","가락시장","10688","10400","20260614",""
"20260611","3호선","경찰병원","9129","9102","20260614",""
"20260611","3호선","오금","7772","7023","20260614",""
"20260611","4호선","불암산","11123","9576","20260614",""
"20260611","4호선","상계","22343","21083","20260614",""
"20260611","4호선","노원","23108","25670","20260614",""
"20260611","4호선","창동","31233","32748","20260614",""
"20260611","4호선","쌍문","33270","31008","20260614",""
"20260611","4호선","수유(강북구청)","37938","38467","20260614",""
"20260611","4호선","미아(서울사이버대학)","18609","18073","20260614",""
"20260611","4호선","미아사거리","29007","28854","20260614",""
"20260611","4호선","길음","25686","25649","20260614",""
"20260611","4호선","성신여대입구(돈암)","26731","25321","20260614",""
"20260611","4호선","한성대입구(삼선교)","18571","17521","20260614",""
"20260611","4호선","혜화","41142","40862","20260614",""
"20260611","4호선","동대문","22327","22541","20260614",""
"20260611","4호선","동대문역사문화공원(DDP)","23453","21114","20260614",""
"20260611","4호선","충무로","39616","39871","20260614",""
"20260611","4호선","명동","41019","43200","20260614",""
"20260611","4호선","회현(남대문시장)","33263","34867","20260614",""
"20260611","4호선","서울역","15745","25393","20260614",""
"20260611","4호선","숙대입구(갈월)","18881","18308","20260614",""
"20260611","4호선","삼각지(전쟁기념관)","6720","7781","20260614",""
"20260611","4호선","신용산","24279","26432","20260614",""
"20260611","4호선","이촌(국립중앙박물관)","10917","11650","20260614",""
"20260611","4호선","동작(현충원)","2228","2315","20260614",""
"20260611","4호선","총신대입구(이수)","21971","23654","20260614",""
"20260611","4호선","사당","29201","25626","20260614",""
"20260611","4호선","남태령","1753","1569","20260614",""
"20260611","5호선","방화","8057","7841","20260614",""
"20260611","5호선","개화산","6975","6620","20260614",""
"20260611","5호선","김포공항","14607","8462","20260614",""
"20260611","5호선","송정","7003","6810","20260614",""
"20260611","5호선","마곡","19266","19348","20260614",""
"20260611","5호선","발산","27885","28607","20260614",""
"20260611","5호선","우장산","17410","17320","20260614",""
"20260611","5호선","화곡","32581","30545","20260614",""
"20260611","5호선","까치산","31356","30286","20260614",""
"20260611","5호선","신정(은행정)","15365","12760","20260614",""
"20260611","5호선","목동","19070","21082","20260614",""
"20260611","5호선","오목교(목동운동장앞)","23539","25326","20260614",""
"20260611","5호선","양평","9970","9772","20260614",""
"20260611","5호선","영등포구청","5995","6085","20260614",""
"20260611","5호선","영등포시장","13101","12731","20260614",""
"20260611","5호선","신길","5859","6101","20260614",""
"20260611","5호선","여의도","34159","36643","20260614",""
"20260611","5호선","여의나루","15232","16919","20260614",""
"20260611","5호선","마포","17386","17776","20260614",""
"20260611","5호선","공덕","17073","17992","20260614",""
"20260611","5호선","애오개","7986","7651","20260614",""
"20260611","5호선","충정로(경기대입구)","6033","6387","20260614",""
"20260611","중앙선","원덕","405","369","20260614",""
"20260611","중앙선","용문","2023","1998","20260614",""
"20260611","중앙선","지평","70","80","20260614",""
"20260611","5호선","서대문","22942","23302","20260614",""
"20260611","5호선","광화문(세종문화회관)","40606","43068","20260614",""
"20260611","5호선","종로3가","16583","16296","20260614",""
"20260611","5호선","을지로4가","8510","8341","20260614",""
"20260611","5호선","동대문역사문화공원(DDP)","3928","4389","20260614",""
"20260611","5호선","청구","4112","3742","20260614",""
"20260611","5호선","신금호","7506","7972","20260614",""
"20260611","5호선","행당","9247","8213","20260614",""
"20260611","5호선","왕십리(성동구청)","5249","5930","20260614",""
"20260611","5호선","마장","6764","6371","20260614",""
"20260611","5호선","답십리","18839","16900","20260614",""
"20260611","5호선","장한평","23475","23290","20260614",""
"20260611","5호선","군자(능동)","13752","15184","20260614",""
"20260611","5호선","아차산(어린이대공원후문)","16785","16378","20260614",""
"20260611","5호선","광나루(장신대)","12750","12186","20260614",""
"20260611","5호선","천호(풍납토성)","23196","22558","20260614",""
"20260611","5호선","강동","21211","20655","20260614",""
"20260611","5호선","길동","10139","10462","20260614",""
"20260611","5호선","굽은다리(강동구민회관앞)","10712","10248","20260614",""
"20260611","5호선","고덕","12225","11961","20260614",""
"20260611","5호선","상일동","16989","16201","20260614",""
"20260611","5호선","둔촌동","15392","15408","20260614",""
"20260611","5호선","올림픽공원(한국체대)","6985","6565","20260614",""
"20260611","5호선","방이","8762","9006","20260614",""
"20260611","5호선","오금","4340","4527","20260614",""
"20260611","5호선","개롱","7641","7927","20260614",""
"20260611","5호선","거여","11853","11780","20260614",""
"20260611","5호선","마천","8460","7400","20260614",""
"20260611","5호선","강일","7071","6638","20260614",""
"20260611","5호선","미사","20785","21178","20260614",""
"20260611","5호선","하남풍산","5417","5359","20260614",""
"20260611","5호선","하남시청(덕풍·신장)","9957","9538","20260614",""
"20260611","5호선","하남검단산","7331","6784","20260614",""
"20260611","6호선","응암","20410","20445","20260614",""
"20260611","6호선","역촌","4443","5223","20260614",""
"20260611","6호선","불광","5338","4901","20260614",""
"20260611","6호선","독바위","2885","3145","20260614",""
"20260611","6호선","연신내","2","0","20260614",""
"20260611","6호선","구산","9169","7216","20260614",""
"20260611","6호선","새절(신사)","15218","14336","20260614",""
"20260611","6호선","증산(명지대앞)","10512","10367","20260614",""
"20260611","6호선","디지털미디어시티","17152","18434","20260614",""
"20260611","6호선","월드컵경기장(성산)","4422","4486","20260614",""
"20260611","6호선","마포구청","16975","15506","20260614",""
"20260611","6호선","망원","17243","18402","20260614",""
"20260611","6호선","합정","14345","14185","20260614",""
"20260611","6호선","상수","11947","13354","20260614",""
"20260611","6호선","광흥창(서강)","11424","10889","20260614",""
"20260611","6호선","대흥(서강대앞)","12418","12994","20260614",""
"20260611","6호선","공덕","22134","22004","20260614",""
"20260611","6호선","효창공원앞","9530","8778","20260614",""
"20260611","6호선","삼각지(전쟁기념관)","8764","7786","20260614",""
"20260611","6호선","녹사평(용산구청)","5727","5963","20260614",""
"20260611","6호선","이태원","11979","13572","20260614",""
"20260611","6호선","한강진","10370","12735","20260614",""
"20260611","6호선","버티고개","2522","2474","20260614",""
"20260611","6호선","약수","4408","4139","20260614",""
"20260611","6호선","청구","4309","4434","20260614",""
"20260611","6호선","신당","9884","10112","20260614",""
"20260611","6호선","동묘앞","10712","11601","20260614",""
"20260611","6호선","창신","4439","3798","20260614",""
"20260611","6호선","보문","9434","8940","20260614",""
"20260611","6호선","안암(고대병원앞)","17400","17449","20260614",""
"20260611","6호선","고려대(종암)","11115","10390","20260614",""
"20260611","6호선","월곡(동덕여대)","15029","14325","20260614",""
"20260611","6호선","상월곡(한국과학기술연구원)","8476","8165","20260614",""
"20260611","6호선","돌곶이","14072","13182","20260614",""
"20260611","6호선","석계","14614","14805","20260614",""
"20260611","6호선","태릉입구","6490","7270","20260614",""
"20260611","6호선","화랑대(서울여대입구)","13714","11371","20260614",""
"20260611","6호선","봉화산(서울의료원)","9858","9219","20260614",""
"20260611","7호선","장암","3246","1147","20260614",""
"20260611","7호선","도봉산","10462","11928","20260614",""
"20260611","7호선","수락산","14175","14132","20260614",""
"20260611","7호선","마들","15434","14740","20260614",""
"20260611","7호선","노원","22561","24095","20260614",""
"20260611","7호선","중계","17179","16035","20260614",""
"20260611","7호선","하계","20645","19566","20260614",""
"20260611","7호선","공릉(서울과학기술대)","14619","14179","20260614",""
"20260611","7호선","태릉입구","9924","9424","20260614",""
"20260611","7호선","먹골","11620","11527","20260614",""
"20260611","7호선","중화","12646","12544","20260614",""
"20260611","7호선","상봉","20542","19788","20260614",""
"20260611","7호선","면목","17255","16938","20260614",""
"20260611","7호선","사가정","18449","18676","20260614",""
"20260611","7호선","용마산(용마폭포공원)","6554","6355","20260614",""
"20260611","7호선","중곡","12651","12021","20260614",""
"20260611","7호선","군자(능동)","17657","14040","20260614",""
"20260611","7호선","어린이대공원(세종대)","21313","21735","20260614",""
"20260611","7호선","건대입구","16324","16579","20260614",""
"20260611","7호선","자양(뚝섬한강공원)","10797","10348","20260614",""
"20260611","7호선","청담","21661","23918","20260614",""
"20260611","7호선","강남구청","19027","21792","20260614",""
"20260611","7호선","학동","26972","27613","20260614",""
"20260611","7호선","논현","21879","22495","20260614",""
"20260611","7호선","반포","7867","7514","20260614",""
"20260611","7호선","고속터미널","17776","16055","20260614",""
"20260611","7호선","내방","18078","18199","20260614",""
"20260611","7호선","이수","19574","19418","20260614",""
"20260611","7호선","남성","13134","12490","20260614",""
"20260611","7호선","숭실대입구(살피재)","18074","17806","20260614",""
"20260611","7호선","상도","14936","14963","20260614",""
"20260611","7호선","장승배기","11098","10864","20260614",""
"20260611","7호선","신대방삼거리","17097","16705","20260614",""
"20260611","7호선","보라매","7615","7994","20260614",""
"20260611","7호선","신풍","13776","12966","20260614",""
"20260611","7호선","대림(구로구청)","9706","9886","20260614",""
"20260611","7호선","남구로","17510","18415","20260614",""
"20260611","7호선","가산디지털단지","51076","51682","20260614",""
"20260611","7호선","철산","25888","26564","20260614",""
"20260611","7호선","광명사거리","25675","25220","20260614",""
"20260611","7호선","천왕","14022","13670","20260614",""
"20260611","7호선","온수(성공회대입구)","12394","11340","20260614",""
"20260611","8호선","암사역사공원","8546","7706","20260614",""
"20260611","8호선","암사","18457","17144","20260614",""
"20260611","8호선","천호(풍납토성)","20482","23180","20260614",""
"20260611","8호선","강동구청","12540","12745","20260614",""
"20260611","8호선","몽촌토성(평화의문)","9706","10123","20260614",""
"20260611","8호선","잠실(송파구청)","19868","22804","20260614",""
"20260611","8호선","석촌","10095","11086","20260614",""
"20260611","8호선","송파","11611","11300","20260614",""
"20260611","8호선","가락시장","9771","10670","20260614",""
"20260611","8호선","문정","27117","28563","20260614",""
"20260611","8호선","장지","19381","17843","20260614",""
"20260611","8호선","복정","11736","10074","20260614",""
"20260611","8호선","산성","7283","7484","20260614",""
"20260611","8호선","남한산성입구(성남법원.검찰청)","15725","14456","20260614",""
"20260611","8호선","단대오거리","14247","13484","20260614",""
"20260611","8호선","신흥","6114","6141","20260614",""
"20260611","8호선","수진","6076","5837","20260614",""
"20260611","8호선","모란","5406","4206","20260614",""
"20260611","8호선","남위례","9726","9603","20260614",""
"20260611","9호선","개화","2897","1924","20260614",""
"20260611","9호선","김포공항","6008","10416","20260614",""
"20260611","9호선","공항시장","3200","3372","20260614",""
"20260611","9호선","신방화","7691","7664","20260614",""
"20260611","9호선","마곡나루(서울식물원)","18723","18270","20260614",""
"20260611","9호선","양천향교","13214","13628","20260614",""
"20260611","9호선","가양","25325","24771","20260614",""
"20260611","9호선","증미","9508","9217","20260614",""
"20260611","9호선","등촌","14948","14277","20260614",""
"20260611","9호선","염창","20694","20099","20260614",""
"20260611","9호선","신목동","5601","4936","20260614",""
"20260611","9호선","선유도","10742","9898","20260614",""
"20260611","9호선","당산","22372","22031","20260614",""
"20260611","9호선","국회의사당","19617","20488","20260614",""
"20260611","9호선","여의도","36687","35975","20260614",""
"20260611","9호선","샛강","8051","8115","20260614",""
"20260611","9호선","노량진","30067","29361","20260614",""
"20260611","9호선","노들","5618","4598","20260614",""
"20260611","9호선","흑석(중앙대입구)","12088","12255","20260614",""
"20260611","9호선","동작(현충원)","2598","2096","20260614",""
"20260611","9호선","구반포","3209","2849","20260614",""
"20260611","9호선","신반포","5904","5734","20260614",""
"20260611","9호선","고속터미널","16797","21381","20260614",""
"20260611","9호선","사평","4921","4654","20260614",""
"20260611","9호선","신논현","34487","34908","20260614",""
"20260611","9호선2~3단계","언주","13576","14000","20260614",""
"20260611","9호선2~3단계","선정릉","12320","13424","20260614",""
"20260611","9호선2~3단계","삼성중앙","9788","10087","20260614",""
"20260611","9호선2~3단계","봉은사","28003","29882","20260614",""
"20260611","9호선2~3단계","종합운동장","5969","6257","20260614",""
"20260611","9호선2~3단계","삼전","9710","9119","20260614",""
"20260611","9호선2~3단계","석촌고분","8488","8287","20260614",""
"20260611","9호선2~3단계","석촌","11270","10510","20260614",""
"20260611","9호선2~3단계","송파나루","6635","7024","20260614",""
"20260611","9호선2~3단계","한성백제","3924","3583","20260614",""
"20260611","9호선2~3단계","올림픽공원(한국체대)","15335","14654","20260614",""
"20260611","9호선2~3단계","둔촌오륜","5339","5282","20260614",""
"20260611","9호선2~3단계","중앙보훈병원","15854","13695","20260614",""
"20260611","경강선","판교","6839","6890","20260614",""
"20260611","경강선","이매","1147","1124","20260614",""
"20260611","경강선","삼동","2689","2541","20260614",""
"20260611","경강선","경기광주","9782","9341","20260614",""
"20260611","경강선","초월","4242","4050","20260614",""
"20260611","경강선","곤지암","2495","2458","20260614",""
"20260611","경강선","신둔도예촌","2044","1662","20260614",""
"20260611","경강선","이천","3123","3404","20260614",""
"20260611","경강선","부발","2655","2606","20260614",""
"20260611","경강선","세종대왕릉","398","415","20260614",""
"20260611","경강선","여주","3218","3083","20260614",""
"20260611","경강선","성남","1614","1395","20260614",""
"20260611","경부선","서울역","10358","3329","20260614",""
"20260611","경부선","남영","11192","11822","20260614",""
"20260611","경부선","용산","45928","46406","20260614",""
"20260611","경부선","노량진","9612","9734","20260614",""
"20260611","경부선","대방","11982","13716","20260614",""
"20260611","경부선","영등포","43216","43358","20260614",""
"20260611","경부선","신도림","4427","4601","20260614",""
"20260611","경부선","신길","9805","8815","20260614",""
"20260611","경부선","구로","18989","19172","20260614",""
"20260611","경부선","가산디지털단지","20441","23664","20260614",""
"20260611","경부선","금천구청","12439","12806","20260614",""
"20260611","경부선","석수","9465","8847","20260614",""
"20260611","경부선","관악","8206","7996","20260614",""
"20260611","경부선","안양","29151","28993","20260614",""
"20260611","경부선","명학","10847","10882","20260614",""
"20260611","경부선","금정","32497","33169","20260614",""
"20260611","경부선","군포","7784","7558","20260614",""
"20260611","경부선","의왕","11098","11032","20260614",""
"20260611","경부선","성균관대","17984","17519","20260614",""
"20260611","경부선","화서","12377","12224","20260614",""
"20260611","경부선","수원","41432","43373","20260614",""
"20260611","경부선","독산","19149","19256","20260614",""
"20260611","경부선","세류","3983","3652","20260614",""
"20260611","경부선","병점","18621","18976","20260614",""
"20260611","경부선","세마","4002","3884","20260614",""
"20260611","경부선","오산대","4958","4683","20260614",""
"20260611","경부선","오산","12499","12512","20260614",""
"20260611","경부선","진위","1910","1782","20260614",""
"20260611","경부선","송탄","4847","4884","20260614",""
"20260611","경부선","서정리","10068","9491","20260614",""
"20260611","경부선","평택지제","5523","5350","20260614",""
"20260611","경부선","평택","14883","14632","20260614",""
"20260611","경부선","성환","7827","7043","20260614",""
"20260611","경부선","직산","1189","1174","20260614",""
"20260611","경부선","두정","10543","11071","20260614",""
"20260611","경부선","천안","8822","7234","20260614",""
"20260611","경부선","당정","7744","7347","20260614",""
"20260611","경부선","서동탄","1714","1373","20260614",""
"20260611","경부선","광명","4082","3437","20260614",""
"20260611","경원선","이촌(국립중앙박물관)","4421","3667","20260614",""
"20260611","경원선","서빙고","2400","2226","20260614",""
"20260611","경원선","한남","4021","4053","20260614",""
"20260611","경원선","옥수","73","48","20260614",""
"20260611","경원선","응봉","2186","1812","20260614",""
"20260611","경원선","왕십리(성동구청)","18292","18324","20260614",""
"20260611","경원선","청량리(서울시립대입구)","18215","18844","20260614",""
"20260611","경원선","외대앞","14824","14568","20260614",""
"20260611","경원선","신이문","10020","9139","20260614",""
"20260611","경원선","석계","8502","9413","20260614",""
"20260611","경원선","광운대","10746","10144","20260614",""
"20260611","경원선","월계","8808","8195","20260614",""
"20260611","경원선","녹천","5183","4529","20260614",""
"20260611","우이신설선","솔밭공원","3018","2928","20260614",""
"20260611","경원선","창동","3","0","20260614",""
"20260611","경원선","방학","11244","11105","20260614",""
"20260611","경원선","도봉","6905","6692","20260614",""
"20260611","경원선","도봉산","8184","5429","20260614",""
"20260611","경원선","망월사","9818","9855","20260614",""
"20260611","경원선","회룡","15241","14977","20260614",""
"20260611","경원선","의정부","21034","21220","20260614",""
"20260611","경원선","가능","7283","7150","20260614",""
"20260611","경원선","녹양","5034","4769","20260614",""
"20260611","경원선","양주","7977","7708","20260614",""
"20260611","경원선","덕계","7796","7407","20260614",""
"20260611","경원선","덕정","7894","7454","20260614",""
"20260611","경원선","지행","7341","7446","20260614",""
"20260611","경원선","동두천중앙","3383","3272","20260614",""
"20260611","경원선","보산","1886","1547","20260614",""
"20260611","경원선","동두천","2566","2447","20260614",""
"20260611","경원선","소요산","1813","1830","20260614",""
"20260611","경원선","청산","143","116","20260614",""
"20260611","경원선","전곡","1149","1098","20260614",""
"20260611","경원선","연천","1178","1197","20260614",""
"20260611","경의선","서울역","3965","5068","20260614",""
"20260611","경의선","신촌","1252","1494","20260614",""
"20260611","경의선","효창공원앞","3942","4197","20260614",""
"20260611","경의선","공덕","4931","3835","20260614",""
"20260611","경의선","서강대","2832","2794","20260614",""
"20260611","경의선","홍대입구","2203","2507","20260614",""
"20260611","경의선","가좌","6987","6550","20260614",""
"20260611","경의선","디지털미디어시티","2930","2883","20260614",""
"20260611","경의선","수색","3730","3894","20260614",""
"20260611","경의선","한국항공대","3961","3605","20260614",""
"20260611","경의선","강매","3849","3155","20260614",""
"20260611","경의선","행신","8527","8628","20260614",""
"20260611","경의선","능곡","5163","4935","20260614",""
"20260611","경의선","곡산","714","784","20260614",""
"20260611","경의선","백마","8726","8671","20260614",""
"20260611","경의선","풍산","7423","7035","20260614",""
"20260611","경의선","일산","11897","11803","20260614",""
"20260611","경의선","탄현","8858","8625","20260614",""
"20260611","경의선","야당","8408","8451","20260614",""
"20260611","경의선","운정","8830","8574","20260614",""
"20260611","경의선","금릉","5559","5496","20260614",""
"20260611","경의선","금촌","7678","7527","20260614",""
"20260611","경의선","월롱","2505","2167","20260614",""
"20260611","경의선","파주","1979","1647","20260614",""
"20260611","경의선","문산","5972","6096","20260614",""
"20260611","경의선","임진강","41","12","20260614",""
"20260611","경의선","운천","6","1","20260614",""
"20260611","경인선","개봉","26268","26004","20260614",""
"20260611","경인선","오류동","13233","12258","20260614",""
"20260611","경인선","역곡","29893","29914","20260614",""
"20260611","경인선","부천","34527","34316","20260614",""
"20260611","경인선","송내","29348","29463","20260614",""
"20260611","경인선","부평","30850","32494","20260614",""
"20260611","경인선","백운","7798","7627","20260614",""
"20260611","경인선","동암","16666","16910","20260614",""
"20260611","경인선","주안","20152","18337","20260614",""
"20260611","경인선","제물포","13005","12483","20260614",""
"20260611","경인선","동인천","14766","13737","20260614",""
"20260611","경인선","인천","4152","3361","20260614",""
"20260611","경인선","구일","10027","10322","20260614",""
"20260611","경인선","소사","9408","8900","20260614",""
"20260611","경인선","부개","9684","9134","20260614",""
"20260611","경인선","간석","6540","6167","20260614",""
"20260611","경인선","도원","3743","3875","20260614",""
"20260611","경인선","온수(성공회대입구)","7474","6937","20260614",""
"20260611","경인선","중동","10461","9761","20260614",""
"20260611","경인선","도화","4527","4146","20260614",""
"20260611","경춘선","신내","3449","3357","20260614",""
"20260611","경춘선","갈매","3112","2790","20260614",""
"20260611","경춘선","별내","2843","2649","20260614",""
"20260611","경춘선","퇴계원","3811","3582","20260614",""
"20260611","경춘선","사릉","2389","2319","20260614",""
"20260611","경춘선","금곡","1992","2010","20260614",""
"20260611","경춘선","평내호평","7520","7405","20260614",""
"20260611","경춘선","천마산","1809","1669","20260614",""
"20260611","경춘선","마석","4682","4577","20260614",""
"20260611","경춘선","대성리","456","457","20260614",""
"20260611","경춘선","청평","1786","1824","20260614",""
"20260611","경춘선","상천","311","286","20260614",""
"20260611","경춘선","가평","2072","2008","20260614",""
"20260611","경춘선","굴봉산","131","121","20260614",""
"20260611","경춘선","백양리","98","116","20260614",""
"20260611","경춘선","강촌","500","494","20260614",""
"20260611","경춘선","김유정","407","470","20260614",""
"20260611","경춘선","남춘천","3446","3185","20260614",""
"20260611","경춘선","춘천","1644","1284","20260614",""
"20260611","공항철도 1호선","서울역","14196","14155","20260614",""
"20260611","공항철도 1호선","공덕","3683","4684","20260614",""
"20260611","공항철도 1호선","홍대입구","15557","15358","20260614",""
"20260611","공항철도 1호선","디지털미디어시티","17359","16068","20260614",""
"20260611","공항철도 1호선","마곡나루(서울식물원)","19620","19014","20260614",""
"20260611","공항철도 1호선","김포공항","9450","5231","20260614",""
"20260611","공항철도 1호선","계양","10299","10561","20260614",""
"20260611","공항철도 1호선","검암","7126","7187","20260614",""
"20260611","공항철도 1호선","청라국제도시","9074","8726","20260614",""
"20260611","공항철도 1호선","운서","10928","11747","20260614",""
"20260611","공항철도 1호선","공항화물청사","2258","2384","20260614",""
"20260611","공항철도 1호선","인천공항1터미널","14981","11784","20260614",""
"20260611","공항철도 1호선","인천공항2터미널","12694","8362","20260614",""
"20260611","공항철도 1호선","영종","5108","5488","20260614",""
"20260611","과천선","선바위","9158","7952","20260614",""
"20260611","과천선","경마공원","1503","1499","20260614",""
"20260611","과천선","대공원","3814","3976","20260614",""
"20260611","과천선","과천","5976","5651","20260614",""
"20260611","과천선","정부과천청사","16155","17264","20260614",""
"20260611","과천선","인덕원","30519","31357","20260614",""
"20260611","과천선","평촌","21170","20556","20260614",""
"20260611","과천선","범계","32276","32468","20260614",""
"20260611","분당선","선릉","15003","22710","20260614",""
"20260611","분당선","한티","17214","18603","20260614",""
"20260611","분당선","도곡","8679","9027","20260614",""
"20260611","분당선","구룡","4256","4148","20260614",""
"20260611","분당선","개포동","4561","4622","20260614",""
"20260611","분당선","대모산입구","6663","6388","20260614",""
"20260611","분당선","수서","20011","21470","20260614",""
"20260611","분당선","복정","5","0","20260614",""
"20260611","분당선","수원","8955","8532","20260614",""
"20260611","분당선","서울숲","15049","15582","20260614",""
"20260611","분당선","압구정로데오","20037","21951","20260614",""
"20260611","분당선","강남구청","11121","12850","20260614",""
"20260611","분당선","선정릉","8823","9021","20260614",""
"20260611","분당선","가천대","16266","16028","20260614",""
"20260611","분당선","태평","14499","14048","20260614",""
"20260611","분당선","모란","21418","22189","20260614",""
"20260611","분당선","야탑","29217","30768","20260614",""
"20260611","분당선","서현","25697","26491","20260614",""
"20260611","분당선","수내","14306","14422","20260614",""
"20260611","분당선","정자","22506","23991","20260614",""
"20260611","분당선","미금","17350","18084","20260614",""
"20260611","분당선","오리","12762","11185","20260614",""
"20260611","분당선","이매","6242","5874","20260614",""
"20260611","분당선","보정","3083","2715","20260614",""
"20260611","분당선","죽전","16377","17746","20260614",""
"20260611","분당선","구성","8922","9062","20260614",""
"20260611","분당선","신갈","5700","5688","20260614",""
"20260611","분당선","기흥","12878","11935","20260614",""
"20260611","분당선","상갈","6095","5762","20260614",""
"20260611","분당선","청명","5543","5434","20260614",""
"20260611","분당선","영통","10560","10635","20260614",""
"20260611","분당선","망포","17831","17392","20260614",""
"20260611","분당선","매탄권선","6520","6509","20260614",""
"20260611","분당선","수원시청","16065","17092","20260614",""
"20260611","분당선","매교","6318","6198","20260614",""
"20260611","서해선","김포공항","3091","4539","20260614",""
"20260611","서해선","원종","6006","5884","20260614",""
"20260611","서해선","부천종합운동장","3654","3222","20260614",""
"20260611","수인선","고색","7219","7037","20260614",""
"20260611","수인선","오목천","5620","4791","20260614",""
"20260611","수인선","어천","1755","1776","20260614",""
"20260611","수인선","야목","1066","783","20260614",""
"20260611","수인선","사리","5968","5277","20260614",""
"20260611","수인선","달월","118","76","20260614",""
"20260611","수인선","월곶","3642","3415","20260614",""
"20260611","수인선","소래포구","6140","5707","20260614",""
"20260611","수인선","인천논현","6257","6589","20260614",""
"20260611","수인선","호구포","4623","4844","20260614",""
"20260611","수인선","남동인더스파크","2680","3061","20260614",""
"20260611","수인선","원인재","4916","5080","20260614",""
"20260611","수인선","연수","5416","5361","20260614",""
"20260611","수인선","송도","3054","2755","20260614",""
"20260611","수인선","인하대","9289","8747","20260614",""
"20260611","수인선","숭의","5402","4974","20260614",""
"20260611","수인선","신포","2174","2196","20260614",""
"20260611","수인선","인천","1100","1685","20260614",""
"20260611","신림선","샛강","3778","4359","20260614",""
"20260611","신림선","대방","4101","3064","20260614",""
"20260611","신림선","서울지방병무청","3641","3982","20260614",""
"20260611","신림선","보라매","5556","4966","20260614",""
"20260611","신림선","보라매공원","2895","3189","20260614",""
"20260611","신림선","보라매병원","10179","10703","20260614",""
"20260611","신림선","당곡","5617","5221","20260614",""
"20260611","신림선","신림","2558","3174","20260614",""
"20260611","신림선","서원","3976","3518","20260614",""
"20260611","신림선","서울대벤처타운","11205","10304","20260614",""
"20260611","신림선","관악산(서울대)","3832","3544","20260614",""
"20260611","안산선","산본","18577","19992","20260614",""
"20260611","안산선","대야미","5893","5310","20260614",""
"20260611","안산선","반월","5009","4888","20260614",""
"20260611","안산선","상록수","17485","17657","20260614",""
"20260611","안산선","한대앞","11926","12094","20260614",""
"20260611","안산선","중앙","20478","21368","20260614",""
"20260611","안산선","고잔","10694","10343","20260614",""
"20260611","안산선","초지","5549","5642","20260614",""
"20260611","안산선","안산","12685","11757","20260614",""
"20260611","안산선","신길온천","2413","2152","20260614",""
"20260612","5호선","아차산(어린이대공원후문)","16688","16477","20260615",""
"20260612","5호선","광나루(장신대)","13043","12424","20260615",""
"20260612","5호선","천호(풍납토성)","24689","23896","20260615",""
"20260612","5호선","강동","21177","20108","20260615",""
"20260612","5호선","길동","10595","11031","20260615",""
"20260612","5호선","굽은다리(강동구민회관앞)","11196","10513","20260615",""
"20260612","5호선","명일","9497","9554","20260615",""
"20260612","5호선","고덕","11865","11573","20260615",""
"20260612","5호선","상일동","16847","16023","20260615",""
"20260612","5호선","둔촌동","15682","15612","20260615",""
"20260612","5호선","올림픽공원(한국체대)","8301","7852","20260615",""
"20260612","5호선","방이","8921","9327","20260615",""
"20260612","5호선","오금","4400","4495","20260615",""
"20260612","5호선","개롱","7709","7678","20260615",""
"20260612","5호선","거여","11947","11673","20260615",""
"20260612","5호선","마천","8435","7325","20260615",""
"20260612","5호선","강일","7315","6724","20260615",""
"20260612","5호선","미사","21184","21517","20260615",""
"20260612","5호선","하남풍산","5346","5401","20260615",""
"20260612","5호선","하남시청(덕풍·신장)","10170","9683","20260615",""
"20260612","5호선","하남검단산","7405","6828","20260615",""
"20260612","6호선","응암","20772","20424","20260615",""
"20260612","6호선","역촌","4498","5143","20260615",""
"20260612","6호선","불광","5352","5071","20260615",""
"20260612","6호선","독바위","2856","2997","20260615",""
"20260612","6호선","연신내","5","0","20260615",""
"20260612","6호선","구산","9251","7029","20260615",""
"20260612","6호선","새절(신사)","14980","13766","20260615",""
"20260612","6호선","증산(명지대앞)","10404","10086","20260615",""
"20260612","6호선","디지털미디어시티","16872","17812","20260615",""
"20260612","6호선","월드컵경기장(성산)","4725","4955","20260615",""
"20260612","6호선","마포구청","16952","15182","20260615",""
"20260612","6호선","망원","18285","19627","20260615",""
"20260612","6호선","합정","15318","15703","20260615",""
"20260612","6호선","상수","12264","14002","20260615",""
"20260612","6호선","광흥창(서강)","11479","10783","20260615",""
"20260612","6호선","대흥(서강대앞)","12081","12611","20260615",""
"20260612","6호선","공덕","22713","22394","20260615",""
"20260612","6호선","효창공원앞","9312","8457","20260615",""
"20260612","6호선","삼각지(전쟁기념관)","8669","7706","20260615",""
"20260612","6호선","녹사평(용산구청)","6345","6671","20260615",""
"20260612","6호선","이태원","13703","18505","20260615",""
"20260612","6호선","한강진","10722","13323","20260615",""
"20260612","6호선","버티고개","2541","2535","20260615",""
"20260612","6호선","약수","4506","4459","20260615",""
"20260612","6호선","청구","4520","4323","20260615",""
"20260612","6호선","신당","10283","9846","20260615",""
"20260612","6호선","동묘앞","11462","11646","20260615",""
"20260612","6호선","창신","4300","3477","20260615",""
"20260612","6호선","보문","9505","8832","20260615",""
"20260612","6호선","안암(고대병원앞)","14396","14051","20260615",""
"20260612","6호선","고려대(종암)","10155","9261","20260615",""
"20260612","6호선","월곡(동덕여대)","14155","13376","20260615",""
"20260612","6호선","상월곡(한국과학기술연구원)","7635","6819","20260615",""
"20260612","6호선","돌곶이","14228","13175","20260615",""
"20260612","6호선","석계","14442","14639","20260615",""
"20260612","6호선","태릉입구","6475","7307","20260615",""
"20260612","6호선","화랑대(서울여대입구)","13382","10785","20260615",""
"20260612","6호선","봉화산(서울의료원)","9690","9011","20260615",""
"20260612","6호선","신내","1","0","20260615",""
"20260612","7호선","장암","3163","1256","20260615",""
"20260612","7호선","도봉산","9994","11652","20260615",""
"20260612","7호선","수락산","14252","14246","20260615",""
"20260612","7호선","마들","15487","14320","20260615",""
"20260612","7호선","노원","23503","25508","20260615",""
"20260612","7호선","중계","16946","15506","20260615",""
"20260612","7호선","하계","20103","18555","20260615",""
"20260612","7호선","공릉(서울과학기술대)","14915","14488","20260615",""
"20260612","7호선","태릉입구","10046","9350","20260615",""
"20260612","7호선","먹골","11643","11463","20260615",""
"20260612","7호선","중화","12838","12809","20260615",""
"20260612","7호선","상봉","21126","20764","20260615",""
"20260612","7호선","면목","17105","16531","20260615",""
"20260612","7호선","사가정","18578","18581","20260615",""
"20260612","7호선","용마산(용마폭포공원)","6768","6310","20260615",""
"20260612","7호선","중곡","12622","11856","20260615",""
"20260612","7호선","군자(능동)","18406","14506","20260615",""
"20260612","7호선","어린이대공원(세종대)","19967","19794","20260615",""
"20260612","7호선","건대입구","15652","16237","20260615",""
"20260612","7호선","자양(뚝섬한강공원)","12279","12142","20260615",""
"20260612","7호선","청담","21735","23737","20260615",""
"20260612","7호선","강남구청","18565","21321","20260615",""
"20260612","7호선","학동","25757","26980","20260615",""
"20260612","7호선","논현","22059","23337","20260615",""
"20260612","7호선","반포","8468","7987","20260615",""
"20260612","7호선","고속터미널","20913","17955","20260615",""
"20260612","7호선","내방","17469","17389","20260615",""
"20260612","7호선","이수","20772","20351","20260615",""
"20260612","7호선","남성","13350","12346","20260615",""
"20260612","7호선","숭실대입구(살피재)","17442","16907","20260615",""
"20260612","7호선","상도","14594","14058","20260615",""
"20260612","7호선","장승배기","11185","10804","20260615",""
"20260612","7호선","신대방삼거리","17360","16507","20260615",""
"20260612","7호선","보라매","7662","8008","20260615",""
"20260612","7호선","신풍","13617","12763","20260615",""
"20260612","7호선","대림(구로구청)","9561","9975","20260615",""
"20260612","7호선","남구로","16901","17895","20260615",""
"20260612","7호선","가산디지털단지","49459","49715","20260615",""
"20260612","7호선","철산","26570","27460","20260615",""
"20260612","7호선","광명사거리","26070","25562","20260615",""
"20260612","7호선","천왕","13899","13339","20260615",""
"20260612","7호선","온수(성공회대입구)","11959","10838","20260615",""
"20260612","8호선","암사역사공원","8447","7347","20260615",""
"20260612","8호선","암사","18454","17088","20260615",""
"20260612","8호선","천호(풍납토성)","21149","24657","20260615",""
"20260612","8호선","강동구청","12382","12657","20260615",""
"20260612","8호선","몽촌토성(평화의문)","9586","10217","20260615",""
"20260612","8호선","잠실(송파구청)","21047","24552","20260615",""
"20260612","8호선","석촌","10218","11633","20260615",""
"20260612","8호선","송파","11648","11300","20260615",""
"20260612","8호선","가락시장","9922","10953","20260615",""
"20260612","8호선","문정","26695","27924","20260615",""
"20260612","8호선","장지","19653","17813","20260615",""
"20260612","8호선","복정","11851","9997","20260615",""
"20260612","8호선","산성","7078","7212","20260615",""
"20260612","8호선","남한산성입구(성남법원.검찰청)","15445","13730","20260615",""
"20260612","8호선","단대오거리","14168","13305","20260615",""
"20260612","8호선","신흥","6157","6213","20260615",""
"20260612","8호선","수진","6391","5904","20260615",""
"20260612","8호선","모란","5555","4513","20260615",""
"20260612","8호선","남위례","9792","9716","20260615",""
"20260612","9호선","개화","2776","1869","20260615",""
"20260612","9호선","김포공항","6250","10903","20260615",""
"20260612","9호선","공항시장","3186","3309","20260615",""
"20260612","9호선","신방화","7823","7478","20260615",""
"20260612","9호선","마곡나루(서울식물원)","18505","18242","20260615",""
"20260612","9호선","양천향교","12943","13135","20260615",""
"20260612","9호선","가양","25298","24273","20260615",""
"20260612","9호선","증미","9285","8845","20260615",""
"20260612","9호선","등촌","14793","14134","20260615",""
"20260612","9호선","염창","20935","19928","20260615",""
"20260612","9호선","신목동","5584","4971","20260615",""
"20260612","9호선","선유도","10912","9928","20260615",""
"20260612","9호선","당산","23145","22165","20260615",""
"20260612","9호선","국회의사당","19950","20440","20260615",""
"20260612","9호선","여의도","36826","35061","20260615",""
"20260612","9호선","샛강","8173","8044","20260615",""
"20260612","9호선","노량진","31097","30220","20260615",""
"20260612","9호선","노들","5639","4617","20260615",""
"20260612","9호선","흑석(중앙대입구)","11672","11638","20260615",""
"20260612","9호선","동작(현충원)","2280","1919","20260615",""
"20260612","9호선","구반포","3298","3034","20260615",""
"20260612","9호선","신반포","5823","5650","20260615",""
"20260612","9호선","사평","4929","4698","20260615",""
"20260612","9호선","신논현","37223","39065","20260615",""
"20260612","9호선2~3단계","언주","13382","13358","20260615",""
"20260612","9호선2~3단계","선정릉","12182","13033","20260615",""
"20260612","9호선2~3단계","삼성중앙","9570","9974","20260615",""
"20260612","9호선2~3단계","봉은사","27152","29148","20260615",""
"20260612","9호선2~3단계","종합운동장","6273","6524","20260615",""
"20260612","9호선2~3단계","삼전","9813","9257","20260615",""
"20260612","9호선2~3단계","석촌고분","8513","8261","20260615",""
"20260612","9호선2~3단계","석촌","11785","10747","20260615",""
"20260612","9호선2~3단계","송파나루","6737","7417","20260615",""
"20260612","9호선2~3단계","한성백제","4082","3702","20260615",""
"20260612","9호선2~3단계","올림픽공원(한국체대)","19781","19930","20260615",""
"20260612","9호선2~3단계","둔촌오륜","5419","5304","20260615",""
"20260612","9호선2~3단계","중앙보훈병원","15530","13330","20260615",""
"20260612","경강선","판교","7046","6784","20260615",""
"20260612","경강선","이매","1208","1112","20260615",""
"20260612","경강선","삼동","2796","2633","20260615",""
"20260612","경강선","경기광주","9816","9328","20260615",""
"20260612","경강선","초월","4344","3991","20260615",""
"20260612","경강선","곤지암","2480","2463","20260615",""
"20260612","경강선","신둔도예촌","1728","1605","20260615",""
"20260612","경강선","이천","3518","3841","20260615",""
"20260612","경강선","부발","3171","2711","20260615",""
"20260612","경강선","세종대왕릉","464","468","20260615",""
"20260612","경강선","여주","3385","3630","20260615",""
"20260612","경강선","성남","1673","1478","20260615",""
"20260612","경부선","서울역","12561","4398","20260615",""
"20260612","경부선","남영","11066","11652","20260615",""
"20260612","경부선","용산","54049","55086","20260615",""
"20260612","경부선","노량진","10086","10294","20260615",""
"20260612","경부선","대방","11811","13087","20260615",""
"20260612","경부선","영등포","47223","48039","20260615",""
"20260612","경부선","신도림","4507","5060","20260615",""
"20260612","경부선","신길","9936","8713","20260615",""
"20260612","경부선","구로","19081","19384","20260615",""
"20260612","경부선","가산디지털단지","19535","22471","20260615",""
"20260612","경부선","금천구청","12276","12578","20260615",""
"20260612","경부선","석수","9377","8497","20260615",""
"20260612","경부선","관악","7935","7850","20260615",""
"20260612","경부선","안양","27309","27130","20260615",""
"20260612","경부선","명학","10031","9793","20260615",""
"20260612","경부선","금정","32570","33364","20260615",""
"20260612","경부선","군포","7872","7657","20260615",""
"20260612","경부선","의왕","11148","10994","20260615",""
"20260612","경부선","성균관대","18608","17828","20260615",""
"20260612","경부선","화서","12327","12230","20260615",""
"20260612","경부선","수원","43056","46367","20260615",""
"20260612","경부선","독산","19154","19019","20260615",""
"20260612","경부선","세류","4443","3938","20260615",""
"20260612","경부선","병점","18685","18797","20260615",""
"20260612","경부선","세마","4002","3846","20260615",""
"20260612","경부선","오산대","4776","4539","20260615",""
"20260612","경부선","오산","12861","12669","20260615",""
"20260612","경부선","진위","1998","1791","20260615",""
"20260612","경부선","송탄","5436","5072","20260615",""
"20260612","경부선","서정리","11244","9678","20260615",""
"20260612","경부선","평택지제","6088","5769","20260615",""
"20260612","경부선","평택","15594","15381","20260615",""
"20260612","경부선","성환","5624","4762","20260615",""
"20260612","경부선","직산","1307","1252","20260615",""
"20260612","경부선","두정","9868","9292","20260615",""
"20260612","경부선","천안","7794","7615","20260615",""
"20260612","경부선","당정","7593","7014","20260615",""
"20260612","경부선","서동탄","1690","1442","20260615",""
"20260612","경부선","광명","4513","3909","20260615",""
"20260612","경원선","이촌(국립중앙박물관)","4610","3662","20260615",""
"20260612","경원선","서빙고","2436","2192","20260615",""
"20260612","경원선","한남","4042","4138","20260615",""
"20260612","경원선","옥수","83","36","20260615",""
"20260612","경원선","응봉","2219","1774","20260615",""
"20260612","경원선","왕십리(성동구청)","19037","19026","20260615",""
"20260612","경원선","청량리(서울시립대입구)","20517","21247","20260615",""
"20260612","경원선","외대앞","14700","14417","20260615",""
"20260612","경원선","신이문","9917","8972","20260615",""
"20260612","경원선","석계","8462","9150","20260615",""
"20260612","경원선","광운대","10326","9700","20260615",""
"20260612","경원선","월계","8331","7406","20260615",""
"20260612","경원선","녹천","5095","4298","20260615",""
"20260612","경원선","창동","7","0","20260615",""
"20260612","경원선","방학","11444","11089","20260615",""
"20260612","경원선","도봉","6746","6419","20260615",""
"20260612","경원선","도봉산","7910","5061","20260615",""
"20260612","경원선","망월사","8822","8718","20260615",""
"20260612","경원선","회룡","15130","14938","20260615",""
"20260612","경원선","의정부","21646","22451","20260615",""
"20260612","경원선","가능","7481","7179","20260615",""
"20260612","경원선","녹양","5006","4789","20260615",""
"20260612","경원선","양주","7802","7643","20260615",""
"20260612","경원선","덕계","7780","7338","20260615",""
"20260612","경원선","덕정","7855","7354","20260615",""
"20260612","경원선","지행","7660","7794","20260615",""
"20260612","경원선","동두천중앙","3552","3396","20260615",""
"20260612","경원선","보산","1998","1725","20260615",""
"20260612","경원선","동두천","2423","2291","20260615",""
"20260612","경원선","소요산","2042","2041","20260615",""
"20260612","경원선","청산","141","145","20260615",""
"20260612","경원선","전곡","1422","1435","20260615",""
"20260612","경원선","연천","1156","1262","20260615",""
"20260612","경의선","서울역","4051","5342","20260615",""
"20260612","경의선","신촌","1168","1419","20260615",""
"20260612","경의선","효창공원앞","3685","4167","20260615",""
"20260612","경의선","공덕","4949","3986","20260615",""
"20260612","경의선","서강대","2816","2765","20260615",""
"20260612","경의선","홍대입구","2459","2912","20260615",""
"20260612","경의선","가좌","6969","6545","20260615",""
"20260612","경의선","디지털미디어시티","3004","2862","20260615",""
"20260612","경의선","수색","3519","3642","20260615",""
"20260612","경의선","한국항공대","3823","3462","20260615",""
"20260612","경의선","강매","3755","3073","20260615",""
"20260612","경의선","행신","8663","8731","20260615",""
"20260612","경의선","능곡","5189","4854","20260615",""
"20260612","경의선","곡산","722","763","20260615",""
"20260612","경의선","백마","8638","8632","20260615",""
"20260612","경의선","풍산","7466","7132","20260615",""
"20260612","경의선","일산","11694","11853","20260615",""
"20260612","경의선","탄현","8544","8257","20260615",""
"20260612","경의선","야당","8545","9176","20260615",""
"20260612","경의선","운정","8950","8647","20260615",""
"20260612","경의선","금릉","5663","5567","20260615",""
"20260612","경의선","금촌","7691","7327","20260615",""
"20260612","경의선","월롱","2804","2037","20260615",""
"20260612","경의선","파주","1587","1288","20260615",""
"20260612","경의선","문산","6371","6473","20260615",""
"20260612","경의선","임진강","8","37","20260615",""
"20260612","경의선","운천","5","2","20260615",""
"20260612","경인선","개봉","26658","25924","20260615",""
"20260612","경인선","오류동","13088","12081","20260615",""
"20260612","경인선","역곡","29712","29205","20260615",""
"20260612","경인선","부천","35703","35947","20260615",""
"20260612","경인선","송내","29014","29183","20260615",""
"20260612","경인선","부평","32416","35204","20260615",""
"20260612","경인선","백운","7816","7683","20260615",""
"20260612","경인선","동암","16814","17180","20260615",""
"20260612","경인선","주안","20795","18853","20260615",""
"20260612","경인선","제물포","12898","12104","20260615",""
"20260612","경인선","동인천","14758","13857","20260615",""
"20260612","경인선","인천","4064","3365","20260615",""
"20260612","경인선","구일","12901","14458","20260615",""
"20260612","경인선","소사","9228","8755","20260615",""
"20260612","경인선","부개","9521","8751","20260615",""
"20260612","경인선","간석","6594","6124","20260615",""
"20260612","경인선","도원","3807","3885","20260615",""
"20260612","경인선","온수(성공회대입구)","7370","6832","20260615",""
"20260612","경인선","중동","10349","9697","20260615",""
"20260612","경인선","도화","4561","4250","20260615",""
"20260612","경춘선","신내","3418","3295","20260615",""
"20260612","경춘선","갈매","3164","2823","20260615",""
"20260612","경춘선","별내","2937","2703","20260615",""
"20260612","경춘선","퇴계원","3820","3516","20260615",""
"20260612","경춘선","사릉","2341","2355","20260615",""
"20260612","경춘선","금곡","1960","1879","20260615",""
"20260612","경춘선","평내호평","7440","7640","20260615",""
"20260612","경춘선","천마산","1840","1721","20260615",""
"20260612","경춘선","마석","4882","4775","20260615",""
"20260612","경춘선","대성리","533","574","20260615",""
"20260612","경춘선","청평","2032","2277","20260615",""
"20260612","경춘선","상천","285","304","20260615",""
"20260612","경춘선","가평","2095","2275","20260615",""
"20260612","경춘선","굴봉산","112","112","20260615",""
"20260612","경춘선","백양리","82","85","20260615",""
"20260612","경춘선","강촌","350","393","20260615",""
"20260612","경춘선","김유정","421","519","20260615",""
"20260612","경춘선","남춘천","3930","3614","20260615",""
"20260612","경춘선","춘천","2260","1815","20260615",""
"20260612","공항철도 1호선","서울역","15811","15455","20260615",""
"20260612","공항철도 1호선","공덕","3793","4680","20260615",""
"20260612","공항철도 1호선","홍대입구","17193","17209","20260615",""
"20260612","공항철도 1호선","디지털미디어시티","15904","14836","20260615",""
"20260612","공항철도 1호선","마곡나루(서울식물원)","19142","17947","20260615",""
"20260612","공항철도 1호선","김포공항","9655","5282","20260615",""
"20260612","공항철도 1호선","계양","10467","10375","20260615",""
"20260612","공항철도 1호선","검암","7134","7037","20260615",""
"20260612","공항철도 1호선","청라국제도시","9336","8734","20260615",""
"20260612","공항철도 1호선","운서","11464","12271","20260615",""
"20260612","공항철도 1호선","공항화물청사","2286","3246","20260615",""
"20260612","공항철도 1호선","인천공항1터미널","15660","12319","20260615",""
"20260612","공항철도 1호선","인천공항2터미널","13309","9486","20260615",""
"20260612","공항철도 1호선","영종","5126","5446","20260615",""
"20260612","과천선","선바위","9087","7968","20260615",""
"20260612","과천선","경마공원","6745","6767","20260615",""
"20260612","과천선","대공원","4543","4653","20260615",""
"20260612","과천선","과천","6096","5546","20260615",""
"20260612","과천선","정부과천청사","16502","17302","20260615",""
"20260612","과천선","인덕원","30962","31325","20260615",""
"20260612","과천선","평촌","20942","20339","20260615",""
"20260612","과천선","범계","33008","33840","20260615",""
"20260612","분당선","선릉","14414","21906","20260615",""
"20260612","분당선","한티","17949","19047","20260615",""
"20260612","분당선","도곡","8850","9070","20260615",""
"20260612","분당선","구룡","4209","4081","20260615",""
"20260612","분당선","개포동","4755","4872","20260615",""
"20260612","분당선","대모산입구","6737","6487","20260615",""
"20260612","분당선","수서","20392","22467","20260615",""
"20260612","분당선","수원","9198","9098","20260615",""
"20260612","분당선","서울숲","15425","15898","20260615",""
"20260612","분당선","압구정로데오","21698","24078","20260615",""
"20260612","분당선","강남구청","11021","12449","20260615",""
"20260612","분당선","선정릉","8352","8505","20260615",""
"20260612","분당선","가천대","15333","14726","20260615",""
"20260612","분당선","태평","14975","14345","20260615",""
"20260612","분당선","모란","22156","23303","20260615",""
"20260612","분당선","야탑","29643","31264","20260615",""
"20260612","분당선","서현","27193","28236","20260615",""
"20260612","분당선","수내","14542","14150","20260615",""
"20260612","분당선","정자","22432","23617","20260615",""
"20260612","분당선","미금","17810","18462","20260615",""
"20260612","분당선","오리","13076","11149","20260615",""
"20260612","분당선","이매","6545","6214","20260615",""
"20260612","분당선","보정","2998","2619","20260615",""
"20260612","분당선","죽전","16084","17359","20260615",""
"20260612","분당선","구성","9132","9268","20260615",""
"20260612","분당선","신갈","5694","5558","20260615",""
"20260612","분당선","기흥","12332","11680","20260615",""
"20260612","분당선","상갈","6221","5685","20260615",""
"20260612","분당선","청명","5904","5369","20260615",""
"20260612","분당선","영통","10853","10860","20260615",""
"20260612","분당선","망포","18565","17760","20260615",""
"20260612","분당선","매탄권선","6807","6404","20260615",""
"20260612","분당선","수원시청","16960","18878","20260615",""
"20260612","분당선","매교","6305","6290","20260615",""
"20260612","서해선","김포공항","3087","4575","20260615",""
"20260612","서해선","원종","5953","5829","20260615",""
"20260612","서해선","부천종합운동장","3586","3068","20260615",""
"20260612","수인선","고색","7163","6835","20260615",""
"20260612","수인선","오목천","5489","4526","20260615",""
"20260612","수인선","어천","1822","1655","20260615",""
"20260612","수인선","야목","916","784","20260615",""
"20260612","수인선","사리","6032","5241","20260615",""
"20260612","수인선","달월","121","84","20260615",""
"20260612","수인선","월곶","3394","3052","20260615",""
"20260612","수인선","소래포구","5919","5551","20260615",""
"20260612","수인선","인천논현","6309","6756","20260615",""
"20260612","수인선","호구포","4630","4753","20260615",""
"20260612","수인선","남동인더스파크","2668","2982","20260615",""
"20260612","수인선","원인재","4981","5293","20260615",""
"20260612","수인선","연수","5605","5554","20260615",""
"20260612","수인선","송도","3006","2707","20260615",""
"20260612","수인선","인하대","8844","8055","20260615",""
"20260612","수인선","숭의","5247","4819","20260615",""
"20260612","수인선","신포","2128","2151","20260615",""
"20260612","수인선","인천","1100","1680","20260615",""
"20260612","신림선","샛강","3505","4194","20260615",""
"20260612","신림선","대방","4174","3055","20260615",""
"20260612","신림선","서울지방병무청","3784","4052","20260615",""
"20260612","신림선","보라매","5459","4833","20260615",""
"20260612","신림선","보라매공원","2859","3060","20260615",""
"20260612","신림선","보라매병원","9105","9323","20260615",""
"20260612","신림선","당곡","5699","5302","20260615",""
"20260612","신림선","신림","2708","3193","20260615",""
"20260612","신림선","서원","3990","3493","20260615",""
"20260612","신림선","서울대벤처타운","11356","10200","20260615",""
"20260612","우이신설선","삼양사거리","3214","3166","20260615",""
"20260612","우이신설선","솔샘","6732","6268","20260615",""
"20260612","우이신설선","북한산보국문","7333","6551","20260615",""
"20260612","우이신설선","정릉","5594","4846","20260615",""
"20260612","우이신설선","성신여대입구(돈암)","4261","4621","20260615",""
"20260612","우이신설선","보문","2012","1936","20260615",""
"20260612","우이신설선","신설동","2890","2752","20260615",""
"20260612","일산선","원흥","13141","12489","20260615",""
"20260612","일산선","지축","1","0","20260615",""
"20260612","일산선","삼송","22477","21695","20260615",""
"20260612","일산선","원당","13352","13002","20260615",""
"20260612","일산선","화정","19699","20429","20260615",""
"20260612","일산선","대곡","14423","12904","20260615",""
"20260612","일산선","백석","11739","12000","20260615",""
"20260612","일산선","마두","9091","9398","20260615",""
"20260612","일산선","정발산","8309","8709","20260615",""
"20260612","일산선","주엽","10489","10367","20260615",""
"20260612","일산선","대화","12500","10221","20260615",""
"20260612","장항선","봉명","1555","1508","20260615",""
"20260612","장항선","쌍용(나사렛대)","3357","3050","20260615",""
"20260612","장항선","아산","5112","4910","20260615",""
"20260612","장항선","탕정","2988","2413","20260615",""
"20260612","장항선","배방","1562","1525","20260615",""
"20260612","장항선","온양온천","5192","5330","20260615",""
"20260612","장항선","신창(순천향대)","3140","2220","20260615",""
"20260612","중앙선","회기","31164","28362","20260615",""
"20260612","중앙선","중랑","6263","5840","20260615",""
"20260612","중앙선","상봉","7081","6877","20260615",""
"20260612","중앙선","망우","8806","8414","20260615",""
"20260612","중앙선","양원","3874","3673","20260615",""
"20260612","중앙선","구리","8365","9006","20260615",""
"20260612","중앙선","도농","11093","10244","20260615",""
"20260612","중앙선","양정","550","522","20260615",""
"20260612","중앙선","덕소","6147","6029","20260615",""
"20260612","중앙선","도심","3222","2593","20260615",""
"20260612","중앙선","팔당","781","818","20260615",""
"20260612","중앙선","운길산","821","829","20260615",""
"20260612","중앙선","양수","2035","2131","20260615",""
"20260612","중앙선","신원","165","174","20260615",""
"20260612","중앙선","국수","768","729","20260615",""
"20260612","중앙선","아신","637","661","20260615",""
"20260612","중앙선","오빈","333","342","20260615",""
"20260612","중앙선","양평","3419","3771","20260615",""
"20260612","중앙선","원덕","356","419","20260615",""
"20260612","중앙선","용문","2055","2191","20260615",""
"20260612","중앙선","지평","77","72","20260615",""
"20260612","9호선","고속터미널","18883","25645","20260615",""
"20260612","4호선","남태령","1784","1539","20260615",""
"20260612","5호선","까치산","31872","30689","20260615",""
"20260612","분당선","복정","1","0","20260615",""
"20260612","신림선","관악산(서울대)","3613","3368","20260615",""
"20260612","안산선","산본","19293","20686","20260615",""
"20260612","안산선","대야미","6182","5461","20260615",""
"20260612","안산선","반월","5150","4967","20260615",""
"20260612","안산선","상록수","17609","17351","20260615",""
"20260612","안산선","한대앞","11643","11522","20260615",""
"20260612","안산선","중앙","21144","22815","20260615",""
"20260612","안산선","고잔","10271","9812","20260615",""
"20260612","안산선","초지","5523","5521","20260615",""
"20260612","안산선","안산","13024","12358","20260615",""
"20260612","안산선","신길온천","2420","2177","20260615",""
"20260612","안산선","정왕","12099","11856","20260615",""
"20260612","안산선","오이도","8749","8860","20260615",""
"20260612","안산선","수리산","4851","3883","20260615",""
"20260612","우이신설선","북한산우이","3176","2945","20260615",""
"20260612","우이신설선","솔밭공원","2971","2893","20260615",""
"20260612","우이신설선","4.19민주묘지","4088","3745","20260615",""
"20260612","우이신설선","가오리","4914","4904","20260615",""
"20260612","우이신설선","화계","4392","3956","20260615",""
"20260612","우이신설선","삼양","2821","2975","20260615",""
"20260612","1호선","서울역","92795","92803","20260615",""
"20260612","1호선","시청","31966","32274","20260615",""
"20260612","1호선","종각","47566","46735","20260615",""
"20260612","1호선","종로3가","29524","26360","20260615",""
"20260612","1호선","종로5가","26737","26362","20260615",""
"20260612","1호선","동대문","14800","13751","20260615",""
"20260612","1호선","신설동","16781","16104","20260615",""
"20260612","1호선","제기동","17146","17456","20260615",""
"20260612","1호선","청량리(서울시립대입구)","26110","25871","20260615",""
"20260612","1호선","동묘앞","10101","10434","20260615",""
"20260612","2호선","시청","32113","30642","20260615",""
"20260612","2호선","을지로입구","59965","61537","20260615",""
"20260612","2호선","을지로3가","30710","31931","20260615",""
"20260612","2호선","을지로4가","18116","17763","20260615",""
"20260612","2호선","동대문역사문화공원(DDP)","17555","19483","20260615",""
"20260612","2호선","신당","17648","18704","20260615",""
"20260612","2호선","상왕십리","16773","16310","20260615",""
"20260612","2호선","왕십리(성동구청)","19241","16981","20260615",""
"20260612","2호선","한양대","15665","16520","20260615",""
"20260612","2호선","뚝섬","30801","32770","20260615",""
"20260612","2호선","성수","62753","67140","20260615",""
"20260612","2호선","건대입구","41664","43631","20260615",""
"20260612","2호선","구의(광진구청)","32711","31819","20260615",""
"20260612","2호선","강변(동서울터미널)","31659","29919","20260615",""
"20260612","2호선","잠실나루","18641","17682","20260615",""
"20260612","2호선","잠실(송파구청)","86841","86932","20260615",""
"20260612","2호선","잠실새내","28051","27713","20260615",""
"20260612","2호선","종합운동장","22015","25324","20260615",""
"20260612","2호선","삼성(무역센터)","65437","60672","20260615",""
"20260612","2호선","선릉","66150","57923","20260615",""
"20260612","2호선","역삼","55229","62089","20260615",""
"20260612","2호선","강남","94538","93237","20260615",""
"20260612","2호선","교대(법원.검찰청)","36966","44064","20260615",""
"20260612","2호선","서초","24938","24187","20260615",""
"20260612","2호선","방배","20077","20504","20260615",""
"20260612","2호선","사당","50104","55748","20260615",""
"20260612","2호선","낙성대(강감찬)","32282","30259","20260615",""
"20260612","2호선","서울대입구(관악구청)","54726","51397","20260615",""
"20260612","2호선","봉천","28280","25842","20260615",""
"20260612","2호선","신림","63522","62117","20260615",""
"20260612","2호선","신대방","28065","26660","20260615",""
"20260612","2호선","구로디지털단지","66065","65248","20260615",""
"20260612","2호선","대림(구로구청)","27658","27954","20260615",""
"20260612","2호선","신도림","56153","53954","20260615",""
"20260612","2호선","문래","26419","27861","20260615",""
"20260612","2호선","영등포구청","26647","27471","20260615",""
"20260612","2호선","당산","22619","25608","20260615",""
"20260612","2호선","합정","36563","40878","20260615",""
"20260612","2호선","홍대입구","75806","83662","20260615",""
"20260612","2호선","신촌","44023","43783","20260615",""
"20260612","2호선","이대","20664","21651","20260615",""
"20260612","2호선","아현","12994","12129","20260615",""
"20260612","2호선","충정로(경기대입구)","11830","12441","20260615",""
"20260612","2호선","용답","3555","3424","20260615",""
"20260612","2호선","신답","2039","2189","20260615",""
"20260612","2호선","신설동","4362","4293","20260615",""
"20260612","2호선","도림천","1485","1581","20260615",""
"20260612","2호선","양천구청","7985","8588","20260615",""
"20260612","2호선","신정네거리","11925","12048","20260615",""
"20260612","2호선","용두(동대문구청)","2636","2610","20260615",""
"20260612","3호선","지축","8678","9098","20260615",""
"20260612","3호선","구파발","24764","23854","20260615",""
"20260612","3호선","연신내","43204","40940","20260615",""
"20260612","3호선","불광","18388","19726","20260615",""
"20260612","3호선","녹번","17521","15875","20260615",""
"20260612","3호선","홍제","20801","19569","20260615",""
"20260612","3호선","무악재","4946","4776","20260615",""
"20260612","3호선","독립문","9223","9231","20260615",""
"20260612","3호선","경복궁(정부서울청사)","31819","32030","20260615",""
"20260612","3호선","안국","30486","31451","20260615",""
"20260612","3호선","종로3가","13869","16164","20260615",""
"20260612","3호선","을지로3가","15944","15755","20260615",""
"20260612","3호선","충무로","4","0","20260615",""
"20260612","3호선","동대입구","12368","13703","20260615",""
"20260612","3호선","약수","15123","14936","20260615",""
"20260612","3호선","금호","9496","8705","20260615",""
"20260612","3호선","옥수","10963","11110","20260615",""
"20260612","3호선","압구정","36694","39782","20260615",""
"20260612","3호선","신사","30782","33156","20260615",""
"20260612","3호선","잠원","9113","8639","20260615",""
"20260612","3호선","고속터미널","56355","57728","20260615",""
"20260612","3호선","교대(법원.검찰청)","20852","11662","20260615",""
"20260612","3호선","남부터미널(예술의전당)","36726","36423","20260615",""
"20260612","3호선","양재(서초구청)","45355","46947","20260615",""
"20260612","3호선","매봉","15576","15078","20260615",""
"20260612","3호선","도곡","7605","7405","20260615",""
"20260612","3호선","대치","14563","14438","20260615",""
"20260612","3호선","학여울","3629","3617","20260615",""
"20260612","3호선","대청","12798","11824","20260615",""
"20260612","3호선","일원","13664","13216","20260615",""
"20260612","3호선","수서","21994","21279","20260615",""
"20260612","3호선","가락시장","10947","10641","20260615",""
"20260612","3호선","경찰병원","8876","8808","20260615",""
"20260612","3호선","오금","7723","6974","20260615",""
"20260612","4호선","불암산","11349","9662","20260615",""
"20260612","4호선","상계","22688","21236","20260615",""
"20260612","4호선","노원","24112","27738","20260615",""
"20260612","4호선","창동","32264","33852","20260615",""
"20260612","4호선","쌍문","33706","31271","20260615",""
"20260612","4호선","수유(강북구청)","39128","39575","20260615",""
"20260612","4호선","미아(서울사이버대학)","19296","18449","20260615",""
"20260612","4호선","미아사거리","29866","29484","20260615",""
"20260612","4호선","길음","25208","24637","20260615",""
"20260612","4호선","성신여대입구(돈암)","27574","26153","20260615",""
"20260612","4호선","한성대입구(삼선교)","17950","16847","20260615",""
"20260612","4호선","혜화","41504","40990","20260615",""
"20260612","4호선","동대문","22780","22217","20260615",""
"20260612","4호선","동대문역사문화공원(DDP)","23675","20492","20260615",""
"20260612","4호선","충무로","37901","38727","20260615",""
"20260612","4호선","명동","42187","44795","20260615",""
"20260612","4호선","회현(남대문시장)","32251","34125","20260615",""
"20260612","4호선","서울역","15892","26175","20260615",""
"20260612","4호선","숙대입구(갈월)","18587","18142","20260615",""
"20260612","4호선","삼각지(전쟁기념관)","7499","9423","20260615",""
"20260612","4호선","신용산","25297","28030","20260615",""
"20260612","4호선","이촌(국립중앙박물관)","11407","12178","20260615",""
"20260612","4호선","동작(현충원)","2369","2433","20260615",""
"20260612","4호선","총신대입구(이수)","22806","24666","20260615",""
"20260612","4호선","사당","30711","27232","20260615",""
"20260612","5호선","방화","8303","7881","20260615",""
"20260612","5호선","개화산","6983","6535","20260615",""
"20260612","5호선","김포공항","15038","8706","20260615",""
"20260612","5호선","송정","7243","6732","20260615",""
"20260612","5호선","마곡","19524","19837","20260615",""
"20260612","5호선","발산","28214","29363","20260615",""
"20260612","5호선","우장산","17926","17476","20260615",""
"20260612","5호선","화곡","33809","31214","20260615",""
"20260612","5호선","신정(은행정)","15746","12796","20260615",""
"20260612","5호선","목동","19200","20872","20260615",""
"20260612","5호선","오목교(목동운동장앞)","24659","26821","20260615",""
"20260612","5호선","양평","9832","9367","20260615",""
"20260612","5호선","영등포구청","6105","5984","20260615",""
"20260612","5호선","영등포시장","13595","13091","20260615",""
"20260612","5호선","신길","5933","5988","20260615",""
"20260612","5호선","여의도","33485","36569","20260615",""
"20260612","5호선","여의나루","17199","18400","20260615",""
"20260612","5호선","마포","17288","17754","20260615",""
"20260612","5호선","공덕","17064","17764","20260615",""
"20260612","5호선","애오개","7854","7368","20260615",""
"20260612","5호선","충정로(경기대입구)","5994","6155","20260615",""
"20260612","5호선","서대문","21758","22114","20260615",""
"20260612","5호선","광화문(세종문화회관)","44188","47192","20260615",""
"20260612","5호선","종로3가","18351","19675","20260615",""
"20260612","5호선","을지로4가","8638","8419","20260615",""
"20260612","5호선","동대문역사문화공원(DDP)","3922","4348","20260615",""
"20260612","5호선","청구","3918","3941","20260615",""
"20260612","5호선","신금호","7492","7677","20260615",""
"20260612","5호선","행당","9199","8156","20260615",""
"20260612","5호선","왕십리(성동구청)","5359","6343","20260615",""
"20260612","5호선","마장","7124","6645","20260615",""
"20260612","5호선","답십리","18730","16776","20260615",""
"20260612","5호선","장한평","23300","22810","20260615",""
"20260612","5호선","군자(능동)","14493","16741","20260615",""
"20260613","5호선","공덕","9763","9967","20260616",""
"20260613","분당선","복정","2","0","20260616",""
"20260613","경인선","구일","10530","11356","20260616",""
"20260613","과천선","과천","4919","4416","20260616",""
"20260613","우이신설선","화계","3214","2917","20260616",""
"20260613","우이신설선","삼양","2168","2231","20260616",""
"20260613","우이신설선","삼양사거리","2660","2470","20260616",""
"20260613","우이신설선","솔샘","4565","4088","20260616",""
"20260613","우이신설선","북한산보국문","5705","4825","20260616",""
"20260613","우이신설선","정릉","4454","3649","20260616",""
"20260613","우이신설선","성신여대입구(돈암)","3512","4028","20260616",""
"20260613","우이신설선","보문","1659","1608","20260616",""
"20260613","우이신설선","신설동","1996","1825","20260616",""
"20260613","일산선","원흥","9827","9204","20260616",""
"20260613","일산선","삼송","16735","16072","20260616",""
"20260613","일산선","원당","10222","9658","20260616",""
"20260613","일산선","화정","15248","15815","20260616",""
"20260613","일산선","대곡","11029","11125","20260616",""
"20260613","일산선","백석","9183","9468","20260616",""
"20260613","일산선","마두","6091","6263","20260616",""
"20260613","일산선","정발산","6982","7220","20260616",""
"20260613","일산선","주엽","7992","7554","20260616",""
"20260613","일산선","대화","8590","7549","20260616",""
"20260613","장항선","봉명","1005","946","20260616",""
"20260613","장항선","쌍용(나사렛대)","2320","2166","20260616",""
"20260613","장항선","아산","4471","4064","20260616",""
"20260613","장항선","탕정","2319","2093","20260616",""
"20260613","장항선","배방","1428","1374","20260616",""
"20260613","장항선","온양온천","5397","5496","20260616",""
"20260613","장항선","신창(순천향대)","1676","1353","20260616",""
"20260613","중앙선","회기","23183","21383","20260616",""
"20260613","중앙선","중랑","5221","5000","20260616",""
"20260613","중앙선","상봉","5831","5705","20260616",""
"20260613","중앙선","망우","7263","7206","20260616",""
"20260613","중앙선","양원","2514","2420","20260616",""
"20260613","중앙선","구리","7027","7747","20260616",""
"20260613","중앙선","도농","8012","7427","20260616",""
"20260613","우이신설선","솔밭공원","2384","2232","20260616",""
"20260613","우이신설선","4.19민주묘지","3105","2784","20260616",""
"20260613","우이신설선","가오리","3895","3626","20260616",""
"20260613","1호선","서울역","81388","77993","20260616",""
"20260613","1호선","시청","27273","28417","20260616",""
"20260613","1호선","종각","34506","33279","20260616",""
"20260613","1호선","종로3가","31163","28458","20260616",""
"20260613","1호선","종로5가","25048","24589","20260616",""
"20260613","1호선","동대문","16797","17262","20260616",""
"20260613","1호선","신설동","12858","11881","20260616",""
"20260613","1호선","제기동","16366","16834","20260616",""
"20260613","1호선","청량리(서울시립대입구)","25553","25952","20260616",""
"20260613","1호선","동묘앞","15206","15837","20260616",""
"20260613","2호선","시청","20118","17450","20260616",""
"20260613","2호선","을지로입구","52991","52598","20260616",""
"20260613","2호선","을지로3가","21371","19632","20260616",""
"20260613","2호선","을지로4가","13326","12780","20260616",""
"20260613","2호선","동대문역사문화공원(DDP)","16936","20137","20260616",""
"20260613","2호선","신당","14425","15948","20260616",""
"20260613","2호선","상왕십리","12233","11547","20260616",""
"20260613","2호선","왕십리(성동구청)","14984","14103","20260616",""
"20260613","2호선","한양대","7497","8093","20260616",""
"20260613","2호선","뚝섬","23640","24089","20260616",""
"20260613","2호선","성수","54055","58493","20260616",""
"20260613","2호선","건대입구","39560","42531","20260616",""
"20260613","2호선","구의(광진구청)","23442","22368","20260616",""
"20260613","2호선","강변(동서울터미널)","29197","27490","20260616",""
"20260613","2호선","잠실나루","9968","9943","20260616",""
"20260613","2호선","잠실(송파구청)","84195","81422","20260616",""
"20260613","2호선","잠실새내","22762","22524","20260616",""
"20260613","2호선","종합운동장","21993","26459","20260616",""
"20260613","2호선","삼성(무역센터)","36822","33556","20260616",""
"20260613","2호선","선릉","30883","26653","20260616",""
"20260613","2호선","역삼","20833","22998","20260616",""
"20260613","2호선","강남","64921","63984","20260616",""
"20260613","2호선","교대(법원.검찰청)","18559","23706","20260616",""
"20260613","2호선","서초","14850","13223","20260616",""
"20260613","2호선","방배","13032","13033","20260616",""
"20260613","2호선","사당","45831","50039","20260616",""
"20260613","2호선","낙성대(강감찬)","25640","23376","20260616",""
"20260613","2호선","서울대입구(관악구청)","41717","39171","20260616",""
"20260613","2호선","봉천","20612","18973","20260616",""
"20260613","2호선","신림","52210","49999","20260616",""
"20260613","2호선","신대방","22755","21004","20260616",""
"20260613","2호선","구로디지털단지","41929","40068","20260616",""
"20260613","2호선","대림(구로구청)","21982","22732","20260616",""
"20260613","2호선","신도림","49268","48409","20260616",""
"20260613","2호선","문래","16562","18367","20260616",""
"20260613","2호선","영등포구청","16279","17005","20260616",""
"20260613","2호선","당산","16405","16992","20260616",""
"20260613","2호선","합정","34204","39109","20260616",""
"20260613","2호선","홍대입구","87847","98670","20260616",""
"20260613","2호선","신촌","39389","39839","20260616",""
"20260613","2호선","이대","15017","15806","20260616",""
"20260613","2호선","아현","9936","9026","20260616",""
"20260613","2호선","충정로(경기대입구)","7262","7729","20260616",""
"20260613","2호선","신답","1400","1423","20260616",""
"20260613","2호선","신설동","4359","4055","20260616",""
"20260613","2호선","도림천","1030","1034","20260616",""
"20260613","2호선","양천구청","5247","5201","20260616",""
"20260613","2호선","신정네거리","8140","8055","20260616",""
"20260613","2호선","용두(동대문구청)","1823","1830","20260616",""
"20260613","3호선","지축","6334","6053","20260616",""
"20260613","3호선","구파발","19857","20146","20260616",""
"20260613","3호선","연신내","35081","32981","20260616",""
"20260613","3호선","불광","15153","16708","20260616",""
"20260613","3호선","녹번","12278","10936","20260616",""
"20260613","3호선","홍제","17075","15582","20260616",""
"20260613","3호선","무악재","3729","3622","20260616",""
"20260613","3호선","독립문","8486","9049","20260616",""
"20260613","3호선","경복궁(정부서울청사)","29026","28221","20260616",""
"20260613","3호선","안국","27031","30134","20260616",""
"20260613","3호선","종로3가","10949","14672","20260616",""
"20260613","3호선","을지로3가","11592","10628","20260616",""
"20260613","3호선","충무로","6","0","20260616",""
"20260613","3호선","동대입구","10966","11979","20260616",""
"20260613","3호선","약수","11599","11326","20260616",""
"20260613","3호선","금호","6952","6465","20260616",""
"20260613","3호선","옥수","8820","8848","20260616",""
"20260613","3호선","압구정","29208","31181","20260616",""
"20260613","3호선","신사","23575","25664","20260616",""
"20260613","3호선","잠원","6470","6131","20260616",""
"20260613","3호선","고속터미널","64264","62135","20260616",""
"20260613","3호선","교대(법원.검찰청)","11625","5646","20260616",""
"20260613","3호선","남부터미널(예술의전당)","26758","26124","20260616",""
"20260613","3호선","양재(서초구청)","24207","25840","20260616",""
"20260613","3호선","매봉","8333","8020","20260616",""
"20260613","3호선","도곡","4408","4237","20260616",""
"20260613","3호선","대치","11410","10140","20260616",""
"20260613","3호선","학여울","3433","3276","20260616",""
"20260613","3호선","대청","7561","7119","20260616",""
"20260613","3호선","일원","7057","6832","20260616",""
"20260613","3호선","수서","16905","16417","20260616",""
"20260613","3호선","가락시장","7743","7404","20260616",""
"20260613","3호선","경찰병원","5207","5075","20260616",""
"20260613","3호선","오금","4506","4384","20260616",""
"20260613","4호선","불암산","9248","8556","20260616",""
"20260613","4호선","상계","17848","16120","20260616",""
"20260613","4호선","노원","20512","22751","20260616",""
"20260613","4호선","창동","25209","26242","20260616",""
"20260613","4호선","쌍문","25460","22672","20260616",""
"20260613","4호선","수유(강북구청)","31306","30344","20260616",""
"20260613","4호선","미아(서울사이버대학)","13890","13133","20260616",""
"20260613","4호선","미아사거리","23748","23284","20260616",""
"20260613","4호선","길음","17637","16824","20260616",""
"20260613","4호선","성신여대입구(돈암)","21422","20531","20260616",""
"20260613","4호선","한성대입구(삼선교)","15167","14940","20260616",""
"20260613","4호선","혜화","37485","39153","20260616",""
"20260613","4호선","동대문","19875","19875","20260616",""
"20260613","4호선","동대문역사문화공원(DDP)","22125","18285","20260616",""
"20260613","4호선","충무로","24146","25026","20260616",""
"20260613","4호선","명동","43534","45823","20260616",""
"20260613","4호선","회현(남대문시장)","29846","30805","20260616",""
"20260613","4호선","서울역","10091","22021","20260616",""
"20260613","4호선","숙대입구(갈월)","13937","13690","20260616",""
"20260613","4호선","삼각지(전쟁기념관)","7743","11264","20260616",""
"20260613","4호선","신용산","21603","24686","20260616",""
"20260613","4호선","이촌(국립중앙박물관)","13528","14007","20260616",""
"20260613","4호선","동작(현충원)","2404","2630","20260616",""
"20260613","4호선","총신대입구(이수)","17840","19147","20260616",""
"20260613","4호선","사당","28102","26928","20260616",""
"20260613","4호선","남태령","1510","988","20260616",""
"20260613","5호선","방화","5872","5554","20260616",""
"20260613","5호선","개화산","4757","4615","20260616",""
"20260613","5호선","김포공항","13143","8235","20260616",""
"20260613","5호선","송정","5848","5714","20260616",""
"20260613","5호선","마곡","11462","11488","20260616",""
"20260613","5호선","발산","19074","20515","20260616",""
"20260613","5호선","우장산","12398","12131","20260616",""
"20260613","5호선","화곡","23919","21762","20260616",""
"20260613","5호선","까치산","23912","22376","20260616",""
"20260613","5호선","신정(은행정)","10710","9075","20260616",""
"20260613","5호선","목동","13784","13862","20260616",""
"20260613","5호선","오목교(목동운동장앞)","18145","18634","20260616",""
"20260613","5호선","양평","5056","4577","20260616",""
"20260613","5호선","영등포구청","3097","2942","20260616",""
"20260613","5호선","영등포시장","10598","10516","20260616",""
"20260613","5호선","신길","4313","4199","20260616",""
"20260613","5호선","여의도","14105","16156","20260616",""
"20260613","5호선","여의나루","18154","18859","20260616",""
"20260613","5호선","마포","9843","10039","20260616",""
"20260613","5호선","애오개","4801","4562","20260616",""
"20260613","5호선","충정로(경기대입구)","2816","2714","20260616",""
"20260613","5호선","서대문","11023","10225","20260616",""
"20260613","5호선","광화문(세종문화회관)","28224","27844","20260616",""
"20260613","5호선","종로3가","19500","21374","20260616",""
"20260613","5호선","을지로4가","5479","5734","20260616",""
"20260613","5호선","동대문역사문화공원(DDP)","1811","2076","20260616",""
"20260613","5호선","청구","2655","2663","20260616",""
"20260613","5호선","신금호","4969","5263","20260616",""
"20260613","5호선","행당","6712","5799","20260616",""
"20260613","5호선","왕십리(성동구청)","4195","5266","20260616",""
"20260613","5호선","마장","4945","4615","20260616",""
"20260613","5호선","답십리","12351","10819","20260616",""
"20260613","5호선","장한평","14636","14025","20260616",""
"20260613","5호선","군자(능동)","11418","13312","20260616",""
"20260613","5호선","아차산(어린이대공원후문)","14751","14311","20260616",""
"20260613","5호선","광나루(장신대)","9862","9571","20260616",""
"20260613","5호선","천호(풍납토성)","22867","21604","20260616",""
"20260613","5호선","강동","15978","15305","20260616",""
"20260613","5호선","길동","8163","8146","20260616",""
"20260613","5호선","굽은다리(강동구민회관앞)","8654","8184","20260616",""
"20260613","5호선","명일","6854","6783","20260616",""
"20260613","5호선","고덕","8014","7605","20260616",""
"20260613","5호선","상일동","10900","10568","20260616",""
"20260613","5호선","둔촌동","11483","11171","20260616",""
"20260613","5호선","올림픽공원(한국체대)","9352","9495","20260616",""
"20260613","5호선","방이","7235","7068","20260616",""
"20260613","5호선","오금","2785","2569","20260616",""
"20260613","5호선","개롱","5177","5413","20260616",""
"20260613","5호선","거여","7866","7656","20260616",""
"20260613","5호선","마천","5568","5231","20260616",""
"20260613","5호선","강일","4995","4514","20260616",""
"20260613","5호선","미사","16826","16990","20260616",""
"20260613","5호선","하남풍산","3844","3728","20260616",""
"20260613","5호선","하남시청(덕풍·신장)","8472","8029","20260616",""
"20260613","5호선","하남검단산","6764","6558","20260616",""
"20260613","6호선","응암","14811","14653","20260616",""
"20260613","6호선","역촌","3287","3787","20260616",""
"20260613","6호선","불광","4762","4211","20260616",""
"20260613","6호선","독바위","2354","2551","20260616",""
"20260613","6호선","연신내","7","0","20260616",""
"20260613","6호선","구산","6988","5244","20260616",""
"20260613","6호선","새절(신사)","10115","9448","20260616",""
"20260613","6호선","증산(명지대앞)","7890","7729","20260616",""
"20260613","6호선","디지털미디어시티","9847","9771","20260616",""
"20260613","6호선","월드컵경기장(성산)","7319","6993","20260616",""
"20260613","6호선","마포구청","12377","10972","20260616",""
"20260613","6호선","망원","17944","19735","20260616",""
"20260613","6호선","합정","14495","14237","20260616",""
"20260613","6호선","상수","13625","15908","20260616",""
"20260613","6호선","광흥창(서강)","7488","7026","20260616",""
"20260613","6호선","대흥(서강대앞)","8733","8944","20260616",""
"20260613","6호선","공덕","13444","13367","20260616",""
"20260613","6호선","효창공원앞","6898","6257","20260616",""
"20260613","6호선","삼각지(전쟁기념관)","10417","8369","20260616",""
"20260613","6호선","녹사평(용산구청)","6782","8047","20260616",""
"20260613","6호선","이태원","14838","20681","20260616",""
"20260613","6호선","한강진","10616","13841","20260616",""
"20260613","6호선","버티고개","1997","2080","20260616",""
"20260613","6호선","약수","3481","3399","20260616",""
"20260613","6호선","청구","3258","2943","20260616",""
"20260613","6호선","신당","8540","8170","20260616",""
"20260613","6호선","동묘앞","14137","14392","20260616",""
"20260613","6호선","창신","2647","2357","20260616",""
"20260613","6호선","보문","6646","6080","20260616",""
"20260613","6호선","안암(고대병원앞)","7659","7390","20260616",""
"20260613","6호선","고려대(종암)","7264","7018","20260616",""
"20260613","6호선","월곡(동덕여대)","8491","8053","20260616",""
"20260613","6호선","상월곡(한국과학기술연구원)","4819","4056","20260616",""
"20260613","6호선","돌곶이","9164","8285","20260616",""
"20260613","6호선","석계","10358","10464","20260616",""
"20260613","6호선","태릉입구","5387","5706","20260616",""
"20260613","6호선","화랑대(서울여대입구)","8374","7193","20260616",""
"20260613","6호선","봉화산(서울의료원)","6131","5848","20260616",""
"20260613","7호선","장암","2485","1829","20260616",""
"20260613","7호선","도봉산","7636","10071","20260616",""
"20260613","7호선","수락산","12169","11895","20260616",""
"20260613","7호선","마들","11309","10381","20260616",""
"20260613","7호선","노원","18967","20225","20260616",""
"20260613","7호선","중계","11600","10414","20260616",""
"20260613","7호선","하계","14461","13169","20260616",""
"20260613","7호선","공릉(서울과학기술대)","15941","16029","20260616",""
"20260613","7호선","태릉입구","8355","7371","20260616",""
"20260613","7호선","먹골","9097","8790","20260616",""
"20260613","7호선","중화","9325","8917","20260616",""
"20260613","7호선","상봉","17129","16647","20260616",""
"20260613","7호선","면목","12471","11750","20260616",""
"20260613","7호선","사가정","14275","13736","20260616",""
"20260613","7호선","용마산(용마폭포공원)","4994","5124","20260616",""
"20260613","7호선","중곡","8345","7561","20260616",""
"20260613","7호선","군자(능동)","14268","10467","20260616",""
"20260613","7호선","어린이대공원(세종대)","16205","15699","20260616",""
"20260613","7호선","건대입구","13852","14128","20260616",""
"20260613","7호선","자양(뚝섬한강공원)","12114","11345","20260616",""
"20260613","7호선","청담","12229","13113","20260616",""
"20260613","7호선","강남구청","11818","13602","20260616",""
"20260613","7호선","학동","12274","12725","20260616",""
"20260613","7호선","논현","12986","14604","20260616",""
"20260613","7호선","반포","6178","5838","20260616",""
"20260613","7호선","고속터미널","18497","14579","20260616",""
"20260613","7호선","내방","9872","9715","20260616",""
"20260613","7호선","이수","15664","14955","20260616",""
"20260613","7호선","남성","9446","8853","20260616",""
"20260613","7호선","숭실대입구(살피재)","11500","11029","20260616",""
"20260613","7호선","상도","9748","9091","20260616",""
"20260613","7호선","장승배기","7914","7578","20260616",""
"20260613","7호선","신대방삼거리","12812","11847","20260616",""
"20260613","7호선","보라매","6328","6250","20260616",""
"20260613","7호선","신풍","10171","9486","20260616",""
"20260613","7호선","대림(구로구청)","9323","9817","20260616",""
"20260613","7호선","남구로","9354","9893","20260616",""
"20260613","7호선","가산디지털단지","16430","14938","20260616",""
"20260613","7호선","철산","19072","19088","20260616",""
"20260613","7호선","광명사거리","19950","19947","20260616",""
"20260613","7호선","천왕","8800","8317","20260616",""
"20260613","7호선","온수(성공회대입구)","6384","6191","20260616",""
"20260613","8호선","암사역사공원","5279","4784","20260616",""
"20260613","8호선","암사","13658","12469","20260616",""
"20260613","8호선","천호(풍납토성)","17469","20519","20260616",""
"20260613","8호선","강동구청","7482","7162","20260616",""
"20260613","8호선","몽촌토성(평화의문)","8043","8576","20260616",""
"20260613","8호선","잠실(송파구청)","20844","24171","20260616",""
"20260613","8호선","석촌","8078","10112","20260616",""
"20260613","8호선","송파","8003","7513","20260616",""
"20260613","8호선","가락시장","6865","7065","20260616",""
"20260613","8호선","문정","11415","11629","20260616",""
"20260613","8호선","장지","14148","12473","20260616",""
"20260613","8호선","복정","7357","6271","20260616",""
"20260613","8호선","산성","5352","5513","20260616",""
"20260613","8호선","남한산성입구(성남법원.검찰청)","9730","8211","20260616",""
"20260613","8호선","단대오거리","9743","9213","20260616",""
"20260613","8호선","신흥","4938","4927","20260616",""
"20260613","8호선","수진","4950","4463","20260616",""
"20260613","8호선","모란","4727","4011","20260616",""
"20260613","8호선","남위례","6422","6221","20260616",""
"20260613","9호선","개화","1671","1393","20260616",""
"20260613","9호선","김포공항","5573","10993","20260616",""
"20260613","9호선","공항시장","2422","2494","20260616",""
"20260613","9호선","신방화","5528","5153","20260616",""
"20260613","9호선","마곡나루(서울식물원)","12284","12090","20260616",""
"20260613","9호선","양천향교","7381","7074","20260616",""
"20260613","9호선","가양","17283","16686","20260616",""
"20260613","9호선","증미","4356","4088","20260616",""
"20260613","9호선","등촌","9538","8935","20260616",""
"20260613","9호선","염창","15314","13795","20260616",""
"20260613","9호선","신목동","3271","2985","20260616",""
"20260613","9호선","선유도","5324","4955","20260616",""
"20260613","9호선","당산","16583","15341","20260616",""
"20260613","9호선","국회의사당","6432","6553","20260616",""
"20260613","9호선","여의도","16352","16242","20260616",""
"20260613","9호선","샛강","3930","4148","20260616",""
"20260613","9호선","노량진","25914","24950","20260616",""
"20260613","9호선","노들","4165","3309","20260616",""
"20260613","9호선","흑석(중앙대입구)","7464","7266","20260616",""
"20260613","9호선","동작(현충원)","2231","2225","20260616",""
"20260613","9호선","구반포","3194","2828","20260616",""
"20260613","9호선","신반포","4373","4448","20260616",""
"20260613","9호선","고속터미널","19512","28264","20260616",""
"20260613","9호선","사평","3182","2962","20260616",""
"20260613","9호선","신논현","30030","32130","20260616",""
"20260613","9호선2~3단계","언주","7779","7790","20260616",""
"20260613","9호선2~3단계","선정릉","6360","7316","20260616",""
"20260613","9호선2~3단계","삼성중앙","4112","4038","20260616",""
"20260613","9호선2~3단계","봉은사","17779","19483","20260616",""
"20260613","9호선2~3단계","종합운동장","6843","6060","20260616",""
"20260613","9호선2~3단계","삼전","6865","6371","20260616",""
"20260613","9호선2~3단계","석촌고분","6239","5897","20260616",""
"20260613","9호선2~3단계","석촌","9832","8623","20260616",""
"20260613","9호선2~3단계","송파나루","5581","6166","20260616",""
"20260613","9호선2~3단계","한성백제","3475","2767","20260616",""
"20260613","9호선2~3단계","올림픽공원(한국체대)","28700","28184","20260616",""
"20260613","9호선2~3단계","둔촌오륜","3355","3331","20260616",""
"20260613","9호선2~3단계","중앙보훈병원","7851","6948","20260616",""
"20260613","경강선","판교","4416","4120","20260616",""
"20260613","경강선","이매","897","753","20260616",""
"20260613","경강선","삼동","1790","1636","20260616",""
"20260613","경강선","경기광주","6768","6368","20260616",""
"20260613","경강선","초월","3012","2723","20260616",""
"20260613","경강선","곤지암","2280","2251","20260616",""
"20260613","경강선","신둔도예촌","1658","1537","20260616",""
"20260613","경강선","이천","3638","3785","20260616",""
"20260613","경강선","부발","2598","2410","20260616",""
"20260613","경강선","세종대왕릉","434","437","20260616",""
"20260613","경강선","여주","3666","3763","20260616",""
"20260613","경강선","성남","1057","1040","20260616",""
"20260613","경부선","서울역","13287","3984","20260616",""
"20260613","경부선","남영","8395","8879","20260616",""
"20260613","경부선","용산","60571","64614","20260616",""
"20260613","경부선","노량진","10509","10515","20260616",""
"20260613","경부선","대방","7713","8650","20260616",""
"20260613","경부선","영등포","49431","51537","20260616",""
"20260613","경부선","신도림","3800","4651","20260616",""
"20260613","경부선","신길","6809","5995","20260616",""
"20260613","경부선","구로","15869","16410","20260616",""
"20260613","경부선","가산디지털단지","7148","8895","20260616",""
"20260613","경부선","금천구청","8850","8872","20260616",""
"20260613","경부선","석수","7276","6718","20260616",""
"20260613","경부선","관악","6909","6724","20260616",""
"20260613","경부선","안양","21541","21173","20260616",""
"20260613","경부선","명학","5541","5240","20260616",""
"20260613","경부선","금정","23829","24014","20260616",""
"20260613","경부선","군포","4493","3966","20260616",""
"20260613","경부선","의왕","6820","6454","20260616",""
"20260613","경부선","성균관대","13076","12843","20260616",""
"20260613","경부선","화서","11403","11547","20260616",""
"20260613","경부선","수원","47119","52025","20260616",""
"20260613","경부선","독산","10401","9923","20260616",""
"20260613","경부선","세류","3590","3445","20260616",""
"20260613","경부선","병점","15538","15262","20260616",""
"20260613","경부선","세마","3326","2936","20260616",""
"20260613","경부선","오산대","4235","3756","20260616",""
"20260613","경부선","오산","12229","11797","20260616",""
"20260613","경부선","진위","1363","1171","20260616",""
"20260613","경부선","송탄","5576","5160","20260616",""
"20260613","경부선","서정리","10157","8696","20260616",""
"20260613","경부선","평택지제","5560","4762","20260616",""
"20260613","경부선","평택","16821","16168","20260616",""
"20260613","경부선","성환","4429","4086","20260616",""
"20260613","경부선","직산","1013","1038","20260616",""
"20260613","경부선","두정","8103","8009","20260616",""
"20260613","경부선","천안","8618","8757","20260616",""
"20260613","경부선","당정","4665","4351","20260616",""
"20260613","경부선","서동탄","1272","1222","20260616",""
"20260613","경부선","광명","3706","3014","20260616",""
"20260613","경원선","이촌(국립중앙박물관)","3787","2954","20260616",""
"20260613","경원선","서빙고","2036","1969","20260616",""
"20260613","경원선","한남","2626","2708","20260616",""
"20260613","경원선","옥수","36","48","20260616",""
"20260613","경원선","응봉","1744","1481","20260616",""
"20260613","경원선","왕십리(성동구청)","16278","16606","20260616",""
"20260613","경원선","청량리(서울시립대입구)","22125","22586","20260616",""
"20260613","경원선","외대앞","10221","9491","20260616",""
"20260613","경원선","신이문","7228","6515","20260616",""
"20260613","경원선","석계","7349","7743","20260616",""
"20260613","경원선","광운대","7370","7201","20260616",""
"20260613","경원선","월계","5504","5033","20260616",""
"20260613","경원선","녹천","3748","3259","20260616",""
"20260613","경원선","창동","7","0","20260616",""
"20260613","경원선","방학","8936","8767","20260616",""
"20260613","경원선","도봉","4970","4708","20260616",""
"20260613","경원선","도봉산","9915","6822","20260616",""
"20260613","경원선","망월사","7091","7133","20260616",""
"20260613","경원선","회룡","12305","12241","20260616",""
"20260613","경원선","의정부","20351","20857","20260616",""
"20260613","경원선","가능","5771","5610","20260616",""
"20260613","경원선","녹양","4065","3803","20260616",""
"20260613","경원선","양주","7088","6731","20260616",""
"20260613","경원선","덕계","6072","5474","20260616",""
"20260613","경원선","덕정","5858","5367","20260616",""
"20260613","경원선","지행","6987","6820","20260616",""
"20260613","경원선","동두천중앙","2876","2793","20260616",""
"20260613","경원선","보산","1798","1756","20260616",""
"20260613","경원선","동두천","1559","1488","20260616",""
"20260613","경원선","소요산","3411","3349","20260616",""
"20260613","경원선","청산","173","164","20260616",""
"20260613","경원선","전곡","1762","1479","20260616",""
"20260613","경원선","연천","1523","1469","20260616",""
"20260613","경의선","서울역","1596","1590","20260616",""
"20260613","경의선","신촌","359","451","20260616",""
"20260613","경의선","효창공원앞","2478","2851","20260616",""
"20260613","경의선","공덕","3945","2799","20260616",""
"20260613","경의선","서강대","2354","2272","20260616",""
"20260613","경의선","홍대입구","2827","3466","20260616",""
"20260613","경의선","가좌","5028","4895","20260616",""
"20260613","경의선","디지털미디어시티","2436","2405","20260616",""
"20260613","경의선","수색","2649","2359","20260616",""
"20260613","경의선","한국항공대","1642","1521","20260616",""
"20260613","경의선","강매","2411","2159","20260616",""
"20260613","경의선","행신","5960","6007","20260616",""
"20260613","경의선","능곡","4207","4121","20260616",""
"20260613","경의선","곡산","512","552","20260616",""
"20260613","경의선","백마","6208","5816","20260616",""
"20260613","경의선","풍산","6305","5971","20260616",""
"20260613","경의선","일산","10125","9646","20260616",""
"20260613","경의선","탄현","6789","6303","20260616",""
"20260613","경의선","야당","7422","7770","20260616",""
"20260613","경의선","운정","7630","7277","20260616",""
"20260613","경의선","금릉","4494","4379","20260616",""
"20260613","경의선","금촌","6859","6471","20260616",""
"20260613","경의선","월롱","1394","1276","20260616",""
"20260613","경의선","파주","1334","1059","20260616",""
"20260613","경의선","문산","6681","5795","20260616",""
"20260613","경의선","임진강","84","76","20260616",""
"20260613","경의선","운천","7","10","20260616",""
"20260613","경인선","개봉","20565","19752","20260616",""
"20260613","경인선","오류동","10730","9677","20260616",""
"20260613","경인선","역곡","22014","21645","20260616",""
"20260613","경인선","부천","32290","32926","20260616",""
"20260613","경인선","송내","20926","20502","20260616",""
"20260613","경인선","부평","31697","34207","20260616",""
"20260613","경인선","백운","5959","5813","20260616",""
"20260613","경인선","동암","14615","14698","20260616",""
"20260613","경인선","주안","18258","15913","20260616",""
"20260613","경인선","제물포","8914","8660","20260616",""
"20260613","경인선","동인천","13173","12911","20260616",""
"20260613","경인선","인천","6485","5667","20260616",""
"20260613","경인선","소사","7775","7279","20260616",""
"20260613","경인선","부개","7602","6874","20260616",""
"20260613","경인선","간석","5238","4906","20260616",""
"20260613","경인선","도원","2733","2774","20260616",""
"20260613","경인선","온수(성공회대입구)","5650","5081","20260616",""
"20260613","경인선","중동","7788","7165","20260616",""
"20260613","경인선","도화","3406","3120","20260616",""
"20260613","경춘선","신내","2065","1894","20260616",""
"20260613","경춘선","갈매","2074","1858","20260616",""
"20260613","경춘선","별내","2319","1991","20260616",""
"20260613","경춘선","퇴계원","2884","2586","20260616",""
"20260613","경춘선","사릉","1797","1662","20260616",""
"20260613","경춘선","금곡","1387","1354","20260616",""
"20260613","경춘선","평내호평","5583","5262","20260616",""
"20260613","경춘선","천마산","1500","1433","20260616",""
"20260613","경춘선","마석","4249","4231","20260616",""
"20260613","경춘선","대성리","719","758","20260616",""
"20260613","경춘선","청평","2309","2207","20260616",""
"20260613","경춘선","상천","364","376","20260616",""
"20260613","경춘선","가평","2569","2915","20260616",""
"20260613","경춘선","굴봉산","170","202","20260616",""
"20260613","경춘선","백양리","122","134","20260616",""
"20260613","경춘선","강촌","594","708","20260616",""
"20260613","경춘선","김유정","600","767","20260616",""
"20260613","경춘선","남춘천","3664","3730","20260616",""
"20260613","경춘선","춘천","2433","1845","20260616",""
"20260613","공항철도 1호선","서울역","15434","14272","20260616",""
"20260613","공항철도 1호선","공덕","2755","3884","20260616",""
"20260613","공항철도 1호선","홍대입구","21172","19640","20260616",""
"20260613","공항철도 1호선","디지털미디어시티","9237","8685","20260616",""
"20260613","공항철도 1호선","마곡나루(서울식물원)","7810","8298","20260616",""
"20260613","공항철도 1호선","김포공항","8265","3958","20260616",""
"20260613","공항철도 1호선","계양","8312","7809","20260616",""
"20260613","공항철도 1호선","검암","4798","5004","20260616",""
"20260613","공항철도 1호선","청라국제도시","6003","5761","20260616",""
"20260613","공항철도 1호선","운서","10751","11434","20260616",""
"20260613","공항철도 1호선","공항화물청사","1270","2072","20260616",""
"20260613","공항철도 1호선","인천공항1터미널","14123","13360","20260616",""
"20260613","공항철도 1호선","인천공항2터미널","12470","9344","20260616",""
"20260613","공항철도 1호선","영종","4819","5040","20260616",""
"20260613","과천선","선바위","6650","5514","20260616",""
"20260613","과천선","경마공원","12585","12573","20260616",""
"20260613","과천선","대공원","15908","17011","20260616",""
"20260613","과천선","정부과천청사","8527","8359","20260616",""
"20260613","과천선","인덕원","21510","21455","20260616",""
"20260613","과천선","평촌","12209","11704","20260616",""
"20260613","과천선","범계","26728","26238","20260616",""
"20260613","분당선","선릉","5973","9429","20260616",""
"20260613","분당선","한티","14580","14227","20260616",""
"20260613","분당선","도곡","5538","5236","20260616",""
"20260613","분당선","구룡","2564","2406","20260616",""
"20260613","분당선","개포동","3213","3038","20260616",""
"20260613","분당선","대모산입구","4182","4005","20260616",""
"20260613","분당선","수서","15767","16655","20260616",""
"20260613","분당선","수원","8223","8231","20260616",""
"20260613","분당선","서울숲","14069","14771","20260616",""
"20260613","분당선","압구정로데오","18957","20768","20260616",""
"20260613","분당선","강남구청","6215","7333","20260616",""
"20260613","분당선","선정릉","3875","3797","20260616",""
"20260613","분당선","가천대","7424","7332","20260616",""
"20260613","분당선","태평","11681","10914","20260616",""
"20260613","분당선","모란","17502","18077","20260616",""
"20260613","분당선","야탑","21899","22704","20260616",""
"20260613","분당선","서현","19776","20031","20260616",""
"20260613","분당선","수내","8634","8119","20260616",""
"20260613","분당선","정자","12600","12880","20260616",""
"20260613","분당선","미금","12092","12401","20260616",""
"20260613","분당선","오리","8261","7347","20260616",""
"20260613","분당선","이매","4883","4640","20260616",""
"20260613","분당선","보정","1834","1791","20260616",""
"20260613","분당선","죽전","11385","12648","20260616",""
"20260613","분당선","구성","6373","6565","20260616",""
"20260613","분당선","신갈","3512","3515","20260616",""
"20260613","분당선","기흥","8397","7667","20260616",""
"20260613","분당선","상갈","4307","4209","20260616",""
"20260613","분당선","청명","3549","3452","20260616",""
"20260613","분당선","영통","8271","8029","20260616",""
"20260613","분당선","망포","11124","10276","20260616",""
"20260613","분당선","매탄권선","4368","4125","20260616",""
"20260613","분당선","수원시청","13350","14686","20260616",""
"20260613","분당선","매교","4103","4099","20260616",""
"20260613","서해선","김포공항","2752","4480","20260616",""
"20260613","서해선","원종","5167","4687","20260616",""
"20260613","서해선","부천종합운동장","2357","1940","20260616",""
"20260613","수인선","고색","3757","3862","20260616",""
"20260613","수인선","오목천","3501","2794","20260616",""
"20260613","수인선","어천","1582","1262","20260616",""
"20260613","수인선","야목","661","584","20260616",""
"20260613","수인선","사리","4486","3658","20260616",""
"20260613","수인선","달월","74","77","20260616",""
"20260613","수인선","월곶","2637","2454","20260616",""
"20260613","수인선","소래포구","6093","6271","20260616",""
"20260613","수인선","인천논현","4924","5128","20260616",""
"20260613","수인선","호구포","2991","2796","20260616",""
"20260613","수인선","남동인더스파크","1049","992","20260616",""
"20260613","수인선","원인재","4162","4225","20260616",""
"20260613","수인선","연수","4637","4721","20260616",""
"20260613","수인선","송도","2406","2208","20260616",""
"20260613","수인선","인하대","5600","5064","20260616",""
"20260613","수인선","숭의","3670","3286","20260616",""
"20260613","수인선","신포","1791","1791","20260616",""
"20260613","수인선","인천","1313","2100","20260616",""
"20260613","신림선","샛강","1410","1835","20260616",""
"20260613","신림선","대방","3459","2172","20260616",""
"20260613","신림선","서울지방병무청","2495","2838","20260616",""
"20260613","신림선","보라매","3652","3195","20260616",""
"20260613","신림선","보라매공원","1833","2045","20260616",""
"20260613","신림선","보라매병원","4311","4331","20260616",""
"20260613","신림선","당곡","3891","3487","20260616",""
"20260613","신림선","신림","2041","2326","20260616",""
"20260613","신림선","서원","3168","2638","20260616",""
"20260613","신림선","서울대벤처타운","9078","7795","20260616",""
"20260613","신림선","관악산(서울대)","4040","4126","20260616",""
"20260613","안산선","산본","15603","16313","20260616",""
"20260613","안산선","대야미","5011","4362","20260616",""
"20260613","안산선","반월","4077","4007","20260616",""
"20260613","안산선","상록수","13752","13751","20260616",""
"20260613","안산선","한대앞","9074","8949","20260616",""
"20260613","안산선","중앙","19038","19687","20260616",""
"20260613","안산선","고잔","8139","7958","20260616",""
"20260613","안산선","초지","4252","3873","20260616",""
"20260613","안산선","안산","11524","12456","20260616",""
"20260613","안산선","신길온천","1996","1914","20260616",""
"20260613","안산선","정왕","8721","8618","20260616",""
"20260613","안산선","오이도","8144","8360","20260616",""
"20260613","안산선","수리산","3475","3012","20260616",""
"20260613","우이신설선","북한산우이","4146","4448","20260616",""
"20260613","중앙선","양정","493","433","20260616",""
"20260613","중앙선","덕소","5169","5280","20260616",""
"20260613","중앙선","도심","2374","1894","20260616",""
"20260613","중앙선","팔당","1187","1247","20260616",""
"20260613","중앙선","운길산","1299","1391","20260616",""
"20260613","중앙선","양수","2438","2468","20260616",""
"20260613","중앙선","신원","228","193","20260616",""
"20260613","중앙선","국수","767","763","20260616",""
"20260613","중앙선","아신","670","642","20260616",""
"20260613","중앙선","오빈","387","408","20260616",""
"20260613","중앙선","양평","4623","4970","20260616",""
"20260613","중앙선","원덕","479","488","20260616",""
"20260613","중앙선","용문","2435","2696","20260616",""
"20260613","중앙선","지평","56","70","20260616",""
"20260613","2호선","용답","2618","2449","20260616",""
"20260614","1호선","제기동","10547","11144","20260617",""
"20260614","1호선","청량리(서울시립대입구)","17455","17569","20260617",""
"20260614","1호선","동묘앞","13466","13809","20260617",""
"20260614","2호선","시청","10546","8159","20260617",""
"20260614","2호선","을지로입구","31401","31246","20260617",""
"20260614","2호선","을지로3가","14118","14459","20260617",""
"20260614","2호선","을지로4가","7836","7574","20260617",""
"20260614","2호선","동대문역사문화공원(DDP)","13307","16553","20260617",""
"20260614","2호선","신당","10250","10792","20260617",""
"20260614","2호선","상왕십리","8401","8437","20260617",""
"20260614","2호선","왕십리(성동구청)","10121","9352","20260617",""
"20260614","2호선","한양대","3895","4469","20260617",""
"20260614","2호선","뚝섬","18078","18216","20260617",""
"20260614","2호선","성수","41879","44208","20260617",""
"20260614","2호선","건대입구","27685","28519","20260617",""
"20260614","2호선","구의(광진구청)","16490","16385","20260617",""
"20260614","2호선","강변(동서울터미널)","22648","21580","20260617",""
"20260614","2호선","잠실(송파구청)","60778","57470","20260617",""
"20260614","2호선","잠실새내","14576","14783","20260617",""
"20260614","2호선","종합운동장","22686","24540","20260617",""
"20260614","2호선","삼성(무역센터)","28657","24899","20260617",""
"20260614","2호선","선릉","17631","14896","20260617",""
"20260614","2호선","역삼","13931","15139","20260617",""
"20260614","2호선","강남","37725","36400","20260617",""
"20260614","2호선","교대(법원.검찰청)","11196","13994","20260617",""
"20260614","2호선","서초","16305","15377","20260617",""
"20260614","2호선","방배","7997","8160","20260617",""
"20260614","2호선","사당","29704","31725","20260617",""
"20260614","2호선","낙성대(강감찬)","18237","18692","20260617",""
"20260614","2호선","서울대입구(관악구청)","28068","28022","20260617",""
"20260614","2호선","봉천","14433","14182","20260617",""
"20260614","2호선","신림","38618","38167","20260617",""
"20260614","2호선","신대방","16877","16569","20260617",""
"20260614","2호선","구로디지털단지","28615","27627","20260617",""
"20260614","2호선","대림(구로구청)","17447","18062","20260617",""
"20260614","2호선","신도림","32682","31699","20260617",""
"20260614","2호선","문래","10002","10567","20260617",""
"20260614","2호선","영등포구청","10930","11400","20260617",""
"20260614","2호선","당산","10469","10815","20260617",""
"20260614","2호선","합정","24149","24989","20260617",""
"20260614","2호선","홍대입구","66338","66976","20260617",""
"20260614","2호선","신촌","25480","25161","20260617",""
"20260614","2호선","이대","9891","10889","20260617",""
"20260614","2호선","아현","6515","6385","20260617",""
"20260614","2호선","충정로(경기대입구)","4646","5164","20260617",""
"20260614","2호선","용답","2000","1969","20260617",""
"20260614","2호선","신답","938","1029","20260617",""
"20260614","2호선","신설동","3777","3541","20260617",""
"20260614","2호선","도림천","676","721","20260617",""
"20260614","2호선","양천구청","3691","3809","20260617",""
"20260614","2호선","신정네거리","5464","5538","20260617",""
"20260614","2호선","용두(동대문구청)","1376","1271","20260617",""
"20260614","3호선","지축","4580","4446","20260617",""
"20260614","3호선","구파발","14294","14462","20260617",""
"20260614","3호선","연신내","24286","22893","20260617",""
"20260614","3호선","불광","11079","12361","20260617",""
"20260614","3호선","녹번","8266","7549","20260617",""
"20260614","3호선","홍제","11418","10861","20260617",""
"20260614","3호선","무악재","2324","2437","20260617",""
"20260614","3호선","독립문","5430","5877","20260617",""
"20260614","3호선","경복궁(정부서울청사)","18126","18179","20260617",""
"20260614","3호선","안국","17178","18146","20260617",""
"20260614","3호선","종로3가","6575","7847","20260617",""
"20260614","3호선","을지로3가","7070","6357","20260617",""
"20260614","3호선","충무로","3","0","20260617",""
"20260614","3호선","동대입구","7235","7871","20260617",""
"20260614","3호선","약수","7969","7815","20260617",""
"20260614","3호선","금호","4910","4844","20260617",""
"20260614","3호선","옥수","6102","6330","20260617",""
"20260614","3호선","압구정","16990","17767","20260617",""
"20260614","3호선","신사","13123","13076","20260617",""
"20260614","3호선","잠원","3965","3830","20260617",""
"20260614","3호선","고속터미널","53690","47769","20260617",""
"20260614","3호선","교대(법원.검찰청)","6712","3371","20260617",""
"20260614","3호선","남부터미널(예술의전당)","18043","18765","20260617",""
"20260614","3호선","양재(서초구청)","16294","17975","20260617",""
"20260614","3호선","매봉","5278","5213","20260617",""
"20260614","3호선","도곡","2701","2626","20260617",""
"20260614","3호선","대치","7169","6241","20260617",""
"20260614","3호선","학여울","2104","2145","20260617",""
"20260614","3호선","대청","5214","5187","20260617",""
"20260614","3호선","일원","4967","5189","20260617",""
"20260614","3호선","수서","12683","12188","20260617",""
"20260614","3호선","가락시장","4560","4677","20260617",""
"20260614","3호선","경찰병원","3512","3535","20260617",""
"20260614","3호선","오금","3316","3314","20260617",""
"20260614","4호선","불암산","6591","6168","20260617",""
"20260614","4호선","상계","12007","11214","20260617",""
"20260614","4호선","노원","14033","15081","20260617",""
"20260614","4호선","창동","18502","19062","20260617",""
"20260614","4호선","쌍문","17956","16416","20260617",""
"20260614","4호선","수유(강북구청)","23375","22586","20260617",""
"20260614","4호선","미아(서울사이버대학)","9807","9080","20260617",""
"20260614","4호선","미아사거리","16632","16024","20260617",""
"20260614","4호선","길음","12316","12232","20260617",""
"20260614","4호선","성신여대입구(돈암)","14982","14259","20260617",""
"20260614","4호선","한성대입구(삼선교)","10046","10090","20260617",""
"20260614","4호선","혜화","25910","27272","20260617",""
"20260614","4호선","동대문","10923","11182","20260617",""
"20260614","4호선","동대문역사문화공원(DDP)","17478","15748","20260617",""
"20260614","4호선","명동","34394","37201","20260617",""
"20260614","4호선","회현(남대문시장)","13410","14166","20260617",""
"20260614","4호선","서울역","7422","17063","20260617",""
"20260614","4호선","숙대입구(갈월)","10773","10676","20260617",""
"20260614","4호선","삼각지(전쟁기념관)","5119","6623","20260617",""
"20260614","4호선","신용산","16288","16846","20260617",""
"20260614","4호선","이촌(국립중앙박물관)","8929","9066","20260617",""
"20260614","4호선","동작(현충원)","1610","1637","20260617",""
"20260614","4호선","총신대입구(이수)","11926","13183","20260617",""
"20260614","4호선","사당","18409","17465","20260617",""
"20260614","4호선","남태령","967","693","20260617",""
"20260614","5호선","방화","4246","4124","20260617",""
"20260614","5호선","개화산","3375","3462","20260617",""
"20260614","5호선","김포공항","10760","6619","20260617",""
"20260614","5호선","송정","4011","3997","20260617",""
"20260614","5호선","마곡","7153","7226","20260617",""
"20260614","5호선","발산","12086","12760","20260617",""
"20260614","5호선","우장산","8599","8842","20260617",""
"20260614","5호선","화곡","16311","15431","20260617",""
"20260614","5호선","까치산","17322","16714","20260617",""
"20260614","5호선","신정(은행정)","7160","6629","20260617",""
"20260614","5호선","목동","9279","9669","20260617",""
"20260614","5호선","오목교(목동운동장앞)","13132","13186","20260617",""
"20260614","5호선","양평","3438","3457","20260617",""
"20260614","5호선","영등포구청","2255","2022","20260617",""
"20260614","5호선","영등포시장","7422","7477","20260617",""
"20260614","5호선","신길","3043","3218","20260617",""
"20260614","5호선","여의도","9910","10560","20260617",""
"20260614","5호선","여의나루","10766","11463","20260617",""
"20260614","5호선","마포","6594","6353","20260617",""
"20260614","5호선","공덕","6061","6155","20260617",""
"20260614","5호선","애오개","3181","3294","20260617",""
"20260614","5호선","충정로(경기대입구)","1868","1967","20260617",""
"20260614","5호선","서대문","6286","6226","20260617",""
"20260614","5호선","광화문(세종문화회관)","17275","17806","20260617",""
"20260614","5호선","종로3가","11749","11277","20260617",""
"20260614","5호선","을지로4가","2994","3026","20260617",""
"20260614","5호선","동대문역사문화공원(DDP)","1475","1650","20260617",""
"20260614","5호선","청구","1837","1794","20260617",""
"20260614","5호선","신금호","3356","3702","20260617",""
"20260614","5호선","행당","4463","4102","20260617",""
"20260614","5호선","왕십리(성동구청)","2859","3476","20260617",""
"20260614","5호선","마장","3475","3333","20260617",""
"20260614","5호선","답십리","8544","7801","20260617",""
"20260614","5호선","장한평","10268","10213","20260617",""
"20260614","5호선","군자(능동)","7965","9111","20260617",""
"20260614","5호선","아차산(어린이대공원후문)","11299","10943","20260617",""
"20260614","5호선","광나루(장신대)","7236","7009","20260617",""
"20260614","5호선","천호(풍납토성)","15422","14615","20260617",""
"20260614","5호선","강동","10776","10833","20260617",""
"20260614","5호선","길동","5561","5667","20260617",""
"20260614","5호선","굽은다리(강동구민회관앞)","6153","5691","20260617",""
"20260614","5호선","명일","5675","5547","20260617",""
"20260614","5호선","고덕","5059","5051","20260617",""
"20260614","5호선","상일동","7321","7385","20260617",""
"20260614","5호선","둔촌동","8488","8262","20260617",""
"20260614","5호선","올림픽공원(한국체대)","6494","6527","20260617",""
"20260614","5호선","방이","5534","5195","20260617",""
"20260614","5호선","오금","1818","1808","20260617",""
"20260614","5호선","개롱","3570","3832","20260617",""
"20260614","5호선","거여","5445","5505","20260617",""
"20260614","5호선","마천","4063","4089","20260617",""
"20260614","5호선","강일","3513","3287","20260617",""
"20260614","5호선","미사","12003","12123","20260617",""
"20260614","5호선","하남풍산","4968","4301","20260617",""
"20260614","5호선","하남시청(덕풍·신장)","6180","5754","20260617",""
"20260614","5호선","하남검단산","5511","5327","20260617",""
"20260614","6호선","응암","10579","10530","20260617",""
"20260614","6호선","불광","3630","3134","20260617",""
"20260614","6호선","독바위","1616","1923","20260617",""
"20260614","6호선","구산","4743","3774","20260617",""
"20260614","6호선","새절(신사)","7374","7147","20260617",""
"20260614","6호선","증산(명지대앞)","5724","5815","20260617",""
"20260614","6호선","디지털미디어시티","6432","6714","20260617",""
"20260614","6호선","월드컵경기장(성산)","3372","3390","20260617",""
"20260614","6호선","마포구청","8287","7676","20260617",""
"20260614","6호선","망원","12604","13270","20260617",""
"20260614","6호선","합정","10590","9806","20260617",""
"20260614","6호선","상수","10133","10634","20260617",""
"20260614","6호선","광흥창(서강)","5281","5237","20260617",""
"20260614","6호선","대흥(서강대앞)","5803","6042","20260617",""
"20260614","6호선","공덕","8836","8702","20260617",""
"20260614","6호선","효창공원앞","4337","4025","20260617",""
"20260614","6호선","삼각지(전쟁기념관)","6394","5337","20260617",""
"20260614","6호선","녹사평(용산구청)","4301","4337","20260617",""
"20260614","6호선","이태원","11591","9475","20260617",""
"20260614","6호선","한강진","7399","8970","20260617",""
"20260614","6호선","버티고개","1314","1422","20260617",""
"20260614","6호선","약수","2124","2130","20260617",""
"20260614","6호선","청구","2215","2037","20260617",""
"20260614","6호선","신당","5609","5878","20260617",""
"20260614","6호선","동묘앞","10353","10258","20260617",""
"20260614","6호선","창신","1897","1755","20260617",""
"20260614","6호선","보문","4879","4768","20260617",""
"20260614","6호선","안암(고대병원앞)","4959","5547","20260617",""
"20260614","6호선","고려대(종암)","4937","5054","20260617",""
"20260614","6호선","월곡(동덕여대)","6416","6294","20260617",""
"20260614","6호선","상월곡(한국과학기술연구원)","3950","3694","20260617",""
"20260614","6호선","돌곶이","7521","7222","20260617",""
"20260614","6호선","석계","7185","7424","20260617",""
"20260614","6호선","태릉입구","3852","3941","20260617",""
"20260614","6호선","화랑대(서울여대입구)","5609","5077","20260617",""
"20260614","6호선","봉화산(서울의료원)","4318","4317","20260617",""
"20260614","7호선","장암","1911","1305","20260617",""
"20260614","7호선","도봉산","5859","8067","20260617",""
"20260614","7호선","수락산","8610","8567","20260617",""
"20260614","7호선","마들","7514","6940","20260617",""
"20260614","7호선","노원","12977","13148","20260617",""
"20260614","7호선","중계","8915","8499","20260617",""
"20260614","7호선","하계","10532","9949","20260617",""
"20260614","7호선","공릉(서울과학기술대)","11257","11499","20260617",""
"20260614","7호선","태릉입구","5758","5411","20260617",""
"20260614","7호선","먹골","6210","6011","20260617",""
"20260614","7호선","중화","6643","6432","20260617",""
"20260614","7호선","상봉","11099","10347","20260617",""
"20260614","7호선","면목","8751","8568","20260617",""
"20260614","7호선","사가정","10144","9978","20260617",""
"20260614","7호선","용마산(용마폭포공원)","3513","3891","20260617",""
"20260614","7호선","중곡","6212","5937","20260617",""
"20260614","7호선","군자(능동)","10044","7597","20260617",""
"20260614","7호선","어린이대공원(세종대)","9033","9211","20260617",""
"20260614","7호선","건대입구","8820","8896","20260617",""
"20260614","7호선","자양(뚝섬한강공원)","7562","7189","20260617",""
"20260614","7호선","청담","7554","7980","20260617",""
"20260614","7호선","강남구청","6555","7259","20260617",""
"20260614","7호선","학동","8398","8772","20260617",""
"20260614","7호선","논현","7009","7237","20260617",""
"20260614","7호선","반포","4219","4072","20260617",""
"20260614","7호선","고속터미널","15360","10787","20260617",""
"20260614","7호선","내방","6558","6815","20260617",""
"20260614","7호선","이수","10262","9655","20260617",""
"20260614","7호선","남성","6199","6373","20260617",""
"20260614","7호선","숭실대입구(살피재)","6596","7125","20260617",""
"20260614","7호선","상도","6450","6546","20260617",""
"20260614","7호선","장승배기","5290","5298","20260617",""
"20260614","7호선","신대방삼거리","8739","8807","20260617",""
"20260614","7호선","보라매","4315","4280","20260617",""
"20260614","7호선","신풍","7487","7138","20260617",""
"20260614","7호선","대림(구로구청)","9726","9058","20260617",""
"20260614","7호선","남구로","7545","7538","20260617",""
"20260614","7호선","가산디지털단지","11261","10675","20260617",""
"20260614","7호선","철산","11594","11702","20260617",""
"20260614","일산선","마두","3877","3926","20260617",""
"20260614","7호선","광명사거리","14171","14064","20260617",""
"20260614","7호선","천왕","5961","5958","20260617",""
"20260614","7호선","온수(성공회대입구)","4587","4653","20260617",""
"20260614","8호선","암사역사공원","3772","3510","20260617",""
"20260614","8호선","암사","9320","8741","20260617",""
"20260614","8호선","천호(풍납토성)","12478","13684","20260617",""
"20260614","8호선","강동구청","5624","5661","20260617",""
"20260614","8호선","몽촌토성(평화의문)","5562","5719","20260617",""
"20260614","8호선","잠실(송파구청)","14609","16562","20260617",""
"20260614","8호선","석촌","5641","6583","20260617",""
"20260614","8호선","송파","5467","5430","20260617",""
"20260614","8호선","가락시장","3948","4768","20260617",""
"20260614","8호선","문정","7224","7818","20260617",""
"20260614","8호선","장지","9834","9497","20260617",""
"20260614","8호선","복정","6002","5431","20260617",""
"20260614","8호선","산성","3584","3961","20260617",""
"20260614","8호선","남한산성입구(성남법원.검찰청)","6883","6287","20260617",""
"20260614","8호선","단대오거리","6915","6659","20260617",""
"20260614","8호선","신흥","3690","3778","20260617",""
"20260614","8호선","수진","4090","3841","20260617",""
"20260614","8호선","모란","5751","4762","20260617",""
"20260614","8호선","남위례","4416","4415","20260617",""
"20260614","9호선","개화","1283","1153","20260617",""
"20260614","9호선","김포공항","4693","9642","20260617",""
"20260614","9호선","공항시장","1819","1999","20260617",""
"20260614","9호선","신방화","4139","4077","20260617",""
"20260614","9호선","마곡나루(서울식물원)","8605","8574","20260617",""
"20260614","9호선","양천향교","4694","5164","20260617",""
"20260614","9호선","가양","12980","12336","20260617",""
"20260614","9호선","증미","3156","3151","20260617",""
"20260614","9호선","등촌","6505","6549","20260617",""
"20260614","9호선","염창","10719","10511","20260617",""
"20260614","9호선","신목동","2460","2247","20260617",""
"20260614","9호선","선유도","3751","3708","20260617",""
"20260614","9호선","당산","11099","10893","20260617",""
"20260614","9호선","국회의사당","6416","6038","20260617",""
"20260614","9호선","여의도","11618","10424","20260617",""
"20260614","9호선","샛강","2666","2595","20260617",""
"20260614","9호선","노량진","17320","17770","20260617",""
"20260614","9호선","노들","3224","2811","20260617",""
"20260614","9호선","흑석(중앙대입구)","4454","4581","20260617",""
"20260614","9호선","동작(현충원)","1440","1376","20260617",""
"20260614","9호선","구반포","1477","1454","20260617",""
"20260614","9호선","신반포","3180","3238","20260617",""
"20260614","9호선","고속터미널","15847","21771","20260617",""
"20260614","9호선","사평","2262","2344","20260617",""
"20260614","9호선","신논현","18384","18267","20260617",""
"20260614","9호선2~3단계","언주","4852","4873","20260617",""
"20260614","9호선2~3단계","선정릉","4246","4806","20260617",""
"20260614","9호선2~3단계","삼성중앙","2549","2615","20260617",""
"20260614","9호선2~3단계","봉은사","13470","14238","20260617",""
"20260614","9호선2~3단계","종합운동장","5495","4715","20260617",""
"20260614","9호선2~3단계","삼전","4829","4798","20260617",""
"20260614","9호선2~3단계","석촌고분","4493","4543","20260617",""
"20260614","9호선2~3단계","석촌","6639","5898","20260617",""
"20260614","9호선2~3단계","송파나루","3901","4187","20260617",""
"20260614","9호선2~3단계","한성백제","2552","2165","20260617",""
"20260614","9호선2~3단계","올림픽공원(한국체대)","18639","18007","20260617",""
"20260614","9호선2~3단계","둔촌오륜","2644","2684","20260617",""
"20260614","9호선2~3단계","중앙보훈병원","5670","5317","20260617",""
"20260614","경강선","판교","3765","3032","20260617",""
"20260614","경강선","이매","838","630","20260617",""
"20260614","경강선","삼동","1260","1237","20260617",""
"20260614","경강선","경기광주","4734","4828","20260617",""
"20260614","경강선","초월","2211","2125","20260617",""
"20260614","경강선","곤지암","1692","1950","20260617",""
"20260614","경강선","신둔도예촌","1079","1096","20260617",""
"20260614","경강선","이천","2534","2821","20260617",""
"20260614","경강선","부발","1763","2275","20260617",""
"20260614","경강선","세종대왕릉","389","378","20260617",""
"20260614","경강선","여주","2909","2958","20260617",""
"20260614","경강선","성남","836","826","20260617",""
"20260614","경부선","서울역","12103","3146","20260617",""
"20260614","경부선","남영","6284","6628","20260617",""
"20260614","경부선","용산","49756","45593","20260617",""
"20260614","경부선","노량진","6600","6412","20260617",""
"20260614","경부선","대방","5573","6529","20260617",""
"20260614","경부선","영등포","38296","36327","20260617",""
"20260614","경부선","신도림","2563","3071","20260617",""
"20260614","경부선","신길","5092","4743","20260617",""
"20260614","경부선","구로","11767","11922","20260617",""
"20260614","경부선","가산디지털단지","5002","6589","20260617",""
"20260614","경부선","금천구청","6177","6310","20260617",""
"20260614","경부선","석수","5194","4925","20260617",""
"20260614","경부선","관악","5171","4951","20260617",""
"20260614","경부선","안양","14509","14279","20260617",""
"20260614","경부선","명학","3679","3539","20260617",""
"20260614","경부선","금정","17366","17789","20260617",""
"20260614","경부선","군포","2989","2873","20260617",""
"20260614","경부선","의왕","4507","4570","20260617",""
"20260614","경부선","성균관대","8840","9305","20260617",""
"20260614","경부선","화서","8479","8276","20260617",""
"20260614","경부선","수원","39588","37985","20260617",""
"20260614","경부선","독산","7131","7208","20260617",""
"20260614","경부선","세류","2581","2513","20260617",""
"20260614","경부선","병점","11029","11535","20260617",""
"20260614","경부선","세마","2291","2178","20260617",""
"20260614","경부선","오산대","2775","2569","20260617",""
"20260614","경부선","오산","9114","9178","20260617",""
"20260614","경부선","진위","1094","1124","20260617",""
"20260614","경부선","송탄","4212","4651","20260617",""
"20260614","경부선","서정리","6240","8327","20260617",""
"20260614","경부선","평택지제","3626","3688","20260617",""
"20260614","경부선","평택","13774","14252","20260617",""
"20260614","경부선","성환","3338","3994","20260617",""
"20260614","경부선","직산","870","926","20260617",""
"20260614","경부선","두정","6579","7951","20260617",""
"20260614","경부선","천안","7764","7477","20260617",""
"20260614","경부선","당정","3446","3315","20260617",""
"20260614","경부선","서동탄","865","787","20260617",""
"20260614","경부선","광명","3277","2310","20260617",""
"20260614","경원선","이촌(국립중앙박물관)","2942","2351","20260617",""
"20260614","경원선","서빙고","2569","2705","20260617",""
"20260614","경원선","한남","1825","1909","20260617",""
"20260614","경원선","옥수","76","32","20260617",""
"20260614","경원선","응봉","1207","1186","20260617",""
"20260614","경원선","왕십리(성동구청)","11377","11900","20260617",""
"20260614","경원선","청량리(서울시립대입구)","17568","16450","20260617",""
"20260614","경원선","외대앞","6895","6920","20260617",""
"20260614","경원선","신이문","5317","4908","20260617",""
"20260614","경원선","석계","4940","5419","20260617",""
"20260614","경원선","광운대","4966","5011","20260617",""
"20260614","경원선","월계","4027","3840","20260617",""
"20260614","경원선","녹천","2862","2579","20260617",""
"20260614","경원선","창동","8","0","20260617",""
"20260614","경원선","방학","6791","6634","20260617",""
"20260614","경원선","도봉","3774","3683","20260617",""
"20260614","경원선","도봉산","8459","5880","20260617",""
"20260614","경원선","망월사","5484","5587","20260617",""
"20260614","경원선","회룡","8814","8754","20260617",""
"20260614","경원선","의정부","15118","14849","20260617",""
"20260614","경원선","가능","4271","4150","20260617",""
"20260614","경원선","녹양","2924","2840","20260617",""
"20260614","경원선","양주","5398","5366","20260617",""
"20260614","경원선","덕계","4219","4074","20260617",""
"20260614","경원선","덕정","4106","4155","20260617",""
"20260614","경원선","지행","4801","5027","20260617",""
"20260614","경원선","동두천중앙","2188","2044","20260617",""
"20260614","경원선","보산","1293","1517","20260617",""
"20260614","경원선","동두천","1080","1249","20260617",""
"20260614","경원선","소요산","2995","3017","20260617",""
"20260614","경원선","청산","189","142","20260617",""
"20260614","경원선","전곡","1362","1453","20260617",""
"20260614","경원선","연천","1248","1251","20260617",""
"20260614","경의선","서울역","1083","998","20260617",""
"20260614","경의선","신촌","290","344","20260617",""
"20260614","경의선","효창공원앞","1668","1923","20260617",""
"20260614","경의선","공덕","2664","1949","20260617",""
"20260614","경의선","서강대","1549","1625","20260617",""
"20260614","경의선","홍대입구","2288","2699","20260617",""
"20260614","경의선","가좌","3658","3620","20260617",""
"20260614","경의선","디지털미디어시티","1655","1666","20260617",""
"20260614","경의선","수색","1508","1442","20260617",""
"20260614","경의선","한국항공대","1057","1208","20260617",""
"20260614","경의선","강매","1701","1515","20260617",""
"20260614","경의선","행신","4453","4430","20260617",""
"20260614","경의선","능곡","2835","2850","20260617",""
"20260614","경의선","곡산","381","365","20260617",""
"20260614","경의선","백마","4085","3933","20260617",""
"20260614","경의선","풍산","4607","4352","20260617",""
"20260614","경의선","일산","5903","5589","20260617",""
"20260614","경의선","탄현","4656","4340","20260617",""
"20260614","경의선","야당","5020","5071","20260617",""
"20260614","경의선","운정","5118","5018","20260617",""
"20260614","경의선","금릉","3165","3109","20260617",""
"20260614","경의선","금촌","4653","5201","20260617",""
"20260614","경의선","월롱","865","1229","20260617",""
"20260614","경의선","파주","789","772","20260617",""
"20260614","경의선","문산","4581","4909","20260617",""
"20260614","경의선","임진강","63","94","20260617",""
"20260614","경의선","운천","9","7","20260617",""
"20260614","경인선","개봉","13985","13849","20260617",""
"20260614","경인선","오류동","7506","7236","20260617",""
"20260614","경인선","역곡","14671","14859","20260617",""
"20260614","경인선","부천","23596","22950","20260617",""
"20260614","경인선","송내","14034","13782","20260617",""
"20260614","경인선","부평","23919","23444","20260617",""
"20260614","경인선","백운","4473","4221","20260617",""
"20260614","경인선","동암","10417","10280","20260617",""
"20260614","경인선","주안","12153","10961","20260617",""
"20260614","경인선","제물포","6209","6130","20260617",""
"20260614","경인선","동인천","9941","9206","20260617",""
"20260614","경인선","인천","4246","3688","20260617",""
"20260614","경인선","구일","8357","9002","20260617",""
"20260614","경인선","소사","5450","5215","20260617",""
"20260614","경인선","부개","5330","5029","20260617",""
"20260614","경인선","간석","3692","3447","20260617",""
"20260614","경인선","도원","1958","2004","20260617",""
"20260614","경인선","온수(성공회대입구)","4131","3935","20260617",""
"20260614","경인선","중동","5496","5306","20260617",""
"20260614","경인선","도화","2639","2472","20260617",""
"20260614","경춘선","신내","1570","1481","20260617",""
"20260614","경춘선","갈매","1507","1373","20260617",""
"20260614","경춘선","별내","1798","1454","20260617",""
"20260614","경춘선","퇴계원","2337","2152","20260617",""
"20260614","경춘선","사릉","1304","1268","20260617",""
"20260614","경춘선","금곡","1024","894","20260617",""
"20260614","경춘선","평내호평","3815","3627","20260617",""
"20260614","경춘선","천마산","1094","1169","20260617",""
"20260614","경춘선","마석","2895","2814","20260617",""
"20260614","경춘선","대성리","549","451","20260617",""
"20260614","경춘선","청평","1842","1609","20260617",""
"20260614","경춘선","상천","330","266","20260617",""
"20260614","경춘선","가평","2278","1876","20260617",""
"20260614","경춘선","굴봉산","156","121","20260617",""
"20260614","경춘선","백양리","144","127","20260617",""
"20260614","경춘선","강촌","630","537","20260617",""
"20260614","경춘선","김유정","724","669","20260617",""
"20260614","경춘선","남춘천","2733","3277","20260617",""
"20260614","경춘선","춘천","1876","1668","20260617",""
"20260614","공항철도 1호선","서울역","17618","12958","20260617",""
"20260614","공항철도 1호선","공덕","2106","2881","20260617",""
"20260614","공항철도 1호선","홍대입구","17035","14379","20260617",""
"20260614","공항철도 1호선","디지털미디어시티","5304","5334","20260617",""
"20260614","공항철도 1호선","마곡나루(서울식물원)","5481","5693","20260617",""
"20260614","공항철도 1호선","김포공항","7387","3973","20260617",""
"20260614","공항철도 1호선","계양","5578","5546","20260617",""
"20260614","공항철도 1호선","검암","3589","3645","20260617",""
"20260614","공항철도 1호선","청라국제도시","4125","4235","20260617",""
"20260614","공항철도 1호선","운서","8871","9694","20260617",""
"20260614","공항철도 1호선","공항화물청사","1020","2060","20260617",""
"20260614","공항철도 1호선","인천공항1터미널","12783","15787","20260617",""
"20260614","공항철도 1호선","인천공항2터미널","11931","11665","20260617",""
"20260614","공항철도 1호선","영종","3567","3618","20260617",""
"20260614","과천선","선바위","4449","3912","20260617",""
"20260614","과천선","경마공원","13918","14002","20260617",""
"20260614","과천선","대공원","10292","10443","20260617",""
"20260614","과천선","과천","3537","3256","20260617",""
"20260614","과천선","정부과천청사","5706","5786","20260617",""
"20260614","과천선","인덕원","15219","15392","20260617",""
"20260614","과천선","평촌","7996","7601","20260617",""
"20260614","과천선","범계","16809","16598","20260617",""
"20260614","분당선","선릉","3440","5057","20260617",""
"20260614","분당선","한티","9908","9656","20260617",""
"20260614","분당선","도곡","3280","3244","20260617",""
"20260614","분당선","구룡","1714","1839","20260617",""
"20260614","분당선","개포동","2230","2340","20260617",""
"20260614","분당선","대모산입구","3126","3144","20260617",""
"20260614","분당선","수서","11838","11834","20260617",""
"20260614","분당선","복정","1","0","20260617",""
"20260614","분당선","수원","6380","5911","20260617",""
"20260614","분당선","서울숲","9822","10185","20260617",""
"20260614","분당선","압구정로데오","10204","10841","20260617",""
"20260614","분당선","강남구청","3594","4285","20260617",""
"20260614","분당선","선정릉","2537","2542","20260617",""
"20260614","분당선","가천대","5211","5785","20260617",""
"20260614","분당선","태평","9103","8504","20260617",""
"20260614","분당선","모란","18758","20000","20260617",""
"20260614","분당선","야탑","16271","16285","20260617",""
"20260614","분당선","서현","14524","14581","20260617",""
"20260614","분당선","수내","5820","5681","20260617",""
"20260614","분당선","정자","8255","8538","20260617",""
"20260614","분당선","미금","9104","9418","20260617",""
"20260614","분당선","오리","6174","5587","20260617",""
"20260614","분당선","이매","4368","4427","20260617",""
"20260614","분당선","보정","1224","1149","20260617",""
"20260614","분당선","죽전","8098","9024","20260617",""
"20260614","분당선","구성","4575","4703","20260617",""
"20260614","분당선","신갈","2401","2477","20260617",""
"20260614","분당선","기흥","5808","5375","20260617",""
"20260614","분당선","상갈","3042","3195","20260617",""
"20260614","분당선","청명","2481","2571","20260617",""
"20260614","분당선","영통","5305","5230","20260617",""
"20260614","분당선","망포","6835","7190","20260617",""
"20260614","분당선","매탄권선","3048","2976","20260617",""
"20260614","분당선","수원시청","8536","8510","20260617",""
"20260614","분당선","매교","2855","2950","20260617",""
"20260614","서해선","김포공항","2696","3751","20260617",""
"20260614","서해선","원종","3510","3470","20260617",""
"20260614","서해선","부천종합운동장","1710","1354","20260617",""
"20260614","수인선","고색","2614","2745","20260617",""
"20260614","수인선","오목천","2532","2394","20260617",""
"20260614","수인선","어천","1138","1337","20260617",""
"20260614","수인선","야목","555","453","20260617",""
"20260614","수인선","사리","3249","2824","20260617",""
"20260614","수인선","달월","69","70","20260617",""
"20260614","수인선","월곶","2042","1960","20260617",""
"20260614","수인선","소래포구","4573","4364","20260617",""
"20260614","수인선","인천논현","3401","3555","20260617",""
"20260614","수인선","호구포","2239","2423","20260617",""
"20260614","수인선","남동인더스파크","701","726","20260617",""
"20260614","수인선","원인재","3029","3025","20260617",""
"20260614","수인선","연수","3529","3573","20260617",""
"20260614","수인선","송도","1742","1694","20260617",""
"20260614","수인선","인하대","3774","3669","20260617",""
"20260614","수인선","숭의","2715","2370","20260617",""
"20260614","수인선","신포","1208","1294","20260617",""
"20260614","수인선","인천","1138","1542","20260617",""
"20260614","신림선","샛강","1098","1225","20260617",""
"20260614","신림선","대방","2271","1728","20260617",""
"20260614","신림선","서울지방병무청","1836","2085","20260617",""
"20260614","신림선","보라매","2899","2646","20260617",""
"20260614","신림선","보라매공원","1290","1421","20260617",""
"20260614","신림선","보라매병원","2855","2773","20260617",""
"20260614","신림선","당곡","2883","2974","20260617",""
"20260614","신림선","신림","1722","1896","20260617",""
"20260614","신림선","서원","2379","2375","20260617",""
"20260614","신림선","서울대벤처타운","6586","6258","20260617",""
"20260614","신림선","관악산(서울대)","3491","3628","20260617",""
"20260614","안산선","산본","10694","10934","20260617",""
"20260614","안산선","대야미","3446","3192","20260617",""
"20260614","안산선","반월","2806","2809","20260617",""
"20260614","안산선","상록수","9728","9667","20260617",""
"20260614","안산선","한대앞","6366","6448","20260617",""
"20260614","안산선","중앙","13102","13023","20260617",""
"20260614","안산선","고잔","5305","5122","20260617",""
"20260614","안산선","초지","2759","2570","20260617",""
"20260614","안산선","안산","11503","10237","20260617",""
"20260614","안산선","신길온천","1536","1413","20260617",""
"20260614","안산선","정왕","6873","7140","20260617",""
"20260614","안산선","오이도","5835","5576","20260617",""
"20260614","안산선","수리산","2505","2330","20260617",""
"20260614","우이신설선","북한산우이","3389","3630","20260617",""
"20260614","우이신설선","솔밭공원","1773","1650","20260617",""
"20260614","우이신설선","4.19민주묘지","2370","2149","20260617",""
"20260614","우이신설선","가오리","2858","2680","20260617",""
"20260614","우이신설선","화계","2563","2541","20260617",""
"20260614","우이신설선","삼양","1621","1665","20260617",""
"20260614","우이신설선","삼양사거리","1954","1914","20260617",""
"20260614","우이신설선","솔샘","3269","3123","20260617",""
"20260614","우이신설선","북한산보국문","4100","3631","20260617",""
"20260614","우이신설선","정릉","3265","2765","20260617",""
"20260614","우이신설선","성신여대입구(돈암)","2528","2831","20260617",""
"20260614","우이신설선","보문","1333","1366","20260617",""
"20260614","우이신설선","신설동","1607","1520","20260617",""
"20260614","일산선","원흥","7163","6956","20260617",""
"20260614","일산선","삼송","11695","11603","20260617",""
"20260614","일산선","원당","7053","7029","20260617",""
"20260614","일산선","화정","10969","11232","20260617",""
"20260614","일산선","백석","6431","6480","20260617",""
"20260614","일산선","대곡","7093","6693","20260617",""
"20260614","장항선","봉명","728","736","20260617",""
"20260614","일산선","대화","5566","5149","20260617",""
"20260614","일산선","주엽","5210","5099","20260617",""
"20260614","일산선","정발산","5749","5470","20260617",""
"20260614","1호선","서울역","57616","57064","20260617",""
"20260614","1호선","시청","12942","12835","20260617",""
"20260614","1호선","종각","17049","15769","20260617",""
"20260614","1호선","종로3가","16920","14837","20260617",""
"20260614","1호선","종로5가","12745","12268","20260617",""
"20260614","1호선","동대문","14232","14576","20260617",""
"20260614","1호선","신설동","9636","9679","20260617",""
"20260614","6호선","역촌","2486","2871","20260617",""
"20260614","중앙선","중랑","3776","3650","20260617",""
"20260614","장항선","신창(순천향대)","1084","1371","20260617",""
"20260614","중앙선","회기","17070","17071","20260617",""
"20260614","중앙선","국수","594","550","20260617",""
"20260614","중앙선","신원","195","137","20260617",""
"20260614","중앙선","양수","1911","1729","20260617",""
"20260614","중앙선","운길산","1147","1121","20260617",""
"20260614","중앙선","팔당","985","1005","20260617",""
"20260614","중앙선","도심","1573","1329","20260617",""
"20260614","중앙선","덕소","3552","3602","20260617",""
"20260614","중앙선","양정","364","308","20260617",""
"20260614","중앙선","도농","5455","5351","20260617",""
"20260614","중앙선","구리","4860","5181","20260617",""
"20260614","중앙선","양원","1733","1788","20260617",""
"20260614","중앙선","망우","5248","4975","20260617",""
"20260614","중앙선","상봉","4371","4232","20260617",""
"20260614","중앙선","아신","470","435","20260617",""
"20260614","중앙선","오빈","256","229","20260617",""
"20260614","중앙선","양평","2641","2424","20260617",""
"20260614","중앙선","원덕","377","286","20260617",""
"20260614","중앙선","용문","2169","1804","20260617",""
"20260614","중앙선","지평","52","37","20260617",""
"20260614","장항선","쌍용(나사렛대)","1744","1866","20260617",""
"20260614","장항선","아산","3737","2771","20260617",""
"20260614","장항선","탕정","1557","1731","20260617",""
"20260614","장항선","배방","1047","1128","20260617",""
"20260614","장항선","온양온천","5794","5701","20260617",""
"20260614","2호선","잠실나루","6941","6989","20260617",""
"20260614","4호선","충무로","15231","15929","20260617",""
"20260615","중앙선","아신","591","607","20260618",""
"20260615","중앙선","국수","796","724","20260618",""
"20260615","중앙선","신원","208","181","20260618",""
"20260615","중앙선","양수","2017","1996","20260618",""
"20260615","중앙선","운길산","865","777","20260618",""
"20260615","중앙선","팔당","702","748","20260618",""
"20260615","중앙선","도심","3284","2618","20260618",""
"20260615","중앙선","덕소","6108","5957","20260618",""
"20260615","중앙선","양정","577","483","20260618",""
"20260615","중앙선","도농","10865","10092","20260618",""
"20260615","중앙선","구리","8006","8511","20260618",""
"20260615","중앙선","양원","3791","3742","20260618",""
"20260615","중앙선","망우","8296","8134","20260618",""
"20260615","중앙선","양평","3425","3430","20260618",""
"20260615","중앙선","중랑","6225","5797","20260618",""
"20260615","중앙선","회기","30406","29541","20260618",""
"20260615","장항선","신창(순천향대)","1966","2215","20260618",""
"20260615","장항선","온양온천","4765","4769","20260618",""
"20260615","장항선","배방","1440","1321","20260618",""
"20260615","장항선","탕정","3064","2439","20260618",""
"20260615","장항선","아산","4975","4524","20260618",""
"20260615","장항선","쌍용(나사렛대)","3597","3668","20260618",""
"20260615","장항선","봉명","1538","1537","20260618",""
"20260615","중앙선","지평","67","57","20260618",""
"20260615","중앙선","용문","3260","3164","20260618",""
"20260615","중앙선","원덕","394","364","20260618",""
"20260615","중앙선","상봉","6452","6411","20260618",""
"20260615","중앙선","오빈","356","346","20260618",""
"20260615","1호선","종각","45752","44967","20260618",""
"20260615","1호선","서울역","84269","80862","20260618",""
"20260615","1호선","시청","29670","29595","20260618",""
"20260615","1호선","종로3가","25973","22699","20260618",""
"20260615","1호선","종로5가","26373","25903","20260618",""
"20260615","1호선","동대문","14138","14067","20260618",""
"20260615","1호선","신설동","16145","15560","20260618",""
"20260615","1호선","제기동","16714","16979","20260618",""
"20260615","1호선","청량리(서울시립대입구)","24487","24452","20260618",""
"20260615","1호선","동묘앞","9263","9517","20260618",""
"20260615","2호선","시청","30852","29073","20260618",""
"20260615","2호선","을지로입구","59359","60892","20260618",""
"20260615","2호선","을지로3가","28674","28552","20260618",""
"20260615","2호선","을지로4가","17084","16624","20260618",""
"20260615","2호선","동대문역사문화공원(DDP)","16516","19057","20260618",""
"20260615","2호선","신당","16222","16493","20260618",""
"20260615","2호선","상왕십리","15823","15721","20260618",""
"20260615","2호선","왕십리(성동구청)","17236","15111","20260618",""
"20260615","2호선","한양대","16970","18896","20260618",""
"20260615","2호선","뚝섬","27825","29600","20260618",""
"20260615","2호선","성수","60823","65125","20260618",""
"20260615","2호선","건대입구","37823","39330","20260618",""
"20260615","2호선","구의(광진구청)","31936","31663","20260618",""
"20260615","2호선","강변(동서울터미널)","29115","25353","20260618",""
"20260615","2호선","잠실나루","18536","18185","20260618",""
"20260615","2호선","잠실(송파구청)","81302","80795","20260618",""
"20260615","2호선","잠실새내","25506","24614","20260618",""
"20260615","2호선","종합운동장","8968","10030","20260618",""
"20260615","2호선","삼성(무역센터)","55891","50877","20260618",""
"20260615","2호선","선릉","66199","58467","20260618",""
"20260615","2호선","역삼","57590","64799","20260618",""
"20260615","2호선","강남","88577","86697","20260618",""
"20260615","2호선","교대(법원.검찰청)","35090","41843","20260618",""
"20260615","2호선","서초","24017","23638","20260618",""
"20260615","2호선","방배","21406","22096","20260618",""
"20260615","2호선","사당","43558","47350","20260618",""
"20260615","2호선","낙성대(강감찬)","30198","30176","20260618",""
"20260615","2호선","서울대입구(관악구청)","51510","49890","20260618",""
"20260615","2호선","봉천","26972","25734","20260618",""
"20260615","2호선","신림","59409","58526","20260618",""
"20260615","2호선","신대방","26991","25829","20260618",""
"20260615","2호선","구로디지털단지","64416","63715","20260618",""
"20260615","2호선","대림(구로구청)","26943","27461","20260618",""
"20260615","2호선","신도림","51989","49306","20260618",""
"20260615","2호선","문래","25835","26466","20260618",""
"20260615","2호선","영등포구청","26484","27276","20260618",""
"20260615","2호선","당산","20856","23964","20260618",""
"20260615","2호선","합정","31220","33220","20260618",""
"20260615","2호선","홍대입구","69107","72591","20260618",""
"20260615","2호선","신촌","41095","40842","20260618",""
"20260615","2호선","이대","20534","22263","20260618",""
"20260615","2호선","아현","12228","11686","20260618",""
"20260615","2호선","충정로(경기대입구)","11706","12401","20260618",""
"20260615","2호선","신답","1945","2164","20260618",""
"20260615","4호선","미아사거리","28329","27884","20260618",""
"20260615","2호선","용답","3241","3372","20260618",""
"20260615","2호선","신설동","3999","3840","20260618",""
"20260615","2호선","도림천","1451","1495","20260618",""
"20260615","2호선","양천구청","7641","8128","20260618",""
"20260615","2호선","신정네거리","10881","11131","20260618",""
"20260615","2호선","용두(동대문구청)","2489","2486","20260618",""
"20260615","3호선","지축","8537","8804","20260618",""
"20260615","3호선","구파발","24518","23503","20260618",""
"20260615","3호선","연신내","40202","38421","20260618",""
"20260615","3호선","불광","17780","18936","20260618",""
"20260615","3호선","녹번","17205","16004","20260618",""
"20260615","3호선","홍제","20322","19240","20260618",""
"20260615","3호선","무악재","4791","4778","20260618",""
"20260615","3호선","독립문","8373","8610","20260618",""
"20260615","3호선","경복궁(정부서울청사)","28588","28289","20260618",""
"20260615","3호선","안국","29029","29515","20260618",""
"20260615","3호선","종로3가","12668","13854","20260618",""
"20260615","3호선","을지로3가","14424","13646","20260618",""
"20260615","3호선","충무로","8","0","20260618",""
"20260615","3호선","동대입구","12397","14193","20260618",""
"20260615","3호선","약수","14083","13842","20260618",""
"20260615","3호선","금호","8903","8436","20260618",""
"20260615","3호선","옥수","10250","10567","20260618",""
"20260615","3호선","압구정","33439","35840","20260618",""
"20260615","3호선","신사","28988","30722","20260618",""
"20260615","3호선","잠원","8283","8069","20260618",""
"20260615","3호선","고속터미널","40859","38174","20260618",""
"20260615","3호선","교대(법원.검찰청)","19338","11287","20260618",""
"20260615","3호선","남부터미널(예술의전당)","32875","33372","20260618",""
"20260615","3호선","양재(서초구청)","41831","44266","20260618",""
"20260615","3호선","매봉","15225","14588","20260618",""
"20260615","3호선","도곡","7216","7068","20260618",""
"20260615","3호선","대치","13756","13857","20260618",""
"20260615","3호선","학여울","2203","2253","20260618",""
"20260615","3호선","대청","12345","11392","20260618",""
"20260615","3호선","일원","13398","13466","20260618",""
"20260615","3호선","수서","20704","20504","20260618",""
"20260615","3호선","가락시장","10382","10065","20260618",""
"20260615","3호선","경찰병원","8879","8890","20260618",""
"20260615","3호선","오금","7536","6801","20260618",""
"20260615","4호선","불암산","10817","9277","20260618",""
"20260615","4호선","상계","21431","20454","20260618",""
"20260615","4호선","노원","22921","25334","20260618",""
"20260615","4호선","창동","30098","31080","20260618",""
"20260615","4호선","쌍문","31978","30390","20260618",""
"20260615","4호선","수유(강북구청)","37374","37917","20260618",""
"20260615","4호선","미아(서울사이버대학)","18323","18028","20260618",""
"20260615","4호선","길음","24434","24969","20260618",""
"20260615","4호선","성신여대입구(돈암)","26336","25189","20260618",""
"20260615","4호선","한성대입구(삼선교)","17363","16601","20260618",""
"20260615","4호선","혜화","35585","35504","20260618",""
"20260615","4호선","동대문역사문화공원(DDP)","22591","19703","20260618",""
"20260615","4호선","충무로","37702","38393","20260618",""
"20260615","4호선","명동","43072","44419","20260618",""
"20260615","4호선","회현(남대문시장)","32539","34008","20260618",""
"20260615","4호선","서울역","15519","23805","20260618",""
"20260615","4호선","숙대입구(갈월)","18068","17528","20260618",""
"20260615","4호선","삼각지(전쟁기념관)","6369","7308","20260618",""
"20260615","4호선","신용산","23014","25058","20260618",""
"20260615","4호선","이촌(국립중앙박물관)","10151","11059","20260618",""
"20260615","4호선","동작(현충원)","2070","2181","20260618",""
"20260615","4호선","총신대입구(이수)","21434","22887","20260618",""
"20260615","4호선","사당","27314","23470","20260618",""
"20260615","4호선","남태령","1664","1458","20260618",""
"20260615","5호선","방화","8053","7889","20260618",""
"20260615","5호선","개화산","6867","6601","20260618",""
"20260615","5호선","김포공항","13566","8467","20260618",""
"20260615","5호선","송정","6892","6621","20260618",""
"20260615","5호선","마곡","18827","18817","20260618",""
"20260615","5호선","발산","26995","27695","20260618",""
"20260615","5호선","우장산","17371","17215","20260618",""
"20260615","5호선","화곡","31951","30067","20260618",""
"20260615","5호선","까치산","30605","29724","20260618",""
"20260615","5호선","신정(은행정)","15127","12641","20260618",""
"20260615","5호선","목동","18077","20338","20260618",""
"20260615","5호선","오목교(목동운동장앞)","22935","24635","20260618",""
"20260615","5호선","양평","9850","9715","20260618",""
"20260615","5호선","영등포구청","5999","5985","20260618",""
"20260615","5호선","영등포시장","12524","12117","20260618",""
"20260615","5호선","신길","5722","5900","20260618",""
"20260615","5호선","여의도","33328","35243","20260618",""
"20260615","5호선","여의나루","14920","16381","20260618",""
"20260615","5호선","마포","16918","17043","20260618",""
"20260615","5호선","공덕","16378","16986","20260618",""
"20260615","5호선","애오개","7641","7344","20260618",""
"20260615","5호선","충정로(경기대입구)","5662","5874","20260618",""
"20260615","5호선","서대문","21760","22168","20260618",""
"20260615","5호선","광화문(세종문화회관)","37745","39507","20260618",""
"20260615","5호선","종로3가","15687","15387","20260618",""
"20260615","5호선","을지로4가","7866","7561","20260618",""
"20260615","5호선","동대문역사문화공원(DDP)","4029","4284","20260618",""
"20260615","5호선","청구","3968","3616","20260618",""
"20260615","5호선","신금호","7173","7791","20260618",""
"20260615","5호선","행당","8885","7986","20260618",""
"20260615","5호선","왕십리(성동구청)","5104","5573","20260618",""
"20260615","5호선","마장","6631","6352","20260618",""
"20260615","5호선","답십리","18004","16443","20260618",""
"20260615","5호선","장한평","22037","21936","20260618",""
"20260615","5호선","군자(능동)","12949","14314","20260618",""
"20260615","5호선","아차산(어린이대공원후문)","16298","16153","20260618",""
"20260615","5호선","광나루(장신대)","12081","11575","20260618",""
"20260615","5호선","천호(풍납토성)","21678","21366","20260618",""
"20260615","5호선","강동","20846","20211","20260618",""
"20260615","5호선","길동","10172","10500","20260618",""
"20260615","5호선","굽은다리(강동구민회관앞)","10517","9939","20260618",""
"20260615","5호선","명일","9025","9062","20260618",""
"20260615","5호선","고덕","11824","11674","20260618",""
"20260615","5호선","상일동","16581","15860","20260618",""
"20260615","5호선","둔촌동","15035","14963","20260618",""
"20260615","5호선","올림픽공원(한국체대)","6292","5910","20260618",""
"20260615","5호선","방이","8115","8350","20260618",""
"20260615","5호선","오금","4522","4472","20260618",""
"20260615","5호선","개롱","7397","7578","20260618",""
"20260615","5호선","거여","11627","11719","20260618",""
"20260615","5호선","마천","8375","7376","20260618",""
"20260615","5호선","강일","6772","6466","20260618",""
"20260615","5호선","미사","19734","19999","20260618",""
"20260615","5호선","하남풍산","5215","5183","20260618",""
"20260615","5호선","하남시청(덕풍·신장)","9794","9317","20260618",""
"20260615","5호선","하남검단산","7140","6541","20260618",""
"20260615","6호선","응암","19653","19635","20260618",""
"20260615","6호선","역촌","4334","5051","20260618",""
"20260615","6호선","불광","5037","4826","20260618",""
"20260615","6호선","독바위","2842","3060","20260618",""
"20260615","6호선","구산","9079","7216","20260618",""
"20260615","6호선","새절(신사)","14503","13750","20260618",""
"20260615","6호선","증산(명지대앞)","10087","10208","20260618",""
"20260615","6호선","디지털미디어시티","16724","17956","20260618",""
"20260615","6호선","월드컵경기장(성산)","3878","4078","20260618",""
"20260615","6호선","마포구청","16235","14739","20260618",""
"20260615","6호선","망원","16182","17224","20260618",""
"20260615","6호선","합정","13270","13196","20260618",""
"20260615","6호선","상수","10805","11570","20260618",""
"20260615","6호선","광흥창(서강)","10975","10451","20260618",""
"20260615","6호선","대흥(서강대앞)","11534","12002","20260618",""
"20260615","6호선","공덕","21726","21523","20260618",""
"20260615","6호선","효창공원앞","9133","8424","20260618",""
"20260615","6호선","삼각지(전쟁기념관)","7439","6516","20260618",""
"20260615","6호선","녹사평(용산구청)","5189","5301","20260618",""
"20260615","6호선","이태원","11549","11890","20260618",""
"20260615","6호선","한강진","8638","10773","20260618",""
"20260615","6호선","버티고개","2488","2502","20260618",""
"20260615","6호선","약수","4267","4029","20260618",""
"20260615","6호선","청구","4354","4206","20260618",""
"20260615","6호선","신당","8956","9424","20260618",""
"20260615","6호선","동묘앞","10480","10987","20260618",""
"20260615","6호선","창신","4327","3642","20260618",""
"20260615","6호선","보문","8969","8601","20260618",""
"20260615","6호선","안암(고대병원앞)","15637","16538","20260618",""
"20260615","6호선","고려대(종암)","10192","9822","20260618",""
"20260615","6호선","월곡(동덕여대)","14413","14034","20260618",""
"20260615","6호선","상월곡(한국과학기술연구원)","7971","7583","20260618",""
"20260615","6호선","돌곶이","13606","13017","20260618",""
"20260615","6호선","석계","14070","14385","20260618",""
"20260615","6호선","태릉입구","6294","6992","20260618",""
"20260615","6호선","화랑대(서울여대입구)","13368","11431","20260618",""
"20260615","6호선","봉화산(서울의료원)","9751","9124","20260618",""
"20260615","6호선","신내","1","0","20260618",""
"20260615","7호선","장암","3087","1058","20260618",""
"20260615","7호선","도봉산","10065","11472","20260618",""
"20260615","7호선","수락산","13783","13906","20260618",""
"20260615","7호선","마들","14855","14230","20260618",""
"20260615","7호선","노원","22321","23509","20260618",""
"20260615","7호선","중계","16694","15851","20260618",""
"20260615","7호선","하계","20057","19039","20260618",""
"20260615","7호선","공릉(서울과학기술대)","14496","14121","20260618",""
"20260615","7호선","태릉입구","9656","9243","20260618",""
"20260615","7호선","먹골","11276","11382","20260618",""
"20260615","7호선","중화","12593","12583","20260618",""
"20260615","7호선","상봉","19998","19398","20260618",""
"20260615","7호선","면목","16837","16507","20260618",""
"20260615","7호선","사가정","17982","18483","20260618",""
"20260615","7호선","용마산(용마폭포공원)","6403","6236","20260618",""
"20260615","7호선","중곡","12180","11671","20260618",""
"20260615","7호선","군자(능동)","17017","13542","20260618",""
"20260615","7호선","어린이대공원(세종대)","19816","20499","20260618",""
"20260615","7호선","건대입구","16177","16374","20260618",""
"20260615","7호선","자양(뚝섬한강공원)","10368","10039","20260618",""
"20260615","7호선","청담","20756","22332","20260618",""
"20260615","7호선","강남구청","17655","19738","20260618",""
"20260615","7호선","학동","26201","26578","20260618",""
"20260615","7호선","논현","21685","22151","20260618",""
"20260615","7호선","반포","7554","7367","20260618",""
"20260615","7호선","고속터미널","18108","15654","20260618",""
"20260615","7호선","내방","17107","17225","20260618",""
"20260615","7호선","이수","18479","18262","20260618",""
"20260615","7호선","남성","12828","12437","20260618",""
"20260615","7호선","숭실대입구(살피재)","17204","17522","20260618",""
"20260615","7호선","상도","14001","14204","20260618",""
"20260615","7호선","장승배기","11129","11055","20260618",""
"20260615","7호선","신대방삼거리","16639","16317","20260618",""
"20260615","7호선","보라매","7239","7666","20260618",""
"20260615","7호선","신풍","13192","12578","20260618",""
"20260615","7호선","대림(구로구청)","9781","9735","20260618",""
"20260615","7호선","남구로","17683","18473","20260618",""
"20260615","7호선","가산디지털단지","51664","51771","20260618",""
"20260615","7호선","철산","25203","25969","20260618",""
"20260615","7호선","광명사거리","25068","24590","20260618",""
"20260615","7호선","천왕","13623","13597","20260618",""
"20260615","7호선","온수(성공회대입구)","12038","10961","20260618",""
"20260615","8호선","암사역사공원","8381","7524","20260618",""
"20260615","8호선","암사","17953","16684","20260618",""
"20260615","8호선","천호(풍납토성)","19361","21704","20260618",""
"20260615","8호선","강동구청","12048","12684","20260618",""
"20260615","8호선","몽촌토성(평화의문)","9409","9427","20260618",""
"20260615","8호선","잠실(송파구청)","20239","23231","20260618",""
"20260615","8호선","석촌","9796","10668","20260618",""
"20260615","8호선","송파","11272","11114","20260618",""
"20260615","8호선","가락시장","9448","10319","20260618",""
"20260615","8호선","문정","27238","28639","20260618",""
"20260615","8호선","장지","18473","17607","20260618",""
"20260615","8호선","복정","11187","9832","20260618",""
"20260615","8호선","산성","6950","7325","20260618",""
"20260615","8호선","남한산성입구(성남법원.검찰청)","15232","14163","20260618",""
"20260615","8호선","단대오거리","13815","13293","20260618",""
"20260615","8호선","신흥","5990","6105","20260618",""
"20260615","8호선","수진","6207","5825","20260618",""
"20260615","8호선","모란","5369","4146","20260618",""
"20260615","8호선","남위례","9256","9256","20260618",""
"20260615","9호선","개화","2908","1993","20260618",""
"20260615","9호선","김포공항","5701","10384","20260618",""
"20260615","9호선","공항시장","2988","3233","20260618",""
"20260615","9호선","신방화","7813","7814","20260618",""
"20260615","9호선","마곡나루(서울식물원)","17300","16680","20260618",""
"20260615","9호선","양천향교","12889","13359","20260618",""
"20260615","9호선","가양","24504","24081","20260618",""
"20260615","9호선","증미","9324","9222","20260618",""
"20260615","9호선","등촌","14538","13908","20260618",""
"20260615","9호선","염창","20068","19422","20260618",""
"20260615","9호선","신목동","5362","4840","20260618",""
"20260615","9호선","선유도","10701","9845","20260618",""
"20260615","9호선","당산","21553","21000","20260618",""
"20260615","9호선","국회의사당","19486","20070","20260618",""
"20260615","9호선","여의도","35237","34290","20260618",""
"20260615","9호선","샛강","8135","8173","20260618",""
"20260615","9호선","노량진","27593","27786","20260618",""
"20260615","9호선","노들","5351","4523","20260618",""
"20260615","9호선","흑석(중앙대입구)","11554","11785","20260618",""
"20260615","9호선","동작(현충원)","1936","1693","20260618",""
"20260615","9호선","구반포","3583","3378","20260618",""
"20260615","9호선","신반포","5321","5285","20260618",""
"20260615","9호선","고속터미널","15235","19715","20260618",""
"20260615","9호선","사평","4758","4561","20260618",""
"20260615","9호선","신논현","33012","33606","20260618",""
"20260615","9호선2~3단계","언주","13264","13616","20260618",""
"20260615","9호선2~3단계","선정릉","11961","12799","20260618",""
"20260615","9호선2~3단계","삼성중앙","9351","9783","20260618",""
"20260615","9호선2~3단계","봉은사","23673","24516","20260618",""
"20260615","9호선2~3단계","종합운동장","5295","5520","20260618",""
"20260615","9호선2~3단계","삼전","9485","8922","20260618",""
"20260615","9호선2~3단계","석촌고분","8423","8171","20260618",""
"20260615","9호선2~3단계","석촌","10543","9846","20260618",""
"20260615","9호선2~3단계","송파나루","6288","6577","20260618",""
"20260615","9호선2~3단계","한성백제","3730","3428","20260618",""
"20260615","9호선2~3단계","올림픽공원(한국체대)","12266","12043","20260618",""
"20260615","9호선2~3단계","둔촌오륜","5400","5291","20260618",""
"20260615","9호선2~3단계","중앙보훈병원","15342","13251","20260618",""
"20260615","경강선","판교","6787","6629","20260618",""
"20260615","경강선","이매","1165","1110","20260618",""
"20260615","경강선","삼동","2709","2517","20260618",""
"20260615","경강선","경기광주","9613","9137","20260618",""
"20260615","경강선","초월","4306","4099","20260618",""
"20260615","경강선","곤지암","2409","2409","20260618",""
"20260615","경강선","신둔도예촌","1801","1580","20260618",""
"20260615","경강선","이천","3239","3385","20260618",""
"20260615","경강선","부발","2675","2694","20260618",""
"20260615","경강선","세종대왕릉","394","353","20260618",""
"20260615","경강선","여주","3377","3381","20260618",""
"20260615","경강선","성남","1659","1394","20260618",""
"20260615","경부선","서울역","10231","3174","20260618",""
"20260615","경부선","남영","10582","11173","20260618",""
"20260615","경부선","용산","44070","44763","20260618",""
"20260615","경부선","노량진","8995","8595","20260618",""
"20260615","경부선","대방","11682","13297","20260618",""
"20260615","경부선","영등포","39942","39808","20260618",""
"20260615","경부선","신도림","4277","4527","20260618",""
"20260615","경부선","신길","9655","8686","20260618",""
"20260615","경부선","구로","18572","18302","20260618",""
"20260615","경부선","가산디지털단지","19630","23119","20260618",""
"20260615","경부선","금천구청","12014","12280","20260618",""
"20260615","경부선","석수","9090","8454","20260618",""
"20260615","경부선","관악","8141","8028","20260618",""
"20260615","경부선","안양","26869","26590","20260618",""
"20260615","경부선","명학","10564","10486","20260618",""
"20260615","경부선","금정","31381","31972","20260618",""
"20260615","경부선","군포","7663","7478","20260618",""
"20260615","경부선","의왕","10537","10840","20260618",""
"20260615","경부선","성균관대","17792","17676","20260618",""
"20260615","경부선","화서","11845","11318","20260618",""
"20260615","경부선","수원","40210","43249","20260618",""
"20260615","경부선","독산","18828","19052","20260618",""
"20260615","경부선","세류","3974","3696","20260618",""
"20260615","경부선","병점","18112","18142","20260618",""
"20260615","경부선","세마","3928","3788","20260618",""
"20260615","경부선","오산대","4486","4204","20260618",""
"20260615","경부선","오산","12482","12441","20260618",""
"20260615","경부선","진위","1920","1833","20260618",""
"20260615","경부선","송탄","4730","4673","20260618",""
"20260615","경부선","서정리","9874","9488","20260618",""
"20260615","경부선","평택지제","5585","5191","20260618",""
"20260615","경부선","평택","14358","14420","20260618",""
"20260615","경부선","성환","7720","7439","20260618",""
"20260615","경부선","직산","1134","1162","20260618",""
"20260615","경부선","두정","9538","11487","20260618",""
"20260615","경부선","천안","8403","7029","20260618",""
"20260615","경부선","당정","7460","7126","20260618",""
"20260615","경부선","서동탄","1701","1314","20260618",""
"20260615","경부선","광명","4077","3502","20260618",""
"20260615","경원선","이촌(국립중앙박물관)","4300","3537","20260618",""
"20260615","경원선","서빙고","2413","2191","20260618",""
"20260615","경원선","한남","3943","3889","20260618",""
"20260615","경원선","옥수","44","52","20260618",""
"20260615","경원선","응봉","2057","1691","20260618",""
"20260615","경원선","왕십리(성동구청)","17515","17543","20260618",""
"20260615","경원선","청량리(서울시립대입구)","17664","18302","20260618",""
"20260615","경원선","외대앞","14348","14665","20260618",""
"20260615","경원선","신이문","9743","8941","20260618",""
"20260615","경원선","석계","8168","9142","20260618",""
"20260615","경원선","광운대","10688","10240","20260618",""
"20260615","경원선","월계","8625","8201","20260618",""
"20260615","경원선","녹천","4909","4205","20260618",""
"20260615","경원선","창동","1","0","20260618",""
"20260615","경원선","방학","10858","10767","20260618",""
"20260615","경원선","도봉","6495","6244","20260618",""
"20260615","경원선","도봉산","7739","4988","20260618",""
"20260615","경원선","망월사","10648","11026","20260618",""
"20260615","경원선","회룡","14799","14660","20260618",""
"20260615","경원선","의정부","19949","20029","20260618",""
"20260615","경원선","가능","7208","7090","20260618",""
"20260615","경원선","녹양","4978","4701","20260618",""
"20260615","경원선","양주","7877","7361","20260618",""
"20260615","경원선","덕계","7696","7220","20260618",""
"20260615","경원선","덕정","8014","7612","20260618",""
"20260615","경원선","지행","7209","7085","20260618",""
"20260615","경원선","동두천중앙","3505","3348","20260618",""
"20260615","경원선","보산","1668","1513","20260618",""
"20260615","경원선","동두천","2457","2493","20260618",""
"20260615","경원선","소요산","1728","1694","20260618",""
"20260615","경원선","청산","156","132","20260618",""
"20260615","경원선","전곡","1426","1152","20260618",""
"20260615","경원선","연천","1169","1018","20260618",""
"20260615","경의선","서울역","4042","5104","20260618",""
"20260615","경의선","신촌","1329","1580","20260618",""
"20260615","경의선","효창공원앞","3974","4221","20260618",""
"20260615","경의선","공덕","4807","3866","20260618",""
"20260615","경의선","서강대","2629","2590","20260618",""
"20260615","경의선","홍대입구","2052","2414","20260618",""
"20260615","경의선","가좌","6756","6406","20260618",""
"20260615","경의선","디지털미디어시티","2748","2709","20260618",""
"20260615","경의선","수색","3600","3638","20260618",""
"20260615","경의선","한국항공대","4255","3839","20260618",""
"20260615","경의선","강매","3723","3130","20260618",""
"20260615","경의선","행신","8429","8753","20260618",""
"20260615","경의선","능곡","5060","4719","20260618",""
"20260615","경의선","곡산","673","751","20260618",""
"20260615","경의선","백마","8606","8443","20260618",""
"20260615","경의선","풍산","6962","6581","20260618",""
"20260615","경의선","일산","11617","11599","20260618",""
"20260615","경의선","탄현","8543","8146","20260618",""
"20260615","경의선","야당","8034","8065","20260618",""
"20260615","경의선","운정","8641","8200","20260618",""
"20260615","경의선","금릉","5430","5287","20260618",""
"20260615","경의선","금촌","7261","6832","20260618",""
"20260615","경의선","월롱","2507","2217","20260618",""
"20260615","경의선","파주","1860","1574","20260618",""
"20260615","경의선","문산","6279","5676","20260618",""
"20260615","경의선","임진강","3","38","20260618",""
"20260615","경의선","운천","3","2","20260618",""
"20260615","경인선","개봉","25837","25612","20260618",""
"20260615","경인선","오류동","12809","12052","20260618",""
"20260615","경인선","역곡","29034","29065","20260618",""
"20260615","경인선","부천","34398","33729","20260618",""
"20260615","경인선","송내","28386","28311","20260618",""
"20260615","경인선","부평","30492","31597","20260618",""
"20260615","경인선","백운","7495","7413","20260618",""
"20260615","경인선","동암","16141","16145","20260618",""
"20260615","경인선","주안","19521","18088","20260618",""
"20260615","경인선","제물포","12652","12284","20260618",""
"20260615","경인선","동인천","14312","13263","20260618",""
"20260615","경인선","인천","3744","3030","20260618",""
"20260615","경인선","구일","8102","8194","20260618",""
"20260615","경인선","소사","9260","8650","20260618",""
"20260615","경인선","부개","9392","8809","20260618",""
"20260615","경인선","간석","6338","5975","20260618",""
"20260615","경인선","도원","3635","3696","20260618",""
"20260615","경인선","온수(성공회대입구)","7110","6699","20260618",""
"20260615","경인선","중동","10235","9644","20260618",""
"20260615","경인선","도화","4442","4068","20260618",""
"20260615","경춘선","신내","3368","3220","20260618",""
"20260615","경춘선","갈매","3029","2788","20260618",""
"20260615","경춘선","별내","2811","2665","20260618",""
"20260615","경춘선","퇴계원","3850","3512","20260618",""
"20260615","경춘선","사릉","2428","2418","20260618",""
"20260615","경춘선","금곡","1935","1958","20260618",""
"20260615","경춘선","평내호평","7519","7192","20260618",""
"20260615","경춘선","천마산","1782","1643","20260618",""
"20260615","경춘선","마석","4743","4546","20260618",""
"20260615","경춘선","대성리","486","418","20260618",""
"20260615","경춘선","청평","1996","1816","20260618",""
"20260615","경춘선","상천","290","263","20260618",""
"20260615","경춘선","가평","2091","2035","20260618",""
"20260615","경춘선","굴봉산","122","126","20260618",""
"20260615","경춘선","백양리","104","104","20260618",""
"20260615","경춘선","강촌","555","525","20260618",""
"20260615","경춘선","김유정","430","424","20260618",""
"20260615","경춘선","남춘천","3020","3380","20260618",""
"20260615","경춘선","춘천","1701","1781","20260618",""
"20260615","공항철도 1호선","서울역","15277","12548","20260618",""
"20260615","공항철도 1호선","공덕","3627","4397","20260618",""
"20260615","공항철도 1호선","홍대입구","15754","14329","20260618",""
"20260615","공항철도 1호선","디지털미디어시티","16237","15251","20260618",""
"20260615","공항철도 1호선","마곡나루(서울식물원)","17919","17462","20260618",""
"20260615","공항철도 1호선","김포공항","9238","5559","20260618",""
"20260615","공항철도 1호선","계양","10113","10133","20260618",""
"20260615","공항철도 1호선","검암","6796","6814","20260618",""
"20260615","공항철도 1호선","청라국제도시","8661","8237","20260618",""
"20260615","공항철도 1호선","운서","11023","11186","20260618",""
"20260615","공항철도 1호선","공항화물청사","2251","2280","20260618",""
"20260615","공항철도 1호선","인천공항1터미널","12867","14330","20260618",""
"20260615","공항철도 1호선","인천공항2터미널","11267","10838","20260618",""
"20260615","공항철도 1호선","영종","4998","5025","20260618",""
"20260615","과천선","선바위","8468","7495","20260618",""
"20260615","과천선","경마공원","894","836","20260618",""
"20260615","과천선","대공원","2453","2522","20260618",""
"20260615","과천선","과천","5746","5295","20260618",""
"20260615","과천선","정부과천청사","16229","17174","20260618",""
"20260615","과천선","인덕원","29323","30237","20260618",""
"20260615","과천선","평촌","20633","20122","20260618",""
"20260615","과천선","범계","30970","31277","20260618",""
"20260615","분당선","선릉","14626","22021","20260618",""
"20260615","분당선","한티","16549","18004","20260618",""
"20260615","분당선","도곡","8665","9116","20260618",""
"20260615","분당선","구룡","4047","4010","20260618",""
"20260615","분당선","개포동","4328","4532","20260618",""
"20260615","분당선","대모산입구","6438","6213","20260618",""
"20260615","분당선","수서","19792","20653","20260618",""
"20260615","분당선","복정","1","0","20260618",""
"20260615","분당선","수원","8328","6515","20260618",""
"20260615","분당선","서울숲","14475","14995","20260618",""
"20260615","분당선","압구정로데오","18346","19549","20260618",""
"20260615","분당선","강남구청","10466","11950","20260618",""
"20260615","분당선","선정릉","8399","8632","20260618",""
"20260615","분당선","가천대","15553","15607","20260618",""
"20260615","분당선","태평","14144","13787","20260618",""
"20260615","분당선","모란","20917","21838","20260618",""
"20260615","분당선","야탑","28058","29600","20260618",""
"20260615","분당선","서현","24520","25189","20260618",""
"20260615","분당선","수내","13737","13751","20260618",""
"20260615","분당선","정자","21338","22557","20260618",""
"20260615","분당선","미금","17216","17499","20260618",""
"20260615","분당선","오리","12131","10496","20260618",""
"20260615","분당선","이매","6022","5670","20260618",""
"20260615","분당선","보정","2917","2604","20260618",""
"20260615","분당선","죽전","14556","16155","20260618",""
"20260615","분당선","구성","8646","8686","20260618",""
"20260615","분당선","신갈","5628","5489","20260618",""
"20260615","분당선","기흥","12174","11991","20260618",""
"20260615","분당선","상갈","5886","5562","20260618",""
"20260615","분당선","청명","5355","5231","20260618",""
"20260615","분당선","영통","9785","10214","20260618",""
"20260615","분당선","망포","17266","16668","20260618",""
"20260615","분당선","매탄권선","6393","6265","20260618",""
"20260615","분당선","수원시청","15274","16322","20260618",""
"20260615","분당선","매교","6050","5964","20260618",""
"20260615","서해선","김포공항","2978","4411","20260618",""
"20260615","서해선","원종","5724","5656","20260618",""
"20260615","서해선","부천종합운동장","3505","3164","20260618",""
"20260615","수인선","고색","7102","7032","20260618",""
"20260615","수인선","오목천","5833","5002","20260618",""
"20260615","수인선","어천","1863","1845","20260618",""
"20260615","수인선","야목","933","794","20260618",""
"20260615","수인선","사리","5871","5093","20260618",""
"20260615","수인선","달월","130","85","20260618",""
"20260615","수인선","월곶","3204","2895","20260618",""
"20260615","수인선","인천논현","6195","6502","20260618",""
"20260615","수인선","호구포","4568","4802","20260618",""
"20260615","수인선","남동인더스파크","2677","3106","20260618",""
"20260615","수인선","원인재","4823","4980","20260618",""
"20260615","수인선","연수","5104","4968","20260618",""
"20260615","수인선","송도","3074","2674","20260618",""
"20260615","수인선","인하대","8757","8415","20260618",""
"20260615","수인선","숭의","5402","4915","20260618",""
"20260615","수인선","신포","1886","1930","20260618",""
"20260615","수인선","인천","1089","1570","20260618",""
"20260615","신림선","샛강","3786","4242","20260618",""
"20260615","신림선","대방","3848","2948","20260618",""
"20260615","신림선","서울지방병무청","3545","3922","20260618",""
"20260615","신림선","보라매","5298","4780","20260618",""
"20260615","신림선","보라매공원","2886","3165","20260618",""
"20260615","신림선","보라매병원","9775","10343","20260618",""
"20260615","신림선","당곡","5391","5222","20260618",""
"20260615","신림선","신림","2461","3132","20260618",""
"20260615","신림선","서원","3918","3553","20260618",""
"20260615","신림선","서울대벤처타운","10913","10178","20260618",""
"20260615","신림선","관악산(서울대)","3597","3463","20260618",""
"20260615","안산선","산본","18151","19283","20260618",""
"20260615","안산선","대야미","5697","5300","20260618",""
"20260615","안산선","반월","4781","4705","20260618",""
"20260615","안산선","상록수","16812","16947","20260618",""
"20260615","안산선","한대앞","11268","11616","20260618",""
"20260615","안산선","중앙","19839","20608","20260618",""
"20260615","안산선","고잔","10372","9723","20260618",""
"20260615","안산선","초지","5602","5627","20260618",""
"20260615","안산선","안산","13085","11855","20260618",""
"20260615","안산선","신길온천","2404","2075","20260618",""
"20260615","안산선","정왕","12439","12548","20260618",""
"20260615","안산선","오이도","8568","8395","20260618",""
"20260615","안산선","수리산","4548","3903","20260618",""
"20260615","우이신설선","북한산우이","3832","3569","20260618",""
"20260615","우이신설선","솔밭공원","2923","2875","20260618",""
"20260615","우이신설선","4.19민주묘지","4652","4707","20260618",""
"20260615","우이신설선","가오리","4905","4982","20260618",""
"20260615","우이신설선","화계","4199","3970","20260618",""
"20260615","우이신설선","삼양","2788","2965","20260618",""
"20260615","우이신설선","삼양사거리","3176","3086","20260618",""
"20260615","우이신설선","솔샘","6495","6281","20260618",""
"20260615","우이신설선","북한산보국문","7033","6676","20260618",""
"20260615","우이신설선","정릉","5447","5051","20260618",""
"20260615","우이신설선","성신여대입구(돈암)","4218","4515","20260618",""
"20260615","우이신설선","보문","2079","1955","20260618",""
"20260615","우이신설선","신설동","2973","2785","20260618",""
"20260615","일산선","원흥","12622","12129","20260618",""
"20260615","일산선","지축","2","0","20260618",""
"20260615","일산선","삼송","21603","21273","20260618",""
"20260615","일산선","원당","13100","12597","20260618",""
"20260615","일산선","화정","19014","19432","20260618",""
"20260615","일산선","대곡","13618","11967","20260618",""
"20260615","일산선","백석","11124","11435","20260618",""
"20260615","일산선","마두","8945","9056","20260618",""
"20260615","일산선","정발산","7348","7333","20260618",""
"20260615","일산선","주엽","10000","9853","20260618",""
"20260615","일산선","대화","12039","9690","20260618",""
"20260615","4호선","동대문","22075","22142","20260618",""
"20260615","수인선","소래포구","5855","5370","20260618",""
"20260616","1호선","시청","31544","31614","20260619",""
"20260616","1호선","종각","45925","45166","20260619",""
"20260616","1호선","종로3가","26694","23491","20260619",""
"20260616","1호선","종로5가","25967","25248","20260619",""
"20260616","1호선","동대문","14433","13969","20260619",""
"20260616","1호선","신설동","15962","15407","20260619",""
"20260616","1호선","제기동","17002","17458","20260619",""
"20260616","1호선","청량리(서울시립대입구)","24973","24563","20260619",""
"20260616","1호선","동묘앞","9613","9853","20260619",""
"20260616","2호선","시청","32787","31142","20260619",""
"20260616","2호선","을지로입구","60190","62036","20260619",""
"20260616","2호선","을지로3가","29649","29704","20260619",""
"20260616","2호선","을지로4가","17133","16935","20260619",""
"20260616","2호선","동대문역사문화공원(DDP)","16891","19307","20260619",""
"20260616","2호선","신당","16923","17434","20260619",""
"20260616","2호선","상왕십리","16497","16158","20260619",""
"20260616","2호선","왕십리(성동구청)","17795","15329","20260619",""
"20260616","2호선","한양대","17218","18803","20260619",""
"20260616","2호선","뚝섬","28328","29999","20260619",""
"20260616","2호선","성수","60416","64735","20260619",""
"20260616","2호선","건대입구","38937","40510","20260619",""
"20260616","2호선","구의(광진구청)","32439","31902","20260619",""
"20260616","2호선","강변(동서울터미널)","27407","24513","20260619",""
"20260616","2호선","잠실나루","18759","18406","20260619",""
"20260616","2호선","잠실(송파구청)","81435","81088","20260619",""
"20260616","2호선","잠실새내","26508","25478","20260619",""
"20260616","2호선","종합운동장","16686","18732","20260619",""
"20260616","2호선","삼성(무역센터)","58687","56727","20260619",""
"20260616","2호선","선릉","67012","58994","20260619",""
"20260616","2호선","역삼","59365","67340","20260619",""
"20260616","2호선","강남","90641","88204","20260619",""
"20260616","2호선","교대(법원.검찰청)","35571","42511","20260619",""
"20260616","2호선","서초","25445","25343","20260619",""
"20260616","2호선","방배","22621","23277","20260619",""
"20260616","2호선","사당","45334","49189","20260619",""
"20260616","2호선","낙성대(강감찬)","30971","30663","20260619",""
"20260616","2호선","서울대입구(관악구청)","51407","49809","20260619",""
"20260616","2호선","봉천","27443","25791","20260619",""
"20260616","2호선","신림","59908","59285","20260619",""
"20260616","2호선","신대방","27168","26239","20260619",""
"20260616","2호선","구로디지털단지","64530","64382","20260619",""
"20260616","2호선","대림(구로구청)","27259","27841","20260619",""
"20260616","2호선","신도림","52619","49869","20260619",""
"20260616","2호선","문래","25853","26656","20260619",""
"20260616","2호선","영등포구청","26743","27466","20260619",""
"20260616","2호선","당산","21309","24259","20260619",""
"20260616","2호선","합정","32222","34252","20260619",""
"20260616","2호선","홍대입구","68487","71505","20260619",""
"20260616","2호선","신촌","42101","41866","20260619",""
"20260616","2호선","이대","19345","20437","20260619",""
"20260616","2호선","아현","12663","11892","20260619",""
"20260616","2호선","충정로(경기대입구)","11874","12533","20260619",""
"20260616","2호선","신답","1935","2194","20260619",""
"20260616","2호선","신설동","3881","3733","20260619",""
"20260616","2호선","도림천","1489","1550","20260619",""
"20260616","2호선","양천구청","7776","8163","20260619",""
"20260616","2호선","신정네거리","11077","11494","20260619",""
"20260616","2호선","용두(동대문구청)","2474","2515","20260619",""
"20260616","3호선","지축","8543","8871","20260619",""
"20260616","3호선","구파발","24986","24124","20260619",""
"20260616","3호선","연신내","40780","38599","20260619",""
"20260616","3호선","불광","17896","19083","20260619",""
"20260616","3호선","녹번","17157","15987","20260619",""
"20260616","3호선","홍제","20429","19323","20260619",""
"20260616","3호선","무악재","4910","4710","20260619",""
"20260616","3호선","독립문","8757","9116","20260619",""
"20260616","3호선","경복궁(정부서울청사)","27348","26681","20260619",""
"20260616","3호선","안국","28650","29778","20260619",""
"20260616","3호선","종로3가","12933","14352","20260619",""
"20260616","3호선","을지로3가","14740","14067","20260619",""
"20260616","3호선","충무로","14","0","20260619",""
"20260616","3호선","동대입구","10869","11914","20260619",""
"20260616","3호선","약수","14225","13920","20260619",""
"20260616","3호선","금호","9147","8408","20260619",""
"20260616","3호선","옥수","10349","10819","20260619",""
"20260616","3호선","압구정","34895","37386","20260619",""
"20260616","3호선","신사","29536","30996","20260619",""
"20260616","3호선","잠원","8333","8138","20260619",""
"20260616","3호선","고속터미널","47665","44335","20260619",""
"20260616","3호선","교대(법원.검찰청)","19518","11167","20260619",""
"20260616","3호선","남부터미널(예술의전당)","34012","34262","20260619",""
"20260616","3호선","양재(서초구청)","44186","46341","20260619",""
"20260616","3호선","매봉","15271","14595","20260619",""
"20260616","3호선","도곡","7191","7132","20260619",""
"20260616","3호선","대치","14023","14057","20260619",""
"20260616","3호선","학여울","2352","2297","20260619",""
"20260616","3호선","대청","13275","12423","20260619",""
"20260616","3호선","일원","13737","13546","20260619",""
"20260616","3호선","수서","20399","20155","20260619",""
"20260616","7호선","수락산","14044","14164","20260619",""
"20260616","7호선","노원","22543","23654","20260619",""
"20260616","7호선","중계","16636","15526","20260619",""
"20260616","7호선","하계","19978","19128","20260619",""
"20260616","7호선","공릉(서울과학기술대)","14053","13752","20260619",""
"20260616","7호선","태릉입구","9861","9473","20260619",""
"20260616","7호선","먹골","11528","11439","20260619",""
"20260616","7호선","중화","12600","12712","20260619",""
"20260616","7호선","상봉","20145","19486","20260619",""
"20260616","7호선","면목","17277","16831","20260619",""
"20260616","7호선","사가정","18055","18471","20260619",""
"20260616","7호선","용마산(용마폭포공원)","6512","6365","20260619",""
"20260616","7호선","중곡","12279","11734","20260619",""
"20260616","7호선","군자(능동)","17294","13686","20260619",""
"20260616","7호선","어린이대공원(세종대)","20261","20509","20260619",""
"20260616","7호선","건대입구","16668","16674","20260619",""
"20260616","7호선","자양(뚝섬한강공원)","10202","10126","20260619",""
"20260616","7호선","청담","21753","23514","20260619",""
"20260616","7호선","강남구청","19116","21204","20260619",""
"20260616","7호선","학동","27348","27776","20260619",""
"20260616","7호선","논현","22221","22842","20260619",""
"20260616","7호선","반포","7708","7465","20260619",""
"20260616","7호선","고속터미널","17699","16442","20260619",""
"20260616","7호선","내방","17626","17776","20260619",""
"20260616","7호선","이수","19300","18883","20260619",""
"20260616","7호선","남성","12821","12468","20260619",""
"20260616","7호선","숭실대입구(살피재)","15236","15129","20260619",""
"20260616","2호선","용답","3380","3468","20260619",""
"20260616","1호선","서울역","82839","79356","20260619",""
"20260616","6호선","보문","9380","9109","20260619",""
"20260616","6호선","안암(고대병원앞)","15640","15647","20260619",""
"20260616","6호선","고려대(종암)","10369","10077","20260619",""
"20260616","6호선","월곡(동덕여대)","14082","13489","20260619",""
"20260616","6호선","상월곡(한국과학기술연구원)","7813","7177","20260619",""
"20260616","6호선","돌곶이","13660","13017","20260619",""
"20260616","6호선","석계","13985","14199","20260619",""
"20260616","6호선","태릉입구","6312","7202","20260619",""
"20260616","6호선","화랑대(서울여대입구)","13547","11007","20260619",""
"20260616","6호선","봉화산(서울의료원)","9825","9080","20260619",""
"20260616","7호선","장암","3240","1158","20260619",""
"20260616","7호선","도봉산","10353","12002","20260619",""
"20260616","7호선","마들","15108","14345","20260619",""
"20260616","3호선","가락시장","10665","10465","20260619",""
"20260616","3호선","경찰병원","9046","9015","20260619",""
"20260616","3호선","오금","7660","6946","20260619",""
"20260616","4호선","불암산","10776","9478","20260619",""
"20260616","4호선","상계","21528","20258","20260619",""
"20260616","4호선","노원","22606","25420","20260619",""
"20260616","4호선","창동","30690","32242","20260619",""
"20260616","4호선","쌍문","32514","30548","20260619",""
"20260616","4호선","수유(강북구청)","37728","38084","20260619",""
"20260616","4호선","미아(서울사이버대학)","18394","18010","20260619",""
"20260616","4호선","미아사거리","28777","28502","20260619",""
"20260616","4호선","길음","24331","23977","20260619",""
"20260616","4호선","성신여대입구(돈암)","25679","24628","20260619",""
"20260616","4호선","한성대입구(삼선교)","16656","16185","20260619",""
"20260616","4호선","혜화","40526","40540","20260619",""
"20260616","4호선","동대문","22207","22516","20260619",""
"20260616","4호선","동대문역사문화공원(DDP)","22692","20218","20260619",""
"20260616","4호선","충무로","37073","37512","20260619",""
"20260616","4호선","명동","42574","44444","20260619",""
"20260616","4호선","회현(남대문시장)","32853","34604","20260619",""
"20260616","4호선","서울역","15387","23543","20260619",""
"20260616","4호선","숙대입구(갈월)","17548","17057","20260619",""
"20260616","4호선","삼각지(전쟁기념관)","6805","7894","20260619",""
"20260616","4호선","신용산","23428","25531","20260619",""
"20260616","4호선","이촌(국립중앙박물관)","10595","11435","20260619",""
"20260616","4호선","동작(현충원)","2082","2245","20260619",""
"20260616","4호선","총신대입구(이수)","21520","23114","20260619",""
"20260616","4호선","사당","28351","24158","20260619",""
"20260616","4호선","남태령","1685","1501","20260619",""
"20260616","5호선","방화","8226","7932","20260619",""
"20260616","5호선","개화산","6989","6715","20260619",""
"20260616","5호선","김포공항","13530","8448","20260619",""
"20260616","5호선","송정","6842","6569","20260619",""
"20260616","5호선","마곡","19194","19083","20260619",""
"20260616","5호선","발산","27774","28153","20260619",""
"20260616","5호선","우장산","17297","17236","20260619",""
"20260616","5호선","화곡","32089","30102","20260619",""
"20260616","5호선","까치산","30987","30013","20260619",""
"20260616","5호선","신정(은행정)","15271","12778","20260619",""
"20260616","5호선","목동","18933","20735","20260619",""
"20260616","5호선","오목교(목동운동장앞)","23499","25221","20260619",""
"20260616","5호선","양평","9873","9827","20260619",""
"20260616","5호선","영등포구청","6141","6111","20260619",""
"20260616","5호선","영등포시장","12911","12484","20260619",""
"20260616","5호선","신길","5766","5763","20260619",""
"20260616","5호선","여의도","33957","36533","20260619",""
"20260616","5호선","여의나루","15337","16886","20260619",""
"20260616","5호선","마포","17294","17708","20260619",""
"20260616","5호선","공덕","17083","17714","20260619",""
"20260616","5호선","애오개","7824","7627","20260619",""
"20260616","5호선","충정로(경기대입구)","6050","6266","20260619",""
"20260616","5호선","서대문","22118","22446","20260619",""
"20260616","5호선","광화문(세종문화회관)","39652","41537","20260619",""
"20260616","5호선","종로3가","16019","15764","20260619",""
"20260616","5호선","을지로4가","8065","7880","20260619",""
"20260616","5호선","동대문역사문화공원(DDP)","4011","4461","20260619",""
"20260616","5호선","청구","3999","3740","20260619",""
"20260616","5호선","신금호","7215","7718","20260619",""
"20260616","5호선","행당","8954","8042","20260619",""
"20260616","5호선","왕십리(성동구청)","5297","5696","20260619",""
"20260616","5호선","마장","6940","6614","20260619",""
"20260616","5호선","답십리","18472","16588","20260619",""
"20260616","5호선","장한평","22708","22464","20260619",""
"20260616","5호선","군자(능동)","13332","14823","20260619",""
"20260616","5호선","아차산(어린이대공원후문)","16092","15998","20260619",""
"20260616","5호선","광나루(장신대)","12015","11520","20260619",""
"20260616","5호선","천호(풍납토성)","22734","22058","20260619",""
"20260616","5호선","강동","21219","20574","20260619",""
"20260616","5호선","길동","9927","10170","20260619",""
"20260616","5호선","굽은다리(강동구민회관앞)","10904","10284","20260619",""
"20260616","5호선","명일","9257","9310","20260619",""
"20260616","5호선","고덕","11850","11609","20260619",""
"20260616","5호선","상일동","16678","16106","20260619",""
"20260616","5호선","둔촌동","15159","15229","20260619",""
"20260616","5호선","올림픽공원(한국체대)","6582","5991","20260619",""
"20260616","5호선","방이","8316","8704","20260619",""
"20260616","5호선","오금","4455","4492","20260619",""
"20260616","5호선","개롱","7434","7640","20260619",""
"20260616","5호선","거여","11717","11750","20260619",""
"20260616","5호선","마천","8437","7347","20260619",""
"20260616","5호선","강일","6901","6607","20260619",""
"20260616","5호선","미사","20265","20638","20260619",""
"20260616","5호선","하남풍산","5229","5178","20260619",""
"20260616","5호선","하남시청(덕풍·신장)","9857","9334","20260619",""
"20260616","5호선","하남검단산","7270","6795","20260619",""
"20260616","6호선","응암","19794","19834","20260619",""
"20260616","6호선","역촌","4420","5139","20260619",""
"20260616","6호선","불광","5232","5025","20260619",""
"20260616","6호선","독바위","2873","3037","20260619",""
"20260616","6호선","연신내","4","0","20260619",""
"20260616","6호선","구산","9125","7177","20260619",""
"20260616","6호선","새절(신사)","14358","13350","20260619",""
"20260616","6호선","증산(명지대앞)","10049","10102","20260619",""
"20260616","6호선","디지털미디어시티","16851","18287","20260619",""
"20260616","6호선","월드컵경기장(성산)","4073","4264","20260619",""
"20260616","6호선","마포구청","17078","15458","20260619",""
"20260616","6호선","망원","16713","17971","20260619",""
"20260616","6호선","합정","13820","13656","20260619",""
"20260616","6호선","상수","10861","11812","20260619",""
"20260616","6호선","광흥창(서강)","11200","10746","20260619",""
"20260616","6호선","대흥(서강대앞)","12263","12746","20260619",""
"20260616","6호선","공덕","22038","21597","20260619",""
"20260616","6호선","효창공원앞","8843","8042","20260619",""
"20260616","6호선","삼각지(전쟁기념관)","8719","7533","20260619",""
"20260616","6호선","녹사평(용산구청)","5494","5570","20260619",""
"20260616","6호선","이태원","11399","12137","20260619",""
"20260616","6호선","한강진","10021","12411","20260619",""
"20260616","6호선","버티고개","2581","2466","20260619",""
"20260616","6호선","약수","4121","3961","20260619",""
"20260616","6호선","청구","4316","4322","20260619",""
"20260616","6호선","신당","9425","9942","20260619",""
"20260616","6호선","동묘앞","10404","10911","20260619",""
"20260616","6호선","창신","4259","3641","20260619",""
"20260616","장항선","아산","4260","3740","20260619",""
"20260616","7호선","상도","14799","14533","20260619",""
"20260616","7호선","장승배기","11239","11097","20260619",""
"20260616","7호선","신대방삼거리","16859","16346","20260619",""
"20260616","7호선","보라매","7348","7778","20260619",""
"20260616","7호선","신풍","13632","12930","20260619",""
"20260616","7호선","대림(구로구청)","9633","9694","20260619",""
"20260616","7호선","남구로","17757","18592","20260619",""
"20260616","7호선","가산디지털단지","51795","52390","20260619",""
"20260616","7호선","철산","25600","26270","20260619",""
"20260616","7호선","광명사거리","25222","24874","20260619",""
"20260616","7호선","천왕","13827","13698","20260619",""
"20260616","7호선","온수(성공회대입구)","12048","11077","20260619",""
"20260616","8호선","암사역사공원","8447","7479","20260619",""
"20260616","8호선","암사","18110","16902","20260619",""
"20260616","8호선","천호(풍납토성)","20250","22717","20260619",""
"20260616","8호선","강동구청","12479","12869","20260619",""
"20260616","8호선","몽촌토성(평화의문)","9543","9731","20260619",""
"20260616","8호선","잠실(송파구청)","20040","22685","20260619",""
"20260616","8호선","석촌","9869","10854","20260619",""
"20260616","8호선","송파","11537","11220","20260619",""
"20260616","8호선","가락시장","9766","10449","20260619",""
"20260616","8호선","문정","27296","28825","20260619",""
"20260616","8호선","장지","19187","17920","20260619",""
"20260616","8호선","복정","11458","9937","20260619",""
"20260616","8호선","산성","7264","7583","20260619",""
"20260616","8호선","남한산성입구(성남법원.검찰청)","15054","13890","20260619",""
"20260616","8호선","단대오거리","14102","13450","20260619",""
"20260616","8호선","신흥","5895","5971","20260619",""
"20260616","8호선","수진","6011","5674","20260619",""
"20260616","8호선","모란","5387","4293","20260619",""
"20260616","8호선","남위례","9472","9350","20260619",""
"20260616","9호선","개화","2815","1907","20260619",""
"20260616","9호선","김포공항","5670","10006","20260619",""
"20260616","9호선","공항시장","2960","3251","20260619",""
"20260616","9호선","신방화","7957","7729","20260619",""
"20260616","9호선","마곡나루(서울식물원)","17932","17459","20260619",""
"20260616","9호선","양천향교","12985","13376","20260619",""
"20260616","9호선","증미","9599","9333","20260619",""
"20260616","9호선","등촌","14687","14267","20260619",""
"20260616","9호선","염창","20547","19813","20260619",""
"20260616","9호선","신목동","5434","4967","20260619",""
"20260616","9호선","선유도","10668","9856","20260619",""
"20260616","9호선","당산","21821","21387","20260619",""
"20260616","9호선","국회의사당","20298","20822","20260619",""
"20260616","9호선","여의도","36250","35392","20260619",""
"20260616","9호선","샛강","8232","8082","20260619",""
"20260616","9호선","노량진","28082","28232","20260619",""
"20260616","9호선","노들","5557","4663","20260619",""
"20260616","9호선","흑석(중앙대입구)","11788","11991","20260619",""
"20260616","9호선","동작(현충원)","2113","1829","20260619",""
"20260616","9호선","구반포","2924","2624","20260619",""
"20260616","9호선","신반포","5450","5284","20260619",""
"20260616","9호선","고속터미널","16017","20376","20260619",""
"20260616","9호선","사평","4983","4795","20260619",""
"20260616","9호선","신논현","34131","34884","20260619",""
"20260616","9호선2~3단계","언주","13608","13958","20260619",""
"20260616","9호선2~3단계","선정릉","12413","13260","20260619",""
"20260616","9호선2~3단계","삼성중앙","9586","10029","20260619",""
"20260616","9호선2~3단계","봉은사","23154","24247","20260619",""
"20260616","9호선2~3단계","종합운동장","5598","5873","20260619",""
"20260616","9호선2~3단계","삼전","9531","9106","20260619",""
"20260616","9호선2~3단계","석촌고분","8460","8191","20260619",""
"20260616","9호선2~3단계","석촌","10749","10022","20260619",""
"20260616","9호선2~3단계","송파나루","6644","6987","20260619",""
"20260616","9호선2~3단계","한성백제","4064","3676","20260619",""
"20260616","9호선2~3단계","올림픽공원(한국체대)","13198","13241","20260619",""
"20260616","9호선2~3단계","둔촌오륜","5375","5288","20260619",""
"20260616","9호선2~3단계","중앙보훈병원","15644","13559","20260619",""
"20260616","경강선","판교","6948","6843","20260619",""
"20260616","경강선","이매","1175","1103","20260619",""
"20260616","경강선","삼동","2648","2579","20260619",""
"20260616","경강선","경기광주","9752","9201","20260619",""
"20260616","경강선","초월","4280","4022","20260619",""
"20260616","경강선","곤지암","2474","2449","20260619",""
"20260616","경강선","신둔도예촌","1572","1673","20260619",""
"20260616","경강선","이천","3110","3295","20260619",""
"20260616","경강선","부발","2617","2512","20260619",""
"20260616","경강선","세종대왕릉","389","426","20260619",""
"20260616","경강선","여주","3408","3356","20260619",""
"20260616","경강선","성남","1624","1394","20260619",""
"20260616","경부선","서울역","9430","3161","20260619",""
"20260616","경부선","남영","10393","10876","20260619",""
"20260616","경부선","용산","43400","43844","20260619",""
"20260616","경부선","노량진","9558","8931","20260619",""
"20260616","경부선","대방","11944","13575","20260619",""
"20260616","경부선","영등포","41892","42039","20260619",""
"20260616","경부선","신도림","4350","4607","20260619",""
"20260616","경부선","신길","9489","8602","20260619",""
"20260616","경부선","구로","18941","18870","20260619",""
"20260616","경부선","가산디지털단지","20010","23016","20260619",""
"20260616","경부선","금천구청","12132","12526","20260619",""
"20260616","경부선","석수","9274","8560","20260619",""
"20260616","경부선","관악","8072","7927","20260619",""
"20260616","경부선","안양","26740","26588","20260619",""
"20260616","경부선","명학","10767","10652","20260619",""
"20260616","경부선","금정","31813","32704","20260619",""
"20260616","경부선","군포","7679","7547","20260619",""
"20260616","경부선","의왕","11055","11008","20260619",""
"20260616","경부선","성균관대","18308","17804","20260619",""
"20260616","경부선","화서","11875","11594","20260619",""
"20260616","경부선","수원","39670","42541","20260619",""
"20260616","경부선","독산","18966","19247","20260619",""
"20260616","경부선","세류","3975","3591","20260619",""
"20260616","경부선","병점","17403","17446","20260619",""
"20260616","경부선","세마","3777","3744","20260619",""
"20260616","경부선","오산대","4674","4451","20260619",""
"20260616","경부선","오산","11810","11842","20260619",""
"20260616","경부선","진위","2026","1913","20260619",""
"20260616","경부선","송탄","4516","4450","20260619",""
"20260616","경부선","서정리","9378","8854","20260619",""
"20260616","경부선","평택지제","5353","5096","20260619",""
"20260616","경부선","평택","13261","13283","20260619",""
"20260616","경부선","성환","5357","5224","20260619",""
"20260616","경부선","직산","1162","1130","20260619",""
"20260616","경부선","두정","9173","10230","20260619",""
"20260616","경부선","천안","7592","6240","20260619",""
"20260616","경부선","당정","7501","7183","20260619",""
"20260616","경부선","서동탄","1671","1405","20260619",""
"20260616","경부선","광명","3956","3409","20260619",""
"20260616","경원선","이촌(국립중앙박물관)","4363","3631","20260619",""
"20260616","경원선","서빙고","2453","2263","20260619",""
"20260616","경원선","한남","4034","4039","20260619",""
"20260616","경원선","옥수","64","42","20260619",""
"20260616","경원선","응봉","2100","1763","20260619",""
"20260616","경원선","왕십리(성동구청)","17984","17879","20260619",""
"20260616","경원선","청량리(서울시립대입구)","17354","18184","20260619",""
"20260616","경원선","외대앞","15016","15034","20260619",""
"20260616","경원선","신이문","9814","9062","20260619",""
"20260616","경원선","석계","8313","9174","20260619",""
"20260616","경원선","광운대","9718","9225","20260619",""
"20260616","경원선","월계","8691","8030","20260619",""
"20260616","경원선","녹천","5090","4354","20260619",""
"20260616","경원선","창동","4","0","20260619",""
"20260616","경원선","방학","11030","10844","20260619",""
"20260616","경원선","도봉","6731","6533","20260619",""
"20260616","경원선","도봉산","7877","5037","20260619",""
"20260616","경원선","망월사","11488","11515","20260619",""
"20260616","경원선","회룡","14881","14783","20260619",""
"20260616","경원선","의정부","20833","20912","20260619",""
"20260616","경원선","가능","7064","7158","20260619",""
"20260616","경원선","녹양","5003","4859","20260619",""
"20260616","경원선","양주","7747","7555","20260619",""
"20260616","경원선","덕계","7845","7278","20260619",""
"20260616","경원선","덕정","7339","6938","20260619",""
"20260616","경원선","지행","7215","7278","20260619",""
"20260616","경원선","동두천중앙","3300","3207","20260619",""
"20260616","경원선","보산","1597","1476","20260619",""
"20260616","경원선","동두천","2530","2532","20260619",""
"20260616","경원선","소요산","1852","1855","20260619",""
"20260616","경원선","청산","144","137","20260619",""
"20260616","경원선","전곡","1179","1053","20260619",""
"20260616","경원선","연천","1135","1132","20260619",""
"20260616","경의선","서울역","3970","5024","20260619",""
"20260616","경의선","신촌","1199","1522","20260619",""
"20260616","경의선","효창공원앞","3721","4095","20260619",""
"20260616","경의선","공덕","5008","3872","20260619",""
"20260616","경의선","서강대","2823","2653","20260619",""
"20260616","경의선","홍대입구","2023","2410","20260619",""
"20260616","경의선","가좌","6643","6309","20260619",""
"20260616","경의선","디지털미디어시티","2716","2584","20260619",""
"20260616","경의선","수색","3622","3766","20260619",""
"20260616","경의선","한국항공대","2450","2392","20260619",""
"20260616","경의선","강매","3694","3089","20260619",""
"20260616","경의선","행신","8434","8558","20260619",""
"20260616","경의선","능곡","5103","4848","20260619",""
"20260616","경의선","곡산","718","765","20260619",""
"20260616","경의선","백마","8514","8547","20260619",""
"20260616","경의선","풍산","7175","6818","20260619",""
"20260616","경의선","일산","11597","11465","20260619",""
"20260616","경의선","탄현","8504","8329","20260619",""
"20260616","경의선","야당","7972","8095","20260619",""
"20260616","경의선","운정","8794","8409","20260619",""
"20260616","경의선","금릉","5411","5242","20260619",""
"20260616","경의선","금촌","7432","7163","20260619",""
"20260616","경의선","월롱","2829","2444","20260619",""
"20260616","경의선","파주","1329","1122","20260619",""
"20260616","경의선","문산","5782","5678","20260619",""
"20260616","경의선","임진강","42","9","20260619",""
"20260616","경의선","운천","4","5","20260619",""
"20260616","경인선","개봉","25505","25246","20260619",""
"20260616","경인선","오류동","12844","11906","20260619",""
"20260616","경인선","역곡","29855","29658","20260619",""
"20260616","경인선","부천","34236","34168","20260619",""
"20260616","경인선","송내","29094","29007","20260619",""
"20260616","경인선","부평","30594","31767","20260619",""
"20260616","경인선","백운","7778","7550","20260619",""
"20260616","경인선","동암","16501","16610","20260619",""
"20260616","경인선","주안","19586","17754","20260619",""
"20260616","경인선","제물포","12370","11940","20260619",""
"20260616","경인선","동인천","14441","13535","20260619",""
"20260616","경인선","인천","4049","3361","20260619",""
"20260616","경인선","구일","8329","8337","20260619",""
"20260616","경인선","소사","9327","8840","20260619",""
"20260616","경인선","부개","9455","8846","20260619",""
"20260616","경인선","간석","6454","6187","20260619",""
"20260616","경인선","도원","3706","3819","20260619",""
"20260616","경인선","온수(성공회대입구)","7322","6838","20260619",""
"20260616","경인선","중동","10241","9588","20260619",""
"20260616","경인선","도화","4407","4073","20260619",""
"20260616","경춘선","신내","3431","3292","20260619",""
"20260616","경춘선","갈매","3009","2784","20260619",""
"20260616","경춘선","별내","2833","2676","20260619",""
"20260616","경춘선","퇴계원","3758","3428","20260619",""
"20260616","경춘선","사릉","2350","2301","20260619",""
"20260616","경춘선","금곡","1947","1983","20260619",""
"20260616","경춘선","평내호평","7426","7327","20260619",""
"20260616","경춘선","천마산","1852","1705","20260619",""
"20260616","경춘선","마석","4655","4526","20260619",""
"20260616","경춘선","대성리","457","648","20260619",""
"20260616","경춘선","청평","1895","1858","20260619",""
"20260616","경춘선","상천","304","302","20260619",""
"20260616","경춘선","가평","1872","2008","20260619",""
"20260616","경춘선","굴봉산","127","115","20260619",""
"20260616","경춘선","백양리","107","116","20260619",""
"20260616","경춘선","강촌","548","591","20260619",""
"20260616","경춘선","김유정","386","419","20260619",""
"20260616","경춘선","남춘천","2956","2898","20260619",""
"20260616","경춘선","춘천","2125","1897","20260619",""
"20260616","공항철도 1호선","서울역","13841","11348","20260619",""
"20260616","공항철도 1호선","공덕","3649","4466","20260619",""
"20260616","공항철도 1호선","홍대입구","15017","14084","20260619",""
"20260616","공항철도 1호선","디지털미디어시티","16689","15660","20260619",""
"20260616","공항철도 1호선","마곡나루(서울식물원)","18422","17813","20260619",""
"20260616","공항철도 1호선","김포공항","8831","5135","20260619",""
"20260616","공항철도 1호선","계양","10181","10270","20260619",""
"20260616","공항철도 1호선","검암","6895","6757","20260619",""
"20260616","공항철도 1호선","청라국제도시","8707","8484","20260619",""
"20260616","공항철도 1호선","운서","10720","11387","20260619",""
"20260616","공항철도 1호선","공항화물청사","2284","2375","20260619",""
"20260616","공항철도 1호선","인천공항1터미널","12597","12992","20260619",""
"20260616","공항철도 1호선","인천공항2터미널","10735","9200","20260619",""
"20260616","공항철도 1호선","영종","5004","4970","20260619",""
"20260616","과천선","선바위","8632","7829","20260619",""
"20260616","과천선","경마공원","1673","1672","20260619",""
"20260616","과천선","대공원","2806","2938","20260619",""
"20260616","과천선","과천","5934","5511","20260619",""
"20260616","과천선","정부과천청사","16316","17430","20260619",""
"20260616","과천선","인덕원","29853","30817","20260619",""
"20260616","과천선","평촌","20931","20249","20260619",""
"20260616","과천선","범계","31377","31483","20260619",""
"20260616","분당선","선릉","14974","22433","20260619",""
"20260616","분당선","한티","16949","18230","20260619",""
"20260616","분당선","도곡","8832","9147","20260619",""
"20260616","분당선","구룡","4037","4010","20260619",""
"20260616","분당선","개포동","4380","4568","20260619",""
"20260616","분당선","대모산입구","6659","6433","20260619",""
"20260616","분당선","수서","19515","20753","20260619",""
"20260616","분당선","수원","8562","6530","20260619",""
"20260616","분당선","서울숲","14548","15077","20260619",""
"20260616","분당선","압구정로데오","19950","21475","20260619",""
"20260616","분당선","강남구청","11243","12926","20260619",""
"20260616","분당선","선정릉","8690","8886","20260619",""
"20260616","분당선","가천대","11466","11460","20260619",""
"20260616","분당선","태평","14264","13880","20260619",""
"20260616","분당선","모란","21048","21867","20260619",""
"20260616","분당선","야탑","28569","30145","20260619",""
"20260616","분당선","서현","25612","26035","20260619",""
"20260616","분당선","수내","14266","14160","20260619",""
"20260616","분당선","정자","22346","23496","20260619",""
"20260616","분당선","미금","17322","17788","20260619",""
"20260616","분당선","오리","12438","10850","20260619",""
"20260616","분당선","이매","6116","5699","20260619",""
"20260616","분당선","보정","2925","2587","20260619",""
"20260616","분당선","죽전","15703","17371","20260619",""
"20260616","분당선","구성","8728","8929","20260619",""
"20260616","분당선","신갈","5543","5472","20260619",""
"20260616","분당선","기흥","11864","10864","20260619",""
"20260616","분당선","상갈","5955","5592","20260619",""
"20260616","분당선","청명","5530","5357","20260619",""
"20260616","분당선","영통","10105","10294","20260619",""
"20260616","분당선","망포","17447","17149","20260619",""
"20260616","분당선","매탄권선","6364","6344","20260619",""
"20260616","분당선","수원시청","15706","16583","20260619",""
"20260616","분당선","매교","6138","6079","20260619",""
"20260616","서해선","김포공항","2806","4241","20260619",""
"20260616","서해선","원종","5817","5726","20260619",""
"20260616","서해선","부천종합운동장","3598","3220","20260619",""
"20260616","수인선","고색","7237","6960","20260619",""
"20260616","수인선","오목천","5780","5088","20260619",""
"20260616","수인선","어천","1809","1852","20260619",""
"20260616","수인선","야목","879","730","20260619",""
"20260616","수인선","사리","5790","5099","20260619",""
"20260616","수인선","달월","124","77","20260619",""
"20260616","수인선","월곶","3353","3151","20260619",""
"20260616","수인선","소래포구","5890","5548","20260619",""
"20260616","수인선","인천논현","6091","6487","20260619",""
"20260616","수인선","호구포","4623","4773","20260619",""
"20260616","수인선","남동인더스파크","2891","3203","20260619",""
"20260616","수인선","원인재","4900","5123","20260619",""
"20260616","수인선","신포","2058","2012","20260619",""
"20260616","수인선","인천","1112","1661","20260619",""
"20260616","신림선","샛강","3697","4277","20260619",""
"20260616","신림선","대방","3836","2974","20260619",""
"20260616","신림선","서울지방병무청","3662","4012","20260619",""
"20260616","신림선","보라매","5515","4913","20260619",""
"20260616","신림선","보라매공원","2966","3240","20260619",""
"20260616","신림선","보라매병원","10272","10769","20260619",""
"20260616","신림선","당곡","5400","5273","20260619",""
"20260616","신림선","신림","2549","3139","20260619",""
"20260616","신림선","서원","4054","3659","20260619",""
"20260616","신림선","서울대벤처타운","10976","10238","20260619",""
"20260616","신림선","관악산(서울대)","3544","3351","20260619",""
"20260616","안산선","산본","18185","19390","20260619",""
"20260616","안산선","대야미","5747","5194","20260619",""
"20260616","안산선","반월","4859","4716","20260619",""
"20260616","안산선","상록수","16440","16558","20260619",""
"20260616","안산선","한대앞","11436","11544","20260619",""
"20260616","안산선","중앙","19909","20633","20260619",""
"20260616","안산선","고잔","10156","9772","20260619",""
"20260616","안산선","초지","5807","6003","20260619",""
"20260616","안산선","안산","12841","11628","20260619",""
"20260616","안산선","신길온천","2326","2116","20260619",""
"20260616","안산선","정왕","10803","10762","20260619",""
"20260616","안산선","오이도","8478","8412","20260619",""
"20260616","안산선","수리산","4644","3850","20260619",""
"20260616","우이신설선","북한산우이","3236","3044","20260619",""
"20260616","우이신설선","솔밭공원","2963","2855","20260619",""
"20260616","우이신설선","4.19민주묘지","4128","3972","20260619",""
"20260616","우이신설선","가오리","4919","5013","20260619",""
"20260616","우이신설선","화계","4265","4025","20260619",""
"20260616","우이신설선","삼양","2762","3012","20260619",""
"20260616","우이신설선","삼양사거리","3129","3025","20260619",""
"20260616","우이신설선","솔샘","6634","6474","20260619",""
"20260616","우이신설선","북한산보국문","6964","6531","20260619",""
"20260616","우이신설선","정릉","5229","4781","20260619",""
"20260616","우이신설선","성신여대입구(돈암)","4105","4525","20260619",""
"20260616","우이신설선","보문","2101","1999","20260619",""
"20260616","우이신설선","신설동","2967","2708","20260619",""
"20260616","일산선","원흥","12683","12246","20260619",""
"20260616","일산선","지축","1","0","20260619",""
"20260616","일산선","삼송","21478","20941","20260619",""
"20260616","일산선","원당","13018","12677","20260619",""
"20260616","일산선","화정","19027","19403","20260619",""
"20260616","일산선","대곡","13629","12218","20260619",""
"20260616","일산선","백석","11348","11482","20260619",""
"20260616","일산선","마두","8891","9089","20260619",""
"20260616","일산선","정발산","7604","7712","20260619",""
"20260616","일산선","주엽","10067","9845","20260619",""
"20260616","일산선","대화","11890","9650","20260619",""
"20260616","장항선","봉명","1599","1552","20260619",""
"20260616","장항선","쌍용(나사렛대)","3531","3381","20260619",""
"20260616","장항선","탕정","2568","2260","20260619",""
"20260616","장항선","배방","1388","1388","20260619",""
"20260616","장항선","온양온천","4602","4605","20260619",""
"20260616","장항선","신창(순천향대)","2107","2060","20260619",""
"20260616","중앙선","회기","30363","29171","20260619",""
"20260616","중앙선","중랑","5973","5752","20260619",""
"20260616","중앙선","상봉","6529","6512","20260619",""
"20260616","중앙선","망우","8394","7945","20260619",""
"20260616","중앙선","양원","3671","3697","20260619",""
"20260616","중앙선","구리","7957","8440","20260619",""
"20260616","중앙선","도농","10742","10022","20260619",""
"20260616","중앙선","양정","525","463","20260619",""
"20260616","중앙선","덕소","5974","6066","20260619",""
"20260616","중앙선","도심","3325","2627","20260619",""
"20260616","중앙선","팔당","776","781","20260619",""
"20260616","중앙선","운길산","685","685","20260619",""
"20260616","중앙선","양수","1998","2043","20260619",""
"20260616","중앙선","신원","175","160","20260619",""
"20260616","중앙선","국수","757","723","20260619",""
"20260616","중앙선","아신","584","598","20260619",""
"20260616","중앙선","오빈","332","332","20260619",""
"20260616","중앙선","양평","3247","3369","20260619",""
"20260616","중앙선","원덕","388","370","20260619",""
"20260616","중앙선","용문","2047","1988","20260619",""
"20260616","중앙선","지평","68","69","20260619",""
"20260616","수인선","송도","2947","2627","20260619",""
"20260616","수인선","인하대","8622","8100","20260619",""
"20260616","수인선","숭의","5211","4798","20260619",""
"20260616","9호선","가양","24855","24243","20260619",""
"20260616","수인선","연수","5114","5086","20260619",""
"20260617","일산선","마두","8995","9281","20260620",""
"20260617","일산선","백석","11286","11537","20260620",""
"20260617","일산선","대곡","13219","11668","20260620",""
"20260617","일산선","화정","19355","19884","20260620",""
"20260617","일산선","원당","13168","12824","20260620",""
"20260617","일산선","삼송","21593","21032","20260620",""
"20260617","일산선","지축","1","0","20260620",""
"20260617","일산선","원흥","12761","12384","20260620",""
"20260617","우이신설선","신설동","2989","2717","20260620",""
"20260617","우이신설선","보문","2102","2007","20260620",""
"20260617","경원선","창동","3","0","20260620",""
"20260617","7호선","반포","7876","7673","20260620",""
"20260617","5호선","답십리","18604","16635","20260620",""
"20260617","신림선","보라매공원","2896","3140","20260620",""
"20260617","신림선","당곡","5464","5267","20260620",""
"20260617","신림선","신림","2637","3156","20260620",""
"20260617","신림선","서원","4004","3546","20260620",""
"20260617","신림선","서울대벤처타운","11004","10318","20260620",""
"20260617","신림선","관악산(서울대)","3575","3394","20260620",""
"20260617","안산선","산본","18217","19496","20260620",""
"20260617","안산선","대야미","5902","5195","20260620",""
"20260617","안산선","반월","4891","4881","20260620",""
"20260617","안산선","상록수","16685","17165","20260620",""
"20260617","안산선","한대앞","11304","11417","20260620",""
"20260617","안산선","중앙","20308","20933","20260620",""
"20260617","안산선","고잔","10311","9840","20260620",""
"20260617","안산선","초지","5699","6034","20260620",""
"20260617","안산선","안산","12839","11692","20260620",""
"20260617","안산선","신길온천","2370","2092","20260620",""
"20260617","안산선","정왕","10743","10923","20260620",""
"20260617","안산선","오이도","8576","8436","20260620",""
"20260617","안산선","수리산","4758","3961","20260620",""
"20260617","우이신설선","북한산우이","3367","3030","20260620",""
"20260617","우이신설선","솔밭공원","3026","2912","20260620",""
"20260617","우이신설선","4.19민주묘지","4091","3892","20260620",""
"20260617","우이신설선","가오리","4946","5053","20260620",""
"20260617","우이신설선","화계","4270","3972","20260620",""
"20260617","우이신설선","삼양","2808","3013","20260620",""
"20260617","우이신설선","삼양사거리","3238","3161","20260620",""
"20260617","우이신설선","솔샘","6606","6366","20260620",""
"20260617","우이신설선","북한산보국문","6881","6443","20260620",""
"20260617","우이신설선","정릉","5336","4919","20260620",""
"20260617","우이신설선","성신여대입구(돈암)","4186","4401","20260620",""
"20260617","신림선","보라매병원","9786","10324","20260620",""
"20260617","서해선","부천종합운동장","3608","3090","20260620",""
"20260617","수인선","고색","7160","6798","20260620",""
"20260617","수인선","오목천","5542","4809","20260620",""
"20260617","중앙선","양정","526","462","20260620",""
"20260617","중앙선","덕소","5940","5884","20260620",""
"20260617","중앙선","도심","3254","2597","20260620",""
"20260617","중앙선","팔당","830","794","20260620",""
"20260617","중앙선","운길산","741","732","20260620",""
"20260617","중앙선","양수","1848","1965","20260620",""
"20260617","중앙선","신원","166","152","20260620",""
"20260617","중앙선","국수","778","717","20260620",""
"20260617","중앙선","아신","572","568","20260620",""
"20260617","중앙선","오빈","345","351","20260620",""
"20260617","중앙선","양평","3224","3334","20260620",""
"20260617","중앙선","원덕","321","314","20260620",""
"20260617","중앙선","용문","1993","1952","20260620",""
"20260617","중앙선","지평","71","73","20260620",""
"20260617","일산선","정발산","7652","7691","20260620",""
"20260617","일산선","주엽","10319","10160","20260620",""
"20260617","일산선","대화","12100","9905","20260620",""
"20260617","장항선","봉명","1547","1502","20260620",""
"20260617","장항선","쌍용(나사렛대)","3387","3223","20260620",""
"20260617","장항선","아산","4196","3855","20260620",""
"20260617","장항선","탕정","2355","2074","20260620",""
"20260617","장항선","배방","1427","1351","20260620",""
"20260617","장항선","온양온천","4622","4634","20260620",""
"20260617","장항선","신창(순천향대)","2041","1862","20260620",""
"20260617","중앙선","회기","31300","29538","20260620",""
"20260617","중앙선","중랑","6142","5748","20260620",""
"20260617","중앙선","상봉","6532","6514","20260620",""
"20260617","중앙선","망우","8424","8057","20260620",""
"20260617","중앙선","양원","3799","3717","20260620",""
"20260617","중앙선","구리","8034","8442","20260620",""
"20260617","수인선","어천","1779","1761","20260620",""
"20260617","수인선","야목","892","754","20260620",""
"20260617","중앙선","도농","10816","10055","20260620",""
"20260617","수인선","사리","5801","5106","20260620",""
"20260617","수인선","달월","108","74","20260620",""
"20260617","수인선","월곶","3683","3368","20260620",""
"20260617","수인선","소래포구","5724","5344","20260620",""
"20260617","수인선","인천논현","6214","6664","20260620",""
"20260617","수인선","호구포","4696","4938","20260620",""
"20260617","수인선","남동인더스파크","2764","3067","20260620",""
"20260617","수인선","원인재","5014","5134","20260620",""
"20260617","수인선","연수","5086","4948","20260620",""
"20260617","수인선","송도","3094","2719","20260620",""
"20260617","수인선","인하대","8944","8440","20260620",""
"20260617","수인선","숭의","5316","4925","20260620",""
"20260617","수인선","신포","2038","2015","20260620",""
"20260617","수인선","인천","1117","1665","20260620",""
"20260617","신림선","샛강","3814","4283","20260620",""
"20260617","신림선","대방","3996","3075","20260620",""
"20260617","신림선","서울지방병무청","3736","4184","20260620",""
"20260617","신림선","보라매","5459","4927","20260620",""
"20260617","7호선","사가정","18075","18581","20260620",""
"20260617","1호선","서울역","84020","80548","20260620",""
"20260617","1호선","시청","32601","32671","20260620",""
"20260617","1호선","종각","46819","45979","20260620",""
"20260617","1호선","종로3가","26976","23749","20260620",""
"20260617","1호선","종로5가","26133","25712","20260620",""
"20260617","1호선","동대문","14447","13915","20260620",""
"20260617","1호선","신설동","16319","15921","20260620",""
"20260617","1호선","제기동","16859","17169","20260620",""
"20260617","1호선","청량리(서울시립대입구)","24935","25028","20260620",""
"20260617","1호선","동묘앞","9653","9986","20260620",""
"20260617","2호선","시청","33964","31725","20260620",""
"20260617","2호선","을지로입구","60596","62261","20260620",""
"20260617","2호선","을지로3가","30604","30761","20260620",""
"20260617","2호선","을지로4가","17123","16814","20260620",""
"20260617","2호선","동대문역사문화공원(DDP)","16150","18670","20260620",""
"20260617","2호선","신당","17002","17397","20260620",""
"20260617","2호선","상왕십리","16667","16324","20260620",""
"20260617","2호선","왕십리(성동구청)","18670","16189","20260620",""
"20260617","2호선","한양대","16707","18431","20260620",""
"20260617","2호선","뚝섬","28968","30960","20260620",""
"20260617","2호선","성수","62092","66397","20260620",""
"20260617","2호선","건대입구","40046","41383","20260620",""
"20260617","2호선","구의(광진구청)","33174","32442","20260620",""
"20260617","2호선","강변(동서울터미널)","27657","24798","20260620",""
"20260617","2호선","잠실나루","19020","18366","20260620",""
"20260617","2호선","잠실(송파구청)","81518","81046","20260620",""
"20260617","2호선","잠실새내","26567","25702","20260620",""
"20260617","2호선","종합운동장","17153","18813","20260620",""
"20260617","2호선","삼성(무역센터)","59209","55665","20260620",""
"20260617","2호선","선릉","67692","59285","20260620",""
"20260617","2호선","역삼","58873","66817","20260620",""
"20260617","2호선","강남","90908","88627","20260620",""
"20260617","2호선","교대(법원.검찰청)","36276","43399","20260620",""
"20260617","2호선","서초","25919","25762","20260620",""
"20260617","2호선","방배","22334","23042","20260620",""
"20260617","2호선","사당","46428","50251","20260620",""
"20260617","2호선","낙성대(강감찬)","31786","30817","20260620",""
"20260617","2호선","서울대입구(관악구청)","51771","50031","20260620",""
"20260617","2호선","봉천","27349","25889","20260620",""
"20260617","2호선","신림","61160","60363","20260620",""
"20260617","2호선","신대방","27569","26582","20260620",""
"20260617","2호선","구로디지털단지","65536","64915","20260620",""
"20260617","2호선","대림(구로구청)","26980","27789","20260620",""
"20260617","2호선","신도림","53452","50905","20260620",""
"20260617","2호선","문래","26186","27027","20260620",""
"20260617","2호선","영등포구청","26733","27807","20260620",""
"20260617","2호선","당산","21950","24891","20260620",""
"20260617","2호선","합정","33022","35615","20260620",""
"20260617","2호선","홍대입구","69800","74321","20260620",""
"20260617","2호선","신촌","41764","41266","20260620",""
"20260617","2호선","이대","19384","20896","20260620",""
"20260617","2호선","아현","12672","11938","20260620",""
"20260617","2호선","충정로(경기대입구)","11869","12736","20260620",""
"20260617","2호선","용답","3464","3430","20260620",""
"20260617","2호선","신답","1999","2229","20260620",""
"20260617","2호선","신설동","4144","4085","20260620",""
"20260617","2호선","도림천","1457","1505","20260620",""
"20260617","2호선","양천구청","7800","8188","20260620",""
"20260617","2호선","신정네거리","11079","11258","20260620",""
"20260617","2호선","용두(동대문구청)","2537","2534","20260620",""
"20260617","3호선","지축","8625","9002","20260620",""
"20260617","3호선","구파발","25054","24309","20260620",""
"20260617","3호선","연신내","40929","39005","20260620",""
"20260617","3호선","불광","18108","19338","20260620",""
"20260617","3호선","녹번","17394","16108","20260620",""
"20260617","3호선","홍제","20308","19107","20260620",""
"20260617","3호선","무악재","4890","4841","20260620",""
"20260617","3호선","독립문","8558","8996","20260620",""
"20260617","3호선","경복궁(정부서울청사)","30709","30546","20260620",""
"20260617","3호선","안국","31203","31856","20260620",""
"20260617","3호선","종로3가","13065","14501","20260620",""
"20260617","3호선","을지로3가","15423","14549","20260620",""
"20260617","3호선","충무로","3","0","20260620",""
"20260617","3호선","동대입구","11221","12221","20260620",""
"20260617","3호선","약수","14177","14066","20260620",""
"20260617","3호선","금호","9020","8467","20260620",""
"20260617","3호선","옥수","10407","10833","20260620",""
"20260617","3호선","압구정","34603","37014","20260620",""
"20260617","3호선","신사","28783","30304","20260620",""
"20260617","3호선","잠원","8268","8207","20260620",""
"20260617","3호선","고속터미널","48160","44214","20260620",""
"20260617","3호선","교대(법원.검찰청)","19987","11447","20260620",""
"20260617","3호선","남부터미널(예술의전당)","33985","34288","20260620",""
"20260617","3호선","양재(서초구청)","43824","46178","20260620",""
"20260617","3호선","매봉","15510","15087","20260620",""
"20260617","3호선","도곡","7379","7140","20260620",""
"20260617","3호선","대치","13626","13618","20260620",""
"20260617","3호선","학여울","2359","2403","20260620",""
"20260617","3호선","대청","12831","11794","20260620",""
"20260617","3호선","일원","13324","13262","20260620",""
"20260617","3호선","수서","20666","20372","20260620",""
"20260617","3호선","가락시장","10553","10437","20260620",""
"20260617","3호선","경찰병원","8908","9001","20260620",""
"20260617","3호선","오금","7699","6902","20260620",""
"20260617","4호선","불암산","10822","9309","20260620",""
"20260617","4호선","상계","21771","20658","20260620",""
"20260617","4호선","노원","23114","25841","20260620",""
"20260617","4호선","창동","31072","32441","20260620",""
"20260617","4호선","쌍문","32918","30895","20260620",""
"20260617","4호선","수유(강북구청)","38251","38368","20260620",""
"20260617","4호선","미아(서울사이버대학)","18540","18212","20260620",""
"20260617","4호선","미아사거리","29362","29166","20260620",""
"20260617","4호선","길음","24337","23986","20260620",""
"20260617","4호선","성신여대입구(돈암)","26427","25298","20260620",""
"20260617","4호선","한성대입구(삼선교)","16808","16275","20260620",""
"20260617","4호선","혜화","43232","43113","20260620",""
"20260617","4호선","동대문","22175","22224","20260620",""
"20260617","4호선","동대문역사문화공원(DDP)","22315","20015","20260620",""
"20260617","4호선","충무로","37501","38318","20260620",""
"20260617","4호선","명동","43080","44815","20260620",""
"20260617","4호선","회현(남대문시장)","32647","34137","20260620",""
"20260617","4호선","서울역","15775","23984","20260620",""
"20260617","4호선","숙대입구(갈월)","17581","17296","20260620",""
"20260617","4호선","삼각지(전쟁기념관)","7040","8179","20260620",""
"20260617","4호선","신용산","23923","26330","20260620",""
"20260617","4호선","이촌(국립중앙박물관)","11155","12022","20260620",""
"20260617","4호선","동작(현충원)","2192","2332","20260620",""
"20260617","4호선","총신대입구(이수)","21929","23586","20260620",""
"20260617","4호선","사당","28654","24547","20260620",""
"20260617","4호선","남태령","1603","1432","20260620",""
"20260617","5호선","방화","8143","7892","20260620",""
"20260617","5호선","개화산","6928","6695","20260620",""
"20260617","5호선","김포공항","13780","8536","20260620",""
"20260617","5호선","송정","6876","6550","20260620",""
"20260617","5호선","마곡","19022","18995","20260620",""
"20260617","5호선","발산","27736","28202","20260620",""
"20260617","5호선","우장산","17519","17420","20260620",""
"20260617","5호선","화곡","32404","30534","20260620",""
"20260617","5호선","까치산","30906","30078","20260620",""
"20260617","5호선","신정(은행정)","15367","12723","20260620",""
"20260617","5호선","목동","18792","20752","20260620",""
"20260617","5호선","오목교(목동운동장앞)","23819","25470","20260620",""
"20260617","5호선","양평","9975","9696","20260620",""
"20260617","5호선","영등포구청","6085","6008","20260620",""
"20260617","5호선","영등포시장","13072","12643","20260620",""
"20260617","5호선","신길","5667","5869","20260620",""
"20260617","5호선","여의도","33958","36746","20260620",""
"20260617","5호선","여의나루","15398","16727","20260620",""
"20260617","5호선","마포","17122","17395","20260620",""
"20260617","5호선","공덕","16942","17752","20260620",""
"20260617","5호선","애오개","7740","7572","20260620",""
"20260617","5호선","충정로(경기대입구)","6039","6261","20260620",""
"20260617","5호선","서대문","22506","22774","20260620",""
"20260617","5호선","광화문(세종문화회관)","40396","43037","20260620",""
"20260617","5호선","종로3가","16630","16467","20260620",""
"20260617","5호선","을지로4가","7909","7876","20260620",""
"20260617","5호선","동대문역사문화공원(DDP)","4011","4364","20260620",""
"20260617","5호선","청구","4119","3848","20260620",""
"20260617","5호선","신금호","7265","7796","20260620",""
"20260617","5호선","행당","9149","8265","20260620",""
"20260617","5호선","왕십리(성동구청)","5356","5880","20260620",""
"20260617","5호선","마장","6959","6580","20260620",""
"20260617","5호선","장한평","23285","23191","20260620",""
"20260617","5호선","군자(능동)","13561","14879","20260620",""
"20260617","5호선","아차산(어린이대공원후문)","16392","16377","20260620",""
"20260617","5호선","광나루(장신대)","12303","11568","20260620",""
"20260617","5호선","천호(풍납토성)","23216","22507","20260620",""
"20260617","5호선","강동","21447","20746","20260620",""
"20260617","5호선","길동","10104","10390","20260620",""
"20260617","5호선","굽은다리(강동구민회관앞)","11145","10667","20260620",""
"20260617","5호선","명일","9433","9426","20260620",""
"20260617","5호선","고덕","11830","11859","20260620",""
"20260617","5호선","상일동","17335","16551","20260620",""
"20260617","5호선","둔촌동","15412","15343","20260620",""
"20260617","5호선","올림픽공원(한국체대)","6523","5933","20260620",""
"20260617","5호선","방이","8582","8952","20260620",""
"20260617","5호선","오금","4496","4546","20260620",""
"20260617","5호선","개롱","7691","7671","20260620",""
"20260617","5호선","거여","11687","11619","20260620",""
"20260617","5호선","마천","8397","7428","20260620",""
"20260617","5호선","강일","6966","6521","20260620",""
"20260617","5호선","미사","20970","20969","20260620",""
"20260617","5호선","하남풍산","5437","5318","20260620",""
"20260617","5호선","하남시청(덕풍·신장)","9907","9499","20260620",""
"20260617","5호선","하남검단산","7364","6862","20260620",""
"20260617","6호선","응암","19846","19987","20260620",""
"20260617","6호선","역촌","4466","5220","20260620",""
"20260617","6호선","불광","5301","5046","20260620",""
"20260617","6호선","독바위","2802","3050","20260620",""
"20260617","6호선","연신내","3","0","20260620",""
"20260617","6호선","구산","9365","7322","20260620",""
"20260617","6호선","새절(신사)","14469","13534","20260620",""
"20260617","6호선","증산(명지대앞)","9993","10064","20260620",""
"20260617","6호선","디지털미디어시티","17019","18415","20260620",""
"20260617","6호선","월드컵경기장(성산)","4375","4524","20260620",""
"20260617","6호선","마포구청","16938","15359","20260620",""
"20260617","6호선","망원","16886","18191","20260620",""
"20260617","6호선","합정","14164","13979","20260620",""
"20260617","6호선","상수","11143","12434","20260620",""
"20260617","6호선","광흥창(서강)","11496","10892","20260620",""
"20260617","6호선","대흥(서강대앞)","11882","12640","20260620",""
"20260617","6호선","공덕","22200","21922","20260620",""
"20260617","6호선","효창공원앞","8861","7970","20260620",""
"20260617","6호선","삼각지(전쟁기념관)","8490","7393","20260620",""
"20260617","6호선","녹사평(용산구청)","5860","5999","20260620",""
"20260617","6호선","이태원","11793","12513","20260620",""
"20260617","6호선","한강진","10306","12489","20260620",""
"20260617","6호선","버티고개","2595","2464","20260620",""
"20260617","6호선","약수","4162","3960","20260620",""
"20260617","6호선","청구","4387","4403","20260620",""
"20260617","6호선","신당","9713","10110","20260620",""
"20260617","6호선","동묘앞","10932","11412","20260620",""
"20260617","6호선","창신","4234","3619","20260620",""
"20260617","6호선","보문","9308","8777","20260620",""
"20260617","6호선","안암(고대병원앞)","16072","16053","20260620",""
"20260617","6호선","고려대(종암)","10542","10320","20260620",""
"20260617","6호선","월곡(동덕여대)","13831","13240","20260620",""
"20260617","6호선","상월곡(한국과학기술연구원)","7677","7244","20260620",""
"20260617","6호선","돌곶이","13941","13105","20260620",""
"20260617","6호선","석계","13919","14216","20260620",""
"20260617","6호선","태릉입구","6468","7329","20260620",""
"20260617","6호선","화랑대(서울여대입구)","13641","10846","20260620",""
"20260617","6호선","봉화산(서울의료원)","9818","9153","20260620",""
"20260617","6호선","신내","2","0","20260620",""
"20260617","7호선","장암","3122","1125","20260620",""
"20260617","7호선","도봉산","10319","11802","20260620",""
"20260617","7호선","수락산","14020","14237","20260620",""
"20260617","7호선","마들","15199","14443","20260620",""
"20260617","7호선","노원","22630","23739","20260620",""
"20260617","7호선","중계","17591","16868","20260620",""
"20260617","7호선","하계","20699","19575","20260620",""
"20260617","7호선","공릉(서울과학기술대)","13980","13697","20260620",""
"20260617","7호선","태릉입구","10030","9653","20260620",""
"20260617","7호선","먹골","11383","11389","20260620",""
"20260617","7호선","중화","12754","12820","20260620",""
"20260617","7호선","상봉","20557","19926","20260620",""
"20260617","7호선","면목","17275","16830","20260620",""
"20260617","7호선","용마산(용마폭포공원)","6564","6545","20260620",""
"20260617","7호선","중곡","12661","12075","20260620",""
"20260617","7호선","군자(능동)","17358","13833","20260620",""
"20260617","7호선","어린이대공원(세종대)","20511","20996","20260620",""
"20260617","7호선","건대입구","16803","16765","20260620",""
"20260617","7호선","자양(뚝섬한강공원)","10668","10521","20260620",""
"20260617","7호선","청담","21674","23313","20260620",""
"20260617","7호선","강남구청","18737","21154","20260620",""
"20260617","7호선","학동","27101","27893","20260620",""
"20260617","7호선","논현","21800","22508","20260620",""
"20260617","7호선","고속터미널","17821","16303","20260620",""
"20260617","7호선","내방","17480","17585","20260620",""
"20260617","7호선","이수","19502","19261","20260620",""
"20260617","7호선","남성","12856","12250","20260620",""
"20260617","7호선","숭실대입구(살피재)","15576","15578","20260620",""
"20260617","7호선","상도","14756","14542","20260620",""
"20260617","7호선","장승배기","11083","11052","20260620",""
"20260617","7호선","신대방삼거리","16977","16494","20260620",""
"20260617","7호선","보라매","7420","7758","20260620",""
"20260617","7호선","신풍","13610","12894","20260620",""
"20260617","7호선","대림(구로구청)","9603","9628","20260620",""
"20260617","7호선","남구로","17520","18540","20260620",""
"20260617","7호선","가산디지털단지","51826","52360","20260620",""
"20260617","7호선","철산","25583","26284","20260620",""
"20260617","7호선","광명사거리","25422","25085","20260620",""
"20260617","7호선","천왕","14332","14014","20260620",""
"20260617","7호선","온수(성공회대입구)","12357","11358","20260620",""
"20260617","8호선","암사역사공원","8464","7482","20260620",""
"20260617","8호선","암사","18175","16904","20260620",""
"20260617","8호선","천호(풍납토성)","20053","22780","20260620",""
"20260617","8호선","강동구청","12230","12683","20260620",""
"20260617","8호선","몽촌토성(평화의문)","9603","9706","20260620",""
"20260617","8호선","잠실(송파구청)","20151","22995","20260620",""
"20260617","8호선","석촌","9935","11139","20260620",""
"20260617","8호선","송파","11495","11267","20260620",""
"20260617","8호선","가락시장","9615","10447","20260620",""
"20260617","8호선","문정","27398","28753","20260620",""
"20260617","8호선","장지","19465","18104","20260620",""
"20260617","8호선","복정","11642","10218","20260620",""
"20260617","8호선","산성","7174","7442","20260620",""
"20260617","8호선","남한산성입구(성남법원.검찰청)","15034","13821","20260620",""
"20260617","8호선","단대오거리","14184","13609","20260620",""
"20260617","8호선","신흥","6201","6180","20260620",""
"20260617","8호선","수진","6574","6164","20260620",""
"20260617","8호선","모란","5419","4312","20260620",""
"20260617","8호선","남위례","9614","9479","20260620",""
"20260617","9호선","개화","2967","1937","20260620",""
"20260617","9호선","김포공항","5656","10392","20260620",""
"20260617","9호선","공항시장","3179","3315","20260620",""
"20260617","9호선","신방화","7961","7771","20260620",""
"20260617","9호선","마곡나루(서울식물원)","18142","17574","20260620",""
"20260617","9호선","양천향교","13068","13660","20260620",""
"20260617","9호선","가양","24702","24122","20260620",""
"20260617","9호선","증미","9392","9211","20260620",""
"20260617","9호선","등촌","14691","14245","20260620",""
"20260617","9호선","염창","20757","20025","20260620",""
"20260617","9호선","신목동","5494","5025","20260620",""
"20260617","9호선","선유도","10801","9926","20260620",""
"20260617","9호선","당산","22465","22063","20260620",""
"20260617","9호선","국회의사당","21267","21720","20260620",""
"20260617","9호선","여의도","36880","35633","20260620",""
"20260617","9호선","샛강","8267","8335","20260620",""
"20260617","9호선","노량진","28427","28376","20260620",""
"20260617","9호선","노들","5744","4752","20260620",""
"20260617","9호선","흑석(중앙대입구)","11793","11891","20260620",""
"20260617","9호선","동작(현충원)","2216","1954","20260620",""
"20260617","9호선","구반포","3120","2765","20260620",""
"20260617","9호선","신반포","5415","5215","20260620",""
"20260617","9호선","고속터미널","15990","20746","20260620",""
"20260617","9호선","사평","4872","4650","20260620",""
"20260617","9호선","신논현","34043","34443","20260620",""
"20260617","9호선2~3단계","언주","13594","13863","20260620",""
"20260617","9호선2~3단계","선정릉","12279","13353","20260620",""
"20260617","9호선2~3단계","삼성중앙","9558","10097","20260620",""
"20260617","9호선2~3단계","봉은사","23412","24437","20260620",""
"20260617","9호선2~3단계","종합운동장","5622","5913","20260620",""
"20260617","9호선2~3단계","삼전","9665","9150","20260620",""
"20260617","9호선2~3단계","석촌고분","8454","8288","20260620",""
"20260617","9호선2~3단계","석촌","11112","10327","20260620",""
"20260617","9호선2~3단계","송파나루","6454","6917","20260620",""
"20260617","9호선2~3단계","한성백제","3937","3506","20260620",""
"20260617","9호선2~3단계","올림픽공원(한국체대)","12603","12440","20260620",""
"20260617","9호선2~3단계","둔촌오륜","5453","5379","20260620",""
"20260617","9호선2~3단계","중앙보훈병원","15461","13458","20260620",""
"20260617","경강선","판교","6959","6807","20260620",""
"20260617","경강선","이매","1215","1109","20260620",""
"20260617","경강선","삼동","2662","2524","20260620",""
"20260617","경강선","경기광주","9751","9248","20260620",""
"20260617","경강선","초월","4278","4070","20260620",""
"20260617","경강선","곤지암","2534","2484","20260620",""
"20260617","경강선","신둔도예촌","1644","1560","20260620",""
"20260617","경강선","이천","3086","3313","20260620",""
"20260617","경강선","부발","2641","2604","20260620",""
"20260617","경강선","세종대왕릉","408","396","20260620",""
"20260617","경강선","여주","3424","3394","20260620",""
"20260617","경강선","성남","1587","1382","20260620",""
"20260617","경부선","서울역","9659","3216","20260620",""
"20260617","경부선","남영","10478","10967","20260620",""
"20260617","경부선","용산","45960","45968","20260620",""
"20260617","경부선","노량진","9647","9226","20260620",""
"20260617","경부선","대방","12002","13795","20260620",""
"20260617","경부선","영등포","42901","42866","20260620",""
"20260617","경부선","신도림","4476","4657","20260620",""
"20260617","경부선","신길","9693","8761","20260620",""
"20260617","경부선","구로","18815","18966","20260620",""
"20260617","경부선","가산디지털단지","20029","22963","20260620",""
"20260617","경부선","금천구청","11914","12310","20260620",""
"20260617","경부선","석수","9304","8603","20260620",""
"20260617","경부선","관악","8020","7830","20260620",""
"20260617","경부선","안양","27129","26789","20260620",""
"20260617","경부선","명학","10810","10738","20260620",""
"20260617","경부선","금정","32276","32998","20260620",""
"20260617","경부선","군포","7781","7518","20260620",""
"20260617","경부선","의왕","10745","10859","20260620",""
"20260617","경부선","성균관대","18310","17860","20260620",""
"20260617","경부선","화서","11800","11529","20260620",""
"20260617","경부선","수원","39861","43145","20260620",""
"20260617","경부선","독산","19120","19514","20260620",""
"20260617","경부선","세류","4025","3907","20260620",""
"20260617","경부선","병점","17135","17174","20260620",""
"20260617","경부선","세마","3913","3701","20260620",""
"20260617","경부선","오산대","4590","4344","20260620",""
"20260617","경부선","오산","11870","11845","20260620",""
"20260617","경부선","진위","1992","1951","20260620",""
"20260617","경부선","송탄","4618","4557","20260620",""
"20260617","경부선","서정리","9700","9049","20260620",""
"20260617","경부선","평택지제","5349","4992","20260620",""
"20260617","경부선","평택","13406","13374","20260620",""
"20260617","경부선","성환","5683","5598","20260620",""
"20260617","경부선","직산","1130","1178","20260620",""
"20260617","경부선","두정","9104","9986","20260620",""
"20260617","경부선","천안","7107","6178","20260620",""
"20260617","경부선","당정","7366","7048","20260620",""
"20260617","경부선","서동탄","1695","1363","20260620",""
"20260617","경부선","광명","3982","3333","20260620",""
"20260617","경원선","이촌(국립중앙박물관)","4521","3727","20260620",""
"20260617","경원선","서빙고","2453","2213","20260620",""
"20260617","경원선","한남","4013","3971","20260620",""
"20260617","경원선","옥수","55","40","20260620",""
"20260617","경원선","응봉","2136","1668","20260620",""
"20260617","경원선","왕십리(성동구청)","18442","18416","20260620",""
"20260617","경원선","청량리(서울시립대입구)","17542","18049","20260620",""
"20260617","경원선","외대앞","14788","14615","20260620",""
"20260617","경원선","신이문","9795","9087","20260620",""
"20260617","경원선","석계","8412","9244","20260620",""
"20260617","경원선","광운대","9883","9304","20260620",""
"20260617","경원선","월계","8636","8136","20260620",""
"20260617","경원선","녹천","5205","4428","20260620",""
"20260617","경원선","방학","11258","11249","20260620",""
"20260617","경원선","도봉","6666","6412","20260620",""
"20260617","경원선","도봉산","8055","5153","20260620",""
"20260617","경원선","망월사","11804","11925","20260620",""
"20260617","경원선","회룡","15034","14868","20260620",""
"20260617","경원선","의정부","21091","21264","20260620",""
"20260617","경원선","가능","7293","7116","20260620",""
"20260617","경원선","녹양","5141","4951","20260620",""
"20260617","경원선","양주","7806","7462","20260620",""
"20260617","경원선","덕계","7972","7376","20260620",""
"20260617","경원선","덕정","7707","7285","20260620",""
"20260617","경원선","지행","7236","7463","20260620",""
"20260617","경원선","동두천중앙","3404","3218","20260620",""
"20260617","경원선","보산","1625","1531","20260620",""
"20260617","경원선","동두천","2487","2471","20260620",""
"20260617","경원선","소요산","1639","1714","20260620",""
"20260617","경원선","청산","144","131","20260620",""
"20260617","경원선","전곡","1208","1148","20260620",""
"20260617","경원선","연천","1182","1131","20260620",""
"20260617","경의선","서울역","3982","5021","20260620",""
"20260617","경의선","신촌","1232","1510","20260620",""
"20260617","경의선","효창공원앞","3696","4142","20260620",""
"20260617","경의선","공덕","4951","3859","20260620",""
"20260617","경의선","서강대","2733","2708","20260620",""
"20260617","경의선","홍대입구","2196","2572","20260620",""
"20260617","경의선","가좌","6709","6350","20260620",""
"20260617","경의선","디지털미디어시티","2826","2727","20260620",""
"20260617","경의선","수색","3641","3811","20260620",""
"20260617","경의선","한국항공대","3374","3153","20260620",""
"20260617","경의선","강매","3727","3103","20260620",""
"20260617","경의선","행신","8307","8525","20260620",""
"20260617","경의선","능곡","5033","4763","20260620",""
"20260617","경의선","곡산","681","740","20260620",""
"20260617","경의선","백마","8455","8338","20260620",""
"20260617","경의선","풍산","7111","6707","20260620",""
"20260617","경의선","일산","11627","11726","20260620",""
"20260617","경의선","탄현","8545","8176","20260620",""
"20260617","경의선","야당","7934","8032","20260620",""
"20260617","경의선","운정","8906","8546","20260620",""
"20260617","경의선","금릉","5413","5231","20260620",""
"20260617","경의선","금촌","7151","6977","20260620",""
"20260617","경의선","월롱","2646","2314","20260620",""
"20260617","경의선","파주","1317","1060","20260620",""
"20260617","경의선","문산","5756","5615","20260620",""
"20260617","경의선","임진강","14","4","20260620",""
"20260617","경의선","운천","4","7","20260620",""
"20260617","경인선","개봉","25874","25537","20260620",""
"20260617","경인선","오류동","12949","11972","20260620",""
"20260617","경인선","역곡","30141","29955","20260620",""
"20260617","경인선","부천","34635","34574","20260620",""
"20260617","경인선","송내","28741","28632","20260620",""
"20260617","경인선","부평","30847","32460","20260620",""
"20260617","경인선","백운","7909","7628","20260620",""
"20260617","경인선","동암","16333","16792","20260620",""
"20260617","경인선","주안","20181","18348","20260620",""
"20260617","경인선","제물포","11948","11583","20260620",""
"20260617","경인선","동인천","14592","13648","20260620",""
"20260617","경인선","인천","4010","3272","20260620",""
"20260617","경인선","구일","8528","8467","20260620",""
"20260617","경인선","소사","9258","8670","20260620",""
"20260617","경인선","부개","9317","8794","20260620",""
"20260617","경인선","간석","6449","6125","20260620",""
"20260617","경인선","도원","3740","3847","20260620",""
"20260617","경인선","온수(성공회대입구)","7311","6870","20260620",""
"20260617","경인선","중동","10327","9685","20260620",""
"20260617","경인선","도화","4522","4225","20260620",""
"20260617","경춘선","신내","3487","3404","20260620",""
"20260617","경춘선","갈매","3077","2803","20260620",""
"20260617","경춘선","별내","2778","2639","20260620",""
"20260617","경춘선","퇴계원","3717","3465","20260620",""
"20260617","경춘선","사릉","2399","2319","20260620",""
"20260617","경춘선","금곡","2004","1968","20260620",""
"20260617","경춘선","평내호평","7435","7246","20260620",""
"20260617","경춘선","천마산","1858","1704","20260620",""
"20260617","경춘선","마석","4779","4671","20260620",""
"20260617","경춘선","대성리","662","806","20260620",""
"20260617","경춘선","청평","1892","1843","20260620",""
"20260617","경춘선","상천","339","337","20260620",""
"20260617","경춘선","가평","1958","2000","20260620",""
"20260617","경춘선","굴봉산","120","119","20260620",""
"20260617","경춘선","백양리","101","102","20260620",""
"20260617","경춘선","강촌","548","563","20260620",""
"20260617","경춘선","김유정","452","509","20260620",""
"20260617","경춘선","남춘천","3544","3445","20260620",""
"20260617","경춘선","춘천","2012","1659","20260620",""
"20260617","공항철도 1호선","서울역","13771","11667","20260620",""
"20260617","공항철도 1호선","공덕","3731","4636","20260620",""
"20260617","공항철도 1호선","홍대입구","15145","14671","20260620",""
"20260617","공항철도 1호선","디지털미디어시티","17000","15821","20260620",""
"20260617","공항철도 1호선","마곡나루(서울식물원)","18461","17706","20260620",""
"20260617","공항철도 1호선","김포공항","8679","5267","20260620",""
"20260617","공항철도 1호선","계양","10197","10267","20260620",""
"20260617","공항철도 1호선","검암","6732","6776","20260620",""
"20260617","공항철도 1호선","청라국제도시","9069","8574","20260620",""
"20260617","공항철도 1호선","운서","10743","11277","20260620",""
"20260617","공항철도 1호선","공항화물청사","2226","2348","20260620",""
"20260617","공항철도 1호선","인천공항1터미널","13579","12393","20260620",""
"20260617","공항철도 1호선","인천공항2터미널","10872","8832","20260620",""
"20260617","공항철도 1호선","영종","4884","5092","20260620",""
"20260617","과천선","선바위","8759","7779","20260620",""
"20260617","과천선","경마공원","1964","1873","20260620",""
"20260617","과천선","대공원","2843","3039","20260620",""
"20260617","과천선","과천","5866","5387","20260620",""
"20260617","과천선","정부과천청사","16309","17409","20260620",""
"20260617","과천선","인덕원","30837","31617","20260620",""
"20260617","과천선","평촌","20767","20133","20260620",""
"20260617","과천선","범계","32078","32347","20260620",""
"20260617","분당선","선릉","14840","22472","20260620",""
"20260617","분당선","한티","17022","18294","20260620",""
"20260617","분당선","도곡","8789","9150","20260620",""
"20260617","분당선","구룡","4082","4106","20260620",""
"20260617","분당선","개포동","4389","4580","20260620",""
"20260617","분당선","대모산입구","6656","6377","20260620",""
"20260617","분당선","수서","19535","20534","20260620",""
"20260617","분당선","복정","4","0","20260620",""
"20260617","분당선","수원","8512","6567","20260620",""
"20260617","분당선","서울숲","14434","14900","20260620",""
"20260617","분당선","압구정로데오","19787","21668","20260620",""
"20260617","분당선","강남구청","10947","12760","20260620",""
"20260617","분당선","선정릉","8676","8805","20260620",""
"20260617","분당선","가천대","10961","11001","20260620",""
"20260617","분당선","태평","14129","13820","20260620",""
"20260617","분당선","모란","21006","21704","20260620",""
"20260617","분당선","야탑","28607","30571","20260620",""
"20260617","분당선","서현","26482","27077","20260620",""
"20260617","분당선","수내","14220","14191","20260620",""
"20260617","분당선","정자","22594","24043","20260620",""
"20260617","분당선","미금","17683","18159","20260620",""
"20260617","분당선","오리","12598","10941","20260620",""
"20260617","분당선","이매","6343","6102","20260620",""
"20260617","분당선","보정","2949","2610","20260620",""
"20260617","분당선","죽전","15443","17016","20260620",""
"20260617","분당선","구성","8737","8887","20260620",""
"20260617","분당선","신갈","5661","5539","20260620",""
"20260617","분당선","기흥","11952","10902","20260620",""
"20260617","분당선","상갈","6105","5804","20260620",""
"20260617","분당선","청명","5478","5391","20260620",""
"20260617","분당선","영통","10390","10448","20260620",""
"20260617","분당선","망포","17518","17202","20260620",""
"20260617","분당선","매탄권선","6385","6231","20260620",""
"20260617","분당선","수원시청","15920","16735","20260620",""
"20260617","분당선","매교","6180","6166","20260620",""
"20260617","서해선","김포공항","2856","4492","20260620",""
"20260617","서해선","원종","5866","5741","20260620",""
"20260618","2호선","용답","3558","3538","20260621",""
"20260618","경부선","성균관대","18510","17811","20260621",""
"20260618","5호선","거여","11632","11619","20260621",""
"20260618","5호선","마천","8423","7278","20260621",""
"20260618","5호선","강일","6906","6484","20260621",""
"20260618","5호선","미사","20591","20777","20260621",""
"20260618","5호선","하남풍산","5199","5240","20260621",""
"20260618","5호선","하남시청(덕풍·신장)","9766","9329","20260621",""
"20260618","5호선","하남검단산","7292","6701","20260621",""
"20260618","6호선","응암","19566","19629","20260621",""
"20260618","6호선","역촌","4500","5255","20260621",""
"20260618","6호선","불광","5352","5000","20260621",""
"20260618","6호선","독바위","2877","3139","20260621",""
"20260618","6호선","연신내","3","0","20260621",""
"20260618","6호선","구산","9209","7219","20260621",""
"20260618","6호선","새절(신사)","14539","13406","20260621",""
"20260618","6호선","증산(명지대앞)","10175","10107","20260621",""
"20260618","6호선","디지털미디어시티","16756","18250","20260621",""
"20260618","6호선","월드컵경기장(성산)","4444","4653","20260621",""
"20260618","6호선","마포구청","16953","15305","20260621",""
"20260618","6호선","망원","17518","18832","20260621",""
"20260618","6호선","합정","14568","14487","20260621",""
"20260618","6호선","상수","11122","12381","20260621",""
"20260618","6호선","광흥창(서강)","11505","10774","20260621",""
"20260618","6호선","대흥(서강대앞)","11992","12535","20260621",""
"20260618","6호선","공덕","22256","22023","20260621",""
"20260618","6호선","효창공원앞","8859","7998","20260621",""
"20260618","6호선","삼각지(전쟁기념관)","9017","7633","20260621",""
"20260618","6호선","녹사평(용산구청)","6097","6196","20260621",""
"20260618","6호선","이태원","12344","13912","20260621",""
"20260618","6호선","한강진","10725","13139","20260621",""
"20260618","6호선","버티고개","2555","2461","20260621",""
"20260618","6호선","약수","4156","4106","20260621",""
"20260618","6호선","청구","4428","4384","20260621",""
"20260618","6호선","신당","9747","10109","20260621",""
"20260618","6호선","동묘앞","10985","11513","20260621",""
"20260618","6호선","창신","4231","3504","20260621",""
"20260618","6호선","보문","9164","8806","20260621",""
"20260618","6호선","안암(고대병원앞)","16110","15634","20260621",""
"20260618","6호선","고려대(종암)","10295","10071","20260621",""
"20260618","6호선","월곡(동덕여대)","13498","13136","20260621",""
"20260618","6호선","상월곡(한국과학기술연구원)","7745","7217","20260621",""
"20260618","6호선","돌곶이","14053","12998","20260621",""
"20260618","6호선","석계","14035","14255","20260621",""
"20260618","6호선","태릉입구","6454","7338","20260621",""
"20260618","6호선","화랑대(서울여대입구)","13605","10910","20260621",""
"20260618","6호선","봉화산(서울의료원)","9825","9067","20260621",""
"20260618","6호선","신내","1","0","20260621",""
"20260618","7호선","장암","3259","1225","20260621",""
"20260618","7호선","도봉산","10389","11898","20260621",""
"20260618","7호선","수락산","13949","14181","20260621",""
"20260618","7호선","마들","15188","14506","20260621",""
"20260618","7호선","노원","22502","24039","20260621",""
"20260618","7호선","중계","17416","16249","20260621",""
"20260618","7호선","하계","20432","19445","20260621",""
"20260618","7호선","공릉(서울과학기술대)","13922","13631","20260621",""
"20260618","7호선","태릉입구","10083","9639","20260621",""
"20260618","7호선","먹골","11642","11514","20260621",""
"20260618","7호선","중화","12743","12692","20260621",""
"20260618","7호선","상봉","20229","19591","20260621",""
"20260618","7호선","면목","17046","16629","20260621",""
"20260618","7호선","사가정","17831","17993","20260621",""
"20260618","7호선","용마산(용마폭포공원)","6618","6360","20260621",""
"20260618","7호선","중곡","12485","12044","20260621",""
"20260618","7호선","군자(능동)","17866","13919","20260621",""
"20260618","7호선","어린이대공원(세종대)","19468","19602","20260621",""
"20260618","7호선","건대입구","16457","16731","20260621",""
"20260618","7호선","자양(뚝섬한강공원)","11231","10865","20260621",""
"20260618","7호선","청담","21537","23489","20260621",""
"20260618","7호선","강남구청","19036","21397","20260621",""
"20260618","7호선","학동","26842","27676","20260621",""
"20260618","7호선","논현","22095","22879","20260621",""
"20260618","7호선","반포","7932","7692","20260621",""
"20260618","7호선","고속터미널","18990","17017","20260621",""
"20260618","7호선","내방","17967","17991","20260621",""
"20260618","7호선","이수","19454","18891","20260621",""
"20260618","7호선","남성","12693","12186","20260621",""
"20260618","7호선","숭실대입구(살피재)","14767","14635","20260621",""
"20260618","7호선","상도","14587","14301","20260621",""
"20260618","7호선","장승배기","11027","10983","20260621",""
"20260618","7호선","신대방삼거리","16917","16391","20260621",""
"20260618","7호선","보라매","7403","7774","20260621",""
"20260618","7호선","신풍","13596","12817","20260621",""
"20260618","7호선","대림(구로구청)","9534","9700","20260621",""
"20260618","7호선","남구로","17301","18541","20260621",""
"20260618","7호선","가산디지털단지","51852","52585","20260621",""
"20260618","7호선","철산","25381","26076","20260621",""
"20260618","7호선","광명사거리","25321","25090","20260621",""
"20260618","7호선","천왕","13804","13578","20260621",""
"20260618","7호선","온수(성공회대입구)","11910","10850","20260621",""
"20260618","8호선","암사역사공원","8549","7622","20260621",""
"20260618","8호선","암사","18155","16932","20260621",""
"20260618","8호선","천호(풍납토성)","20224","22734","20260621",""
"20260618","8호선","강동구청","12446","12697","20260621",""
"20260618","8호선","몽촌토성(평화의문)","9613","9843","20260621",""
"20260618","8호선","잠실(송파구청)","20677","23662","20260621",""
"20260618","8호선","석촌","10005","11231","20260621",""
"20260618","8호선","송파","11649","11283","20260621",""
"20260618","8호선","가락시장","9729","10592","20260621",""
"20260618","8호선","문정","27083","28558","20260621",""
"20260618","8호선","장지","19380","17865","20260621",""
"20260618","8호선","복정","11509","9973","20260621",""
"20260618","8호선","산성","7271","7383","20260621",""
"20260618","8호선","남한산성입구(성남법원.검찰청)","14495","13313","20260621",""
"20260618","8호선","단대오거리","14095","13437","20260621",""
"20260618","8호선","신흥","5940","6135","20260621",""
"20260618","8호선","수진","5869","5529","20260621",""
"20260618","8호선","모란","5415","4233","20260621",""
"20260618","8호선","남위례","9473","9528","20260621",""
"20260618","9호선","개화","2890","1872","20260621",""
"20260618","9호선","김포공항","5960","10309","20260621",""
"20260618","9호선","공항시장","3052","3281","20260621",""
"20260618","9호선","신방화","8054","7897","20260621",""
"20260618","9호선","마곡나루(서울식물원)","18311","17775","20260621",""
"20260618","9호선","양천향교","13063","13466","20260621",""
"20260618","9호선","가양","25104","24374","20260621",""
"20260618","9호선","증미","9410","9243","20260621",""
"20260618","9호선","등촌","14655","14057","20260621",""
"20260618","9호선","염창","20692","19939","20260621",""
"20260618","9호선","신목동","5474","5044","20260621",""
"20260618","9호선","선유도","10821","10005","20260621",""
"20260618","9호선","당산","22620","21907","20260621",""
"20260618","9호선","국회의사당","19867","20429","20260621",""
"20260618","9호선","여의도","37355","36052","20260621",""
"20260618","9호선","샛강","8092","8059","20260621",""
"20260618","9호선","노량진","29086","28707","20260621",""
"20260618","9호선","노들","5564","4732","20260621",""
"20260618","9호선","흑석(중앙대입구)","11817","11996","20260621",""
"20260618","9호선","동작(현충원)","2143","1833","20260621",""
"20260618","9호선","구반포","3217","2857","20260621",""
"20260618","9호선","신반포","5676","5487","20260621",""
"20260618","9호선","고속터미널","17105","21897","20260621",""
"20260618","9호선","사평","4885","4721","20260621",""
"20260618","9호선","신논현","35113","35817","20260621",""
"20260618","9호선2~3단계","언주","13769","14111","20260621",""
"20260618","9호선2~3단계","선정릉","12207","13301","20260621",""
"20260618","9호선2~3단계","삼성중앙","9736","10020","20260621",""
"20260618","9호선2~3단계","봉은사","27401","29877","20260621",""
"20260618","9호선2~3단계","종합운동장","5881","6040","20260621",""
"20260618","9호선2~3단계","삼전","9547","9014","20260621",""
"20260618","9호선2~3단계","석촌고분","8604","8685","20260621",""
"20260618","9호선2~3단계","석촌","10978","10218","20260621",""
"20260618","9호선2~3단계","송파나루","6663","7011","20260621",""
"20260618","9호선2~3단계","한성백제","3920","3578","20260621",""
"20260618","9호선2~3단계","올림픽공원(한국체대)","12648","12258","20260621",""
"20260618","9호선2~3단계","둔촌오륜","5294","5219","20260621",""
"20260618","9호선2~3단계","중앙보훈병원","15752","13665","20260621",""
"20260618","경강선","판교","6934","6835","20260621",""
"20260618","경강선","이매","1193","1073","20260621",""
"20260618","경강선","삼동","2620","2519","20260621",""
"20260618","경강선","경기광주","9660","9207","20260621",""
"20260618","경강선","초월","4273","4053","20260621",""
"20260618","경강선","곤지암","2376","2355","20260621",""
"20260618","경강선","신둔도예촌","1660","1500","20260621",""
"20260618","경강선","이천","3170","3299","20260621",""
"20260618","경강선","부발","2749","2606","20260621",""
"20260618","경강선","세종대왕릉","356","386","20260621",""
"20260618","경강선","여주","3350","3309","20260621",""
"20260618","경강선","성남","1636","1401","20260621",""
"20260618","경부선","서울역","10312","3345","20260621",""
"20260618","경부선","남영","10607","11048","20260621",""
"20260618","경부선","용산","47562","47825","20260621",""
"20260618","경부선","노량진","9873","9527","20260621",""
"20260618","경부선","대방","11920","13617","20260621",""
"20260618","경부선","영등포","43901","44208","20260621",""
"20260618","경부선","신도림","4283","4584","20260621",""
"20260618","경부선","신길","9591","8686","20260621",""
"20260618","경부선","구로","18596","18838","20260621",""
"20260618","경부선","가산디지털단지","20278","22963","20260621",""
"20260618","경부선","금천구청","12022","12328","20260621",""
"20260618","경부선","석수","9191","8572","20260621",""
"20260618","경부선","관악","7920","7818","20260621",""
"20260618","경부선","안양","26950","26737","20260621",""
"20260618","경부선","명학","10384","10283","20260621",""
"20260618","경부선","금정","31945","32532","20260621",""
"20260618","경부선","군포","7657","7613","20260621",""
"20260618","경부선","의왕","10911","10795","20260621",""
"20260618","경부선","화서","11831","11672","20260621",""
"20260618","경부선","수원","40817","42780","20260621",""
"20260618","경부선","독산","19067","19164","20260621",""
"20260618","경부선","세류","3967","3597","20260621",""
"20260618","경부선","병점","17065","17329","20260621",""
"20260618","경부선","세마","3876","3757","20260621",""
"20260618","경부선","오산대","4674","4356","20260621",""
"20260618","경부선","오산","12149","12124","20260621",""
"20260618","경부선","진위","1891","1791","20260621",""
"20260618","경부선","송탄","4637","4526","20260621",""
"20260618","경부선","서정리","9356","8864","20260621",""
"20260618","경부선","평택지제","5398","5223","20260621",""
"20260618","경부선","평택","13717","13117","20260621",""
"20260618","경부선","성환","5051","4839","20260621",""
"20260618","경부선","직산","1154","1156","20260621",""
"20260618","경부선","두정","9497","9967","20260621",""
"20260618","경부선","천안","7285","6403","20260621",""
"20260618","경부선","당정","7320","6987","20260621",""
"20260618","경부선","서동탄","1668","1323","20260621",""
"20260618","경부선","광명","4030","3505","20260621",""
"20260618","경원선","이촌(국립중앙박물관)","4424","3630","20260621",""
"20260618","경원선","서빙고","2475","2244","20260621",""
"20260618","경원선","한남","4144","4092","20260621",""
"20260618","경원선","옥수","59","30","20260621",""
"20260618","경원선","응봉","2154","1822","20260621",""
"20260618","경원선","왕십리(성동구청)","18973","18662","20260621",""
"20260618","경원선","청량리(서울시립대입구)","18262","18552","20260621",""
"20260618","경원선","외대앞","15275","15018","20260621",""
"20260618","경원선","신이문","9847","9059","20260621",""
"20260618","경원선","석계","8387","9218","20260621",""
"20260618","경원선","광운대","9715","9037","20260621",""
"20260618","경원선","월계","8162","7709","20260621",""
"20260618","경원선","녹천","5153","4480","20260621",""
"20260618","경원선","창동","4","0","20260621",""
"20260618","경원선","방학","10929","10718","20260621",""
"20260618","경원선","도봉","6535","6450","20260621",""
"20260618","경원선","도봉산","7963","5218","20260621",""
"20260618","경원선","망월사","11158","11090","20260621",""
"20260618","경원선","회룡","14752","14579","20260621",""
"20260618","경원선","의정부","20797","21021","20260621",""
"20260618","경원선","가능","6933","6743","20260621",""
"20260618","경원선","녹양","4983","4822","20260621",""
"20260618","경원선","양주","7734","7227","20260621",""
"20260618","경원선","덕계","7826","7411","20260621",""
"20260618","경원선","덕정","6912","6555","20260621",""
"20260618","경원선","지행","7321","7465","20260621",""
"20260618","경원선","동두천중앙","3357","3166","20260621",""
"20260618","경원선","보산","2040","1543","20260621",""
"20260618","경원선","동두천","2463","2269","20260621",""
"20260618","경원선","소요산","1837","1881","20260621",""
"20260618","경원선","청산","127","132","20260621",""
"20260618","경원선","전곡","1225","1165","20260621",""
"20260618","경원선","연천","1141","1127","20260621",""
"20260618","경의선","서울역","3942","5028","20260621",""
"20260618","경의선","신촌","1184","1506","20260621",""
"20260618","경의선","효창공원앞","3655","4030","20260621",""
"20260618","경의선","공덕","4949","3867","20260621",""
"20260618","경의선","서강대","2683","2681","20260621",""
"20260618","경의선","홍대입구","2153","2546","20260621",""
"20260618","경의선","가좌","6535","6256","20260621",""
"20260618","경의선","디지털미디어시티","2757","2686","20260621",""
"20260618","경의선","수색","3723","3752","20260621",""
"20260618","경의선","한국항공대","3067","2812","20260621",""
"20260618","경의선","강매","3710","3108","20260621",""
"20260618","경의선","행신","8528","8444","20260621",""
"20260618","경의선","능곡","4956","4641","20260621",""
"20260618","경의선","곡산","721","744","20260621",""
"20260618","경의선","백마","8539","8332","20260621",""
"20260618","경의선","풍산","7281","6938","20260621",""
"20260618","경의선","일산","12568","12533","20260621",""
"20260618","경의선","탄현","8598","8168","20260621",""
"20260618","경의선","야당","8092","8189","20260621",""
"20260618","경의선","운정","8649","8417","20260621",""
"20260618","경의선","금릉","5373","5252","20260621",""
"20260618","경의선","금촌","6998","6761","20260621",""
"20260618","경의선","월롱","2827","2463","20260621",""
"20260618","경의선","파주","1320","1110","20260621",""
"20260618","경의선","문산","5748","5747","20260621",""
"20260618","경의선","임진강","5","4","20260621",""
"20260618","경의선","운천","2","3","20260621",""
"20260618","경인선","개봉","25562","25175","20260621",""
"20260618","경인선","오류동","12955","12106","20260621",""
"20260618","경인선","역곡","29731","29619","20260621",""
"20260618","경인선","부천","34511","34392","20260621",""
"20260618","경인선","송내","28724","28711","20260621",""
"20260618","경인선","부평","30636","32130","20260621",""
"20260618","경인선","백운","7785","7465","20260621",""
"20260618","경인선","동암","16260","16456","20260621",""
"20260618","경인선","주안","19874","17885","20260621",""
"20260618","경인선","제물포","12324","12020","20260621",""
"20260618","경인선","동인천","14702","13634","20260621",""
"20260618","경인선","인천","3907","3255","20260621",""
"20260618","경인선","구일","8294","8208","20260621",""
"20260618","경인선","소사","9118","8386","20260621",""
"20260618","경인선","부개","9457","8833","20260621",""
"20260618","경인선","간석","6475","6223","20260621",""
"20260618","경인선","도원","3750","3892","20260621",""
"20260618","경인선","온수(성공회대입구)","7151","6632","20260621",""
"20260618","경인선","중동","10357","9641","20260621",""
"20260618","경인선","도화","4379","4015","20260621",""
"20260618","경춘선","신내","3547","3292","20260621",""
"20260618","경춘선","갈매","3126","2833","20260621",""
"20260618","경춘선","별내","2723","2698","20260621",""
"20260618","경춘선","퇴계원","3643","3382","20260621",""
"20260618","경춘선","사릉","2411","2357","20260621",""
"20260618","경춘선","금곡","2011","1951","20260621",""
"20260618","경춘선","평내호평","7381","7203","20260621",""
"20260618","경춘선","천마산","1735","1675","20260621",""
"20260618","경춘선","마석","4916","4783","20260621",""
"20260618","경춘선","대성리","811","857","20260621",""
"20260618","경춘선","청평","1821","1775","20260621",""
"20260618","경춘선","상천","273","277","20260621",""
"20260618","경춘선","가평","2100","2109","20260621",""
"20260618","경춘선","굴봉산","98","97","20260621",""
"20260618","경춘선","백양리","129","133","20260621",""
"20260618","경춘선","강촌","454","445","20260621",""
"20260618","경춘선","김유정","406","486","20260621",""
"20260618","경춘선","남춘천","3240","3086","20260621",""
"20260618","경춘선","춘천","1977","1554","20260621",""
"20260618","공항철도 1호선","서울역","14628","12467","20260621",""
"20260618","공항철도 1호선","공덕","3721","4761","20260621",""
"20260618","공항철도 1호선","홍대입구","15637","15886","20260621",""
"20260618","공항철도 1호선","디지털미디어시티","17392","16007","20260621",""
"20260618","공항철도 1호선","마곡나루(서울식물원)","18331","17922","20260621",""
"20260618","공항철도 1호선","김포공항","9144","5291","20260621",""
"20260618","공항철도 1호선","계양","10400","10387","20260621",""
"20260618","공항철도 1호선","검암","7024","6962","20260621",""
"20260618","공항철도 1호선","청라국제도시","9046","8562","20260621",""
"20260618","공항철도 1호선","운서","10732","11535","20260621",""
"20260618","공항철도 1호선","공항화물청사","2269","2434","20260621",""
"20260618","공항철도 1호선","인천공항1터미널","15260","12435","20260621",""
"20260618","공항철도 1호선","인천공항2터미널","11947","8856","20260621",""
"20260618","공항철도 1호선","영종","4926","5091","20260621",""
"20260618","과천선","선바위","8607","7884","20260621",""
"20260618","과천선","경마공원","1473","1401","20260621",""
"20260618","과천선","대공원","2805","2999","20260621",""
"20260618","과천선","과천","5939","5488","20260621",""
"20260618","과천선","정부과천청사","16000","17093","20260621",""
"20260618","과천선","인덕원","29833","30488","20260621",""
"20260618","과천선","평촌","20947","20451","20260621",""
"20260618","과천선","범계","31596","31612","20260621",""
"20260618","분당선","선릉","15114","22522","20260621",""
"20260618","분당선","한티","16830","18112","20260621",""
"20260618","분당선","도곡","8622","9087","20260621",""
"20260618","분당선","구룡","4031","3975","20260621",""
"20260618","분당선","개포동","4468","4551","20260621",""
"20260618","분당선","대모산입구","6576","6490","20260621",""
"20260618","분당선","수서","19800","21153","20260621",""
"20260618","분당선","복정","2","0","20260621",""
"20260618","분당선","수원","8607","7377","20260621",""
"20260618","분당선","서울숲","14989","15614","20260621",""
"20260618","분당선","압구정로데오","20671","22529","20260621",""
"20260618","분당선","강남구청","11116","12925","20260621",""
"20260618","분당선","선정릉","8483","8779","20260621",""
"20260618","분당선","가천대","10424","10569","20260621",""
"20260618","분당선","태평","14046","13561","20260621",""
"20260618","분당선","모란","20805","21572","20260621",""
"20260618","분당선","야탑","28988","30668","20260621",""
"20260618","분당선","서현","25836","26425","20260621",""
"20260618","분당선","수내","14043","14328","20260621",""
"20260618","분당선","정자","22636","24042","20260621",""
"20260618","분당선","미금","17211","17747","20260621",""
"20260618","분당선","오리","12656","11101","20260621",""
"20260618","분당선","이매","6144","5870","20260621",""
"20260618","분당선","보정","2855","2598","20260621",""
"20260618","분당선","죽전","15659","17258","20260621",""
"20260618","분당선","구성","8736","8839","20260621",""
"20260618","분당선","신갈","5514","5413","20260621",""
"20260618","분당선","기흥","11851","10589","20260621",""
"20260618","분당선","상갈","5990","5634","20260621",""
"20260618","분당선","청명","5511","5302","20260621",""
"20260618","분당선","영통","10252","10449","20260621",""
"20260618","분당선","망포","17585","17012","20260621",""
"20260618","분당선","매탄권선","6635","6481","20260621",""
"20260618","분당선","수원시청","15885","16796","20260621",""
"20260618","분당선","매교","6137","6133","20260621",""
"20260618","서해선","김포공항","2979","4448","20260621",""
"20260618","서해선","원종","5757","5719","20260621",""
"20260618","서해선","부천종합운동장","3677","3147","20260621",""
"20260618","수인선","고색","7062","6643","20260621",""
"20260618","수인선","오목천","5207","4610","20260621",""
"20260618","수인선","어천","1777","1681","20260621",""
"20260618","수인선","야목","893","754","20260621",""
"20260618","수인선","사리","5716","5041","20260621",""
"20260618","수인선","달월","108","79","20260621",""
"20260618","수인선","월곶","3657","3328","20260621",""
"20260618","수인선","소래포구","5651","5205","20260621",""
"20260618","수인선","인천논현","6142","6668","20260621",""
"20260618","수인선","호구포","4571","4785","20260621",""
"20260618","수인선","남동인더스파크","2738","3063","20260621",""
"20260618","수인선","원인재","4965","5078","20260621",""
"20260618","수인선","연수","5166","5081","20260621",""
"20260618","수인선","송도","2909","2639","20260621",""
"20260618","수인선","인하대","8610","8113","20260621",""
"20260618","수인선","숭의","5237","4828","20260621",""
"20260618","수인선","신포","2037","2073","20260621",""
"20260618","수인선","인천","1053","1657","20260621",""
"20260618","신림선","샛강","3668","4213","20260621",""
"20260618","신림선","대방","3905","2976","20260621",""
"20260618","신림선","서울지방병무청","3649","4022","20260621",""
"20260618","신림선","보라매","5496","4836","20260621",""
"20260618","신림선","보라매공원","2921","3259","20260621",""
"20260618","신림선","보라매병원","9853","10425","20260621",""
"20260618","신림선","당곡","5493","5274","20260621",""
"20260618","신림선","신림","2659","3112","20260621",""
"20260618","신림선","서원","4059","3613","20260621",""
"20260618","신림선","서울대벤처타운","10933","10138","20260621",""
"20260618","신림선","관악산(서울대)","3492","3388","20260621",""
"20260618","안산선","산본","18237","19358","20260621",""
"20260618","안산선","대야미","5828","5164","20260621",""
"20260618","안산선","반월","4817","4721","20260621",""
"20260618","안산선","상록수","16399","16597","20260621",""
"20260618","안산선","한대앞","11244","11330","20260621",""
"20260618","안산선","중앙","20269","20820","20260621",""
"20260618","안산선","고잔","10312","9914","20260621",""
"20260618","안산선","초지","5818","6002","20260621",""
"20260618","안산선","안산","12665","11569","20260621",""
"20260618","안산선","신길온천","2231","2079","20260621",""
"20260618","안산선","정왕","10264","10394","20260621",""
"20260618","안산선","오이도","8442","8548","20260621",""
"20260618","안산선","수리산","4743","3919","20260621",""
"20260618","우이신설선","북한산우이","3128","2912","20260621",""
"20260618","우이신설선","솔밭공원","3056","2902","20260621",""
"20260618","우이신설선","4.19민주묘지","3747","3476","20260621",""
"20260618","우이신설선","가오리","4951","5111","20260621",""
"20260618","우이신설선","화계","4322","4088","20260621",""
"20260618","우이신설선","삼양","2854","3004","20260621",""
"20260618","우이신설선","삼양사거리","3165","3105","20260621",""
"20260618","우이신설선","솔샘","6495","6333","20260621",""
"20260618","우이신설선","북한산보국문","6866","6306","20260621",""
"20260618","우이신설선","정릉","5249","4818","20260621",""
"20260618","우이신설선","성신여대입구(돈암)","3991","4329","20260621",""
"20260618","우이신설선","보문","2104","2083","20260621",""
"20260618","우이신설선","신설동","2917","2731","20260621",""
"20260618","일산선","원흥","12685","12194","20260621",""
"20260618","일산선","지축","2","0","20260621",""
"20260618","일산선","삼송","21305","20985","20260621",""
"20260618","일산선","원당","12904","12712","20260621",""
"20260618","일산선","화정","19177","19935","20260621",""
"20260618","일산선","대곡","13471","11841","20260621",""
"20260618","일산선","백석","11249","11313","20260621",""
"20260618","일산선","마두","8813","9004","20260621",""
"20260618","일산선","정발산","7693","7715","20260621",""
"20260618","일산선","주엽","9972","9781","20260621",""
"20260618","일산선","대화","11925","9672","20260621",""
"20260618","장항선","봉명","1496","1494","20260621",""
"20260618","장항선","쌍용(나사렛대)","3399","3348","20260621",""
"20260618","장항선","아산","4145","3928","20260621",""
"20260618","장항선","탕정","2348","2076","20260621",""
"20260618","장항선","배방","1392","1300","20260621",""
"20260618","장항선","온양온천","4552","4617","20260621",""
"20260618","장항선","신창(순천향대)","1793","1552","20260621",""
"20260618","중앙선","회기","31237","29373","20260621",""
"20260618","중앙선","중랑","6171","5887","20260621",""
"20260618","중앙선","상봉","6571","6395","20260621",""
"20260618","중앙선","망우","8571","8219","20260621",""
"20260618","중앙선","양원","3777","3727","20260621",""
"20260618","중앙선","구리","8077","8556","20260621",""
"20260618","중앙선","도농","10653","9919","20260621",""
"20260618","중앙선","양정","576","498","20260621",""
"20260618","중앙선","덕소","5973","5850","20260621",""
"20260618","중앙선","도심","3268","2606","20260621",""
"20260618","중앙선","팔당","743","797","20260621",""
"20260618","중앙선","운길산","663","648","20260621",""
"20260618","중앙선","양수","1892","1890","20260621",""
"20260618","중앙선","신원","168","181","20260621",""
"20260618","중앙선","국수","772","742","20260621",""
"20260618","중앙선","아신","603","583","20260621",""
"20260618","중앙선","오빈","350","352","20260621",""
"20260618","중앙선","양평","3998","4102","20260621",""
"20260618","중앙선","원덕","371","386","20260621",""
"20260618","중앙선","용문","2001","1973","20260621",""
"20260618","중앙선","지평","68","76","20260621",""
"20260618","5호선","종로3가","16902","16855","20260621",""
"20260618","5호선","을지로4가","8144","8031","20260621",""
"20260618","5호선","동대문역사문화공원(DDP)","3945","4486","20260621",""
"20260618","5호선","청구","4108","3886","20260621",""
"20260618","5호선","신금호","7302","7711","20260621",""
"20260618","5호선","행당","9078","8135","20260621",""
"20260618","5호선","왕십리(성동구청)","5490","6073","20260621",""
"20260618","5호선","마장","7017","6686","20260621",""
"20260618","5호선","답십리","18474","16528","20260621",""
"20260618","5호선","장한평","23299","23043","20260621",""
"20260618","5호선","군자(능동)","13480","14866","20260621",""
"20260618","5호선","아차산(어린이대공원후문)","16511","16143","20260621",""
"20260618","5호선","광나루(장신대)","12315","11741","20260621",""
"20260618","5호선","천호(풍납토성)","23197","22594","20260621",""
"20260618","5호선","강동","21391","20606","20260621",""
"20260618","5호선","길동","9955","10149","20260621",""
"20260618","5호선","굽은다리(강동구민회관앞)","10659","10202","20260621",""
"20260618","5호선","명일","9213","9153","20260621",""
"20260618","5호선","고덕","11672","11365","20260621",""
"20260618","5호선","상일동","16501","15888","20260621",""
"20260618","5호선","둔촌동","15639","15680","20260621",""
"20260618","5호선","올림픽공원(한국체대)","6178","5741","20260621",""
"20260618","5호선","방이","8735","9104","20260621",""
"20260618","5호선","오금","4469","4528","20260621",""
"20260618","5호선","개롱","7396","7578","20260621",""
"20260618","1호선","서울역","86180","83021","20260621",""
"20260618","1호선","시청","31523","31948","20260621",""
"20260618","1호선","종각","47207","46970","20260621",""
"20260618","1호선","종로3가","28268","24785","20260621",""
"20260618","1호선","종로5가","26631","26205","20260621",""
"20260618","1호선","동대문","14477","14066","20260621",""
"20260618","1호선","신설동","16519","15845","20260621",""
"20260618","1호선","제기동","17029","17304","20260621",""
"20260618","1호선","청량리(서울시립대입구)","25271","25085","20260621",""
"20260618","1호선","동묘앞","9876","10383","20260621",""
"20260618","2호선","시청","33308","31214","20260621",""
"20260618","2호선","을지로입구","61830","63628","20260621",""
"20260618","2호선","을지로3가","30514","31176","20260621",""
"20260618","2호선","을지로4가","17879","17397","20260621",""
"20260618","2호선","동대문역사문화공원(DDP)","16447","19309","20260621",""
"20260618","2호선","신당","16920","17556","20260621",""
"20260618","2호선","상왕십리","16479","16370","20260621",""
"20260618","2호선","왕십리(성동구청)","19011","16596","20260621",""
"20260618","2호선","한양대","15513","17094","20260621",""
"20260618","2호선","뚝섬","29522","31525","20260621",""
"20260618","2호선","성수","67887","72522","20260621",""
"20260618","2호선","건대입구","40707","42624","20260621",""
"20260618","2호선","구의(광진구청)","33488","32845","20260621",""
"20260618","2호선","강변(동서울터미널)","28468","25804","20260621",""
"20260618","2호선","잠실나루","19065","18382","20260621",""
"20260618","2호선","잠실(송파구청)","84923","84141","20260621",""
"20260618","2호선","잠실새내","26840","25864","20260621",""
"20260618","2호선","종합운동장","18015","19828","20260621",""
"20260618","2호선","삼성(무역센터)","65626","62856","20260621",""
"20260618","2호선","선릉","68094","60133","20260621",""
"20260618","2호선","역삼","58896","67061","20260621",""
"20260618","2호선","강남","93111","90455","20260621",""
"20260618","2호선","교대(법원.검찰청)","36905","44117","20260621",""
"20260618","2호선","서초","25757","25148","20260621",""
"20260618","2호선","방배","22341","23231","20260621",""
"20260618","2호선","사당","47964","52080","20260621",""
"20260618","2호선","낙성대(강감찬)","31456","30623","20260621",""
"20260618","2호선","서울대입구(관악구청)","51596","50037","20260621",""
"20260618","2호선","봉천","27540","25914","20260621",""
"20260618","2호선","신림","61410","60707","20260621",""
"20260618","2호선","신대방","27464","26258","20260621",""
"20260618","2호선","구로디지털단지","65535","64847","20260621",""
"20260618","2호선","대림(구로구청)","26698","27341","20260621",""
"20260618","2호선","신도림","54086","51529","20260621",""
"20260618","2호선","문래","26102","26708","20260621",""
"20260618","2호선","영등포구청","26758","27794","20260621",""
"20260618","2호선","당산","21993","25027","20260621",""
"20260618","2호선","합정","34668","37513","20260621",""
"20260618","2호선","홍대입구","73896","79957","20260621",""
"20260618","2호선","신촌","44355","44609","20260621",""
"20260618","2호선","이대","18966","20308","20260621",""
"20260618","2호선","아현","12801","11906","20260621",""
"20260618","2호선","충정로(경기대입구)","12105","12858","20260621",""
"20260618","2호선","신답","2049","2271","20260621",""
"20260618","2호선","신설동","4184","4111","20260621",""
"20260618","2호선","도림천","1556","1577","20260621",""
"20260618","2호선","양천구청","7756","8266","20260621",""
"20260618","2호선","신정네거리","11076","11538","20260621",""
"20260618","2호선","용두(동대문구청)","2558","2640","20260621",""
"20260618","3호선","지축","8664","8881","20260621",""
"20260618","3호선","구파발","25440","24289","20260621",""
"20260618","3호선","연신내","41177","39010","20260621",""
"20260618","3호선","불광","18022","19286","20260621",""
"20260618","3호선","녹번","17559","16076","20260621",""
"20260618","3호선","홍제","20379","18968","20260621",""
"20260618","3호선","무악재","4966","4815","20260621",""
"20260618","3호선","독립문","8844","9805","20260621",""
"20260618","3호선","경복궁(정부서울청사)","30521","30479","20260621",""
"20260618","3호선","안국","30684","31171","20260621",""
"20260618","3호선","종로3가","13375","14967","20260621",""
"20260618","3호선","을지로3가","15378","14676","20260621",""
"20260618","3호선","충무로","4","0","20260621",""
"20260618","3호선","동대입구","10386","11219","20260621",""
"20260618","3호선","약수","14398","14106","20260621",""
"20260618","3호선","금호","9017","8456","20260621",""
"20260618","3호선","옥수","10539","10873","20260621",""
"20260618","3호선","압구정","35178","37557","20260621",""
"20260618","3호선","신사","29658","31195","20260621",""
"20260618","3호선","잠원","8337","8139","20260621",""
"20260618","3호선","고속터미널","50258","46872","20260621",""
"20260618","3호선","교대(법원.검찰청)","20210","11500","20260621",""
"20260618","3호선","남부터미널(예술의전당)","35672","36069","20260621",""
"20260618","3호선","양재(서초구청)","44293","46622","20260621",""
"20260618","3호선","매봉","15253","14694","20260621",""
"20260618","3호선","도곡","7265","7225","20260621",""
"20260618","3호선","대치","13810","13755","20260621",""
"20260618","3호선","학여울","3711","3678","20260621",""
"20260618","3호선","대청","12655","11629","20260621",""
"20260618","3호선","일원","13794","13526","20260621",""
"20260618","3호선","수서","20767","20674","20260621",""
"20260618","3호선","가락시장","10649","10391","20260621",""
"20260618","3호선","경찰병원","9058","9122","20260621",""
"20260618","3호선","오금","7539","6818","20260621",""
"20260618","4호선","불암산","11109","9613","20260621",""
"20260618","4호선","상계","22113","20809","20260621",""
"20260618","4호선","노원","22796","25557","20260621",""
"20260618","4호선","창동","30874","32197","20260621",""
"20260618","4호선","쌍문","32707","30752","20260621",""
"20260618","4호선","수유(강북구청)","38031","38644","20260621",""
"20260618","4호선","미아(서울사이버대학)","17817","17324","20260621",""
"20260618","4호선","미아사거리","29060","28539","20260621",""
"20260618","4호선","길음","23942","23599","20260621",""
"20260618","4호선","성신여대입구(돈암)","24971","24082","20260621",""
"20260618","4호선","한성대입구(삼선교)","16540","15739","20260621",""
"20260618","4호선","혜화","40932","41249","20260621",""
"20260618","4호선","동대문","22533","22916","20260621",""
"20260618","4호선","동대문역사문화공원(DDP)","23055","20341","20260621",""
"20260618","4호선","충무로","37227","38379","20260621",""
"20260618","4호선","명동","43887","45643","20260621",""
"20260618","4호선","회현(남대문시장)","32501","34299","20260621",""
"20260618","4호선","서울역","15665","24694","20260621",""
"20260618","4호선","숙대입구(갈월)","17580","17362","20260621",""
"20260618","4호선","삼각지(전쟁기념관)","7201","8515","20260621",""
"20260618","4호선","신용산","24560","26918","20260621",""
"20260618","4호선","이촌(국립중앙박물관)","11152","11966","20260621",""
"20260618","4호선","동작(현충원)","2294","2333","20260621",""
"20260618","4호선","총신대입구(이수)","21771","23286","20260621",""
"20260618","4호선","사당","28994","25240","20260621",""
"20260618","4호선","남태령","1662","1481","20260621",""
"20260618","5호선","방화","8108","7833","20260621",""
"20260618","5호선","개화산","7008","6505","20260621",""
"20260618","5호선","김포공항","14677","8692","20260621",""
"20260618","5호선","송정","6814","6581","20260621",""
"20260618","5호선","마곡","19382","19377","20260621",""
"20260618","5호선","발산","27806","28489","20260621",""
"20260618","5호선","우장산","16942","16961","20260621",""
"20260618","5호선","화곡","31980","30183","20260621",""
"20260618","5호선","까치산","30808","29592","20260621",""
"20260618","5호선","신정(은행정)","15416","12827","20260621",""
"20260618","5호선","목동","18847","20642","20260621",""
"20260618","5호선","오목교(목동운동장앞)","23696","25371","20260621",""
"20260618","5호선","양평","9873","9677","20260621",""
"20260618","5호선","영등포구청","6078","6144","20260621",""
"20260618","5호선","영등포시장","12968","12540","20260621",""
"20260618","5호선","신길","5793","5988","20260621",""
"20260618","5호선","여의도","34324","37127","20260621",""
"20260618","5호선","여의나루","15919","17597","20260621",""
"20260618","5호선","마포","17515","17738","20260621",""
"20260618","5호선","공덕","17040","17547","20260621",""
"20260618","5호선","애오개","7910","7688","20260621",""
"20260618","5호선","충정로(경기대입구)","5987","6233","20260621",""
"20260618","5호선","서대문","21910","22627","20260621",""
"20260618","5호선","광화문(세종문화회관)","38939","41420","20260621",""
"20260619","경원선","망월사","9272","9296","20260622",""
"20260619","5호선","오목교(목동운동장앞)","23980","25743","20260622",""
"20260619","5호선","양평","9899","9625","20260622",""
"20260619","5호선","영등포구청","5900","5924","20260622",""
"20260619","5호선","영등포시장","13171","12820","20260622",""
"20260619","5호선","신길","6039","6180","20260622",""
"20260619","5호선","여의도","36357","37089","20260622",""
"20260619","5호선","여의나루","13155","15578","20260622",""
"20260619","5호선","마포","17791","17983","20260622",""
"20260619","5호선","공덕","17177","17855","20260622",""
"20260619","5호선","애오개","7949","7750","20260622",""
"20260619","5호선","충정로(경기대입구)","5840","5880","20260622",""
"20260619","5호선","서대문","21886","21942","20260622",""
"20260619","5호선","광화문(세종문화회관)","44673","49422","20260622",""
"20260619","5호선","종로3가","18081","18836","20260622",""
"20260619","5호선","을지로4가","7763","8069","20260622",""
"20260619","5호선","동대문역사문화공원(DDP)","4171","4519","20260622",""
"20260619","5호선","청구","4067","3876","20260622",""
"20260619","5호선","신금호","7423","7839","20260622",""
"20260619","5호선","행당","9152","8313","20260622",""
"20260619","5호선","왕십리(성동구청)","5734","6474","20260622",""
"20260619","5호선","마장","7093","6738","20260622",""
"20260619","5호선","답십리","18618","16840","20260622",""
"20260619","5호선","장한평","23086","22946","20260622",""
"20260619","5호선","군자(능동)","14085","15912","20260622",""
"20260619","5호선","아차산(어린이대공원후문)","16141","15752","20260622",""
"20260619","5호선","광나루(장신대)","12326","11767","20260622",""
"20260619","5호선","천호(풍납토성)","23727","23266","20260622",""
"20260619","5호선","강동","21303","20691","20260622",""
"20260619","5호선","길동","10425","10837","20260622",""
"20260619","5호선","굽은다리(강동구민회관앞)","10963","10331","20260622",""
"20260619","5호선","명일","9381","9403","20260622",""
"20260619","5호선","고덕","11831","11382","20260622",""
"20260619","5호선","상일동","16383","15810","20260622",""
"20260619","5호선","둔촌동","15167","15320","20260622",""
"20260619","5호선","올림픽공원(한국체대)","6335","5842","20260622",""
"20260619","5호선","방이","8700","9280","20260622",""
"20260619","5호선","오금","4455","4464","20260622",""
"20260619","5호선","개롱","7560","7705","20260622",""
"20260619","5호선","거여","11635","11356","20260622",""
"20260619","5호선","마천","8216","7183","20260622",""
"20260619","5호선","강일","6902","6432","20260622",""
"20260619","5호선","미사","20350","20618","20260622",""
"20260619","5호선","하남풍산","5229","5266","20260622",""
"20260619","5호선","하남시청(덕풍·신장)","10067","9610","20260622",""
"20260619","5호선","하남검단산","7334","6807","20260622",""
"20260619","6호선","응암","19335","19509","20260622",""
"20260619","6호선","역촌","4465","5194","20260622",""
"20260619","6호선","불광","5304","4825","20260622",""
"20260619","6호선","독바위","2876","3061","20260622",""
"20260619","6호선","연신내","3","0","20260622",""
"20260619","6호선","구산","9226","7347","20260622",""
"20260619","6호선","새절(신사)","14311","13138","20260622",""
"20260619","6호선","증산(명지대앞)","10009","10131","20260622",""
"20260619","6호선","디지털미디어시티","16272","17475","20260622",""
"20260619","6호선","월드컵경기장(성산)","4453","4608","20260622",""
"20260619","6호선","마포구청","16759","15334","20260622",""
"20260619","6호선","망원","18517","19614","20260622",""
"20260619","6호선","합정","15789","15868","20260622",""
"20260619","6호선","상수","12675","14713","20260622",""
"20260619","6호선","광흥창(서강)","11371","10937","20260622",""
"20260619","6호선","대흥(서강대앞)","12083","12581","20260622",""
"20260619","6호선","공덕","22456","22189","20260622",""
"20260619","6호선","효창공원앞","8781","7972","20260622",""
"20260619","6호선","삼각지(전쟁기념관)","8989","7854","20260622",""
"20260619","6호선","녹사평(용산구청)","6442","6790","20260622",""
"20260619","6호선","이태원","14439","19160","20260622",""
"20260619","6호선","한강진","11000","13748","20260622",""
"20260619","6호선","버티고개","2538","2581","20260622",""
"20260619","6호선","약수","4442","4365","20260622",""
"20260619","6호선","청구","4363","4307","20260622",""
"20260619","6호선","신당","10898","10267","20260622",""
"20260619","6호선","동묘앞","11753","12110","20260622",""
"20260619","6호선","창신","4154","3552","20260622",""
"20260619","6호선","보문","9509","8945","20260622",""
"20260619","6호선","안암(고대병원앞)","17319","16118","20260622",""
"20260619","6호선","고려대(종암)","10235","9679","20260622",""
"20260619","6호선","월곡(동덕여대)","13192","12728","20260622",""
"20260619","6호선","상월곡(한국과학기술연구원)","7477","6840","20260622",""
"20260619","6호선","돌곶이","13926","12853","20260622",""
"20260619","6호선","석계","13961","14473","20260622",""
"20260619","6호선","태릉입구","6609","7054","20260622",""
"20260619","6호선","화랑대(서울여대입구)","13309","10445","20260622",""
"20260619","6호선","봉화산(서울의료원)","9458","8865","20260622",""
"20260619","6호선","신내","1","0","20260622",""
"20260619","7호선","장암","3025","1133","20260622",""
"20260619","7호선","도봉산","10063","11317","20260622",""
"20260619","7호선","수락산","14067","13951","20260622",""
"20260619","7호선","마들","15160","14506","20260622",""
"20260619","7호선","노원","23525","24979","20260622",""
"20260619","7호선","중계","16633","15377","20260622",""
"20260619","7호선","하계","19651","18636","20260622",""
"20260619","7호선","공릉(서울과학기술대)","13997","13521","20260622",""
"20260619","7호선","태릉입구","10091","9357","20260622",""
"20260619","7호선","먹골","11572","11425","20260622",""
"20260619","7호선","중화","12823","12831","20260622",""
"20260619","7호선","상봉","20946","20625","20260622",""
"20260619","7호선","면목","16922","16546","20260622",""
"20260619","7호선","사가정","17881","17963","20260622",""
"20260619","7호선","용마산(용마폭포공원)","6452","6186","20260622",""
"20260619","7호선","중곡","12772","12100","20260622",""
"20260619","7호선","군자(능동)","17996","14077","20260622",""
"20260619","7호선","어린이대공원(세종대)","18818","18378","20260622",""
"20260619","7호선","건대입구","16616","16911","20260622",""
"20260619","7호선","자양(뚝섬한강공원)","9923","10045","20260622",""
"20260619","7호선","청담","21024","23374","20260622",""
"20260619","7호선","강남구청","18577","21065","20260622",""
"20260619","7호선","학동","25791","26718","20260622",""
"20260619","7호선","논현","21458","23205","20260622",""
"20260619","7호선","반포","8200","7625","20260622",""
"20260619","7호선","고속터미널","21464","17685","20260622",""
"20260619","7호선","내방","17066","17136","20260622",""
"20260619","7호선","이수","20343","19841","20260622",""
"20260619","7호선","남성","12866","12278","20260622",""
"20260619","7호선","숭실대입구(살피재)","14681","14339","20260622",""
"20260619","7호선","상도","14583","14176","20260622",""
"20260619","7호선","장승배기","11308","11110","20260622",""
"20260619","7호선","신대방삼거리","17259","16489","20260622",""
"20260619","7호선","보라매","7515","7861","20260622",""
"20260619","7호선","신풍","13335","12749","20260622",""
"20260619","7호선","대림(구로구청)","9799","10074","20260622",""
"20260619","7호선","남구로","16921","18088","20260622",""
"20260619","7호선","가산디지털단지","50390","49694","20260622",""
"20260619","7호선","철산","25615","26722","20260622",""
"20260619","7호선","광명사거리","25524","25322","20260622",""
"20260619","7호선","천왕","13829","13474","20260622",""
"20260619","7호선","온수(성공회대입구)","11411","10467","20260622",""
"20260619","8호선","암사역사공원","8280","7168","20260622",""
"20260619","8호선","암사","18213","16762","20260622",""
"20260619","8호선","천호(풍납토성)","20642","23759","20260622",""
"20260619","8호선","강동구청","12132","12496","20260622",""
"20260619","8호선","몽촌토성(평화의문)","9915","10684","20260622",""
"20260619","8호선","잠실(송파구청)","22593","25087","20260622",""
"20260619","8호선","석촌","10100","11489","20260622",""
"20260619","8호선","송파","11835","11911","20260622",""
"20260619","8호선","가락시장","9811","10928","20260622",""
"20260619","8호선","문정","26955","27754","20260622",""
"20260619","8호선","장지","19822","18171","20260622",""
"20260619","8호선","복정","11096","9595","20260622",""
"20260619","8호선","산성","7055","7133","20260622",""
"20260619","8호선","남한산성입구(성남법원.검찰청)","14850","13163","20260622",""
"20260619","8호선","단대오거리","13824","13113","20260622",""
"20260619","8호선","신흥","6175","6363","20260622",""
"20260619","8호선","수진","6445","6017","20260622",""
"20260619","8호선","모란","6737","5391","20260622",""
"20260619","8호선","남위례","9239","9177","20260622",""
"20260619","9호선","개화","3025","1986","20260622",""
"20260619","9호선","김포공항","6642","11277","20260622",""
"20260619","9호선","공항시장","3181","3443","20260622",""
"20260619","9호선","신방화","8040","7986","20260622",""
"20260619","9호선","마곡나루(서울식물원)","19261","18450","20260622",""
"20260619","9호선","양천향교","13074","13606","20260622",""
"20260619","9호선","가양","24918","24271","20260622",""
"20260619","9호선","증미","9555","9082","20260622",""
"20260619","9호선","등촌","14828","14360","20260622",""
"20260619","9호선","염창","20748","19958","20260622",""
"20260619","9호선","신목동","5470","4854","20260622",""
"20260619","9호선","선유도","10466","9501","20260622",""
"20260619","9호선","당산","23386","22527","20260622",""
"20260619","9호선","국회의사당","20669","20409","20260622",""
"20260619","9호선","여의도","38952","35780","20260622",""
"20260619","9호선","샛강","8324","8121","20260622",""
"20260619","9호선","노량진","30802","29455","20260622",""
"20260619","9호선","노들","5398","4633","20260622",""
"20260619","9호선","흑석(중앙대입구)","11955","11837","20260622",""
"20260619","9호선","동작(현충원)","2069","1705","20260622",""
"20260619","9호선","구반포","3275","2807","20260622",""
"20260619","9호선","신반포","5644","5386","20260622",""
"20260619","9호선","고속터미널","18642","25917","20260622",""
"20260619","9호선","사평","5098","4846","20260622",""
"20260619","9호선","신논현","37568","39646","20260622",""
"20260619","9호선2~3단계","언주","13962","13908","20260622",""
"20260619","9호선2~3단계","선정릉","11845","12869","20260622",""
"20260619","9호선2~3단계","삼성중앙","9729","9907","20260622",""
"20260619","9호선2~3단계","봉은사","28511","30663","20260622",""
"20260619","9호선2~3단계","종합운동장","7196","7012","20260622",""
"20260619","9호선2~3단계","삼전","9660","9255","20260622",""
"20260619","9호선2~3단계","석촌고분","9098","8950","20260622",""
"20260619","9호선2~3단계","석촌","11208","10274","20260622",""
"20260619","9호선2~3단계","송파나루","7068","7913","20260622",""
"20260619","9호선2~3단계","한성백제","4065","3715","20260622",""
"20260619","9호선2~3단계","올림픽공원(한국체대)","13979","13678","20260622",""
"20260619","9호선2~3단계","둔촌오륜","5462","5374","20260622",""
"20260619","9호선2~3단계","중앙보훈병원","15455","13266","20260622",""
"20260619","경강선","판교","6953","6805","20260622",""
"20260619","경강선","이매","1192","1107","20260622",""
"20260619","경강선","삼동","2600","2438","20260622",""
"20260619","경강선","경기광주","9734","9191","20260622",""
"20260619","경강선","초월","4303","3975","20260622",""
"20260619","경강선","곤지암","2514","2467","20260622",""
"20260619","경강선","신둔도예촌","1727","1587","20260622",""
"20260619","경강선","이천","3277","3736","20260622",""
"20260619","경강선","부발","3002","2565","20260622",""
"20260619","경강선","세종대왕릉","439","388","20260622",""
"20260619","경강선","여주","3321","3266","20260622",""
"20260619","경강선","성남","1665","1521","20260622",""
"20260619","경부선","서울역","13507","4507","20260622",""
"20260619","경부선","남영","10420","10926","20260622",""
"20260619","경부선","용산","57604","57956","20260622",""
"20260619","경부선","노량진","9730","9815","20260622",""
"20260619","경부선","대방","11458","13235","20260622",""
"20260619","경부선","영등포","47594","48600","20260622",""
"20260619","경부선","신도림","4185","4728","20260622",""
"20260619","경부선","신길","9799","8652","20260622",""
"20260619","경부선","구로","18805","19280","20260622",""
"20260619","경부선","가산디지털단지","19225","22177","20260622",""
"20260619","경부선","금천구청","11789","12161","20260622",""
"20260619","경부선","석수","9106","8234","20260622",""
"20260619","경부선","관악","7787","7629","20260622",""
"20260619","경부선","안양","25972","25778","20260622",""
"20260619","경부선","명학","9732","9529","20260622",""
"20260619","경부선","금정","32124","33004","20260622",""
"20260619","경부선","군포","7633","7354","20260622",""
"20260619","경부선","의왕","10746","10515","20260622",""
"20260619","경부선","성균관대","18370","17567","20260622",""
"20260619","경부선","화서","12894","12735","20260622",""
"20260619","경부선","수원","43495","47309","20260622",""
"20260619","경부선","독산","18804","18660","20260622",""
"20260619","경부선","세류","4420","3757","20260622",""
"20260619","경부선","병점","18024","17874","20260622",""
"20260619","경부선","세마","3985","3849","20260622",""
"20260619","경부선","오산대","4701","4306","20260622",""
"20260619","경부선","오산","12356","12342","20260622",""
"20260619","경부선","진위","2090","1836","20260622",""
"20260619","경부선","송탄","5511","5151","20260622",""
"20260619","경부선","서정리","11107","9462","20260622",""
"20260619","경부선","평택지제","6243","5688","20260622",""
"20260619","경부선","평택","14828","14649","20260622",""
"20260619","경부선","성환","5072","4547","20260622",""
"20260619","경부선","직산","1264","1192","20260622",""
"20260619","경부선","두정","9609","8904","20260622",""
"20260619","경부선","천안","7408","7278","20260622",""
"20260619","경부선","당정","7282","6817","20260622",""
"20260619","경부선","서동탄","1675","1412","20260622",""
"20260619","경부선","광명","4361","3901","20260622",""
"20260619","경원선","이촌(국립중앙박물관)","4378","3632","20260622",""
"20260619","경원선","서빙고","2377","2253","20260622",""
"20260619","경원선","한남","4152","4241","20260622",""
"20260619","경원선","옥수","98","54","20260622",""
"20260619","경원선","응봉","2156","1775","20260622",""
"20260619","경원선","왕십리(성동구청)","19806","19928","20260622",""
"20260619","경원선","청량리(서울시립대입구)","20895","21569","20260622",""
"20260619","경원선","외대앞","14667","14333","20260622",""
"20260619","경원선","신이문","9809","9008","20260622",""
"20260619","경원선","석계","8341","9072","20260622",""
"20260619","경원선","광운대","9644","9016","20260622",""
"20260619","경원선","월계","8037","7413","20260622",""
"20260619","경원선","녹천","5051","4362","20260622",""
"20260619","경원선","창동","3","0","20260622",""
"20260619","경원선","방학","10912","10948","20260622",""
"20260619","경원선","도봉","6525","6246","20260622",""
"20260619","경원선","도봉산","7293","4747","20260622",""
"20260619","경원선","회룡","14726","14491","20260622",""
"20260619","경원선","의정부","21249","21664","20260622",""
"20260619","경원선","가능","7187","6999","20260622",""
"20260619","경원선","녹양","4847","4708","20260622",""
"20260619","경원선","양주","7490","7388","20260622",""
"20260619","경원선","덕계","7670","7083","20260622",""
"20260619","경원선","덕정","7171","6544","20260622",""
"20260619","경원선","지행","7436","7568","20260622",""
"20260619","경원선","동두천중앙","3378","3282","20260622",""
"20260619","경원선","보산","1910","1710","20260622",""
"20260619","경원선","동두천","2396","2198","20260622",""
"20260619","경원선","소요산","1703","1794","20260622",""
"20260619","경원선","청산","135","130","20260622",""
"20260619","경원선","전곡","1305","1413","20260622",""
"20260619","경원선","연천","1046","1128","20260622",""
"20260619","경의선","서울역","3784","5011","20260622",""
"20260619","경의선","신촌","1130","1371","20260622",""
"20260619","경의선","효창공원앞","3626","4118","20260622",""
"20260619","경의선","공덕","5161","4028","20260622",""
"20260619","경의선","서강대","2592","2599","20260622",""
"20260619","경의선","홍대입구","2325","2996","20260622",""
"20260619","경의선","가좌","6685","6353","20260622",""
"20260619","경의선","디지털미디어시티","2915","2785","20260622",""
"20260619","경의선","수색","3415","3508","20260622",""
"20260619","경의선","한국항공대","2729","2520","20260622",""
"20260619","경의선","강매","3560","2904","20260622",""
"20260619","경의선","행신","8328","8628","20260622",""
"20260619","경의선","능곡","4825","4464","20260622",""
"20260619","경의선","곡산","665","681","20260622",""
"20260619","경의선","백마","8229","8221","20260622",""
"20260619","경의선","풍산","7041","6707","20260622",""
"20260619","경의선","일산","11203","11305","20260622",""
"20260619","경의선","탄현","8351","8085","20260622",""
"20260619","경의선","야당","7825","8362","20260622",""
"20260619","경의선","운정","8590","8379","20260622",""
"20260619","경의선","금릉","5439","5288","20260622",""
"20260619","경의선","금촌","7284","7040","20260622",""
"20260619","경의선","월롱","2894","2068","20260622",""
"20260619","경의선","파주","1389","1084","20260622",""
"20260619","경의선","문산","6301","6322","20260622",""
"20260619","경의선","임진강","24","3","20260622",""
"20260619","경의선","운천","7","2","20260622",""
"20260619","경의선","검암","1","0","20260622",""
"20260619","경인선","개봉","25486","25492","20260622",""
"20260619","경인선","오류동","12874","11781","20260622",""
"20260619","경인선","역곡","29030","28677","20260622",""
"20260619","경인선","부천","34666","35081","20260622",""
"20260619","경인선","송내","28201","28313","20260622",""
"20260619","경인선","부평","31403","33946","20260622",""
"20260619","경인선","백운","7717","7233","20260622",""
"20260619","경인선","동암","16510","16855","20260622",""
"20260619","경인선","주안","20188","18314","20260622",""
"20260619","경인선","제물포","12287","11510","20260622",""
"20260619","경인선","동인천","14977","13788","20260622",""
"20260619","경인선","인천","3823","3089","20260622",""
"20260619","경인선","구일","13110","14165","20260622",""
"20260619","경인선","소사","8817","8145","20260622",""
"20260619","경인선","부개","9338","8631","20260622",""
"20260619","경인선","간석","6313","6150","20260622",""
"20260619","경인선","도원","3673","3897","20260622",""
"20260619","경인선","온수(성공회대입구)","7085","6682","20260622",""
"20260619","경인선","중동","9822","9438","20260622",""
"20260619","경인선","도화","4278","3989","20260622",""
"20260619","경춘선","신내","3414","3225","20260622",""
"20260619","경춘선","갈매","3038","2766","20260622",""
"20260619","경춘선","별내","2749","2590","20260622",""
"20260619","경춘선","퇴계원","3909","3535","20260622",""
"20260619","경춘선","사릉","2160","2111","20260622",""
"20260619","경춘선","금곡","1888","1781","20260622",""
"20260619","경춘선","평내호평","7031","7028","20260622",""
"20260619","경춘선","천마산","1721","1579","20260622",""
"20260619","경춘선","마석","4423","4371","20260622",""
"20260619","경춘선","대성리","897","1270","20260622",""
"20260619","경춘선","청평","1740","2044","20260622",""
"20260619","경춘선","상천","255","251","20260622",""
"20260619","경춘선","가평","1980","2229","20260622",""
"20260619","경춘선","굴봉산","100","94","20260622",""
"20260619","경춘선","백양리","90","114","20260622",""
"20260619","경춘선","강촌","424","491","20260622",""
"20260619","경춘선","김유정","375","470","20260622",""
"20260619","경춘선","남춘천","3607","3395","20260622",""
"20260619","경춘선","춘천","1911","1541","20260622",""
"20260619","공항철도 1호선","서울역","16577","14867","20260622",""
"20260619","공항철도 1호선","공덕","3721","5026","20260622",""
"20260619","공항철도 1호선","홍대입구","18048","18443","20260622",""
"20260619","공항철도 1호선","디지털미디어시티","16350","15051","20260622",""
"20260619","공항철도 1호선","마곡나루(서울식물원)","18640","17637","20260622",""
"20260619","공항철도 1호선","김포공항","10478","5524","20260622",""
"20260619","공항철도 1호선","계양","10336","10389","20260622",""
"20260619","공항철도 1호선","검암","6983","6471","20260622",""
"20260619","공항철도 1호선","청라국제도시","9170","8783","20260622",""
"20260619","공항철도 1호선","운서","11437","12214","20260622",""
"20260619","공항철도 1호선","공항화물청사","2186","2211","20260622",""
"20260619","공항철도 1호선","인천공항1터미널","17646","13345","20260622",""
"20260619","공항철도 1호선","인천공항2터미널","13714","10133","20260622",""
"20260619","공항철도 1호선","영종","5170","5388","20260622",""
"20260619","과천선","선바위","8749","7592","20260622",""
"20260619","과천선","경마공원","6846","6823","20260622",""
"20260619","과천선","대공원","2381","2454","20260622",""
"20260619","과천선","과천","5861","5477","20260622",""
"20260619","과천선","정부과천청사","15819","16700","20260622",""
"20260619","과천선","인덕원","29765","30715","20260622",""
"20260619","과천선","평촌","20566","20080","20260622",""
"20260619","과천선","범계","32216","32935","20260622",""
"20260619","분당선","선릉","14408","21891","20260622",""
"20260619","분당선","한티","17912","18872","20260622",""
"20260619","분당선","도곡","8883","9155","20260622",""
"20260619","분당선","구룡","4071","3931","20260622",""
"20260619","분당선","개포동","4447","4525","20260622",""
"20260619","분당선","대모산입구","6694","6517","20260622",""
"20260619","분당선","수서","20808","22969","20260622",""
"20260619","분당선","복정","1","0","20260622",""
"20260619","분당선","수원","9130","9084","20260622",""
"20260619","분당선","서울숲","14813","15282","20260622",""
"20260619","분당선","압구정로데오","23129","25308","20260622",""
"20260619","분당선","강남구청","11215","12789","20260622",""
"20260619","분당선","선정릉","8450","8364","20260622",""
"20260619","분당선","가천대","10484","10248","20260622",""
"20260619","분당선","태평","14594","14040","20260622",""
"20260619","분당선","모란","25297","26370","20260622",""
"20260619","분당선","야탑","29339","30875","20260622",""
"20260619","분당선","서현","27026","27981","20260622",""
"20260619","분당선","수내","14133","14061","20260622",""
"20260619","분당선","정자","21541","22618","20260622",""
"20260619","분당선","미금","17529","18084","20260622",""
"20260619","분당선","오리","12508","10662","20260622",""
"20260619","분당선","이매","6309","5996","20260622",""
"20260619","분당선","보정","2892","2581","20260622",""
"20260619","분당선","죽전","15845","17434","20260622",""
"20260619","분당선","구성","8925","8863","20260622",""
"20260619","분당선","신갈","5575","5426","20260622",""
"20260619","분당선","기흥","11697","10721","20260622",""
"20260619","분당선","상갈","6029","5614","20260622",""
"20260619","분당선","청명","5653","5313","20260622",""
"20260619","분당선","영통","10741","10877","20260622",""
"20260619","분당선","망포","18179","17338","20260622",""
"20260619","분당선","매탄권선","6562","6300","20260622",""
"20260619","분당선","수원시청","16470","18435","20260622",""
"20260619","분당선","매교","6114","6030","20260622",""
"20260619","서해선","김포공항","3251","4667","20260622",""
"20260619","서해선","원종","5772","5752","20260622",""
"20260619","서해선","부천종합운동장","3525","2991","20260622",""
"20260619","수인선","고색","6912","6548","20260622",""
"20260619","수인선","오목천","5157","4153","20260622",""
"20260619","수인선","어천","1709","1604","20260622",""
"20260619","수인선","야목","891","759","20260622",""
"20260619","수인선","사리","5920","5074","20260622",""
"20260619","수인선","달월","116","80","20260622",""
"20260619","수인선","월곶","3301","2953","20260622",""
"20260619","수인선","소래포구","5335","5088","20260622",""
"20260619","수인선","인천논현","6153","6503","20260622",""
"20260619","수인선","호구포","4562","4732","20260622",""
"20260619","수인선","남동인더스파크","2708","2984","20260622",""
"20260619","수인선","원인재","4879","5109","20260622",""
"20260619","수인선","연수","5435","5449","20260622",""
"20260619","수인선","송도","2939","2555","20260622",""
"20260619","수인선","인하대","8195","7529","20260622",""
"20260619","수인선","숭의","5155","4672","20260622",""
"20260619","수인선","신포","2076","2140","20260622",""
"20260619","수인선","인천","1063","1554","20260622",""
"20260619","신림선","샛강","3334","3979","20260622",""
"20260619","신림선","대방","4068","3067","20260622",""
"20260619","신림선","서울지방병무청","3634","4119","20260622",""
"20260619","신림선","보라매","5427","4764","20260622",""
"20260619","신림선","보라매공원","2837","3045","20260622",""
"20260619","신림선","보라매병원","8600","8859","20260622",""
"20260619","신림선","당곡","5532","5316","20260622",""
"20260619","신림선","신림","2734","3287","20260622",""
"20260619","신림선","서원","4076","3734","20260622",""
"20260619","신림선","서울대벤처타운","11134","10152","20260622",""
"20260619","신림선","관악산(서울대)","3259","2954","20260622",""
"20260619","안산선","산본","18308","19809","20260622",""
"20260619","안산선","대야미","5907","5173","20260622",""
"20260619","안산선","반월","4864","4716","20260622",""
"20260619","안산선","상록수","16692","16637","20260622",""
"20260619","안산선","한대앞","11625","11473","20260622",""
"20260619","안산선","중앙","20450","21663","20260622",""
"20260619","안산선","고잔","9988","9730","20260622",""
"20260619","안산선","초지","5543","5483","20260622",""
"20260619","안산선","안산","12667","12279","20260622",""
"20260619","안산선","신길온천","2322","2119","20260622",""
"20260619","안산선","정왕","10916","10965","20260622",""
"20260619","안산선","오이도","8378","8445","20260622",""
"20260619","안산선","수리산","4640","3811","20260622",""
"20260619","우이신설선","북한산우이","3071","2695","20260622",""
"20260619","우이신설선","솔밭공원","2976","2936","20260622",""
"20260619","우이신설선","4.19민주묘지","3550","3287","20260622",""
"20260619","우이신설선","가오리","4806","4790","20260622",""
"20260619","우이신설선","화계","4288","4069","20260622",""
"20260619","우이신설선","삼양","2742","2980","20260622",""
"20260619","우이신설선","삼양사거리","3108","3120","20260622",""
"20260619","우이신설선","솔샘","6665","6244","20260622",""
"20260619","우이신설선","북한산보국문","6796","6229","20260622",""
"20260619","우이신설선","정릉","5315","4739","20260622",""
"20260619","우이신설선","성신여대입구(돈암)","4382","4766","20260622",""
"20260619","우이신설선","보문","2008","1975","20260622",""
"20260619","우이신설선","신설동","2782","2671","20260622",""
"20260619","1호선","서울역","93364","92991","20260622",""
"20260619","1호선","시청","32168","32765","20260622",""
"20260619","1호선","종각","50544","48228","20260622",""
"20260619","1호선","종로3가","27847","25472","20260622",""
"20260619","1호선","종로5가","27511","26670","20260622",""
"20260619","1호선","동대문","14963","13765","20260622",""
"20260619","1호선","신설동","16793","16319","20260622",""
"20260619","1호선","제기동","16580","16907","20260622",""
"20260619","1호선","청량리(서울시립대입구)","25423","25418","20260622",""
"20260619","1호선","동묘앞","9883","10207","20260622",""
"20260619","2호선","시청","34147","30496","20260622",""
"20260619","2호선","을지로입구","63976","64269","20260622",""
"20260619","2호선","을지로3가","32991","33081","20260622",""
"20260619","2호선","을지로4가","18276","17437","20260622",""
"20260619","2호선","동대문역사문화공원(DDP)","17452","19461","20260622",""
"20260619","2호선","신당","17778","18900","20260622",""
"20260619","2호선","상왕십리","16784","16493","20260622",""
"20260619","2호선","왕십리(성동구청)","20005","18130","20260622",""
"20260619","2호선","한양대","13444","14216","20260622",""
"20260619","2호선","뚝섬","29942","31173","20260622",""
"20260619","2호선","성수","72511","75564","20260622",""
"20260619","2호선","건대입구","43436","45923","20260622",""
"20260619","2호선","구의(광진구청)","33600","32889","20260622",""
"20260619","2호선","강변(동서울터미널)","31941","29913","20260622",""
"20260619","2호선","잠실나루","18336","17677","20260622",""
"20260619","2호선","잠실(송파구청)","87834","87961","20260622",""
"20260619","2호선","잠실새내","28615","28418","20260622",""
"20260619","2호선","종합운동장","23251","26673","20260622",""
"20260619","2호선","삼성(무역센터)","68921","61178","20260622",""
"20260619","2호선","선릉","65988","57920","20260622",""
"20260619","2호선","역삼","56948","62770","20260622",""
"20260619","2호선","강남","96421","94374","20260622",""
"20260619","2호선","교대(법원.검찰청)","36718","44005","20260622",""
"20260619","2호선","서초","25223","24228","20260622",""
"20260619","2호선","방배","20437","20863","20260622",""
"20260619","2호선","사당","49974","54815","20260622",""
"20260619","2호선","낙성대(강감찬)","32098","30493","20260622",""
"20260619","2호선","서울대입구(관악구청)","53572","50568","20260622",""
"20260619","2호선","봉천","27618","25907","20260622",""
"20260619","2호선","신림","63126","61471","20260622",""
"20260619","2호선","신대방","27534","26102","20260622",""
"20260619","2호선","구로디지털단지","65645","64707","20260622",""
"20260619","2호선","대림(구로구청)","26647","27510","20260622",""
"20260619","2호선","신도림","56661","54329","20260622",""
"20260619","2호선","문래","26532","27807","20260622",""
"20260619","2호선","영등포구청","26218","26989","20260622",""
"20260619","2호선","당산","21389","24763","20260622",""
"20260619","2호선","합정","36710","41028","20260622",""
"20260619","2호선","홍대입구","82794","90030","20260622",""
"20260619","2호선","신촌","44724","44874","20260622",""
"20260619","2호선","이대","19376","20588","20260622",""
"20260619","2호선","아현","12878","12117","20260622",""
"20260619","2호선","충정로(경기대입구)","11695","12653","20260622",""
"20260619","2호선","용답","3536","3481","20260622",""
"20260619","2호선","신답","2038","2286","20260622",""
"20260619","2호선","신설동","4655","4430","20260622",""
"20260619","2호선","도림천","1491","1578","20260622",""
"20260619","2호선","양천구청","7575","8120","20260622",""
"20260619","2호선","신정네거리","11039","11533","20260622",""
"20260619","2호선","용두(동대문구청)","2734","2672","20260622",""
"20260619","3호선","지축","8402","8711","20260622",""
"20260619","3호선","구파발","24517","23706","20260622",""
"20260619","3호선","불광","18142","19362","20260622",""
"20260619","3호선","녹번","17363","15846","20260622",""
"20260619","3호선","홍제","20404","19258","20260622",""
"20260619","3호선","무악재","4836","4730","20260622",""
"20260619","3호선","독립문","8931","8974","20260622",""
"20260619","3호선","경복궁(정부서울청사)","32962","32932","20260622",""
"20260619","3호선","안국","32931","32025","20260622",""
"20260619","3호선","종로3가","14240","15670","20260622",""
"20260619","3호선","을지로3가","17261","16243","20260622",""
"20260619","3호선","충무로","13","0","20260622",""
"20260619","3호선","동대입구","12318","13471","20260622",""
"20260619","3호선","약수","15119","14842","20260622",""
"20260619","3호선","금호","9201","8518","20260622",""
"20260619","3호선","옥수","10642","10842","20260622",""
"20260619","3호선","압구정","37258","40021","20260622",""
"20260619","3호선","신사","31362","33545","20260622",""
"20260619","3호선","잠원","8449","8189","20260622",""
"20260619","3호선","고속터미널","59735","58943","20260622",""
"20260619","3호선","교대(법원.검찰청)","20352","11270","20260622",""
"20260619","3호선","남부터미널(예술의전당)","37514","37017","20260622",""
"20260619","3호선","양재(서초구청)","43917","45710","20260622",""
"20260619","3호선","매봉","15350","14616","20260622",""
"20260619","3호선","도곡","7361","7401","20260622",""
"20260619","3호선","대치","14169","14236","20260622",""
"20260619","3호선","학여울","3221","3240","20260622",""
"20260619","3호선","대청","12668","11877","20260622",""
"20260619","3호선","일원","13660","13253","20260622",""
"20260619","3호선","수서","21987","21515","20260622",""
"20260619","3호선","가락시장","10666","10421","20260622",""
"20260619","3호선","경찰병원","9030","8774","20260622",""
"20260619","3호선","오금","7436","6803","20260622",""
"20260619","4호선","불암산","10699","9186","20260622",""
"20260619","4호선","상계","21477","20346","20260622",""
"20260619","4호선","노원","23350","26795","20260622",""
"20260619","4호선","창동","31168","33138","20260622",""
"20260619","4호선","쌍문","32638","30353","20260622",""
"20260619","4호선","수유(강북구청)","38517","39221","20260622",""
"20260619","4호선","미아(서울사이버대학)","18144","17454","20260622",""
"20260619","4호선","미아사거리","29027","28998","20260622",""
"20260619","4호선","길음","24032","23731","20260622",""
"20260619","4호선","성신여대입구(돈암)","26167","25985","20260622",""
"20260619","4호선","한성대입구(삼선교)","17108","16424","20260622",""
"20260619","4호선","혜화","42992","42179","20260622",""
"20260619","4호선","동대문","22650","22315","20260622",""
"20260619","4호선","동대문역사문화공원(DDP)","23840","20485","20260622",""
"20260619","4호선","충무로","37626","39206","20260622",""
"20260619","4호선","명동","45710","48224","20260622",""
"20260619","4호선","회현(남대문시장)","33426","33985","20260622",""
"20260619","4호선","서울역","15373","26103","20260622",""
"20260619","4호선","숙대입구(갈월)","18345","18064","20260622",""
"20260619","4호선","삼각지(전쟁기념관)","8247","9884","20260622",""
"20260619","4호선","신용산","26988","29394","20260622",""
"20260619","4호선","이촌(국립중앙박물관)","10931","11494","20260622",""
"20260619","4호선","동작(현충원)","1787","1882","20260622",""
"20260619","4호선","총신대입구(이수)","22458","24179","20260622",""
"20260619","4호선","사당","30996","27028","20260622",""
"20260619","4호선","남태령","1804","1472","20260622",""
"20260619","5호선","방화","7959","7730","20260622",""
"20260619","5호선","개화산","6903","6579","20260622",""
"20260619","5호선","김포공항","15178","9098","20260622",""
"20260619","5호선","송정","7122","6870","20260622",""
"20260619","5호선","마곡","19562","19322","20260622",""
"20260619","5호선","발산","27141","28402","20260622",""
"20260619","5호선","우장산","17492","17487","20260622",""
"20260619","5호선","화곡","32661","30270","20260622",""
"20260619","5호선","까치산","31266","30295","20260622",""
"20260619","5호선","신정(은행정)","15470","12727","20260622",""
"20260619","5호선","목동","18724","20389","20260622",""
"20260619","장항선","봉명","1603","1542","20260622",""
"20260619","장항선","아산","4831","4631","20260622",""
"20260619","일산선","원흥","12457","11985","20260622",""
"20260619","일산선","지축","2","0","20260622",""
"20260619","일산선","삼송","21470","20705","20260622",""
"20260619","일산선","원당","12835","12544","20260622",""
"20260619","일산선","화정","18534","19586","20260622",""
"20260619","일산선","대곡","13775","11934","20260622",""
"20260619","일산선","백석","11302","11641","20260622",""
"20260619","일산선","마두","8795","9027","20260622",""
"20260619","일산선","정발산","7829","8250","20260622",""
"20260619","일산선","주엽","9853","9826","20260622",""
"20260619","일산선","대화","11554","9384","20260622",""
"20260619","장항선","탕정","2518","2216","20260622",""
"20260619","장항선","배방","1571","1441","20260622",""
"20260619","장항선","온양온천","5665","5929","20260622",""
"20260619","장항선","신창(순천향대)","1906","1557","20260622",""
"20260619","중앙선","회기","31376","28757","20260622",""
"20260619","중앙선","중랑","6319","6014","20260622",""
"20260619","중앙선","상봉","6877","6682","20260622",""
"20260619","중앙선","망우","8573","8255","20260622",""
"20260619","중앙선","양원","3798","3688","20260622",""
"20260619","중앙선","구리","8081","8601","20260622",""
"20260619","중앙선","도농","10365","9634","20260622",""
"20260619","중앙선","양정","552","473","20260622",""
"20260619","중앙선","덕소","5871","5885","20260622",""
"20260619","중앙선","도심","3134","2494","20260622",""
"20260619","중앙선","팔당","750","798","20260622",""
"20260619","중앙선","운길산","688","649","20260622",""
"20260619","중앙선","양수","2029","1960","20260622",""
"20260619","중앙선","신원","164","159","20260622",""
"20260619","중앙선","국수","758","782","20260622",""
"20260619","중앙선","아신","580","596","20260622",""
"20260619","중앙선","오빈","309","347","20260622",""
"20260619","중앙선","양평","3226","3676","20260622",""
"20260619","중앙선","원덕","335","387","20260622",""
"20260619","중앙선","용문","1992","2184","20260622",""
"20260619","중앙선","지평","82","59","20260622",""
"20260619","장항선","쌍용(나사렛대)","3181","2818","20260622",""
"20260619","3호선","연신내","42089","39850","20260622",""
"20260620","분당선","죽전","9784","10782","20260623",""
"20260620","경원선","창동","6","0","20260623",""
"20260620","경원선","방학","7800","7557","20260623",""
"20260620","경원선","도봉","4343","4163","20260623",""
"20260620","경원선","도봉산","6381","4443","20260623",""
"20260620","경원선","망월사","6346","6185","20260623",""
"20260620","경원선","회룡","10341","10162","20260623",""
"20260620","경원선","의정부","17432","18567","20260623",""
"20260620","경원선","가능","5036","4746","20260623",""
"20260620","경원선","녹양","3495","3372","20260623",""
"20260620","경원선","양주","6011","5542","20260623",""
"20260620","경원선","덕계","5065","4661","20260623",""
"20260620","경원선","덕정","4838","4365","20260623",""
"20260620","경원선","지행","5970","5807","20260623",""
"20260620","경원선","동두천중앙","2519","2452","20260623",""
"20260620","경원선","보산","1416","1447","20260623",""
"20260620","경원선","동두천","1260","1241","20260623",""
"20260620","경원선","소요산","1835","1787","20260623",""
"20260620","경원선","청산","164","126","20260623",""
"20260620","경원선","전곡","1485","1211","20260623",""
"20260620","경원선","연천","1060","904","20260623",""
"20260620","경의선","서울역","1309","1373","20260623",""
"20260620","경의선","신촌","349","433","20260623",""
"20260620","경의선","효창공원앞","2175","2276","20260623",""
"20260620","경의선","공덕","3940","2784","20260623",""
"20260620","경의선","서강대","2170","2013","20260623",""
"20260620","경의선","홍대입구","2565","3363","20260623",""
"20260620","경의선","가좌","4509","4314","20260623",""
"20260620","경의선","디지털미디어시티","2351","2335","20260623",""
"20260620","경의선","수색","1874","1883","20260623",""
"20260620","경의선","한국항공대","1319","1243","20260623",""
"20260620","경의선","강매","2027","1778","20260623",""
"20260620","경의선","행신","5555","5679","20260623",""
"20260620","경의선","능곡","3442","3397","20260623",""
"20260620","경의선","곡산","428","471","20260623",""
"20260620","경의선","백마","5172","4904","20260623",""
"20260620","경의선","풍산","5224","4981","20260623",""
"20260620","경의선","일산","7496","7238","20260623",""
"20260620","경의선","탄현","5904","5448","20260623",""
"20260620","경의선","야당","6157","6497","20260623",""
"20260620","경의선","운정","6319","6029","20260623",""
"20260620","경의선","금릉","3969","3866","20260623",""
"20260620","경의선","금촌","5844","5509","20260623",""
"20260620","경의선","월롱","1179","1050","20260623",""
"20260620","경의선","파주","1095","808","20260623",""
"20260620","경의선","문산","5625","4970","20260623",""
"20260620","경의선","임진강","32","33","20260623",""
"20260620","경의선","운천","7","4","20260623",""
"20260620","경인선","개봉","18116","17315","20260623",""
"20260620","경인선","오류동","9332","8574","20260623",""
"20260620","경인선","역곡","19242","19078","20260623",""
"20260620","경인선","부천","28785","29503","20260623",""
"20260620","경인선","송내","18906","18425","20260623",""
"20260620","경인선","부평","28988","31542","20260623",""
"20260620","경인선","백운","5562","5302","20260623",""
"20260620","경인선","동암","13134","13172","20260623",""
"20260620","경인선","주안","16613","14232","20260623",""
"20260620","경인선","제물포","7657","7438","20260623",""
"20260620","경인선","동인천","11419","11076","20260623",""
"20260620","경인선","인천","3686","3413","20260623",""
"20260620","경인선","구일","10090","10717","20260623",""
"20260620","경인선","소사","6727","6341","20260623",""
"20260620","경인선","부개","6559","6193","20260623",""
"20260620","경인선","간석","4797","4507","20260623",""
"20260620","경인선","도원","2259","2366","20260623",""
"20260620","경인선","온수(성공회대입구)","4672","4225","20260623",""
"20260620","경인선","중동","7111","6574","20260623",""
"20260620","경인선","도화","2947","2761","20260623",""
"20260620","경춘선","신내","1864","1720","20260623",""
"20260620","경춘선","갈매","1710","1509","20260623",""
"20260620","경춘선","별내","1889","1648","20260623",""
"20260620","경춘선","퇴계원","2400","2200","20260623",""
"20260620","경춘선","사릉","1458","1331","20260623",""
"20260620","경춘선","금곡","1118","1057","20260623",""
"20260620","경춘선","평내호평","4537","4332","20260623",""
"20260620","경춘선","천마산","1085","1070","20260623",""
"20260620","경춘선","마석","2905","2859","20260623",""
"20260620","경춘선","대성리","981","1051","20260623",""
"20260620","경춘선","청평","1600","1666","20260623",""
"20260620","경춘선","상천","232","266","20260623",""
"20260620","경춘선","가평","1956","2224","20260623",""
"20260620","경춘선","굴봉산","90","85","20260623",""
"20260620","경춘선","백양리","111","98","20260623",""
"20260620","경춘선","강촌","405","503","20260623",""
"20260620","경춘선","김유정","400","439","20260623",""
"20260620","경춘선","남춘천","3084","3114","20260623",""
"20260620","경춘선","춘천","1604","1416","20260623",""
"20260620","공항철도 1호선","서울역","16230","14933","20260623",""
"20260620","공항철도 1호선","공덕","2808","4037","20260623",""
"20260620","공항철도 1호선","홍대입구","21204","19746","20260623",""
"20260620","공항철도 1호선","디지털미디어시티","8233","8361","20260623",""
"20260620","공항철도 1호선","마곡나루(서울식물원)","7087","7776","20260623",""
"20260620","공항철도 1호선","김포공항","7689","4144","20260623",""
"20260620","공항철도 1호선","계양","7196","6847","20260623",""
"20260620","공항철도 1호선","검암","4432","4885","20260623",""
"20260620","공항철도 1호선","청라국제도시","6992","8479","20260623",""
"20260620","공항철도 1호선","운서","10162","11504","20260623",""
"20260620","공항철도 1호선","공항화물청사","1136","2010","20260623",""
"20260620","공항철도 1호선","인천공항1터미널","15236","14109","20260623",""
"20260620","공항철도 1호선","인천공항2터미널","13955","10339","20260623",""
"20260620","공항철도 1호선","영종","4285","4523","20260623",""
"20260620","과천선","선바위","5196","4235","20260623",""
"20260620","과천선","경마공원","10969","10970","20260623",""
"20260620","과천선","대공원","2825","2969","20260623",""
"20260620","과천선","과천","4119","3668","20260623",""
"20260620","과천선","정부과천청사","6927","6661","20260623",""
"20260620","과천선","인덕원","18443","18377","20260623",""
"20260620","과천선","평촌","10319","9942","20260623",""
"20260620","과천선","범계","22957","22606","20260623",""
"20260620","분당선","선릉","5496","8719","20260623",""
"20260620","분당선","한티","13386","12939","20260623",""
"20260620","분당선","도곡","5310","4920","20260623",""
"20260620","분당선","구룡","2588","2308","20260623",""
"20260620","분당선","개포동","2635","2582","20260623",""
"20260620","분당선","대모산입구","4182","3842","20260623",""
"20260620","분당선","수서","14933","15590","20260623",""
"20260620","분당선","복정","5","0","20260623",""
"20260620","분당선","수원","7225","7421","20260623",""
"20260620","분당선","서울숲","8902","9559","20260623",""
"20260620","분당선","압구정로데오","17855","20044","20260623",""
"20260620","분당선","강남구청","5791","7136","20260623",""
"20260620","분당선","선정릉","3817","3630","20260623",""
"20260620","분당선","가천대","6622","6468","20260623",""
"20260620","분당선","태평","10643","9910","20260623",""
"20260620","분당선","모란","15475","16200","20260623",""
"20260620","분당선","야탑","18377","19080","20260623",""
"20260620","분당선","서현","17843","18099","20260623",""
"20260620","분당선","수내","7853","7289","20260623",""
"20260620","분당선","정자","11028","11279","20260623",""
"20260620","분당선","미금","10299","10528","20260623",""
"20260620","분당선","오리","7509","6426","20260623",""
"20260620","분당선","이매","4306","4178","20260623",""
"20260620","분당선","보정","1681","1528","20260623",""
"20260620","분당선","구성","5718","5882","20260623",""
"20260620","분당선","신갈","3119","3004","20260623",""
"20260620","분당선","기흥","7292","6670","20260623",""
"20260620","분당선","상갈","3803","3652","20260623",""
"20260620","분당선","청명","2998","3021","20260623",""
"20260620","분당선","영통","7466","7004","20260623",""
"20260620","분당선","망포","9975","9187","20260623",""
"20260620","분당선","매탄권선","4218","3873","20260623",""
"20260620","분당선","수원시청","12187","13585","20260623",""
"20260620","분당선","매교","3351","3374","20260623",""
"20260620","서해선","김포공항","2607","4232","20260623",""
"20260620","서해선","원종","4540","4357","20260623",""
"20260620","서해선","부천종합운동장","2031","1747","20260623",""
"20260620","수인선","고색","3209","3151","20260623",""
"20260620","수인선","오목천","2838","2274","20260623",""
"20260620","수인선","어천","1248","1102","20260623",""
"20260620","수인선","야목","535","455","20260623",""
"20260620","수인선","사리","3733","3112","20260623",""
"20260620","수인선","달월","54","54","20260623",""
"20260620","수인선","월곶","2187","2072","20260623",""
"20260620","수인선","소래포구","4028","4053","20260623",""
"20260620","수인선","인천논현","4381","4461","20260623",""
"20260620","수인선","호구포","2660","2461","20260623",""
"20260620","수인선","남동인더스파크","961","893","20260623",""
"20260620","수인선","원인재","3536","3665","20260623",""
"20260620","수인선","연수","4266","4308","20260623",""
"20260620","수인선","송도","2078","1871","20260623",""
"20260620","수인선","인하대","5134","4477","20260623",""
"20260620","수인선","숭의","3272","2915","20260623",""
"20260620","수인선","신포","1496","1590","20260623",""
"20260620","수인선","인천","1076","1508","20260623",""
"20260620","신림선","샛강","1147","1447","20260623",""
"20260620","신림선","대방","3084","1876","20260623",""
"20260620","신림선","서울지방병무청","2363","2492","20260623",""
"20260620","신림선","보라매","3446","2958","20260623",""
"20260620","신림선","보라매공원","1348","1415","20260623",""
"20260620","신림선","보라매병원","3761","3724","20260623",""
"20260620","신림선","당곡","3685","3413","20260623",""
"20260620","신림선","신림","1872","2111","20260623",""
"20260620","신림선","서원","2924","2419","20260623",""
"20260620","신림선","서울대벤처타운","8235","6937","20260623",""
"20260620","신림선","관악산(서울대)","1990","1957","20260623",""
"20260620","안산선","산본","13607","14251","20260623",""
"20260620","안산선","대야미","3988","3489","20260623",""
"20260620","안산선","반월","3333","3180","20260623",""
"20260620","안산선","상록수","11518","11323","20260623",""
"20260620","안산선","한대앞","7710","7377","20260623",""
"20260620","안산선","중앙","16563","17228","20260623",""
"20260620","안산선","고잔","6602","6448","20260623",""
"20260620","안산선","초지","3635","3457","20260623",""
"20260620","안산선","안산","9169","10043","20260623",""
"20260620","안산선","신길온천","1610","1493","20260623",""
"20260620","안산선","정왕","7187","7294","20260623",""
"20260620","안산선","오이도","6070","6310","20260623",""
"20260620","안산선","수리산","2933","2344","20260623",""
"20260620","우이신설선","북한산우이","2734","3176","20260623",""
"20260620","우이신설선","솔밭공원","1999","1855","20260623",""
"20260620","우이신설선","4.19민주묘지","2438","2152","20260623",""
"20260620","우이신설선","가오리","3375","3212","20260623",""
"20260620","우이신설선","화계","2783","2500","20260623",""
"20260620","우이신설선","삼양","2063","1995","20260623",""
"20260620","우이신설선","삼양사거리","2282","2150","20260623",""
"20260620","우이신설선","솔샘","4127","3666","20260623",""
"20260620","우이신설선","북한산보국문","4914","4131","20260623",""
"20260620","우이신설선","정릉","3812","3040","20260623",""
"20260620","우이신설선","성신여대입구(돈암)","3217","3712","20260623",""
"20260620","우이신설선","보문","1500","1445","20260623",""
"20260620","우이신설선","신설동","1638","1548","20260623",""
"20260620","일산선","원흥","8123","7511","20260623",""
"20260620","일산선","삼송","14645","14053","20260623",""
"20260620","일산선","원당","9018","8528","20260623",""
"20260620","일산선","화정","13391","14003","20260623",""
"20260620","일산선","대곡","8736","8550","20260623",""
"20260620","일산선","백석","8033","8117","20260623",""
"20260620","일산선","마두","5324","5187","20260623",""
"20260620","일산선","정발산","6190","6408","20260623",""
"20260620","일산선","주엽","6953","6682","20260623",""
"20260620","일산선","대화","7357","6385","20260623",""
"20260620","장항선","봉명","892","819","20260623",""
"20260620","장항선","쌍용(나사렛대)","2257","2083","20260623",""
"20260620","장항선","아산","4254","3663","20260623",""
"20260620","장항선","탕정","1911","1630","20260623",""
"20260620","9호선","김포공항","5489","11378","20260623",""
"20260620","9호선","공항시장","2288","2274","20260623",""
"20260620","9호선","신방화","5305","4854","20260623",""
"20260620","9호선","마곡나루(서울식물원)","12099","11753","20260623",""
"20260620","9호선","양천향교","6976","6583","20260623",""
"20260620","9호선","가양","16029","15784","20260623",""
"20260620","9호선","증미","4059","3735","20260623",""
"20260620","9호선","등촌","8900","8341","20260623",""
"20260620","9호선","염창","13974","12798","20260623",""
"20260620","9호선","신목동","2721","2334","20260623",""
"20260620","9호선","선유도","4525","4191","20260623",""
"20260620","9호선","당산","15729","14514","20260623",""
"20260620","9호선","국회의사당","6684","6752","20260623",""
"20260620","9호선","여의도","17067","15933","20260623",""
"20260620","9호선","샛강","3417","3566","20260623",""
"20260620","9호선","노량진","23313","22176","20260623",""
"20260620","9호선","노들","3751","3159","20260623",""
"20260620","9호선","흑석(중앙대입구)","6711","6400","20260623",""
"20260620","9호선","동작(현충원)","1628","1551","20260623",""
"20260620","9호선","구반포","2011","1745","20260623",""
"20260620","9호선","신반포","3619","3525","20260623",""
"20260620","9호선","고속터미널","18095","26402","20260623",""
"20260620","9호선","사평","3245","2954","20260623",""
"20260620","9호선","신논현","29646","31294","20260623",""
"20260620","9호선2~3단계","언주","7972","7972","20260623",""
"20260620","9호선2~3단계","선정릉","6201","6878","20260623",""
"20260620","9호선2~3단계","삼성중앙","4081","4003","20260623",""
"20260620","9호선2~3단계","봉은사","20981","24834","20260623",""
"20260620","9호선2~3단계","종합운동장","5512","4843","20260623",""
"20260620","9호선2~3단계","삼전","6498","6090","20260623",""
"20260620","9호선2~3단계","석촌고분","6269","5918","20260623",""
"20260620","9호선2~3단계","석촌","8900","7717","20260623",""
"20260620","9호선2~3단계","송파나루","5585","6338","20260623",""
"20260620","9호선2~3단계","한성백제","3121","2707","20260623",""
"20260620","9호선2~3단계","올림픽공원(한국체대)","26192","28309","20260623",""
"20260620","9호선2~3단계","둔촌오륜","3296","3160","20260623",""
"20260620","9호선2~3단계","중앙보훈병원","7144","6312","20260623",""
"20260620","경강선","판교","4155","3817","20260623",""
"20260620","경강선","이매","854","649","20260623",""
"20260620","경강선","삼동","1495","1356","20260623",""
"20260620","경강선","경기광주","5885","5557","20260623",""
"20260620","경강선","초월","2688","2383","20260623",""
"20260620","경강선","곤지암","1828","1777","20260623",""
"20260620","경강선","신둔도예촌","1292","1213","20260623",""
"20260620","경강선","이천","3083","3201","20260623",""
"20260620","경강선","부발","2142","1939","20260623",""
"20260620","경강선","세종대왕릉","366","366","20260623",""
"20260620","경강선","여주","2968","3148","20260623",""
"20260620","경강선","성남","1028","942","20260623",""
"20260620","경부선","서울역","12846","4052","20260623",""
"20260620","경부선","남영","7289","7484","20260623",""
"20260620","경부선","용산","59772","63179","20260623",""
"20260620","경부선","노량진","8874","8657","20260623",""
"20260620","경부선","대방","6589","7721","20260623",""
"20260620","경부선","영등포","48126","49533","20260623",""
"20260620","경부선","신도림","3080","4067","20260623",""
"20260620","경부선","신길","6551","5626","20260623",""
"20260620","경부선","구로","14265","15202","20260623",""
"20260620","경부선","가산디지털단지","6313","7727","20260623",""
"20260620","경부선","금천구청","7430","7554","20260623",""
"20260620","경부선","석수","6131","5670","20260623",""
"20260620","경부선","관악","5513","5690","20260623",""
"20260620","경부선","안양","18263","17927","20260623",""
"20260620","경부선","명학","4855","4672","20260623",""
"20260620","경부선","금정","21433","21184","20260623",""
"20260620","경부선","군포","3967","3577","20260623",""
"20260620","경부선","의왕","5743","5551","20260623",""
"20260620","경부선","성균관대","12311","11466","20260623",""
"20260620","경부선","화서","10506","10686","20260623",""
"20260620","경부선","수원","42440","46613","20260623",""
"20260620","경부선","독산","9362","8787","20260623",""
"20260620","경부선","세류","3005","3066","20260623",""
"20260620","경부선","병점","13218","13011","20260623",""
"20260620","경부선","세마","2658","2482","20260623",""
"20260620","경부선","오산대","3122","2819","20260623",""
"20260620","경부선","오산","9788","9258","20260623",""
"20260620","경부선","진위","1117","1003","20260623",""
"20260620","경부선","송탄","4785","4420","20260623",""
"20260620","경부선","서정리","8534","7398","20260623",""
"20260620","경부선","평택지제","4990","4169","20260623",""
"20260620","경부선","평택","14445","13963","20260623",""
"20260620","경부선","성환","3892","3539","20260623",""
"20260620","경부선","직산","925","898","20260623",""
"20260620","경부선","두정","7832","7510","20260623",""
"20260620","경부선","천안","7838","7629","20260623",""
"20260620","경부선","당정","3988","3834","20260623",""
"20260620","경부선","서동탄","1086","1020","20260623",""
"20260620","경부선","광명","3265","2780","20260623",""
"20260620","경원선","이촌(국립중앙박물관)","3152","2543","20260623",""
"20260620","경원선","서빙고","1552","1432","20260623",""
"20260620","경원선","한남","2401","2598","20260623",""
"20260620","경원선","옥수","40","36","20260623",""
"20260620","경원선","응봉","1360","1227","20260623",""
"20260620","경원선","왕십리(성동구청)","16054","16240","20260623",""
"20260620","경원선","청량리(서울시립대입구)","20022","20308","20260623",""
"20260620","경원선","외대앞","10138","9130","20260623",""
"20260620","경원선","신이문","6543","5751","20260623",""
"20260620","경원선","석계","6577","6848","20260623",""
"20260620","경원선","광운대","6602","5947","20260623",""
"20260620","경원선","월계","4782","4552","20260623",""
"20260620","경원선","녹천","3438","3029","20260623",""
"20260620","일산선","지축","2","0","20260623",""
"20260620","5호선","상일동","9708","9457","20260623",""
"20260620","중앙선","구리","6157","6749","20260623",""
"20260620","중앙선","도농","6861","6468","20260623",""
"20260620","중앙선","양정","406","355","20260623",""
"20260620","중앙선","덕소","4420","4503","20260623",""
"20260620","중앙선","도심","1934","1555","20260623",""
"20260620","중앙선","팔당","788","862","20260623",""
"20260620","중앙선","운길산","740","827","20260623",""
"20260620","중앙선","양수","1680","1701","20260623",""
"20260620","중앙선","신원","150","174","20260623",""
"20260620","중앙선","국수","603","578","20260623",""
"20260620","중앙선","아신","481","476","20260623",""
"20260620","중앙선","오빈","339","318","20260623",""
"20260620","중앙선","양평","2711","2811","20260623",""
"20260620","중앙선","원덕","320","347","20260623",""
"20260620","중앙선","용문","2310","2528","20260623",""
"20260620","중앙선","지평","61","57","20260623",""
"20260620","장항선","배방","1150","1215","20260623",""
"20260620","장항선","온양온천","4550","4659","20260623",""
"20260620","장항선","신창(순천향대)","1137","1069","20260623",""
"20260620","중앙선","회기","23590","21711","20260623",""
"20260620","중앙선","중랑","4702","4422","20260623",""
"20260620","중앙선","상봉","4938","4839","20260623",""
"20260620","중앙선","망우","6398","6211","20260623",""
"20260620","중앙선","양원","2002","1950","20260623",""
"20260620","8호선","복정","6536","5509","20260623",""
"20260620","8호선","산성","4623","4636","20260623",""
"20260620","8호선","남한산성입구(성남법원.검찰청)","8500","7207","20260623",""
"20260620","8호선","단대오거리","8571","8187","20260623",""
"20260620","8호선","신흥","4567","4506","20260623",""
"20260620","8호선","수진","4590","4107","20260623",""
"20260620","8호선","모란","4108","3541","20260623",""
"20260620","8호선","남위례","5657","5555","20260623",""
"20260620","9호선","개화","1514","1286","20260623",""
"20260620","1호선","서울역","70587","69388","20260623",""
"20260620","1호선","시청","17136","17955","20260623",""
"20260620","1호선","종각","25659","25819","20260623",""
"20260620","1호선","종로3가","25733","24276","20260623",""
"20260620","1호선","종로5가","21576","21179","20260623",""
"20260620","1호선","동대문","13140","13191","20260623",""
"20260620","1호선","신설동","10984","9927","20260623",""
"20260620","1호선","제기동","13306","13305","20260623",""
"20260620","1호선","청량리(서울시립대입구)","22143","22349","20260623",""
"20260620","1호선","동묘앞","8413","8655","20260623",""
"20260620","2호선","시청","13864","11502","20260623",""
"20260620","2호선","을지로입구","37799","39576","20260623",""
"20260620","2호선","을지로3가","16804","17673","20260623",""
"20260620","2호선","을지로4가","11341","10906","20260623",""
"20260620","2호선","동대문역사문화공원(DDP)","14871","16838","20260623",""
"20260620","2호선","신당","13142","13808","20260623",""
"20260620","2호선","상왕십리","11194","10390","20260623",""
"20260620","2호선","왕십리(성동구청)","15077","13739","20260623",""
"20260620","2호선","한양대","6605","7152","20260623",""
"20260620","2호선","뚝섬","17244","17097","20260623",""
"20260620","2호선","성수","48468","52525","20260623",""
"20260620","2호선","건대입구","37800","40334","20260623",""
"20260620","2호선","구의(광진구청)","22662","21641","20260623",""
"20260620","2호선","강변(동서울터미널)","26196","24227","20260623",""
"20260620","2호선","잠실나루","9469","9183","20260623",""
"20260620","2호선","잠실(송파구청)","77175","75276","20260623",""
"20260620","2호선","잠실새내","20826","20855","20260623",""
"20260620","2호선","종합운동장","18076","21202","20260623",""
"20260620","2호선","삼성(무역센터)","43228","39262","20260623",""
"20260620","2호선","선릉","29264","25102","20260623",""
"20260620","2호선","역삼","19732","21809","20260623",""
"20260620","2호선","강남","62555","61303","20260623",""
"20260620","2호선","교대(법원.검찰청)","17301","22138","20260623",""
"20260620","2호선","서초","14246","12650","20260623",""
"20260620","2호선","방배","11031","11119","20260623",""
"20260620","2호선","사당","40968","44886","20260623",""
"20260620","2호선","낙성대(강감찬)","23271","21225","20260623",""
"20260620","2호선","서울대입구(관악구청)","37566","35604","20260623",""
"20260620","2호선","봉천","19375","17593","20260623",""
"20260620","2호선","신림","48493","45906","20260623",""
"20260620","2호선","신대방","20603","18850","20260623",""
"20260620","2호선","구로디지털단지","38162","36706","20260623",""
"20260620","2호선","대림(구로구청)","18888","19967","20260623",""
"20260620","2호선","신도림","45309","44421","20260623",""
"20260620","2호선","문래","14751","16246","20260623",""
"20260620","2호선","영등포구청","15535","16212","20260623",""
"20260620","2호선","당산","13627","14878","20260623",""
"20260620","2호선","합정","31349","35759","20260623",""
"20260620","2호선","홍대입구","82435","93635","20260623",""
"20260620","2호선","신촌","36434","36443","20260623",""
"20260620","2호선","이대","13555","13778","20260623",""
"20260620","2호선","아현","8847","7963","20260623",""
"20260620","2호선","충정로(경기대입구)","7097","7584","20260623",""
"20260620","2호선","용답","2462","2266","20260623",""
"20260620","2호선","신답","1269","1303","20260623",""
"20260620","2호선","신설동","3456","3298","20260623",""
"20260620","2호선","도림천","849","883","20260623",""
"20260620","2호선","양천구청","4829","4772","20260623",""
"20260620","2호선","신정네거리","7294","7181","20260623",""
"20260620","2호선","용두(동대문구청)","1697","1595","20260623",""
"20260620","3호선","지축","5457","5388","20260623",""
"20260620","3호선","구파발","17152","17218","20260623",""
"20260620","3호선","연신내","31105","29324","20260623",""
"20260620","3호선","불광","13095","14231","20260623",""
"20260620","3호선","녹번","11208","9663","20260623",""
"20260620","3호선","홍제","14613","13479","20260623",""
"20260620","3호선","무악재","3153","2986","20260623",""
"20260620","3호선","독립문","6566","6675","20260623",""
"20260620","3호선","경복궁(정부서울청사)","18860","19074","20260623",""
"20260620","3호선","안국","20488","22731","20260623",""
"20260620","3호선","종로3가","9573","11788","20260623",""
"20260620","3호선","을지로3가","9121","8710","20260623",""
"20260620","3호선","충무로","4","0","20260623",""
"20260620","3호선","동대입구","9430","10330","20260623",""
"20260620","3호선","약수","10107","9809","20260623",""
"20260620","3호선","금호","6217","5687","20260623",""
"20260620","3호선","옥수","7437","7499","20260623",""
"20260620","3호선","압구정","25792","27210","20260623",""
"20260620","3호선","신사","22269","23290","20260623",""
"20260620","3호선","잠원","5493","5152","20260623",""
"20260620","3호선","고속터미널","63553","60193","20260623",""
"20260620","3호선","교대(법원.검찰청)","10756","5429","20260623",""
"20260620","3호선","남부터미널(예술의전당)","25659","24787","20260623",""
"20260620","3호선","양재(서초구청)","22060","23344","20260623",""
"20260620","3호선","도곡","4329","4128","20260623",""
"20260620","3호선","대치","10147","8977","20260623",""
"20260620","3호선","학여울","2328","2348","20260623",""
"20260620","3호선","대청","6798","6291","20260623",""
"20260620","3호선","일원","6658","6345","20260623",""
"20260620","3호선","수서","15918","14930","20260623",""
"20260620","3호선","가락시장","6893","6541","20260623",""
"20260620","3호선","경찰병원","4785","4688","20260623",""
"20260620","3호선","오금","4038","3955","20260623",""
"20260620","4호선","불암산","7453","6807","20260623",""
"20260620","4호선","상계","15354","14062","20260623",""
"20260620","4호선","노원","17848","20254","20260623",""
"20260620","4호선","창동","22860","23648","20260623",""
"20260620","4호선","쌍문","23217","20590","20260623",""
"20260620","4호선","수유(강북구청)","28863","28117","20260623",""
"20260620","4호선","미아(서울사이버대학)","12756","11818","20260623",""
"20260620","4호선","미아사거리","22165","20991","20260623",""
"20260620","4호선","길음","15775","14516","20260623",""
"20260620","4호선","성신여대입구(돈암)","19956","19446","20260623",""
"20260620","4호선","한성대입구(삼선교)","12243","11649","20260623",""
"20260620","4호선","혜화","34735","36606","20260623",""
"20260620","4호선","동대문","15738","16299","20260623",""
"20260620","4호선","동대문역사문화공원(DDP)","19270","16597","20260623",""
"20260620","4호선","충무로","20745","21464","20260623",""
"20260620","4호선","명동","37685","40737","20260623",""
"20260620","4호선","회현(남대문시장)","22347","23769","20260623",""
"20260620","4호선","서울역","8864","20400","20260623",""
"20260620","4호선","숙대입구(갈월)","12701","12557","20260623",""
"20260620","4호선","삼각지(전쟁기념관)","6952","9569","20260623",""
"20260620","4호선","신용산","19909","22212","20260623",""
"20260620","4호선","이촌(국립중앙박물관)","12335","12752","20260623",""
"20260620","4호선","동작(현충원)","1391","1506","20260623",""
"20260620","4호선","총신대입구(이수)","15628","16758","20260623",""
"20260620","4호선","사당","24277","23128","20260623",""
"20260620","4호선","남태령","1209","665","20260623",""
"20260620","5호선","방화","5395","5247","20260623",""
"20260620","5호선","개화산","4363","4165","20260623",""
"20260620","5호선","김포공항","12666","8033","20260623",""
"20260620","5호선","송정","5270","5083","20260623",""
"20260620","5호선","마곡","11199","11065","20260623",""
"20260620","5호선","발산","17642","18967","20260623",""
"20260620","5호선","우장산","11533","11387","20260623",""
"20260620","5호선","화곡","21484","19759","20260623",""
"20260620","5호선","까치산","22119","20637","20260623",""
"20260620","5호선","신정(은행정)","9890","8424","20260623",""
"20260620","5호선","목동","11790","11682","20260623",""
"20260620","5호선","오목교(목동운동장앞)","16883","17370","20260623",""
"20260620","5호선","양평","4713","4382","20260623",""
"20260620","5호선","영등포구청","2980","2825","20260623",""
"20260620","5호선","영등포시장","9556","9536","20260623",""
"20260620","5호선","신길","4086","3952","20260623",""
"20260620","5호선","여의도","15255","16726","20260623",""
"20260620","5호선","여의나루","8751","11203","20260623",""
"20260620","5호선","마포","9318","9152","20260623",""
"20260620","5호선","공덕","8633","8994","20260623",""
"20260620","5호선","애오개","4564","4403","20260623",""
"20260620","5호선","충정로(경기대입구)","2394","2407","20260623",""
"20260620","5호선","서대문","8850","8472","20260623",""
"20260620","5호선","광화문(세종문화회관)","20130","21624","20260623",""
"20260620","5호선","종로3가","16053","17498","20260623",""
"20260620","5호선","을지로4가","4305","4474","20260623",""
"20260620","5호선","동대문역사문화공원(DDP)","1927","2091","20260623",""
"20260620","5호선","청구","2360","2444","20260623",""
"20260620","5호선","신금호","4483","4655","20260623",""
"20260620","5호선","행당","6139","5239","20260623",""
"20260620","5호선","왕십리(성동구청)","3980","5151","20260623",""
"20260620","5호선","마장","4635","4360","20260623",""
"20260620","5호선","답십리","11344","9876","20260623",""
"20260620","5호선","장한평","13769","13149","20260623",""
"20260620","5호선","군자(능동)","10558","12009","20260623",""
"20260620","5호선","아차산(어린이대공원후문)","11820","11496","20260623",""
"20260620","5호선","광나루(장신대)","8782","8089","20260623",""
"20260620","5호선","천호(풍납토성)","20080","18979","20260623",""
"20260620","5호선","길동","7599","7596","20260623",""
"20260620","5호선","굽은다리(강동구민회관앞)","8026","7570","20260623",""
"20260620","5호선","명일","6050","5948","20260623",""
"20260620","5호선","고덕","7347","6971","20260623",""
"20260620","3호선","매봉","7115","7036","20260623",""
"20260620","5호선","둔촌동","11050","10430","20260623",""
"20260620","5호선","올림픽공원(한국체대)","11171","10425","20260623",""
"20260620","5호선","방이","7270","6665","20260623",""
"20260620","5호선","오금","2443","2357","20260623",""
"20260620","5호선","개롱","4728","4854","20260623",""
"20260620","5호선","거여","7164","6861","20260623",""
"20260620","5호선","마천","5115","4804","20260623",""
"20260620","5호선","강일","4297","3880","20260623",""
"20260620","5호선","미사","14689","14636","20260623",""
"20260620","5호선","하남풍산","3400","3380","20260623",""
"20260620","5호선","하남시청(덕풍·신장)","7029","6688","20260623",""
"20260620","5호선","하남검단산","5871","5491","20260623",""
"20260620","6호선","응암","13639","13403","20260623",""
"20260620","6호선","역촌","3132","3523","20260623",""
"20260620","6호선","불광","4235","3707","20260623",""
"20260620","6호선","독바위","1924","1937","20260623",""
"20260620","6호선","연신내","3","0","20260623",""
"20260620","6호선","구산","6387","4900","20260623",""
"20260620","6호선","새절(신사)","9534","8799","20260623",""
"20260620","6호선","증산(명지대앞)","7302","7017","20260623",""
"20260620","6호선","디지털미디어시티","9110","9215","20260623",""
"20260620","6호선","월드컵경기장(성산)","8501","8118","20260623",""
"20260620","6호선","마포구청","11108","9878","20260623",""
"20260620","6호선","망원","15297","16322","20260623",""
"20260620","6호선","합정","13660","13507","20260623",""
"20260620","6호선","상수","11975","13597","20260623",""
"20260620","6호선","광흥창(서강)","6231","5755","20260623",""
"20260620","6호선","대흥(서강대앞)","7602","7620","20260623",""
"20260620","6호선","공덕","12729","12359","20260623",""
"20260620","6호선","효창공원앞","5577","4898","20260623",""
"20260620","6호선","삼각지(전쟁기념관)","8898","7812","20260623",""
"20260620","6호선","녹사평(용산구청)","5306","6123","20260623",""
"20260620","6호선","이태원","13503","17799","20260623",""
"20260620","6호선","한강진","9456","12179","20260623",""
"20260620","6호선","버티고개","1667","1712","20260623",""
"20260620","6호선","약수","2971","2961","20260623",""
"20260620","6호선","청구","2907","2490","20260623",""
"20260620","6호선","신당","7658","7268","20260623",""
"20260620","6호선","동묘앞","9839","10040","20260623",""
"20260620","6호선","창신","2448","1973","20260623",""
"20260620","6호선","보문","6260","5673","20260623",""
"20260620","6호선","안암(고대병원앞)","10551","9078","20260623",""
"20260620","6호선","고려대(종암)","6769","6478","20260623",""
"20260620","6호선","월곡(동덕여대)","7752","7114","20260623",""
"20260620","6호선","상월곡(한국과학기술연구원)","4782","4232","20260623",""
"20260620","6호선","돌곶이","8442","7693","20260623",""
"20260620","6호선","석계","9451","9210","20260623",""
"20260620","6호선","태릉입구","4740","5047","20260623",""
"20260620","6호선","화랑대(서울여대입구)","7450","6191","20260623",""
"20260620","6호선","봉화산(서울의료원)","5366","5170","20260623",""
"20260620","6호선","신내","2","0","20260623",""
"20260620","7호선","장암","1915","1177","20260623",""
"20260620","7호선","도봉산","6433","7778","20260623",""
"20260620","7호선","수락산","10218","9944","20260623",""
"20260620","7호선","마들","10397","9474","20260623",""
"20260620","7호선","노원","17028","17926","20260623",""
"20260620","7호선","중계","10039","8958","20260623",""
"20260620","7호선","하계","13505","12213","20260623",""
"20260620","7호선","공릉(서울과학기술대)","10055","9489","20260623",""
"20260620","7호선","태릉입구","6900","6475","20260623",""
"20260620","7호선","먹골","8418","8124","20260623",""
"20260620","7호선","중화","8514","8060","20260623",""
"20260620","7호선","상봉","15108","14744","20260623",""
"20260620","7호선","면목","11468","10848","20260623",""
"20260620","7호선","사가정","12794","12211","20260623",""
"20260620","7호선","용마산(용마폭포공원)","4243","3943","20260623",""
"20260620","7호선","중곡","7298","6817","20260623",""
"20260620","7호선","군자(능동)","12744","9596","20260623",""
"20260620","7호선","어린이대공원(세종대)","11217","10301","20260623",""
"20260620","7호선","건대입구","12903","13336","20260623",""
"20260620","7호선","자양(뚝섬한강공원)","7753","7668","20260623",""
"20260620","7호선","청담","12238","12999","20260623",""
"20260620","7호선","강남구청","10933","12326","20260623",""
"20260620","7호선","학동","11944","12326","20260623",""
"20260620","7호선","논현","11865","12936","20260623",""
"20260620","7호선","반포","5774","5437","20260623",""
"20260620","7호선","고속터미널","18401","13700","20260623",""
"20260620","7호선","내방","9004","8852","20260623",""
"20260620","7호선","이수","14283","13760","20260623",""
"20260620","7호선","남성","8520","7723","20260623",""
"20260620","7호선","숭실대입구(살피재)","9459","8991","20260623",""
"20260620","7호선","장승배기","7239","6866","20260623",""
"20260620","7호선","신대방삼거리","11697","10827","20260623",""
"20260620","7호선","보라매","5425","5423","20260623",""
"20260620","7호선","신풍","9257","8704","20260623",""
"20260620","7호선","대림(구로구청)","8375","8688","20260623",""
"20260620","7호선","남구로","8622","8841","20260623",""
"20260620","7호선","가산디지털단지","14828","13561","20260623",""
"20260620","7호선","철산","16461","16638","20260623",""
"20260620","7호선","광명사거리","17612","17546","20260623",""
"20260620","7호선","천왕","7632","7354","20260623",""
"20260620","7호선","온수(성공회대입구)","5602","5646","20260623",""
"20260620","8호선","암사역사공원","4673","4210","20260623",""
"20260620","8호선","암사","12154","11100","20260623",""
"20260620","8호선","천호(풍납토성)","16286","18513","20260623",""
"20260620","8호선","강동구청","7231","7009","20260623",""
"20260620","8호선","몽촌토성(평화의문)","7314","7721","20260623",""
"20260620","8호선","잠실(송파구청)","19811","23569","20260623",""
"20260620","8호선","석촌","7318","8828","20260623",""
"20260620","8호선","송파","7685","7214","20260623",""
"20260620","8호선","가락시장","6233","6440","20260623",""
"20260620","8호선","문정","10871","10895","20260623",""
"20260620","8호선","장지","12959","11775","20260623",""
"20260620","5호선","강동","14216","13825","20260623",""
"20260620","7호선","상도","8973","8184","20260623",""
"20260621","5호선","종로3가","12827","12379","20260624",""
"20260621","2호선","낙성대(강감찬)","19266","19494","20260624",""
"20260621","2호선","서울대입구(관악구청)","29988","29781","20260624",""
"20260621","2호선","봉천","15407","14780","20260624",""
"20260621","2호선","신림","39790","39003","20260624",""
"20260621","2호선","신대방","17927","17073","20260624",""
"20260621","2호선","구로디지털단지","30150","29406","20260624",""
"20260621","2호선","대림(구로구청)","18234","18467","20260624",""
"20260621","2호선","신도림","32915","31898","20260624",""
"20260621","2호선","문래","10605","11329","20260624",""
"20260621","2호선","영등포구청","11074","11630","20260624",""
"20260621","2호선","당산","10866","11340","20260624",""
"20260621","2호선","합정","26650","28289","20260624",""
"20260621","2호선","홍대입구","74281","77712","20260624",""
"20260621","2호선","신촌","29066","28993","20260624",""
"20260621","2호선","이대","10872","11687","20260624",""
"20260621","2호선","아현","6780","6571","20260624",""
"20260621","2호선","충정로(경기대입구)","4627","5084","20260624",""
"20260621","2호선","용답","2352","2244","20260624",""
"20260621","2호선","신답","1033","1114","20260624",""
"20260621","2호선","신설동","4040","4042","20260624",""
"20260621","2호선","도림천","704","727","20260624",""
"20260621","2호선","양천구청","4089","4126","20260624",""
"20260621","2호선","신정네거리","5785","5868","20260624",""
"20260621","2호선","용두(동대문구청)","1676","1626","20260624",""
"20260621","3호선","지축","4644","4580","20260624",""
"20260621","3호선","구파발","14993","15369","20260624",""
"20260621","3호선","연신내","24976","23564","20260624",""
"20260621","3호선","불광","11322","12438","20260624",""
"20260621","3호선","녹번","8384","7640","20260624",""
"20260621","3호선","홍제","11819","10924","20260624",""
"20260621","3호선","무악재","2361","2507","20260624",""
"20260621","3호선","독립문","5706","6166","20260624",""
"20260621","3호선","경복궁(정부서울청사)","19511","20497","20260624",""
"20260621","3호선","안국","18410","19607","20260624",""
"20260621","3호선","종로3가","6993","8023","20260624",""
"20260621","3호선","을지로3가","7721","6735","20260624",""
"20260621","3호선","충무로","3","0","20260624",""
"20260621","3호선","동대입구","10006","11116","20260624",""
"20260621","3호선","약수","8289","8187","20260624",""
"20260621","3호선","금호","5091","4855","20260624",""
"20260621","3호선","옥수","6516","6733","20260624",""
"20260621","3호선","압구정","17545","18205","20260624",""
"20260621","3호선","신사","12495","12804","20260624",""
"20260621","3호선","잠원","4491","4308","20260624",""
"20260621","3호선","고속터미널","53536","48734","20260624",""
"20260621","3호선","교대(법원.검찰청)","6642","3387","20260624",""
"20260621","3호선","남부터미널(예술의전당)","17504","17919","20260624",""
"20260621","3호선","양재(서초구청)","16576","18030","20260624",""
"20260621","3호선","매봉","5302","5403","20260624",""
"20260621","3호선","도곡","2832","2782","20260624",""
"20260621","3호선","대치","6880","6126","20260624",""
"20260621","3호선","학여울","1234","1246","20260624",""
"20260621","3호선","대청","5462","5461","20260624",""
"20260621","3호선","일원","5214","5216","20260624",""
"20260621","3호선","수서","13269","12937","20260624",""
"20260621","3호선","가락시장","4898","4948","20260624",""
"20260621","3호선","경찰병원","3509","3565","20260624",""
"20260621","3호선","오금","3338","3262","20260624",""
"20260621","4호선","불암산","6799","6432","20260624",""
"20260621","4호선","상계","12687","11721","20260624",""
"20260621","4호선","노원","15098","16213","20260624",""
"20260621","4호선","창동","19606","20202","20260624",""
"20260621","4호선","쌍문","18681","16991","20260624",""
"20260621","4호선","수유(강북구청)","25281","24200","20260624",""
"20260621","4호선","미아(서울사이버대학)","10500","9833","20260624",""
"20260621","4호선","미아사거리","17639","17224","20260624",""
"20260621","4호선","길음","12679","12445","20260624",""
"20260621","4호선","성신여대입구(돈암)","16545","16481","20260624",""
"20260621","4호선","한성대입구(삼선교)","10155","10260","20260624",""
"20260621","4호선","혜화","28456","29620","20260624",""
"20260621","4호선","동대문","11852","11894","20260624",""
"20260621","4호선","동대문역사문화공원(DDP)","18367","15463","20260624",""
"20260621","4호선","충무로","15709","16320","20260624",""
"20260621","4호선","명동","35183","36797","20260624",""
"20260621","4호선","회현(남대문시장)","13714","14252","20260624",""
"20260621","4호선","서울역","7493","17102","20260624",""
"20260621","4호선","숙대입구(갈월)","11059","11070","20260624",""
"20260621","4호선","삼각지(전쟁기념관)","5503","7109","20260624",""
"20260621","4호선","신용산","16845","17836","20260624",""
"20260621","4호선","이촌(국립중앙박물관)","9169","9488","20260624",""
"20260621","4호선","동작(현충원)","1722","1808","20260624",""
"20260621","4호선","총신대입구(이수)","13033","14036","20260624",""
"20260621","4호선","사당","19273","18230","20260624",""
"20260621","4호선","남태령","999","673","20260624",""
"20260621","5호선","방화","4410","4387","20260624",""
"20260621","5호선","개화산","3611","3745","20260624",""
"20260621","5호선","김포공항","11457","7268","20260624",""
"20260621","5호선","송정","4449","4334","20260624",""
"20260621","5호선","마곡","9038","9094","20260624",""
"20260621","5호선","발산","12396","13079","20260624",""
"20260621","5호선","우장산","9023","9239","20260624",""
"20260621","5호선","화곡","17165","16213","20260624",""
"20260621","5호선","까치산","18441","17463","20260624",""
"20260621","5호선","신정(은행정)","7451","6842","20260624",""
"20260621","5호선","목동","8909","9231","20260624",""
"20260621","5호선","오목교(목동운동장앞)","13009","13383","20260624",""
"20260621","5호선","양평","3648","3581","20260624",""
"20260621","5호선","영등포구청","2384","2311","20260624",""
"20260621","5호선","영등포시장","7109","7155","20260624",""
"20260621","5호선","신길","3249","3285","20260624",""
"20260621","5호선","여의도","11665","12749","20260624",""
"20260621","5호선","여의나루","12775","14019","20260624",""
"20260621","5호선","마포","6574","6486","20260624",""
"20260621","5호선","공덕","6293","6542","20260624",""
"20260621","5호선","애오개","3346","3308","20260624",""
"20260621","5호선","충정로(경기대입구)","1949","2016","20260624",""
"20260621","5호선","서대문","6621","6773","20260624",""
"20260621","5호선","광화문(세종문화회관)","20118","21223","20260624",""
"20260621","5호선","을지로4가","3293","3143","20260624",""
"20260621","5호선","동대문역사문화공원(DDP)","1528","1710","20260624",""
"20260621","5호선","청구","1952","1901","20260624",""
"20260621","5호선","신금호","3476","4014","20260624",""
"20260621","5호선","행당","4689","4251","20260624",""
"20260621","5호선","왕십리(성동구청)","3418","3999","20260624",""
"20260621","5호선","마장","3747","3376","20260624",""
"20260621","5호선","답십리","9156","8296","20260624",""
"20260621","5호선","장한평","10771","10819","20260624",""
"20260621","5호선","군자(능동)","8702","9919","20260624",""
"20260621","5호선","아차산(어린이대공원후문)","11672","11305","20260624",""
"20260621","5호선","광나루(장신대)","8086","7942","20260624",""
"20260621","5호선","천호(풍납토성)","16636","15571","20260624",""
"20260621","5호선","강동","10988","10933","20260624",""
"20260621","5호선","길동","5949","5991","20260624",""
"20260621","5호선","굽은다리(강동구민회관앞)","6328","6189","20260624",""
"20260621","5호선","명일","5812","5831","20260624",""
"20260621","5호선","고덕","5692","5674","20260624",""
"20260621","5호선","상일동","7266","7418","20260624",""
"20260621","5호선","둔촌동","9137","8953","20260624",""
"20260621","5호선","올림픽공원(한국체대)","10677","10225","20260624",""
"20260621","5호선","방이","6209","5376","20260624",""
"20260621","5호선","오금","1957","2037","20260624",""
"20260621","5호선","개롱","3716","4090","20260624",""
"20260621","5호선","거여","5495","5498","20260624",""
"20260621","5호선","마천","4247","4215","20260624",""
"20260621","5호선","강일","3624","3350","20260624",""
"20260621","5호선","미사","11751","12121","20260624",""
"20260621","5호선","하남풍산","3401","3245","20260624",""
"20260621","5호선","하남시청(덕풍·신장)","5814","5359","20260624",""
"20260621","5호선","하남검단산","5559","5454","20260624",""
"20260621","6호선","응암","11051","11234","20260624",""
"20260621","6호선","역촌","2600","2977","20260624",""
"20260621","6호선","불광","3610","3129","20260624",""
"20260621","6호선","독바위","1659","1959","20260624",""
"20260621","6호선","연신내","6","0","20260624",""
"20260621","6호선","구산","4970","3847","20260624",""
"20260621","6호선","새절(신사)","7560","7298","20260624",""
"20260621","6호선","증산(명지대앞)","5979","6043","20260624",""
"20260621","6호선","디지털미디어시티","7487","7468","20260624",""
"20260621","6호선","월드컵경기장(성산)","10824","9306","20260624",""
"20260621","6호선","마포구청","9614","8402","20260624",""
"20260621","6호선","망원","13419","14275","20260624",""
"20260621","6호선","합정","11512","11301","20260624",""
"20260621","6호선","상수","8848","9075","20260624",""
"20260621","6호선","광흥창(서강)","5421","5090","20260624",""
"20260621","6호선","대흥(서강대앞)","5461","5828","20260624",""
"20260621","6호선","공덕","9759","9260","20260624",""
"20260621","6호선","효창공원앞","4403","4098","20260624",""
"20260621","6호선","삼각지(전쟁기념관)","6802","5702","20260624",""
"20260621","6호선","녹사평(용산구청)","4942","4975","20260624",""
"20260621","6호선","이태원","11872","10240","20260624",""
"20260621","6호선","한강진","8961","10923","20260624",""
"20260621","6호선","버티고개","1424","1490","20260624",""
"20260621","6호선","청구","2337","2021","20260624",""
"20260621","6호선","신당","6134","6582","20260624",""
"20260621","6호선","동묘앞","11689","11724","20260624",""
"20260621","6호선","창신","2014","1796","20260624",""
"20260621","6호선","보문","5220","5206","20260624",""
"20260621","6호선","안암(고대병원앞)","8085","7305","20260624",""
"20260621","6호선","고려대(종암)","5282","5406","20260624",""
"20260621","6호선","월곡(동덕여대)","6387","6178","20260624",""
"20260621","6호선","상월곡(한국과학기술연구원)","4089","3819","20260624",""
"20260621","6호선","돌곶이","7791","7541","20260624",""
"20260621","6호선","석계","7546","7740","20260624",""
"20260621","6호선","태릉입구","3966","4405","20260624",""
"20260621","6호선","화랑대(서울여대입구)","6065","5505","20260624",""
"20260621","6호선","봉화산(서울의료원)","4708","4489","20260624",""
"20260621","6호선","신내","2","0","20260624",""
"20260621","7호선","장암","2072","1444","20260624",""
"20260621","7호선","도봉산","5872","8455","20260624",""
"20260621","7호선","수락산","9398","9182","20260624",""
"20260621","7호선","마들","7441","6907","20260624",""
"20260621","7호선","노원","13098","13302","20260624",""
"20260621","7호선","중계","8888","8337","20260624",""
"20260621","7호선","하계","10886","10288","20260624",""
"20260621","7호선","공릉(서울과학기술대)","8176","8081","20260624",""
"20260621","7호선","태릉입구","5935","5636","20260624",""
"20260621","7호선","먹골","6637","6319","20260624",""
"20260621","7호선","중화","6737","6607","20260624",""
"20260621","7호선","상봉","12128","11747","20260624",""
"20260621","7호선","면목","9085","8895","20260624",""
"20260621","7호선","사가정","10463","10100","20260624",""
"20260621","7호선","용마산(용마폭포공원)","3534","3921","20260624",""
"20260621","7호선","중곡","6272","6064","20260624",""
"20260621","7호선","군자(능동)","10371","7952","20260624",""
"20260621","7호선","어린이대공원(세종대)","9617","9472","20260624",""
"20260621","7호선","건대입구","10092","10403","20260624",""
"20260621","7호선","자양(뚝섬한강공원)","10331","10097","20260624",""
"20260621","7호선","청담","7682","8065","20260624",""
"20260621","7호선","강남구청","6441","7017","20260624",""
"20260621","7호선","학동","8016","8232","20260624",""
"20260621","7호선","논현","7243","7735","20260624",""
"20260621","7호선","반포","4456","4354","20260624",""
"20260621","7호선","고속터미널","15983","11185","20260624",""
"20260621","7호선","내방","6851","7050","20260624",""
"20260621","7호선","이수","10876","10276","20260624",""
"20260621","7호선","남성","6783","6770","20260624",""
"20260621","7호선","숭실대입구(살피재)","7224","7533","20260624",""
"20260621","7호선","상도","6976","6915","20260624",""
"20260621","7호선","장승배기","5790","5748","20260624",""
"20260621","7호선","신대방삼거리","9086","8923","20260624",""
"20260621","7호선","보라매","4299","4363","20260624",""
"20260621","7호선","신풍","7192","6909","20260624",""
"20260621","7호선","대림(구로구청)","9576","9035","20260624",""
"20260621","7호선","남구로","7638","7651","20260624",""
"20260621","7호선","가산디지털단지","11470","10921","20260624",""
"20260621","7호선","철산","12282","12356","20260624",""
"20260621","7호선","광명사거리","15085","14892","20260624",""
"20260621","7호선","천왕","6171","6031","20260624",""
"20260621","7호선","온수(성공회대입구)","4762","4811","20260624",""
"20260621","8호선","암사역사공원","3905","3608","20260624",""
"20260621","8호선","암사","9788","9241","20260624",""
"20260621","8호선","천호(풍납토성)","13207","14687","20260624",""
"20260621","8호선","강동구청","5847","5821","20260624",""
"20260621","8호선","몽촌토성(평화의문)","6389","6467","20260624",""
"20260621","8호선","잠실(송파구청)","16552","18502","20260624",""
"20260621","8호선","석촌","5887","7212","20260624",""
"20260621","8호선","송파","5559","5727","20260624",""
"20260621","8호선","가락시장","4337","5153","20260624",""
"20260621","8호선","문정","7657","7985","20260624",""
"20260621","8호선","장지","10432","9891","20260624",""
"20260621","8호선","복정","5734","5326","20260624",""
"20260621","8호선","산성","3659","3979","20260624",""
"20260621","8호선","남한산성입구(성남법원.검찰청)","6855","6337","20260624",""
"20260621","8호선","단대오거리","6766","6625","20260624",""
"20260621","8호선","신흥","3657","3680","20260624",""
"20260621","8호선","수진","3931","3610","20260624",""
"20260621","8호선","모란","3405","2718","20260624",""
"20260621","8호선","남위례","4200","4231","20260624",""
"20260621","9호선","개화","1343","1242","20260624",""
"20260621","9호선","김포공항","5460","10216","20260624",""
"20260621","9호선","공항시장","1950","2133","20260624",""
"20260621","9호선","신방화","4263","4260","20260624",""
"20260621","9호선","마곡나루(서울식물원)","9917","9520","20260624",""
"20260621","9호선","양천향교","5494","5580","20260624",""
"20260621","9호선","가양","14125","13686","20260624",""
"20260621","9호선","증미","3120","3156","20260624",""
"20260621","9호선","등촌","6818","6921","20260624",""
"20260621","9호선","염창","11116","10893","20260624",""
"20260621","9호선","선유도","3902","3821","20260624",""
"20260621","9호선","당산","11602","11738","20260624",""
"20260621","9호선","국회의사당","7055","6517","20260624",""
"20260621","9호선","여의도","13699","12637","20260624",""
"20260621","9호선","샛강","3068","2854","20260624",""
"20260621","9호선","노량진","17626","18114","20260624",""
"20260621","9호선","노들","3451","2922","20260624",""
"20260621","9호선","흑석(중앙대입구)","4652","4697","20260624",""
"20260621","9호선","동작(현충원)","1510","1336","20260624",""
"20260621","9호선","구반포","518","555","20260624",""
"20260621","9호선","신반포","3106","3172","20260624",""
"20260621","9호선","고속터미널","15560","22045","20260624",""
"20260621","9호선","사평","2432","2382","20260624",""
"20260621","9호선","신논현","20044","19921","20260624",""
"20260621","9호선2~3단계","언주","4792","4686","20260624",""
"20260621","9호선2~3단계","선정릉","4346","4863","20260624",""
"20260621","9호선2~3단계","삼성중앙","2556","2620","20260624",""
"20260621","9호선2~3단계","봉은사","11987","12472","20260624",""
"20260621","9호선2~3단계","종합운동장","4768","4466","20260624",""
"20260621","9호선2~3단계","삼전","5033","4800","20260624",""
"20260621","9호선2~3단계","석촌고분","4746","4677","20260624",""
"20260621","9호선2~3단계","석촌","7338","6554","20260624",""
"20260621","9호선2~3단계","송파나루","4431","4505","20260624",""
"20260621","9호선2~3단계","한성백제","2976","2319","20260624",""
"20260621","9호선2~3단계","올림픽공원(한국체대)","25680","26830","20260624",""
"20260621","9호선2~3단계","둔촌오륜","2812","2878","20260624",""
"20260621","9호선2~3단계","중앙보훈병원","5717","5338","20260624",""
"20260621","경강선","판교","3735","3146","20260624",""
"20260621","경강선","이매","840","605","20260624",""
"20260621","경강선","삼동","1309","1247","20260624",""
"20260621","경강선","경기광주","4881","4962","20260624",""
"20260621","경강선","초월","2158","2139","20260624",""
"20260621","경강선","곤지암","1694","1988","20260624",""
"20260621","경강선","신둔도예촌","1130","1076","20260624",""
"20260621","경강선","이천","2442","2782","20260624",""
"20260621","경강선","부발","1877","2431","20260624",""
"20260621","경강선","세종대왕릉","378","357","20260624",""
"20260621","경강선","여주","2832","2876","20260624",""
"20260621","경강선","성남","860","796","20260624",""
"20260621","경부선","서울역","12735","3367","20260624",""
"20260621","경부선","남영","6415","6777","20260624",""
"20260621","경부선","용산","53278","50086","20260624",""
"20260621","경부선","노량진","6942","6866","20260624",""
"20260621","경부선","대방","5892","6887","20260624",""
"20260621","경부선","영등포","39709","38354","20260624",""
"20260621","경부선","신도림","2859","3270","20260624",""
"20260621","경부선","신길","5602","5112","20260624",""
"20260621","경부선","구로","11911","11979","20260624",""
"20260621","경부선","가산디지털단지","5288","6746","20260624",""
"20260621","경부선","금천구청","6640","6512","20260624",""
"20260621","경부선","석수","5372","5034","20260624",""
"20260621","경부선","관악","5610","5313","20260624",""
"20260621","경부선","안양","15219","14953","20260624",""
"20260621","경부선","명학","3589","3436","20260624",""
"20260621","경부선","금정","18259","18388","20260624",""
"20260621","경부선","군포","3165","2993","20260624",""
"20260621","경부선","의왕","4702","4745","20260624",""
"20260621","경부선","성균관대","9551","9962","20260624",""
"20260621","경부선","화서","9039","8990","20260624",""
"20260621","경부선","수원","41108","39940","20260624",""
"20260621","경부선","독산","7487","7401","20260624",""
"20260621","경부선","세류","2681","2524","20260624",""
"20260621","경부선","병점","11024","11753","20260624",""
"20260621","경부선","세마","2331","2210","20260624",""
"20260621","경부선","오산대","2876","2718","20260624",""
"20260621","경부선","오산","9133","9382","20260624",""
"20260621","경부선","진위","1074","1096","20260624",""
"20260621","경부선","송탄","4199","4639","20260624",""
"20260621","경부선","서정리","6152","8179","20260624",""
"20260621","경부선","평택지제","3741","3790","20260624",""
"20260621","경부선","평택","13874","14108","20260624",""
"20260621","경부선","성환","3429","3840","20260624",""
"20260621","경부선","직산","819","933","20260624",""
"20260621","경부선","두정","6589","7046","20260624",""
"20260621","경부선","천안","7590","7170","20260624",""
"20260621","경부선","당정","3423","3319","20260624",""
"20260621","경부선","서동탄","924","892","20260624",""
"20260621","경부선","광명","3361","2377","20260624",""
"20260621","경원선","이촌(국립중앙박물관)","3039","2411","20260624",""
"20260621","경원선","서빙고","2134","2247","20260624",""
"20260621","경원선","한남","1829","1783","20260624",""
"20260621","경원선","옥수","56","43","20260624",""
"20260621","경원선","응봉","1384","1274","20260624",""
"20260621","경원선","왕십리(성동구청)","13277","13764","20260624",""
"20260621","경원선","청량리(서울시립대입구)","18573","16849","20260624",""
"20260621","경원선","외대앞","7601","7342","20260624",""
"20260621","경원선","신이문","5694","5269","20260624",""
"20260621","경원선","석계","5476","5779","20260624",""
"20260621","경원선","광운대","5983","5720","20260624",""
"20260621","경원선","월계","4840","4894","20260624",""
"20260621","경원선","녹천","3457","3266","20260624",""
"20260621","경원선","방학","7319","7152","20260624",""
"20260621","경원선","도봉","4028","3795","20260624",""
"20260621","경원선","도봉산","9537","6458","20260624",""
"20260621","경원선","망월사","5636","5875","20260624",""
"20260621","경원선","회룡","9232","9165","20260624",""
"20260621","경원선","의정부","15670","15862","20260624",""
"20260621","경원선","가능","4645","4270","20260624",""
"20260621","경원선","녹양","3163","3010","20260624",""
"20260621","경원선","양주","5475","5468","20260624",""
"20260621","경원선","덕계","4493","4194","20260624",""
"20260621","경원선","덕정","4274","4222","20260624",""
"20260621","경원선","지행","5120","5311","20260624",""
"20260621","경원선","동두천중앙","2285","2152","20260624",""
"20260621","경원선","보산","1406","1305","20260624",""
"20260621","경원선","동두천","1163","1319","20260624",""
"20260621","경원선","소요산","3193","3192","20260624",""
"20260621","경원선","청산","155","179","20260624",""
"20260621","경원선","전곡","1338","1360","20260624",""
"20260621","경원선","연천","1313","1317","20260624",""
"20260621","경의선","서울역","1163","1139","20260624",""
"20260621","경의선","신촌","270","334","20260624",""
"20260621","경의선","효창공원앞","1696","1953","20260624",""
"20260621","경의선","공덕","2832","2021","20260624",""
"20260621","경의선","서강대","1875","1785","20260624",""
"20260621","경의선","홍대입구","2546","2946","20260624",""
"20260621","경의선","가좌","3761","3696","20260624",""
"20260621","경의선","디지털미디어시티","1855","2214","20260624",""
"20260621","경의선","수색","1436","1488","20260624",""
"20260621","경의선","한국항공대","1177","1242","20260624",""
"20260621","경의선","강매","1751","1589","20260624",""
"20260621","경의선","행신","4739","4615","20260624",""
"20260621","경의선","능곡","2975","2896","20260624",""
"20260621","경의선","곡산","410","380","20260624",""
"20260621","경의선","백마","4184","4008","20260624",""
"20260621","경의선","풍산","4785","4549","20260624",""
"20260621","경의선","일산","6333","6110","20260624",""
"20260621","경의선","탄현","4819","4467","20260624",""
"20260621","경의선","야당","5416","5396","20260624",""
"20260621","경의선","운정","5487","5237","20260624",""
"20260621","경의선","금릉","3312","3270","20260624",""
"20260621","경의선","금촌","5430","5764","20260624",""
"20260621","경의선","월롱","890","1324","20260624",""
"20260621","경의선","파주","780","798","20260624",""
"20260621","경의선","문산","4488","4835","20260624",""
"20260621","경의선","임진강","57","108","20260624",""
"20260621","경의선","운천","7","11","20260624",""
"20260621","경인선","개봉","14924","14927","20260624",""
"20260621","경인선","오류동","8116","7606","20260624",""
"20260621","경인선","역곡","15796","15881","20260624",""
"20260621","경인선","부천","25594","24879","20260624",""
"20260621","경인선","송내","14715","14505","20260624",""
"20260621","경인선","부평","25241","25049","20260624",""
"20260621","경인선","백운","4583","4481","20260624",""
"20260621","경인선","동암","11085","10976","20260624",""
"20260621","경인선","주안","13028","11581","20260624",""
"20260621","경인선","제물포","6451","6416","20260624",""
"20260621","경인선","동인천","10242","9551","20260624",""
"20260621","경인선","인천","4940","4276","20260624",""
"20260621","경인선","구일","8870","9230","20260624",""
"20260621","경인선","소사","5595","5140","20260624",""
"20260621","경인선","부개","5539","5218","20260624",""
"20260621","경인선","간석","3889","3630","20260624",""
"20260621","경인선","도원","2003","2031","20260624",""
"20260621","경인선","온수(성공회대입구)","4522","4136","20260624",""
"20260621","경인선","중동","6112","5610","20260624",""
"20260621","경인선","도화","2737","2572","20260624",""
"20260621","경춘선","신내","1689","1621","20260624",""
"20260621","경춘선","갈매","1539","1403","20260624",""
"20260621","경춘선","별내","1863","1553","20260624",""
"20260621","경춘선","퇴계원","2125","2029","20260624",""
"20260621","경춘선","사릉","1312","1309","20260624",""
"20260621","경춘선","금곡","1063","965","20260624",""
"20260621","경춘선","평내호평","3753","3711","20260624",""
"20260621","경춘선","천마산","1236","1201","20260624",""
"20260621","경춘선","마석","2914","2893","20260624",""
"20260621","경춘선","대성리","1026","779","20260624",""
"20260621","경춘선","청평","1995","1762","20260624",""
"20260621","경춘선","상천","497","434","20260624",""
"20260621","경춘선","가평","2458","2049","20260624",""
"20260621","경춘선","굴봉산","183","142","20260624",""
"20260621","경춘선","백양리","132","113","20260624",""
"20260621","경춘선","강촌","695","545","20260624",""
"20260621","경춘선","김유정","641","596","20260624",""
"20260621","경춘선","남춘천","3051","3182","20260624",""
"20260621","경춘선","춘천","1864","1559","20260624",""
"20260621","공항철도 1호선","서울역","16130","14440","20260624",""
"20260621","공항철도 1호선","공덕","2507","3268","20260624",""
"20260621","공항철도 1호선","홍대입구","20245","16923","20260624",""
"20260621","공항철도 1호선","디지털미디어시티","7049","7328","20260624",""
"20260621","공항철도 1호선","마곡나루(서울식물원)","6582","7065","20260624",""
"20260621","공항철도 1호선","김포공항","7745","4046","20260624",""
"20260621","공항철도 1호선","계양","6021","5964","20260624",""
"20260621","공항철도 1호선","검암","4371","4394","20260624",""
"20260621","공항철도 1호선","청라국제도시","5872","7947","20260624",""
"20260621","공항철도 1호선","운서","9822","10520","20260624",""
"20260621","공항철도 1호선","공항화물청사","948","993","20260624",""
"20260621","공항철도 1호선","인천공항1터미널","12944","15551","20260624",""
"20260621","공항철도 1호선","인천공항2터미널","10943","11052","20260624",""
"20260621","공항철도 1호선","영종","3915","4006","20260624",""
"20260621","과천선","선바위","4653","4055","20260624",""
"20260621","과천선","경마공원","14371","14528","20260624",""
"20260621","과천선","대공원","5059","5139","20260624",""
"20260621","과천선","과천","3657","3301","20260624",""
"20260621","과천선","정부과천청사","5707","5800","20260624",""
"20260621","과천선","인덕원","15179","15410","20260624",""
"20260621","과천선","평촌","8095","7533","20260624",""
"20260621","과천선","범계","17898","17288","20260624",""
"20260621","분당선","선릉","3298","4830","20260624",""
"20260621","분당선","한티","9368","9331","20260624",""
"20260621","분당선","도곡","3621","3542","20260624",""
"20260621","분당선","구룡","1694","1735","20260624",""
"20260621","분당선","개포동","2327","2394","20260624",""
"20260621","분당선","대모산입구","2945","2916","20260624",""
"20260621","분당선","수서","11518","11854","20260624",""
"20260621","분당선","복정","2","0","20260624",""
"20260621","분당선","수원","6514","6198","20260624",""
"20260621","분당선","서울숲","9931","10444","20260624",""
"20260621","분당선","압구정로데오","10809","11423","20260624",""
"20260621","분당선","강남구청","3372","4174","20260624",""
"20260621","분당선","선정릉","2539","2462","20260624",""
"20260621","분당선","가천대","5034","5481","20260624",""
"20260621","분당선","태평","8972","8284","20260624",""
"20260621","분당선","모란","12408","12986","20260624",""
"20260621","분당선","야탑","15291","15241","20260624",""
"20260621","분당선","서현","15207","15029","20260624",""
"20260621","분당선","수내","5976","5847","20260624",""
"20260621","분당선","정자","8640","8827","20260624",""
"20260621","분당선","미금","8570","8744","20260624",""
"20260621","분당선","오리","5890","5325","20260624",""
"20260621","분당선","이매","3914","4032","20260624",""
"20260621","분당선","보정","1300","1242","20260624",""
"20260621","분당선","죽전","8944","9782","20260624",""
"20260621","분당선","구성","4709","4791","20260624",""
"20260621","분당선","신갈","2432","2524","20260624",""
"20260621","분당선","기흥","5947","5511","20260624",""
"20260621","분당선","상갈","3046","3195","20260624",""
"20260621","분당선","청명","2508","2639","20260624",""
"20260621","분당선","영통","5661","5688","20260624",""
"20260621","분당선","망포","7396","7461","20260624",""
"20260621","분당선","매탄권선","3188","3073","20260624",""
"20260621","분당선","수원시청","9113","8930","20260624",""
"20260621","분당선","매교","2948","2945","20260624",""
"20260621","서해선","김포공항","2742","3804","20260624",""
"20260621","서해선","원종","3696","3601","20260624",""
"20260621","서해선","부천종합운동장","1632","1458","20260624",""
"20260621","수인선","고색","2674","2844","20260624",""
"20260621","수인선","오목천","2367","2140","20260624",""
"20260621","수인선","어천","1119","1202","20260624",""
"20260621","수인선","야목","470","409","20260624",""
"20260621","수인선","사리","3384","2885","20260624",""
"20260621","수인선","달월","63","67","20260624",""
"20260621","수인선","월곶","2078","1983","20260624",""
"20260621","수인선","소래포구","4406","4256","20260624",""
"20260621","수인선","인천논현","3364","3440","20260624",""
"20260621","수인선","호구포","2217","2339","20260624",""
"20260621","수인선","남동인더스파크","632","635","20260624",""
"20260621","수인선","원인재","3145","3173","20260624",""
"20260621","수인선","연수","3639","3654","20260624",""
"20260621","수인선","송도","1780","1705","20260624",""
"20260621","수인선","인하대","3901","3768","20260624",""
"20260621","수인선","숭의","2790","2497","20260624",""
"20260621","수인선","신포","1401","1462","20260624",""
"20260621","수인선","인천","1275","1815","20260624",""
"20260621","신림선","샛강","1190","1503","20260624",""
"20260621","신림선","대방","2414","1790","20260624",""
"20260621","신림선","서울지방병무청","1985","2304","20260624",""
"20260621","신림선","보라매","2884","2511","20260624",""
"20260621","신림선","보라매공원","1342","1474","20260624",""
"20260621","신림선","보라매병원","2862","2913","20260624",""
"20260621","신림선","당곡","3042","3052","20260624",""
"20260621","신림선","신림","1676","2112","20260624",""
"20260621","신림선","서원","2503","2265","20260624",""
"20260621","신림선","서울대벤처타운","7133","6659","20260624",""
"20260621","신림선","관악산(서울대)","3966","4175","20260624",""
"20260621","안산선","산본","11202","11698","20260624",""
"20260621","안산선","대야미","3562","3409","20260624",""
"20260621","안산선","반월","2941","3062","20260624",""
"20260621","안산선","상록수","10017","10001","20260624",""
"20260621","안산선","한대앞","6856","6712","20260624",""
"20260621","안산선","중앙","14115","13652","20260624",""
"20260621","안산선","고잔","5607","5382","20260624",""
"20260621","안산선","초지","2805","2591","20260624",""
"20260621","안산선","안산","11684","10638","20260624",""
"20260621","안산선","신길온천","1590","1457","20260624",""
"20260621","안산선","정왕","7299","7156","20260624",""
"20260621","안산선","오이도","6086","6065","20260624",""
"20260621","안산선","수리산","2646","2423","20260624",""
"20260621","우이신설선","북한산우이","3913","4007","20260624",""
"20260621","우이신설선","솔밭공원","1816","1770","20260624",""
"20260621","우이신설선","4.19민주묘지","2448","2150","20260624",""
"20260621","우이신설선","가오리","2949","2801","20260624",""
"20260621","우이신설선","화계","2706","2546","20260624",""
"20260621","우이신설선","삼양","1759","1835","20260624",""
"20260621","우이신설선","삼양사거리","2135","1960","20260624",""
"20260621","중앙선","원덕","403","330","20260624",""
"20260621","중앙선","용문","2085","1867","20260624",""
"20260621","중앙선","지평","63","53","20260624",""
"20260621","2호선","방배","8214","8362","20260624",""
"20260621","2호선","사당","30007","32594","20260624",""
"20260621","1호선","서울역","57489","59089","20260624",""
"20260621","1호선","시청","15044","15624","20260624",""
"20260621","1호선","종각","20010","18458","20260624",""
"20260621","1호선","종로3가","18913","16224","20260624",""
"20260621","1호선","종로5가","13580","12943","20260624",""
"20260621","1호선","동대문","15524","16184","20260624",""
"20260621","1호선","신설동","10351","10058","20260624",""
"20260621","1호선","제기동","11754","12396","20260624",""
"20260621","1호선","청량리(서울시립대입구)","18571","18594","20260624",""
"20260621","1호선","동묘앞","15972","16759","20260624",""
"20260621","2호선","시청","11301","8989","20260624",""
"20260621","2호선","을지로입구","33292","32581","20260624",""
"20260621","2호선","을지로3가","15413","15726","20260624",""
"20260621","2호선","을지로4가","7824","7307","20260624",""
"20260621","2호선","동대문역사문화공원(DDP)","13282","15853","20260624",""
"20260621","2호선","신당","10885","11635","20260624",""
"20260621","2호선","상왕십리","8813","8708","20260624",""
"20260621","2호선","왕십리(성동구청)","11493","10818","20260624",""
"20260621","2호선","한양대","3786","4272","20260624",""
"20260621","2호선","뚝섬","15802","15780","20260624",""
"20260621","2호선","성수","47647","47417","20260624",""
"20260621","2호선","건대입구","31379","32140","20260624",""
"20260621","2호선","구의(광진구청)","17629","17371","20260624",""
"20260621","2호선","강변(동서울터미널)","22991","21861","20260624",""
"20260621","2호선","잠실나루","7702","7753","20260624",""
"20260621","2호선","잠실(송파구청)","63207","59597","20260624",""
"20260621","2호선","잠실새내","15785","15858","20260624",""
"20260621","2호선","종합운동장","20645","22229","20260624",""
"20260621","2호선","삼성(무역센터)","24768","21600","20260624",""
"20260621","2호선","역삼","13660","14666","20260624",""
"20260621","2호선","강남","39693","37972","20260624",""
"20260621","2호선","교대(법원.검찰청)","11216","13875","20260624",""
"20260621","2호선","서초","16702","15612","20260624",""
"20260621","일산선","지축","1","0","20260624",""
"20260621","일산선","원당","7473","7341","20260624",""
"20260621","일산선","화정","11298","11687","20260624",""
"20260621","일산선","대곡","7320","6889","20260624",""
"20260621","일산선","백석","6466","6437","20260624",""
"20260621","일산선","마두","3870","3950","20260624",""
"20260621","일산선","정발산","5990","5672","20260624",""
"20260621","일산선","주엽","5591","5395","20260624",""
"20260621","일산선","대화","5881","5465","20260624",""
"20260621","장항선","봉명","755","749","20260624",""
"20260621","장항선","쌍용(나사렛대)","1644","1653","20260624",""
"20260621","장항선","아산","3731","2788","20260624",""
"20260621","장항선","탕정","1534","1551","20260624",""
"20260621","장항선","배방","1058","1107","20260624",""
"20260621","장항선","온양온천","4367","4317","20260624",""
"20260621","장항선","신창(순천향대)","1187","1186","20260624",""
"20260621","중앙선","회기","18510","18196","20260624",""
"20260621","중앙선","중랑","3953","3814","20260624",""
"20260621","중앙선","상봉","4641","4538","20260624",""
"20260621","중앙선","망우","5442","5416","20260624",""
"20260621","중앙선","양원","1733","1791","20260624",""
"20260621","중앙선","구리","5096","5499","20260624",""
"20260621","중앙선","도농","5573","5453","20260624",""
"20260621","중앙선","양정","428","339","20260624",""
"20260621","중앙선","덕소","3783","3760","20260624",""
"20260621","중앙선","도심","1609","1337","20260624",""
"20260621","중앙선","팔당","1020","1082","20260624",""
"20260621","중앙선","운길산","1032","940","20260624",""
"20260621","중앙선","양수","1926","1909","20260624",""
"20260621","중앙선","신원","176","132","20260624",""
"20260621","중앙선","국수","677","654","20260624",""
"20260621","중앙선","아신","481","450","20260624",""
"20260621","중앙선","오빈","250","256","20260624",""
"20260621","중앙선","양평","2701","2505","20260624",""
"20260621","우이신설선","성신여대입구(돈암)","2671","3164","20260624",""
"20260621","우이신설선","보문","1528","1464","20260624",""
"20260621","우이신설선","북한산보국문","4567","3930","20260624",""
"20260621","우이신설선","솔샘","3515","3336","20260624",""
"20260621","2호선","선릉","16994","14287","20260624",""
"20260621","6호선","약수","2269","2186","20260624",""
"20260621","9호선","신목동","2613","2403","20260624",""
"20260621","경원선","창동","10","0","20260624",""
"20260621","일산선","삼송","11904","11954","20260624",""
"20260621","우이신설선","정릉","3461","2885","20260624",""
"20260621","우이신설선","신설동","1757","1667","20260624",""
"20260621","일산선","원흥","6656","6290","20260624",""
"20260622","7호선","태릉입구","9911","9439","20260625",""
"20260622","9호선","염창","20108","19312","20260625",""
"20260622","2호선","성수","66508","68239","20260625",""
"20260622","우이신설선","신설동","2854","2677","20260625",""
"20260622","일산선","원흥","12206","11672","20260625",""
"20260622","일산선","지축","1","0","20260625",""
"20260622","일산선","삼송","21100","20496","20260625",""
"20260622","일산선","원당","12775","12399","20260625",""
"20260622","일산선","화정","18458","18877","20260625",""
"20260622","일산선","대곡","12724","11506","20260625",""
"20260622","일산선","백석","11031","11274","20260625",""
"20260622","일산선","마두","8885","9058","20260625",""
"20260622","일산선","정발산","7298","7313","20260625",""
"20260622","일산선","주엽","9899","9662","20260625",""
"20260622","일산선","대화","11644","9378","20260625",""
"20260622","장항선","봉명","1501","1477","20260625",""
"20260622","장항선","쌍용(나사렛대)","2660","2579","20260625",""
"20260622","장항선","아산","4035","3624","20260625",""
"20260622","장항선","탕정","2266","2076","20260625",""
"20260622","장항선","배방","1367","1314","20260625",""
"20260622","장항선","온양온천","4444","4670","20260625",""
"20260622","장항선","신창(순천향대)","1329","1389","20260625",""
"20260622","중앙선","회기","31746","30062","20260625",""
"20260622","중앙선","중랑","6211","5780","20260625",""
"20260622","중앙선","상봉","6525","6423","20260625",""
"20260622","중앙선","망우","8215","8001","20260625",""
"20260622","중앙선","양원","3729","3666","20260625",""
"20260622","중앙선","구리","7834","8265","20260625",""
"20260622","중앙선","도농","10488","9666","20260625",""
"20260622","중앙선","양정","521","465","20260625",""
"20260622","중앙선","덕소","5882","5830","20260625",""
"20260622","중앙선","도심","3202","2533","20260625",""
"20260622","중앙선","팔당","740","757","20260625",""
"20260622","중앙선","운길산","689","674","20260625",""
"20260622","중앙선","양수","1921","1944","20260625",""
"20260622","1호선","서울역","84351","82225","20260625",""
"20260622","1호선","시청","29240","29572","20260625",""
"20260622","1호선","종각","45378","44783","20260625",""
"20260622","1호선","종로3가","26749","23611","20260625",""
"20260622","1호선","종로5가","25978","25649","20260625",""
"20260622","1호선","동대문","14640","14456","20260625",""
"20260622","1호선","신설동","16215","15525","20260625",""
"20260622","1호선","제기동","16758","17328","20260625",""
"20260622","1호선","청량리(서울시립대입구)","24910","24974","20260625",""
"20260622","1호선","동묘앞","10080","10413","20260625",""
"20260622","2호선","시청","30785","28967","20260625",""
"20260622","2호선","을지로입구","59493","61199","20260625",""
"20260622","2호선","을지로3가","29199","29294","20260625",""
"20260622","2호선","을지로4가","17219","16693","20260625",""
"20260622","2호선","동대문역사문화공원(DDP)","16065","18328","20260625",""
"20260622","2호선","신당","16263","16609","20260625",""
"20260622","2호선","상왕십리","16163","15949","20260625",""
"20260622","2호선","왕십리(성동구청)","18521","16335","20260625",""
"20260622","2호선","한양대","14519","16229","20260625",""
"20260622","2호선","뚝섬","28506","30146","20260625",""
"20260622","2호선","건대입구","41066","42240","20260625",""
"20260622","2호선","구의(광진구청)","32273","31788","20260625",""
"20260622","2호선","강변(동서울터미널)","29939","26285","20260625",""
"20260622","2호선","잠실나루","18437","17962","20260625",""
"20260622","2호선","잠실(송파구청)","80141","79708","20260625",""
"20260622","2호선","잠실새내","26244","24973","20260625",""
"20260622","2호선","종합운동장","9206","10254","20260625",""
"20260622","2호선","삼성(무역센터)","56741","54837","20260625",""
"20260622","2호선","선릉","66801","58926","20260625",""
"20260622","2호선","역삼","58378","65831","20260625",""
"20260622","2호선","강남","90946","88829","20260625",""
"20260622","2호선","교대(법원.검찰청)","34763","41005","20260625",""
"20260622","2호선","서초","24808","24397","20260625",""
"20260622","2호선","방배","17795","18272","20260625",""
"20260622","2호선","사당","43757","47653","20260625",""
"20260622","2호선","낙성대(강감찬)","30326","30027","20260625",""
"20260622","2호선","서울대입구(관악구청)","49883","48969","20260625",""
"20260622","2호선","봉천","26816","25474","20260625",""
"20260622","2호선","신림","58810","57891","20260625",""
"20260622","2호선","신대방","26556","25903","20260625",""
"20260622","2호선","구로디지털단지","63993","63228","20260625",""
"20260622","2호선","대림(구로구청)","26822","27300","20260625",""
"20260622","2호선","신도림","51990","49096","20260625",""
"20260622","2호선","문래","25822","26160","20260625",""
"20260622","2호선","영등포구청","26159","26891","20260625",""
"20260622","2호선","당산","20937","23808","20260625",""
"20260622","2호선","합정","32597","34448","20260625",""
"20260622","2호선","홍대입구","76105","81029","20260625",""
"20260622","2호선","신촌","42616","42856","20260625",""
"20260622","2호선","이대","18071","19502","20260625",""
"20260622","2호선","아현","12273","11549","20260625",""
"20260622","2호선","충정로(경기대입구)","11660","12427","20260625",""
"20260622","2호선","용답","3497","3581","20260625",""
"20260622","2호선","신답","1991","2232","20260625",""
"20260622","2호선","신설동","4095","4069","20260625",""
"20260622","2호선","도림천","1407","1465","20260625",""
"20260622","2호선","양천구청","7513","7918","20260625",""
"20260622","2호선","신정네거리","10812","11244","20260625",""
"20260622","2호선","용두(동대문구청)","2671","2537","20260625",""
"20260622","3호선","지축","8397","8739","20260625",""
"20260622","3호선","구파발","24228","23284","20260625",""
"20260622","3호선","연신내","40152","38253","20260625",""
"20260622","3호선","불광","17526","18725","20260625",""
"20260622","3호선","녹번","16911","15838","20260625",""
"20260622","3호선","홍제","19864","18738","20260625",""
"20260622","3호선","무악재","4722","4636","20260625",""
"20260622","3호선","독립문","8248","8481","20260625",""
"20260622","3호선","경복궁(정부서울청사)","28084","28483","20260625",""
"20260622","3호선","안국","28946","29477","20260625",""
"20260622","3호선","종로3가","13047","14150","20260625",""
"20260622","3호선","을지로3가","14582","13782","20260625",""
"20260622","3호선","충무로","5","0","20260625",""
"20260622","3호선","동대입구","9957","10811","20260625",""
"20260622","3호선","약수","13694","13685","20260625",""
"20260622","3호선","금호","8824","8219","20260625",""
"20260622","3호선","옥수","10231","10551","20260625",""
"20260622","3호선","압구정","32636","34918","20260625",""
"20260622","3호선","신사","28713","30090","20260625",""
"20260622","3호선","잠원","8132","7959","20260625",""
"20260622","3호선","고속터미널","49145","45640","20260625",""
"20260622","3호선","교대(법원.검찰청)","18624","10709","20260625",""
"20260622","3호선","남부터미널(예술의전당)","33366","33994","20260625",""
"20260622","3호선","양재(서초구청)","42269","44525","20260625",""
"20260622","3호선","매봉","15190","14628","20260625",""
"20260622","3호선","도곡","7149","7167","20260625",""
"20260622","3호선","대치","13481","13540","20260625",""
"20260622","3호선","학여울","2246","2170","20260625",""
"20260622","3호선","대청","12384","11394","20260625",""
"20260622","3호선","일원","13308","13304","20260625",""
"20260622","3호선","수서","20326","20456","20260625",""
"20260622","3호선","가락시장","9877","9881","20260625",""
"20260622","3호선","경찰병원","8808","8812","20260625",""
"20260622","3호선","오금","7426","6691","20260625",""
"20260622","4호선","불암산","10549","8983","20260625",""
"20260622","4호선","상계","21351","20216","20260625",""
"20260622","4호선","노원","22637","25230","20260625",""
"20260622","4호선","창동","29560","30629","20260625",""
"20260622","4호선","쌍문","31526","29587","20260625",""
"20260622","4호선","수유(강북구청)","37201","37443","20260625",""
"20260622","4호선","미아(서울사이버대학)","17908","17734","20260625",""
"20260622","4호선","미아사거리","28045","27618","20260625",""
"20260622","4호선","길음","22825","22768","20260625",""
"20260622","4호선","성신여대입구(돈암)","25396","24438","20260625",""
"20260622","4호선","한성대입구(삼선교)","15815","14996","20260625",""
"20260622","4호선","혜화","35189","35212","20260625",""
"20260622","4호선","동대문","22332","22456","20260625",""
"20260622","4호선","동대문역사문화공원(DDP)","21523","18779","20260625",""
"20260622","4호선","충무로","35230","35961","20260625",""
"20260622","4호선","명동","43524","45164","20260625",""
"20260622","4호선","회현(남대문시장)","32108","33715","20260625",""
"20260622","4호선","서울역","15607","23997","20260625",""
"20260622","4호선","숙대입구(갈월)","16630","16325","20260625",""
"20260622","4호선","삼각지(전쟁기념관)","6689","7568","20260625",""
"20260622","4호선","신용산","23811","26362","20260625",""
"20260622","4호선","이촌(국립중앙박물관)","9918","10811","20260625",""
"20260622","4호선","동작(현충원)","2032","2055","20260625",""
"20260622","4호선","총신대입구(이수)","21256","22789","20260625",""
"20260622","4호선","사당","26825","23149","20260625",""
"20260622","4호선","남태령","1527","1474","20260625",""
"20260622","5호선","방화","7855","7672","20260625",""
"20260622","5호선","개화산","6716","6553","20260625",""
"20260622","5호선","김포공항","14150","8904","20260625",""
"20260622","5호선","송정","6900","6480","20260625",""
"20260622","5호선","마곡","18597","18603","20260625",""
"20260622","5호선","발산","26709","27283","20260625",""
"20260622","5호선","우장산","16838","16816","20260625",""
"20260622","5호선","화곡","31621","29617","20260625",""
"20260622","5호선","까치산","30369","29478","20260625",""
"20260622","5호선","신정(은행정)","14915","12359","20260625",""
"20260622","5호선","목동","17894","19991","20260625",""
"20260622","5호선","오목교(목동운동장앞)","21722","23343","20260625",""
"20260622","5호선","양평","9680","9698","20260625",""
"20260622","5호선","영등포구청","5865","5913","20260625",""
"20260622","5호선","영등포시장","12362","11896","20260625",""
"20260622","5호선","신길","5655","5814","20260625",""
"20260622","5호선","여의도","32111","34351","20260625",""
"20260622","5호선","여의나루","13662","14546","20260625",""
"20260622","5호선","마포","17136","17351","20260625",""
"20260622","5호선","공덕","16567","17059","20260625",""
"20260622","5호선","애오개","7417","7209","20260625",""
"20260622","5호선","충정로(경기대입구)","5842","5992","20260625",""
"20260622","5호선","서대문","21148","21605","20260625",""
"20260622","5호선","광화문(세종문화회관)","36319","37780","20260625",""
"20260622","5호선","종로3가","15729","15702","20260625",""
"20260622","5호선","을지로4가","7916","7732","20260625",""
"20260622","5호선","동대문역사문화공원(DDP)","3965","4339","20260625",""
"20260622","5호선","청구","3998","3711","20260625",""
"20260622","5호선","신금호","7023","7447","20260625",""
"20260622","5호선","행당","8772","7775","20260625",""
"20260622","5호선","왕십리(성동구청)","5089","5744","20260625",""
"20260622","5호선","마장","6519","6171","20260625",""
"20260622","5호선","답십리","17899","16291","20260625",""
"20260622","5호선","장한평","22213","21962","20260625",""
"20260622","5호선","군자(능동)","13192","14320","20260625",""
"20260622","5호선","아차산(어린이대공원후문)","15851","15620","20260625",""
"20260622","5호선","광나루(장신대)","11810","11327","20260625",""
"20260622","5호선","천호(풍납토성)","21071","20786","20260625",""
"20260622","5호선","강동","20758","20159","20260625",""
"20260622","5호선","길동","10121","10446","20260625",""
"20260622","5호선","굽은다리(강동구민회관앞)","10463","10001","20260625",""
"20260622","5호선","명일","9028","9091","20260625",""
"20260622","5호선","고덕","11788","11446","20260625",""
"20260622","5호선","상일동","16521","15835","20260625",""
"20260622","5호선","둔촌동","14810","14478","20260625",""
"20260622","5호선","올림픽공원(한국체대)","6049","5331","20260625",""
"20260622","5호선","방이","8056","8359","20260625",""
"20260622","5호선","오금","4364","4417","20260625",""
"20260622","5호선","개롱","7239","7475","20260625",""
"20260622","5호선","거여","11497","11513","20260625",""
"20260622","5호선","마천","8252","7259","20260625",""
"20260622","5호선","강일","6682","6346","20260625",""
"20260622","5호선","미사","19847","20059","20260625",""
"20260622","5호선","하남풍산","5235","5168","20260625",""
"20260622","5호선","하남시청(덕풍·신장)","9727","9207","20260625",""
"20260622","5호선","하남검단산","7088","6736","20260625",""
"20260622","6호선","응암","19120","19353","20260625",""
"20260622","6호선","역촌","4467","5061","20260625",""
"20260622","6호선","불광","4982","4630","20260625",""
"20260622","6호선","독바위","2843","3010","20260625",""
"20260622","6호선","연신내","4","0","20260625",""
"20260622","6호선","구산","8985","7115","20260625",""
"20260622","6호선","새절(신사)","14102","13030","20260625",""
"20260622","6호선","증산(명지대앞)","9770","9818","20260625",""
"20260622","6호선","디지털미디어시티","16599","17746","20260625",""
"20260622","6호선","월드컵경기장(성산)","4069","4209","20260625",""
"20260622","6호선","마포구청","16193","14792","20260625",""
"20260622","6호선","망원","16321","17571","20260625",""
"20260622","6호선","합정","14078","13692","20260625",""
"20260622","6호선","상수","10732","11306","20260625",""
"20260622","6호선","광흥창(서강)","11214","10588","20260625",""
"20260622","6호선","대흥(서강대앞)","11417","12222","20260625",""
"20260622","6호선","공덕","21864","21603","20260625",""
"20260622","6호선","효창공원앞","8444","7595","20260625",""
"20260622","6호선","삼각지(전쟁기념관)","7712","6655","20260625",""
"20260622","6호선","녹사평(용산구청)","5693","5712","20260625",""
"20260622","6호선","이태원","11774","12189","20260625",""
"20260622","6호선","한강진","9979","11842","20260625",""
"20260622","6호선","버티고개","2516","2474","20260625",""
"20260622","6호선","약수","4116","3854","20260625",""
"20260622","6호선","청구","4213","4239","20260625",""
"20260622","6호선","신당","9357","9641","20260625",""
"20260622","6호선","동묘앞","11243","12228","20260625",""
"20260622","6호선","창신","4065","3504","20260625",""
"20260622","6호선","보문","8999","8652","20260625",""
"20260622","6호선","안암(고대병원앞)","16060","16443","20260625",""
"20260622","6호선","고려대(종암)","9861","9557","20260625",""
"20260622","6호선","월곡(동덕여대)","13131","12845","20260625",""
"20260622","6호선","상월곡(한국과학기술연구원)","7307","6596","20260625",""
"20260622","6호선","돌곶이","13484","12803","20260625",""
"20260622","6호선","석계","13467","13910","20260625",""
"20260622","6호선","태릉입구","6330","7173","20260625",""
"20260622","6호선","화랑대(서울여대입구)","13424","10877","20260625",""
"20260622","6호선","봉화산(서울의료원)","9552","8698","20260625",""
"20260622","6호선","신내","1","0","20260625",""
"20260622","7호선","장암","2994","1088","20260625",""
"20260622","7호선","도봉산","9866","11284","20260625",""
"20260622","7호선","수락산","13567","13801","20260625",""
"20260622","7호선","마들","14821","14076","20260625",""
"20260622","7호선","노원","22449","23530","20260625",""
"20260622","7호선","중계","16645","15650","20260625",""
"20260622","7호선","하계","19323","18451","20260625",""
"20260622","7호선","공릉(서울과학기술대)","13952","13716","20260625",""
"20260622","7호선","먹골","11378","11431","20260625",""
"20260622","7호선","중화","12206","12398","20260625",""
"20260622","7호선","상봉","20158","19274","20260625",""
"20260622","7호선","면목","15943","15790","20260625",""
"20260622","7호선","사가정","17442","17901","20260625",""
"20260622","7호선","용마산(용마폭포공원)","6418","6285","20260625",""
"20260622","7호선","중곡","12287","11758","20260625",""
"20260622","7호선","군자(능동)","16958","13698","20260625",""
"20260622","7호선","어린이대공원(세종대)","17816","18632","20260625",""
"20260622","7호선","건대입구","15546","16081","20260625",""
"20260622","7호선","자양(뚝섬한강공원)","10761","10719","20260625",""
"20260622","7호선","청담","20975","22714","20260625",""
"20260622","7호선","강남구청","17947","19829","20260625",""
"20260622","7호선","학동","25990","26572","20260625",""
"20260622","7호선","논현","22030","22479","20260625",""
"20260622","7호선","반포","7447","7137","20260625",""
"20260622","7호선","고속터미널","18224","15920","20260625",""
"20260622","7호선","내방","16974","17039","20260625",""
"20260622","7호선","이수","18770","18336","20260625",""
"20260622","7호선","남성","12694","12209","20260625",""
"20260622","7호선","숭실대입구(살피재)","13641","14171","20260625",""
"20260622","7호선","상도","14183","14147","20260625",""
"20260622","7호선","장승배기","10944","10849","20260625",""
"20260622","7호선","신대방삼거리","16622","16302","20260625",""
"20260622","7호선","보라매","7479","7989","20260625",""
"20260622","7호선","신풍","13107","12420","20260625",""
"20260622","7호선","대림(구로구청)","9602","9586","20260625",""
"20260622","7호선","남구로","17644","18511","20260625",""
"20260622","7호선","가산디지털단지","51482","51824","20260625",""
"20260622","7호선","철산","24795","25420","20260625",""
"20260622","7호선","광명사거리","24626","24189","20260625",""
"20260622","7호선","천왕","13586","13341","20260625",""
"20260622","7호선","온수(성공회대입구)","11563","10503","20260625",""
"20260622","8호선","암사역사공원","8189","7330","20260625",""
"20260622","8호선","암사","17550","16371","20260625",""
"20260622","8호선","천호(풍납토성)","19074","21436","20260625",""
"20260622","8호선","강동구청","11879","12267","20260625",""
"20260622","8호선","몽촌토성(평화의문)","9392","9496","20260625",""
"20260622","8호선","잠실(송파구청)","19911","22789","20260625",""
"20260622","8호선","석촌","9819","10860","20260625",""
"20260622","8호선","송파","11266","11131","20260625",""
"20260622","8호선","가락시장","9678","10428","20260625",""
"20260622","8호선","문정","27132","28329","20260625",""
"20260622","8호선","장지","18613","17568","20260625",""
"20260622","8호선","복정","10756","9276","20260625",""
"20260622","8호선","산성","6936","7246","20260625",""
"20260622","8호선","남한산성입구(성남법원.검찰청)","14039","12931","20260625",""
"20260622","8호선","단대오거리","13650","13198","20260625",""
"20260622","8호선","신흥","5934","6068","20260625",""
"20260622","8호선","수진","6136","5662","20260625",""
"20260622","8호선","모란","5313","4208","20260625",""
"20260622","8호선","남위례","9339","9206","20260625",""
"20260622","9호선","개화","2888","1908","20260625",""
"20260622","9호선","김포공항","5972","11520","20260625",""
"20260622","9호선","공항시장","3026","3225","20260625",""
"20260622","9호선","신방화","7853","7724","20260625",""
"20260622","9호선","마곡나루(서울식물원)","17439","16984","20260625",""
"20260622","9호선","양천향교","12632","13175","20260625",""
"20260622","9호선","가양","24395","23819","20260625",""
"20260622","9호선","증미","9073","8873","20260625",""
"20260622","9호선","등촌","14517","14162","20260625",""
"20260622","9호선","신목동","5489","4922","20260625",""
"20260622","9호선","선유도","10262","9492","20260625",""
"20260622","9호선","당산","21448","21062","20260625",""
"20260622","9호선","국회의사당","19824","20092","20260625",""
"20260622","9호선","여의도","33925","33125","20260625",""
"20260622","9호선","샛강","8062","8077","20260625",""
"20260622","9호선","노량진","27941","27855","20260625",""
"20260622","9호선","노들","5330","4542","20260625",""
"20260622","9호선","흑석(중앙대입구)","11589","11601","20260625",""
"20260622","9호선","동작(현충원)","1983","1725","20260625",""
"20260622","9호선","구반포","3249","2861","20260625",""
"20260622","9호선","신반포","5147","5050","20260625",""
"20260622","9호선","고속터미널","16131","21071","20260625",""
"20260622","9호선","사평","4741","4583","20260625",""
"20260622","9호선","신논현","34088","34681","20260625",""
"20260622","9호선2~3단계","언주","13266","13811","20260625",""
"20260622","9호선2~3단계","선정릉","12198","13172","20260625",""
"20260622","9호선2~3단계","삼성중앙","9516","10138","20260625",""
"20260622","9호선2~3단계","봉은사","23003","24318","20260625",""
"20260622","9호선2~3단계","종합운동장","5458","5468","20260625",""
"20260622","9호선2~3단계","삼전","9409","8841","20260625",""
"20260622","9호선2~3단계","석촌고분","8939","8761","20260625",""
"20260622","9호선2~3단계","석촌","10636","9858","20260625",""
"20260622","9호선2~3단계","송파나루","6379","6722","20260625",""
"20260622","9호선2~3단계","한성백제","3760","3319","20260625",""
"20260622","9호선2~3단계","올림픽공원(한국체대)","11259","10926","20260625",""
"20260622","9호선2~3단계","둔촌오륜","5294","5293","20260625",""
"20260622","9호선2~3단계","중앙보훈병원","15259","13246","20260625",""
"20260622","경강선","판교","6394","6203","20260625",""
"20260622","경강선","이매","1152","1033","20260625",""
"20260622","경강선","삼동","2568","2449","20260625",""
"20260622","경강선","경기광주","9572","9127","20260625",""
"20260622","경강선","초월","4203","3957","20260625",""
"20260622","경강선","곤지암","2387","2387","20260625",""
"20260622","경강선","신둔도예촌","1592","1487","20260625",""
"20260622","경강선","이천","3193","3295","20260625",""
"20260622","경강선","부발","2498","2512","20260625",""
"20260622","경강선","세종대왕릉","382","367","20260625",""
"20260622","경강선","여주","3160","3059","20260625",""
"20260622","경강선","성남","1574","1350","20260625",""
"20260622","경부선","서울역","10694","3469","20260625",""
"20260622","경부선","남영","10113","10406","20260625",""
"20260622","경부선","용산","47384","48132","20260625",""
"20260622","경부선","노량진","8696","8738","20260625",""
"20260622","경부선","대방","11473","13011","20260625",""
"20260622","경부선","영등포","41205","41316","20260625",""
"20260622","경부선","신도림","4217","4548","20260625",""
"20260622","경부선","신길","9348","8422","20260625",""
"20260622","경부선","구로","18338","18205","20260625",""
"20260622","경부선","가산디지털단지","19522","22823","20260625",""
"20260622","경부선","금천구청","11867","12154","20260625",""
"20260622","경부선","석수","8727","8077","20260625",""
"20260622","경부선","관악","7826","7498","20260625",""
"20260622","경부선","안양","24046","23850","20260625",""
"20260622","경부선","명학","9226","9065","20260625",""
"20260622","경부선","금정","31158","31879","20260625",""
"20260622","경부선","군포","7554","7466","20260625",""
"20260622","경부선","의왕","10531","10713","20260625",""
"20260622","경부선","성균관대","17179","17081","20260625",""
"20260622","경부선","화서","11709","11405","20260625",""
"20260622","경부선","수원","39218","40490","20260625",""
"20260622","경부선","독산","18391","18767","20260625",""
"20260622","경부선","세류","3754","3415","20260625",""
"20260622","경부선","병점","16412","16189","20260625",""
"20260622","경부선","세마","3798","3636","20260625",""
"20260622","경부선","오산대","4318","4056","20260625",""
"20260622","경부선","오산","11543","11474","20260625",""
"20260622","경부선","진위","2003","1864","20260625",""
"20260622","경부선","송탄","4578","4684","20260625",""
"20260622","경부선","서정리","9278","8955","20260625",""
"20260622","경부선","평택지제","5495","5005","20260625",""
"20260622","경부선","평택","13026","13227","20260625",""
"20260622","경부선","성환","4502","4670","20260625",""
"20260622","경부선","직산","1125","1100","20260625",""
"20260622","경부선","두정","7583","7884","20260625",""
"20260622","경부선","천안","6092","6196","20260625",""
"20260622","경부선","당정","7014","6637","20260625",""
"20260622","경부선","서동탄","1703","1338","20260625",""
"20260622","경부선","광명","4183","3619","20260625",""
"20260622","경원선","이촌(국립중앙박물관)","4292","3619","20260625",""
"20260622","경원선","서빙고","2371","2136","20260625",""
"20260622","경원선","한남","4296","4211","20260625",""
"20260622","경원선","옥수","59","41","20260625",""
"20260622","경원선","응봉","1924","1647","20260625",""
"20260622","경원선","왕십리(성동구청)","18373","18302","20260625",""
"20260622","경원선","청량리(서울시립대입구)","18066","18372","20260625",""
"20260622","경원선","외대앞","15219","14924","20260625",""
"20260622","경원선","신이문","9764","8857","20260625",""
"20260622","경원선","석계","8203","8948","20260625",""
"20260622","경원선","광운대","9291","8854","20260625",""
"20260622","경원선","월계","7808","7471","20260625",""
"20260622","경원선","녹천","5215","4466","20260625",""
"20260622","경원선","창동","4","0","20260625",""
"20260622","경원선","방학","10994","10809","20260625",""
"20260622","경원선","도봉","6537","6277","20260625",""
"20260622","경원선","도봉산","7727","4979","20260625",""
"20260622","경원선","망월사","11082","11074","20260625",""
"20260622","경원선","회룡","14572","14341","20260625",""
"20260622","경원선","의정부","20565","20794","20260625",""
"20260622","경원선","가능","7106","6795","20260625",""
"20260622","경원선","녹양","4831","4593","20260625",""
"20260622","경원선","양주","7455","6928","20260625",""
"20260622","경원선","덕계","7750","7206","20260625",""
"20260622","경원선","덕정","7235","6797","20260625",""
"20260622","경원선","지행","7190","7213","20260625",""
"20260622","경원선","동두천중앙","3372","3186","20260625",""
"20260622","경원선","보산","1759","1820","20260625",""
"20260622","경원선","동두천","2454","2488","20260625",""
"20260622","경원선","소요산","1624","1618","20260625",""
"20260622","경원선","청산","172","140","20260625",""
"20260622","경원선","전곡","1426","1184","20260625",""
"20260622","경원선","연천","1289","1111","20260625",""
"20260622","경의선","서울역","4092","5079","20260625",""
"20260622","경의선","신촌","1177","1463","20260625",""
"20260622","경의선","효창공원앞","3567","4004","20260625",""
"20260622","경의선","공덕","4794","3828","20260625",""
"20260622","경의선","서강대","2831","2736","20260625",""
"20260622","경의선","홍대입구","2228","2606","20260625",""
"20260622","경의선","가좌","6686","6286","20260625",""
"20260622","경의선","디지털미디어시티","2714","2687","20260625",""
"20260622","경의선","수색","3765","3841","20260625",""
"20260622","경의선","한국항공대","2547","2541","20260625",""
"20260622","경의선","강매","3660","3063","20260625",""
"20260622","경의선","행신","8190","8296","20260625",""
"20260622","경의선","능곡","4806","4549","20260625",""
"20260622","경의선","곡산","662","715","20260625",""
"20260622","경의선","백마","8319","8192","20260625",""
"20260622","경의선","풍산","6898","6396","20260625",""
"20260622","경의선","일산","11479","11250","20260625",""
"20260622","경의선","탄현","8255","7922","20260625",""
"20260622","경의선","야당","7884","8010","20260625",""
"20260622","경의선","운정","8608","8255","20260625",""
"20260622","경의선","금릉","5453","5215","20260625",""
"20260622","경의선","금촌","7039","6647","20260625",""
"20260622","경의선","월롱","2388","2173","20260625",""
"20260622","경의선","파주","1414","1082","20260625",""
"20260622","경의선","문산","6126","5570","20260625",""
"20260622","경의선","임진강","6","46","20260625",""
"20260622","경의선","운천","1","4","20260625",""
"20260622","경인선","개봉","25002","24558","20260625",""
"20260622","경인선","오류동","12585","11678","20260625",""
"20260622","경인선","역곡","29220","28945","20260625",""
"20260622","경인선","부천","33947","33570","20260625",""
"20260622","경인선","송내","27915","27614","20260625",""
"20260622","경인선","부평","31133","31683","20260625",""
"20260622","경인선","백운","7492","7326","20260625",""
"20260622","경인선","동암","16066","16108","20260625",""
"20260622","경인선","주안","19250","17278","20260625",""
"20260622","경인선","제물포","11898","11640","20260625",""
"20260622","경인선","동인천","14008","12940","20260625",""
"20260622","경인선","인천","3802","3057","20260625",""
"20260622","경인선","구일","8091","8014","20260625",""
"20260622","경인선","소사","9053","8457","20260625",""
"20260622","경인선","부개","9277","8702","20260625",""
"20260622","경인선","간석","6360","5935","20260625",""
"20260622","경인선","도원","3752","3742","20260625",""
"20260622","경인선","온수(성공회대입구)","6855","6489","20260625",""
"20260622","경인선","중동","10010","9310","20260625",""
"20260622","경인선","도화","4241","4006","20260625",""
"20260622","경춘선","신내","3516","3412","20260625",""
"20260622","경춘선","갈매","2967","2631","20260625",""
"20260622","경춘선","별내","2803","2655","20260625",""
"20260622","경춘선","퇴계원","3769","3418","20260625",""
"20260622","경춘선","사릉","2319","2274","20260625",""
"20260622","경춘선","금곡","1900","1794","20260625",""
"20260622","경춘선","평내호평","7332","7055","20260625",""
"20260622","경춘선","천마산","1778","1679","20260625",""
"20260622","경춘선","마석","4596","4362","20260625",""
"20260622","경춘선","대성리","765","1126","20260625",""
"20260622","경춘선","청평","2096","1999","20260625",""
"20260622","경춘선","상천","322","290","20260625",""
"20260622","경춘선","가평","2023","2188","20260625",""
"20260622","경춘선","굴봉산","121","113","20260625",""
"20260622","경춘선","백양리","99","132","20260625",""
"20260622","경춘선","강촌","428","405","20260625",""
"20260622","경춘선","김유정","420","371","20260625",""
"20260622","경춘선","남춘천","3470","3495","20260625",""
"20260622","경춘선","춘천","1965","1824","20260625",""
"20260622","공항철도 1호선","서울역","15225","13314","20260625",""
"20260622","공항철도 1호선","공덕","3816","4537","20260625",""
"20260622","공항철도 1호선","홍대입구","18252","15846","20260625",""
"20260622","공항철도 1호선","디지털미디어시티","16558","15498","20260625",""
"20260622","공항철도 1호선","마곡나루(서울식물원)","18017","17372","20260625",""
"20260622","공항철도 1호선","김포공항","9472","5468","20260625",""
"20260622","공항철도 1호선","계양","9981","10072","20260625",""
"20260622","공항철도 1호선","검암","6932","6722","20260625",""
"20260622","공항철도 1호선","청라국제도시","8922","8274","20260625",""
"20260622","공항철도 1호선","운서","11681","11807","20260625",""
"20260622","공항철도 1호선","공항화물청사","2194","2253","20260625",""
"20260622","공항철도 1호선","인천공항1터미널","13445","16920","20260625",""
"20260622","공항철도 1호선","인천공항2터미널","11740","12493","20260625",""
"20260622","공항철도 1호선","영종","5180","5109","20260625",""
"20260622","과천선","선바위","8415","7485","20260625",""
"20260622","과천선","경마공원","857","831","20260625",""
"20260622","과천선","대공원","2286","2320","20260625",""
"20260622","과천선","과천","5678","5148","20260625",""
"20260622","과천선","정부과천청사","16064","17254","20260625",""
"20260622","과천선","인덕원","28599","29303","20260625",""
"20260622","과천선","평촌","20118","19654","20260625",""
"20260622","과천선","범계","30501","30638","20260625",""
"20260622","분당선","선릉","14896","22334","20260625",""
"20260622","분당선","한티","16386","17669","20260625",""
"20260622","분당선","도곡","8597","8876","20260625",""
"20260622","분당선","구룡","3992","3890","20260625",""
"20260622","분당선","개포동","4239","4355","20260625",""
"20260622","분당선","대모산입구","6431","6227","20260625",""
"20260622","분당선","수서","19640","20501","20260625",""
"20260622","분당선","수원","8437","8085","20260625",""
"20260622","분당선","서울숲","14125","14199","20260625",""
"20260622","분당선","압구정로데오","18294","19465","20260625",""
"20260622","분당선","강남구청","10650","12341","20260625",""
"20260622","분당선","선정릉","8365","8587","20260625",""
"20260622","분당선","가천대","9893","10169","20260625",""
"20260622","분당선","태평","13863","13516","20260625",""
"20260622","분당선","모란","20418","21210","20260625",""
"20260622","분당선","야탑","27754","29129","20260625",""
"20260622","분당선","서현","25448","25894","20260625",""
"20260622","분당선","수내","13777","13701","20260625",""
"20260622","분당선","정자","21523","22572","20260625",""
"20260622","분당선","미금","17055","17524","20260625",""
"20260622","분당선","오리","12029","10702","20260625",""
"20260622","분당선","이매","5972","5546","20260625",""
"20260622","분당선","보정","2815","2605","20260625",""
"20260622","분당선","죽전","14319","16019","20260625",""
"20260622","분당선","구성","8424","8449","20260625",""
"20260622","분당선","신갈","5640","5453","20260625",""
"20260622","분당선","기흥","11393","10498","20260625",""
"20260622","분당선","상갈","5731","5376","20260625",""
"20260622","분당선","청명","5381","5117","20260625",""
"20260622","분당선","영통","9825","10206","20260625",""
"20260622","분당선","망포","16870","16439","20260625",""
"20260622","분당선","매탄권선","6234","6188","20260625",""
"20260622","분당선","수원시청","15786","16516","20260625",""
"20260622","분당선","매교","6114","6096","20260625",""
"20260622","서해선","김포공항","2976","4535","20260625",""
"20260622","서해선","원종","5560","5578","20260625",""
"20260622","서해선","부천종합운동장","3429","2907","20260625",""
"20260622","수인선","고색","6942","6593","20260625",""
"20260622","수인선","오목천","4976","4409","20260625",""
"20260622","수인선","어천","1831","1833","20260625",""
"20260622","수인선","야목","905","745","20260625",""
"20260622","수인선","사리","5681","4945","20260625",""
"20260622","수인선","달월","118","82","20260625",""
"20260622","수인선","월곶","2994","2777","20260625",""
"20260622","수인선","소래포구","5181","4732","20260625",""
"20260622","수인선","인천논현","5860","6180","20260625",""
"20260622","수인선","호구포","4573","4735","20260625",""
"20260622","수인선","남동인더스파크","2668","3044","20260625",""
"20260622","수인선","원인재","4715","4838","20260625",""
"20260622","수인선","연수","4971","4967","20260625",""
"20260622","수인선","송도","2934","2633","20260625",""
"20260622","수인선","인하대","7644","7185","20260625",""
"20260622","수인선","숭의","5183","4695","20260625",""
"20260622","수인선","신포","1952","1921","20260625",""
"20260622","수인선","인천","1090","1730","20260625",""
"20260622","신림선","샛강","3603","4090","20260625",""
"20260622","신림선","대방","3838","2931","20260625",""
"20260622","신림선","서울지방병무청","3513","3993","20260625",""
"20260622","신림선","보라매","5518","4847","20260625",""
"20260622","신림선","보라매공원","2875","3170","20260625",""
"20260622","신림선","보라매병원","9783","10285","20260625",""
"20260622","신림선","당곡","5284","5229","20260625",""
"20260622","신림선","신림","2563","3116","20260625",""
"20260622","신림선","서원","3891","3571","20260625",""
"20260622","신림선","서울대벤처타운","10784","10232","20260625",""
"20260622","신림선","관악산(서울대)","3329","3060","20260625",""
"20260622","안산선","산본","17983","19057","20260625",""
"20260622","안산선","대야미","5739","5169","20260625",""
"20260622","안산선","반월","4803","4737","20260625",""
"20260622","안산선","상록수","15745","15884","20260625",""
"20260622","안산선","한대앞","10658","10750","20260625",""
"20260622","안산선","중앙","19539","19976","20260625",""
"20260622","안산선","고잔","10068","9628","20260625",""
"20260622","안산선","초지","5308","5349","20260625",""
"20260622","안산선","안산","12668","11561","20260625",""
"20260622","안산선","신길온천","2280","2039","20260625",""
"20260622","안산선","정왕","10125","10215","20260625",""
"20260622","안산선","오이도","8125","7985","20260625",""
"20260622","안산선","수리산","4558","3919","20260625",""
"20260622","우이신설선","북한산우이","3005","2806","20260625",""
"20260622","우이신설선","솔밭공원","2863","2821","20260625",""
"20260622","우이신설선","4.19민주묘지","3479","3371","20260625",""
"20260622","우이신설선","가오리","4854","4913","20260625",""
"20260622","우이신설선","삼양","2831","2965","20260625",""
"20260622","우이신설선","화계","4062","3824","20260625",""
"20260622","우이신설선","삼양사거리","3104","3110","20260625",""
"20260622","우이신설선","솔샘","6352","6217","20260625",""
"20260622","우이신설선","북한산보국문","6429","6190","20260625",""
"20260622","우이신설선","정릉","5135","4756","20260625",""
"20260622","우이신설선","성신여대입구(돈암)","4032","4313","20260625",""
"20260622","우이신설선","보문","1970","1885","20260625",""
"20260622","분당선","복정","2","0","20260625",""
"20260622","중앙선","용문","2012","1957","20260625",""
"20260622","중앙선","지평","62","63","20260625",""
"20260622","중앙선","아신","538","542","20260625",""
"20260622","중앙선","오빈","317","312","20260625",""
"20260622","중앙선","양평","3350","3377","20260625",""
"20260622","중앙선","원덕","346","339","20260625",""
"20260622","중앙선","신원","186","178","20260625",""
"20260622","중앙선","국수","742","706","20260625",""
"20260623","1호선","신설동","16372","15729","20260626",""
"20260623","1호선","서울역","85591","83094","20260626",""
"20260623","1호선","시청","32016","32460","20260626",""
"20260623","1호선","종각","47180","46271","20260626",""
"20260623","1호선","종로3가","27766","24432","20260626",""
"20260623","1호선","종로5가","27037","26327","20260626",""
"20260623","1호선","동대문","14576","14172","20260626",""
"20260623","1호선","제기동","17348","17665","20260626",""
"20260623","1호선","청량리(서울시립대입구)","25950","25246","20260626",""
"20260623","일산선","원당","12908","12512","20260626",""
"20260623","일산선","화정","18919","19394","20260626",""
"20260623","일산선","대곡","13314","11872","20260626",""
"20260623","일산선","백석","11237","11306","20260626",""
"20260623","일산선","마두","9120","9292","20260626",""
"20260623","일산선","정발산","7598","7694","20260626",""
"20260623","일산선","주엽","10176","10071","20260626",""
"20260623","일산선","대화","11842","9647","20260626",""
"20260623","장항선","봉명","1529","1470","20260626",""
"20260623","장항선","쌍용(나사렛대)","2828","2649","20260626",""
"20260623","장항선","아산","3928","3534","20260626",""
"20260623","장항선","탕정","2333","2191","20260626",""
"20260623","장항선","배방","1366","1286","20260626",""
"20260623","장항선","온양온천","4390","4462","20260626",""
"20260623","장항선","신창(순천향대)","1361","1379","20260626",""
"20260623","중앙선","회기","30274","27949","20260626",""
"20260623","중앙선","중랑","5447","5586","20260626",""
"20260623","중앙선","상봉","6508","6838","20260626",""
"20260623","중앙선","망우","8192","8457","20260626",""
"20260623","중앙선","양원","3475","3540","20260626",""
"20260623","중앙선","구리","7568","8099","20260626",""
"20260623","중앙선","도농","9627","9556","20260626",""
"20260623","중앙선","양정","497","479","20260626",""
"20260623","중앙선","덕소","5433","6021","20260626",""
"20260623","중앙선","도심","3030","2479","20260626",""
"20260623","중앙선","팔당","859","1056","20260626",""
"20260623","중앙선","운길산","612","748","20260626",""
"20260623","중앙선","양수","1931","1852","20260626",""
"20260623","중앙선","신원","237","289","20260626",""
"20260623","중앙선","국수","811","752","20260626",""
"20260623","중앙선","아신","573","551","20260626",""
"20260623","중앙선","오빈","318","325","20260626",""
"20260623","중앙선","양평","4034","4139","20260626",""
"20260623","중앙선","원덕","341","317","20260626",""
"20260623","중앙선","용문","2087","2037","20260626",""
"20260623","안산선","한대앞","10267","10237","20260626",""
"20260623","중앙선","지평","62","66","20260626",""
"20260623","1호선","동묘앞","10407","10796","20260626",""
"20260623","2호선","시청","33392","31561","20260626",""
"20260623","2호선","을지로입구","60520","62327","20260626",""
"20260623","2호선","을지로3가","30087","30207","20260626",""
"20260623","2호선","을지로4가","17646","17219","20260626",""
"20260623","2호선","동대문역사문화공원(DDP)","16507","18466","20260626",""
"20260623","2호선","신당","16766","17245","20260626",""
"20260623","2호선","상왕십리","16645","16281","20260626",""
"20260623","2호선","왕십리(성동구청)","18388","16358","20260626",""
"20260623","2호선","한양대","11350","12149","20260626",""
"20260623","2호선","뚝섬","28912","30987","20260626",""
"20260623","2호선","성수","65977","67593","20260626",""
"20260623","2호선","건대입구","40563","41574","20260626",""
"20260623","2호선","구의(광진구청)","33323","32657","20260626",""
"20260623","2호선","강변(동서울터미널)","28394","25376","20260626",""
"20260623","2호선","잠실나루","19257","18920","20260626",""
"20260623","2호선","잠실(송파구청)","84590","83272","20260626",""
"20260623","2호선","잠실새내","27367","26411","20260626",""
"20260623","2호선","종합운동장","21251","24559","20260626",""
"20260623","2호선","삼성(무역센터)","61941","56571","20260626",""
"20260623","2호선","선릉","68883","60502","20260626",""
"20260623","2호선","역삼","59915","67963","20260626",""
"20260623","2호선","강남","94098","91592","20260626",""
"20260623","2호선","교대(법원.검찰청)","36344","42836","20260626",""
"20260623","2호선","서초","25273","24858","20260626",""
"20260623","2호선","방배","17736","18298","20260626",""
"20260623","2호선","사당","46076","49883","20260626",""
"20260623","2호선","낙성대(강감찬)","31477","31091","20260626",""
"20260623","2호선","서울대입구(관악구청)","51856","50127","20260626",""
"20260623","2호선","봉천","27303","25706","20260626",""
"20260623","2호선","신림","60047","59207","20260626",""
"20260623","2호선","신대방","27357","26527","20260626",""
"20260623","2호선","구로디지털단지","65247","64623","20260626",""
"20260623","2호선","대림(구로구청)","26766","27332","20260626",""
"20260623","2호선","신도림","52425","49348","20260626",""
"20260623","2호선","문래","25938","26626","20260626",""
"20260623","2호선","영등포구청","26676","27437","20260626",""
"20260623","2호선","당산","21327","24407","20260626",""
"20260623","2호선","합정","33553","35899","20260626",""
"20260623","2호선","홍대입구","74099","79040","20260626",""
"20260623","2호선","신촌","42041","41884","20260626",""
"20260623","2호선","이대","17574","18478","20260626",""
"20260623","2호선","아현","12388","11713","20260626",""
"20260623","2호선","충정로(경기대입구)","11962","12841","20260626",""
"20260623","2호선","용답","3426","3395","20260626",""
"20260623","2호선","신답","2019","2287","20260626",""
"20260623","2호선","신설동","4013","3946","20260626",""
"20260623","2호선","도림천","1525","1559","20260626",""
"20260623","2호선","양천구청","7647","8228","20260626",""
"20260623","2호선","신정네거리","11097","11521","20260626",""
"20260623","2호선","용두(동대문구청)","2715","2640","20260626",""
"20260623","3호선","지축","8561","8803","20260626",""
"20260623","3호선","구파발","25076","24173","20260626",""
"20260623","3호선","연신내","40966","39059","20260626",""
"20260623","3호선","불광","18273","19298","20260626",""
"20260623","3호선","녹번","17367","16080","20260626",""
"20260623","3호선","홍제","20102","18889","20260626",""
"20260623","3호선","무악재","4858","4747","20260626",""
"20260623","3호선","독립문","8855","9091","20260626",""
"20260623","3호선","경복궁(정부서울청사)","27136","26490","20260626",""
"20260623","3호선","안국","30302","31122","20260626",""
"20260623","3호선","종로3가","13094","14833","20260626",""
"20260623","3호선","을지로3가","15148","14450","20260626",""
"20260623","3호선","충무로","4","0","20260626",""
"20260623","3호선","동대입구","10960","11591","20260626",""
"20260623","3호선","약수","14292","14154","20260626",""
"20260623","3호선","금호","9133","8617","20260626",""
"20260623","3호선","옥수","10653","10883","20260626",""
"20260623","3호선","압구정","36254","38763","20260626",""
"20260623","3호선","신사","30069","31426","20260626",""
"20260623","3호선","잠원","8258","8097","20260626",""
"20260623","3호선","고속터미널","49011","45154","20260626",""
"20260623","3호선","교대(법원.검찰청)","19828","11239","20260626",""
"20260623","3호선","남부터미널(예술의전당)","34859","35438","20260626",""
"20260623","3호선","양재(서초구청)","43996","46354","20260626",""
"20260623","3호선","매봉","15655","14840","20260626",""
"20260623","3호선","도곡","7466","7429","20260626",""
"20260623","3호선","대치","13688","13562","20260626",""
"20260623","3호선","학여울","2358","2258","20260626",""
"20260623","3호선","대청","12436","11572","20260626",""
"20260623","3호선","일원","13741","13557","20260626",""
"20260623","3호선","수서","20656","20252","20260626",""
"20260623","3호선","가락시장","10521","10165","20260626",""
"20260623","3호선","경찰병원","8925","8931","20260626",""
"20260623","3호선","오금","7645","6733","20260626",""
"20260623","4호선","불암산","10834","9320","20260626",""
"20260623","4호선","상계","21691","20432","20260626",""
"20260623","4호선","노원","22696","25328","20260626",""
"20260623","4호선","창동","30918","32133","20260626",""
"20260623","4호선","쌍문","32309","30302","20260626",""
"20260623","4호선","수유(강북구청)","37601","38218","20260626",""
"20260623","4호선","미아(서울사이버대학)","17820","17230","20260626",""
"20260623","4호선","미아사거리","28911","28605","20260626",""
"20260623","4호선","길음","23710","23490","20260626",""
"20260623","4호선","성신여대입구(돈암)","25288","24260","20260626",""
"20260623","4호선","한성대입구(삼선교)","15664","15152","20260626",""
"20260623","4호선","혜화","40282","40225","20260626",""
"20260623","4호선","동대문","22797","22797","20260626",""
"20260623","4호선","동대문역사문화공원(DDP)","22724","19899","20260626",""
"20260623","4호선","충무로","36517","37578","20260626",""
"20260623","4호선","명동","40249","42230","20260626",""
"20260623","4호선","회현(남대문시장)","32691","34239","20260626",""
"20260623","4호선","서울역","15632","24075","20260626",""
"20260623","4호선","숙대입구(갈월)","17165","16872","20260626",""
"20260623","4호선","삼각지(전쟁기념관)","7053","8236","20260626",""
"20260623","4호선","신용산","24552","27230","20260626",""
"20260623","4호선","이촌(국립중앙박물관)","10758","11591","20260626",""
"20260623","4호선","동작(현충원)","2238","2346","20260626",""
"20260623","4호선","총신대입구(이수)","21583","23183","20260626",""
"20260623","4호선","사당","28161","23923","20260626",""
"20260623","4호선","남태령","1713","1542","20260626",""
"20260623","5호선","방화","8082","7883","20260626",""
"20260623","5호선","개화산","7045","6808","20260626",""
"20260623","5호선","김포공항","13942","8630","20260626",""
"20260623","5호선","송정","6900","6653","20260626",""
"20260623","5호선","마곡","19311","19127","20260626",""
"20260623","5호선","발산","27730","28277","20260626",""
"20260623","5호선","우장산","17269","17154","20260626",""
"20260623","5호선","화곡","31986","30258","20260626",""
"20260623","5호선","까치산","30759","29883","20260626",""
"20260623","5호선","신정(은행정)","15238","12715","20260626",""
"20260623","5호선","목동","18788","20584","20260626",""
"20260623","5호선","오목교(목동운동장앞)","23851","25529","20260626",""
"20260623","5호선","양평","10011","9736","20260626",""
"20260623","5호선","영등포구청","6107","6191","20260626",""
"20260623","5호선","영등포시장","12945","12457","20260626",""
"20260623","5호선","신길","5831","6021","20260626",""
"20260623","5호선","여의도","35408","37802","20260626",""
"20260623","5호선","여의나루","16700","18455","20260626",""
"20260623","5호선","마포","17476","17769","20260626",""
"20260623","5호선","공덕","17099","17815","20260626",""
"20260623","5호선","애오개","7860","7627","20260626",""
"20260623","5호선","충정로(경기대입구)","6078","6234","20260626",""
"20260623","5호선","서대문","21855","22285","20260626",""
"20260623","5호선","광화문(세종문화회관)","40680","41878","20260626",""
"20260623","5호선","종로3가","16756","16479","20260626",""
"20260623","5호선","을지로4가","8154","8150","20260626",""
"20260623","5호선","동대문역사문화공원(DDP)","3868","4324","20260626",""
"20260623","5호선","청구","4051","3676","20260626",""
"20260623","5호선","신금호","7365","7733","20260626",""
"20260623","5호선","행당","8946","8144","20260626",""
"20260623","5호선","왕십리(성동구청)","5288","6015","20260626",""
"20260623","5호선","마장","6528","6142","20260626",""
"20260623","5호선","답십리","18415","16603","20260626",""
"20260623","5호선","장한평","22937","22615","20260626",""
"20260623","5호선","군자(능동)","13532","14800","20260626",""
"20260623","5호선","아차산(어린이대공원후문)","16272","15895","20260626",""
"20260623","5호선","광나루(장신대)","12318","11644","20260626",""
"20260623","5호선","천호(풍납토성)","23510","22763","20260626",""
"20260623","5호선","강동","21261","20601","20260626",""
"20260623","5호선","길동","10099","10437","20260626",""
"20260623","5호선","굽은다리(강동구민회관앞)","10915","10353","20260626",""
"20260623","5호선","명일","9128","9100","20260626",""
"20260623","5호선","고덕","12022","11716","20260626",""
"20260623","5호선","상일동","16563","15639","20260626",""
"20260623","5호선","둔촌동","15167","15085","20260626",""
"20260623","5호선","올림픽공원(한국체대)","6203","5536","20260626",""
"20260623","5호선","방이","8414","8707","20260626",""
"20260623","5호선","오금","4468","4453","20260626",""
"20260623","5호선","개롱","7159","7460","20260626",""
"20260623","5호선","거여","11538","11625","20260626",""
"20260623","5호선","마천","8415","7393","20260626",""
"20260623","5호선","강일","6963","6638","20260626",""
"20260623","5호선","미사","20202","20425","20260626",""
"20260623","5호선","하남풍산","5292","5340","20260626",""
"20260623","5호선","하남시청(덕풍·신장)","9773","9130","20260626",""
"20260623","5호선","하남검단산","7602","7047","20260626",""
"20260623","6호선","응암","19655","19778","20260626",""
"20260623","6호선","역촌","4485","5248","20260626",""
"20260623","6호선","불광","5269","4923","20260626",""
"20260623","6호선","독바위","2861","3047","20260626",""
"20260623","6호선","연신내","1","0","20260626",""
"20260623","6호선","구산","9184","7210","20260626",""
"20260623","6호선","새절(신사)","14588","13603","20260626",""
"20260623","6호선","증산(명지대앞)","10188","10059","20260626",""
"20260623","6호선","디지털미디어시티","16868","18227","20260626",""
"20260623","6호선","월드컵경기장(성산)","4355","4491","20260626",""
"20260623","6호선","마포구청","16710","15199","20260626",""
"20260623","6호선","망원","17361","18541","20260626",""
"20260623","6호선","합정","14494","14165","20260626",""
"20260623","6호선","상수","11159","11983","20260626",""
"20260623","6호선","광흥창(서강)","11239","10650","20260626",""
"20260623","6호선","대흥(서강대앞)","11300","11666","20260626",""
"20260623","6호선","공덕","22151","21442","20260626",""
"20260623","6호선","효창공원앞","8738","7948","20260626",""
"20260623","6호선","삼각지(전쟁기념관)","8604","7498","20260626",""
"20260623","6호선","녹사평(용산구청)","6133","6162","20260626",""
"20260623","6호선","이태원","11891","12517","20260626",""
"20260623","6호선","한강진","10523","12903","20260626",""
"20260623","6호선","버티고개","2569","2562","20260626",""
"20260623","6호선","약수","4391","4164","20260626",""
"20260623","6호선","청구","4290","4351","20260626",""
"20260623","6호선","신당","9966","10246","20260626",""
"20260623","6호선","동묘앞","11540","12452","20260626",""
"20260623","6호선","창신","4092","3390","20260626",""
"20260623","6호선","보문","9435","8933","20260626",""
"20260623","6호선","안암(고대병원앞)","14270","13843","20260626",""
"20260623","6호선","고려대(종암)","9623","8992","20260626",""
"20260623","6호선","월곡(동덕여대)","12959","12758","20260626",""
"20260623","6호선","상월곡(한국과학기술연구원)","7239","6527","20260626",""
"20260623","6호선","돌곶이","13825","12947","20260626",""
"20260623","6호선","석계","13801","13863","20260626",""
"20260623","6호선","태릉입구","6215","6720","20260626",""
"20260623","6호선","화랑대(서울여대입구)","12596","10299","20260626",""
"20260623","6호선","봉화산(서울의료원)","9646","9028","20260626",""
"20260623","6호선","신내","1","0","20260626",""
"20260623","7호선","장암","3196","1197","20260626",""
"20260623","7호선","도봉산","9626","11146","20260626",""
"20260623","7호선","수락산","13754","14090","20260626",""
"20260623","7호선","마들","14982","14377","20260626",""
"20260623","7호선","노원","22727","24145","20260626",""
"20260623","7호선","중계","16776","15699","20260626",""
"20260623","7호선","하계","19596","18495","20260626",""
"20260623","7호선","공릉(서울과학기술대)","13679","13341","20260626",""
"20260623","7호선","태릉입구","9384","8677","20260626",""
"20260623","7호선","먹골","11509","11575","20260626",""
"20260623","7호선","중화","12514","12538","20260626",""
"20260623","7호선","상봉","20765","19736","20260626",""
"20260623","7호선","면목","16070","15733","20260626",""
"20260623","7호선","사가정","17686","17884","20260626",""
"20260623","7호선","용마산(용마폭포공원)","6496","6232","20260626",""
"20260623","7호선","중곡","12369","11832","20260626",""
"20260623","7호선","군자(능동)","17380","13782","20260626",""
"20260623","7호선","어린이대공원(세종대)","16231","16149","20260626",""
"20260623","7호선","건대입구","15257","15355","20260626",""
"20260623","7호선","자양(뚝섬한강공원)","12105","11931","20260626",""
"20260623","7호선","청담","21583","23471","20260626",""
"20260623","7호선","강남구청","18966","21311","20260626",""
"20260623","7호선","학동","26572","27100","20260626",""
"20260623","7호선","논현","22389","23187","20260626",""
"20260623","7호선","반포","7806","7472","20260626",""
"20260623","7호선","고속터미널","17715","16248","20260626",""
"20260623","7호선","내방","17274","17332","20260626",""
"20260623","7호선","이수","19495","19014","20260626",""
"20260623","7호선","남성","12609","11985","20260626",""
"20260623","7호선","숭실대입구(살피재)","14101","14445","20260626",""
"20260623","7호선","상도","13211","13007","20260626",""
"20260623","7호선","장승배기","11195","10929","20260626",""
"20260623","7호선","신대방삼거리","16756","16368","20260626",""
"20260623","7호선","보라매","7479","7871","20260626",""
"20260623","7호선","신풍","13581","12888","20260626",""
"20260623","7호선","대림(구로구청)","9788","9817","20260626",""
"20260623","7호선","남구로","17614","18510","20260626",""
"20260623","7호선","가산디지털단지","51697","52226","20260626",""
"20260623","7호선","철산","25272","25658","20260626",""
"20260623","7호선","광명사거리","24913","24817","20260626",""
"20260623","7호선","천왕","13898","13653","20260626",""
"20260623","7호선","온수(성공회대입구)","11553","10600","20260626",""
"20260623","8호선","암사역사공원","8471","7455","20260626",""
"20260623","8호선","암사","18325","16914","20260626",""
"20260623","8호선","천호(풍납토성)","20264","22786","20260626",""
"20260623","8호선","강동구청","12456","12838","20260626",""
"20260623","8호선","몽촌토성(평화의문)","9570","9681","20260626",""
"20260623","8호선","잠실(송파구청)","20555","23664","20260626",""
"20260623","8호선","석촌","10343","11555","20260626",""
"20260623","8호선","송파","11521","11266","20260626",""
"20260623","8호선","가락시장","9710","10627","20260626",""
"20260623","8호선","문정","27345","28628","20260626",""
"20260623","8호선","장지","19508","17975","20260626",""
"20260623","8호선","복정","11392","9836","20260626",""
"20260623","8호선","산성","7136","7371","20260626",""
"20260623","8호선","남한산성입구(성남법원.검찰청)","14042","12732","20260626",""
"20260623","8호선","단대오거리","13382","13075","20260626",""
"20260623","8호선","신흥","6167","6212","20260626",""
"20260623","8호선","수진","5927","5640","20260626",""
"20260623","8호선","모란","5475","4154","20260626",""
"20260623","8호선","남위례","9484","9541","20260626",""
"20260623","9호선","개화","2890","1889","20260626",""
"20260623","9호선","김포공항","5677","11155","20260626",""
"20260623","9호선","공항시장","3131","3329","20260626",""
"20260623","9호선","신방화","7946","7865","20260626",""
"20260623","9호선","마곡나루(서울식물원)","18454","17773","20260626",""
"20260623","9호선","양천향교","12918","13538","20260626",""
"20260623","9호선","가양","24888","24321","20260626",""
"20260623","9호선","증미","9545","9224","20260626",""
"20260623","9호선","등촌","14954","14476","20260626",""
"20260623","9호선","염창","20437","19787","20260626",""
"20260623","9호선","신목동","5535","4929","20260626",""
"20260623","9호선","선유도","10857","10037","20260626",""
"20260623","9호선","당산","22268","21947","20260626",""
"20260623","9호선","국회의사당","20713","21507","20260626",""
"20260623","9호선","여의도","37524","36522","20260626",""
"20260623","9호선","샛강","8303","8357","20260626",""
"20260623","9호선","노량진","28839","27520","20260626",""
"20260623","9호선","노들","5625","4704","20260626",""
"20260623","9호선","흑석(중앙대입구)","10396","10635","20260626",""
"20260623","9호선","동작(현충원)","2204","1885","20260626",""
"20260623","9호선","구반포","3308","2948","20260626",""
"20260623","9호선","신반포","5334","5158","20260626",""
"20260623","9호선","고속터미널","16631","21631","20260626",""
"20260623","9호선","사평","4861","4664","20260626",""
"20260623","9호선","신논현","35288","35794","20260626",""
"20260623","9호선2~3단계","언주","13787","14389","20260626",""
"20260623","9호선2~3단계","선정릉","12401","13659","20260626",""
"20260623","9호선2~3단계","삼성중앙","9702","10033","20260626",""
"20260623","9호선2~3단계","봉은사","25307","26311","20260626",""
"20260623","9호선2~3단계","종합운동장","5901","6128","20260626",""
"20260623","9호선2~3단계","삼전","9586","9132","20260626",""
"20260623","9호선2~3단계","석촌고분","8805","8507","20260626",""
"20260623","9호선2~3단계","석촌","11219","10438","20260626",""
"20260623","9호선2~3단계","송파나루","6620","7035","20260626",""
"20260623","9호선2~3단계","한성백제","3929","3641","20260626",""
"20260623","9호선2~3단계","올림픽공원(한국체대)","11764","11806","20260626",""
"20260623","9호선2~3단계","둔촌오륜","5436","5301","20260626",""
"20260623","9호선2~3단계","중앙보훈병원","15915","13929","20260626",""
"20260623","경강선","판교","7006","7010","20260626",""
"20260623","경강선","이매","1132","1059","20260626",""
"20260623","경강선","삼동","2679","2556","20260626",""
"20260623","경강선","경기광주","9539","9107","20260626",""
"20260623","경강선","초월","4242","3981","20260626",""
"20260623","경강선","곤지암","2303","2307","20260626",""
"20260623","경강선","신둔도예촌","1571","1497","20260626",""
"20260623","경강선","이천","2952","3169","20260626",""
"20260623","경강선","부발","2556","2511","20260626",""
"20260623","경강선","세종대왕릉","389","371","20260626",""
"20260623","경강선","여주","2924","2847","20260626",""
"20260623","경강선","성남","1607","1344","20260626",""
"20260623","경부선","서울역","10320","3398","20260626",""
"20260623","경부선","남영","10572","10952","20260626",""
"20260623","경부선","용산","46581","47360","20260626",""
"20260623","경부선","노량진","8743","9433","20260626",""
"20260623","경부선","대방","11927","13424","20260626",""
"20260623","경부선","영등포","43359","43212","20260626",""
"20260623","경부선","신도림","4317","4706","20260626",""
"20260623","경부선","신길","9570","8729","20260626",""
"20260623","경부선","구로","18718","18651","20260626",""
"20260623","경부선","가산디지털단지","20008","22871","20260626",""
"20260623","경부선","금천구청","11748","12198","20260626",""
"20260623","경부선","석수","8887","8287","20260626",""
"20260623","경부선","관악","7830","7706","20260626",""
"20260623","경부선","안양","23943","23615","20260626",""
"20260623","경부선","명학","9470","9292","20260626",""
"20260623","경부선","금정","31786","32529","20260626",""
"20260623","경부선","군포","7543","7488","20260626",""
"20260623","경부선","의왕","10790","10598","20260626",""
"20260623","경부선","성균관대","16903","16444","20260626",""
"20260623","경부선","화서","11941","11769","20260626",""
"20260623","경부선","수원","38991","41101","20260626",""
"20260623","경부선","독산","18791","19146","20260626",""
"20260623","경부선","세류","3702","3317","20260626",""
"20260623","경부선","병점","16466","16447","20260626",""
"20260623","경부선","세마","3818","3600","20260626",""
"20260623","경부선","오산대","4529","4232","20260626",""
"20260623","경부선","오산","11774","11859","20260626",""
"20260623","경부선","진위","2018","1874","20260626",""
"20260623","경부선","송탄","4461","4578","20260626",""
"20260623","경부선","서정리","9274","8593","20260626",""
"20260623","경부선","평택지제","5359","5068","20260626",""
"20260623","경부선","평택","12696","12392","20260626",""
"20260623","경부선","성환","4222","4243","20260626",""
"20260623","경부선","직산","1101","1140","20260626",""
"20260623","경부선","두정","7547","7571","20260626",""
"20260623","경부선","천안","5943","6215","20260626",""
"20260623","경부선","당정","6623","6257","20260626",""
"20260623","경부선","서동탄","1639","1350","20260626",""
"20260623","경부선","광명","3946","3373","20260626",""
"20260623","경원선","이촌(국립중앙박물관)","4534","3668","20260626",""
"20260623","경원선","서빙고","2428","2296","20260626",""
"20260623","경원선","한남","4096","4136","20260626",""
"20260623","경원선","옥수","46","36","20260626",""
"20260623","경원선","응봉","2004","1633","20260626",""
"20260623","경원선","왕십리(성동구청)","17711","18035","20260626",""
"20260623","경원선","청량리(서울시립대입구)","17545","18386","20260626",""
"20260623","경원선","외대앞","13937","13529","20260626",""
"20260623","경원선","신이문","9942","9070","20260626",""
"20260623","경원선","석계","8158","9025","20260626",""
"20260623","경원선","광운대","9542","8918","20260626",""
"20260623","경원선","월계","7411","6987","20260626",""
"20260623","경원선","녹천","5275","4648","20260626",""
"20260623","경원선","창동","5","0","20260626",""
"20260623","경원선","방학","10965","10839","20260626",""
"20260623","경원선","도봉","6776","6563","20260626",""
"20260623","경원선","도봉산","8077","5084","20260626",""
"20260623","경원선","망월사","8761","8769","20260626",""
"20260623","경원선","회룡","14986","14639","20260626",""
"20260623","경원선","의정부","20326","20615","20260626",""
"20260623","경원선","가능","7079","6916","20260626",""
"20260623","경원선","녹양","4856","4662","20260626",""
"20260623","경원선","양주","7421","7150","20260626",""
"20260623","경원선","덕계","7475","7062","20260626",""
"20260623","경원선","덕정","6687","6282","20260626",""
"20260623","경원선","지행","7096","7053","20260626",""
"20260623","경원선","동두천중앙","3238","3062","20260626",""
"20260623","경원선","보산","1604","1503","20260626",""
"20260623","경원선","동두천","2480","2512","20260626",""
"20260623","경원선","소요산","1924","1888","20260626",""
"20260623","경원선","청산","164","146","20260626",""
"20260623","경원선","전곡","1209","1076","20260626",""
"20260623","경원선","연천","1172","1176","20260626",""
"20260623","경의선","서울역","3978","5148","20260626",""
"20260623","경의선","신촌","1184","1470","20260626",""
"20260623","경의선","효창공원앞","3563","4015","20260626",""
"20260623","경의선","공덕","4776","3854","20260626",""
"20260623","경의선","서강대","2534","2582","20260626",""
"20260623","경의선","홍대입구","2082","2447","20260626",""
"20260623","경의선","가좌","6553","6119","20260626",""
"20260623","경의선","디지털미디어시티","2718","2681","20260626",""
"20260623","경의선","수색","3626","3701","20260626",""
"20260623","경의선","한국항공대","2209","2045","20260626",""
"20260623","경의선","강매","3733","3022","20260626",""
"20260623","경의선","행신","8226","8228","20260626",""
"20260623","경의선","능곡","5054","4787","20260626",""
"20260623","경의선","곡산","701","737","20260626",""
"20260623","경의선","백마","8549","8247","20260626",""
"20260623","경의선","풍산","7123","6801","20260626",""
"20260623","경의선","일산","12337","12245","20260626",""
"20260623","경의선","탄현","8421","8024","20260626",""
"20260623","경의선","야당","7860","7965","20260626",""
"20260623","경의선","운정","8643","8174","20260626",""
"20260623","경의선","금릉","5438","5212","20260626",""
"20260623","경의선","금촌","7057","6753","20260626",""
"20260623","경의선","월롱","2214","1960","20260626",""
"20260623","경의선","파주","1350","1060","20260626",""
"20260623","경의선","문산","5749","5594","20260626",""
"20260623","경의선","임진강","36","11","20260626",""
"20260623","경의선","운천","6","3","20260626",""
"20260623","경인선","개봉","25660","25057","20260626",""
"20260623","경인선","오류동","12828","12048","20260626",""
"20260623","경인선","역곡","28549","28136","20260626",""
"20260623","경인선","부천","34248","33952","20260626",""
"20260623","경인선","송내","28745","28510","20260626",""
"20260623","경인선","부평","30270","31712","20260626",""
"20260623","경인선","백운","7537","7364","20260626",""
"20260623","경인선","동암","16469","16616","20260626",""
"20260623","경인선","주안","19172","17473","20260626",""
"20260623","경인선","제물포","11914","11505","20260626",""
"20260623","경인선","동인천","14722","13595","20260626",""
"20260623","경인선","인천","3925","3305","20260626",""
"20260623","경인선","구일","12883","14279","20260626",""
"20260623","경인선","소사","9165","8477","20260626",""
"20260623","경인선","부개","9304","8787","20260626",""
"20260623","경인선","간석","6403","6090","20260626",""
"20260623","경인선","도원","3716","3815","20260626",""
"20260623","경인선","온수(성공회대입구)","7091","6603","20260626",""
"20260623","경인선","중동","10210","9573","20260626",""
"20260623","경인선","도화","4329","4071","20260626",""
"20260623","경춘선","신내","3598","3363","20260626",""
"20260623","경춘선","갈매","2995","2708","20260626",""
"20260623","경춘선","별내","2834","2572","20260626",""
"20260623","경춘선","퇴계원","3714","3400","20260626",""
"20260623","경춘선","사릉","2271","2309","20260626",""
"20260623","경춘선","금곡","1908","1866","20260626",""
"20260623","경춘선","평내호평","7356","7163","20260626",""
"20260623","경춘선","천마산","1766","1638","20260626",""
"20260623","경춘선","마석","4932","4776","20260626",""
"20260623","경춘선","대성리","1165","1279","20260626",""
"20260623","경춘선","청평","2018","1939","20260626",""
"20260623","경춘선","상천","344","322","20260626",""
"20260623","경춘선","가평","2318","2493","20260626",""
"20260623","경춘선","굴봉산","122","116","20260626",""
"20260623","경춘선","백양리","144","120","20260626",""
"20260623","경춘선","강촌","408","464","20260626",""
"20260623","경춘선","김유정","427","479","20260626",""
"20260623","경춘선","남춘천","2841","2931","20260626",""
"20260623","경춘선","춘천","1463","1312","20260626",""
"20260623","공항철도 1호선","서울역","14153","12199","20260626",""
"20260623","공항철도 1호선","공덕","3678","4542","20260626",""
"20260623","공항철도 1호선","홍대입구","16768","15235","20260626",""
"20260623","공항철도 1호선","디지털미디어시티","16472","15489","20260626",""
"20260623","공항철도 1호선","마곡나루(서울식물원)","18514","17961","20260626",""
"20260623","공항철도 1호선","김포공항","9087","5304","20260626",""
"20260623","공항철도 1호선","계양","10174","10244","20260626",""
"20260623","공항철도 1호선","검암","6851","6918","20260626",""
"20260623","공항철도 1호선","청라국제도시","9006","8572","20260626",""
"20260623","공항철도 1호선","운서","10907","11473","20260626",""
"20260623","공항철도 1호선","공항화물청사","2193","2352","20260626",""
"20260623","공항철도 1호선","인천공항1터미널","12596","14746","20260626",""
"20260623","공항철도 1호선","인천공항2터미널","11526","10777","20260626",""
"20260623","공항철도 1호선","영종","4965","5069","20260626",""
"20260623","과천선","선바위","8729","7758","20260626",""
"20260623","과천선","경마공원","1733","1747","20260626",""
"20260623","과천선","대공원","2971","3094","20260626",""
"20260623","과천선","과천","5878","5491","20260626",""
"20260623","과천선","정부과천청사","16357","17464","20260626",""
"20260623","과천선","인덕원","29688","30429","20260626",""
"20260623","과천선","평촌","20841","20251","20260626",""
"20260623","과천선","범계","31402","31326","20260626",""
"20260623","분당선","선릉","15145","22956","20260626",""
"20260623","분당선","한티","16852","17897","20260626",""
"20260623","분당선","도곡","8692","9157","20260626",""
"20260623","분당선","구룡","3825","3864","20260626",""
"20260623","분당선","개포동","4325","4432","20260626",""
"20260623","분당선","대모산입구","6639","6329","20260626",""
"20260623","분당선","수서","19630","20672","20260626",""
"20260623","분당선","수원","8586","8193","20260626",""
"20260623","분당선","서울숲","14462","14590","20260626",""
"20260623","분당선","압구정로데오","20465","21957","20260626",""
"20260623","분당선","강남구청","11102","12712","20260626",""
"20260623","분당선","선정릉","8722","8729","20260626",""
"20260623","분당선","가천대","10341","10467","20260626",""
"20260623","분당선","태평","14082","13797","20260626",""
"20260623","분당선","모란","20922","21718","20260626",""
"20260623","분당선","야탑","28735","30180","20260626",""
"20260623","분당선","서현","26088","26698","20260626",""
"20260623","분당선","수내","14546","14451","20260626",""
"20260623","분당선","정자","22557","23801","20260626",""
"20260623","분당선","미금","17473","18052","20260626",""
"20260623","분당선","오리","12458","10844","20260626",""
"20260623","분당선","이매","6133","5851","20260626",""
"20260623","분당선","보정","2889","2571","20260626",""
"20260623","분당선","죽전","14476","16069","20260626",""
"20260623","분당선","구성","8590","8585","20260626",""
"20260623","분당선","신갈","5640","5566","20260626",""
"20260623","분당선","기흥","11685","10607","20260626",""
"20260623","분당선","상갈","5951","5594","20260626",""
"20260623","분당선","청명","5497","5280","20260626",""
"20260623","분당선","영통","9977","10069","20260626",""
"20260623","분당선","망포","17105","16814","20260626",""
"20260623","분당선","매탄권선","6350","6227","20260626",""
"20260623","분당선","수원시청","15780","16753","20260626",""
"20260623","분당선","매교","6162","6113","20260626",""
"20260623","서해선","김포공항","2903","4594","20260626",""
"20260623","서해선","원종","5812","5711","20260626",""
"20260623","서해선","부천종합운동장","3505","3019","20260626",""
"20260623","수인선","고색","6799","6509","20260626",""
"20260623","수인선","오목천","4556","4038","20260626",""
"20260623","수인선","어천","1760","1783","20260626",""
"20260623","수인선","야목","858","891","20260626",""
"20260623","수인선","사리","5649","4950","20260626",""
"20260623","수인선","달월","123","78","20260626",""
"20260623","수인선","월곶","3150","2885","20260626",""
"20260623","수인선","소래포구","5429","4975","20260626",""
"20260623","수인선","인천논현","5950","6204","20260626",""
"20260623","수인선","호구포","4566","4830","20260626",""
"20260623","수인선","남동인더스파크","2754","3094","20260626",""
"20260623","수인선","원인재","4694","4891","20260626",""
"20260623","수인선","연수","4964","4937","20260626",""
"20260623","수인선","송도","2898","2596","20260626",""
"20260623","수인선","인하대","7668","7219","20260626",""
"20260623","수인선","숭의","5089","4733","20260626",""
"20260623","수인선","신포","1958","1939","20260626",""
"20260623","수인선","인천","1087","1664","20260626",""
"20260623","신림선","샛강","3756","4333","20260626",""
"20260623","신림선","대방","4044","3001","20260626",""
"20260623","신림선","서울지방병무청","3684","4178","20260626",""
"20260623","신림선","보라매","5700","5078","20260626",""
"20260623","신림선","보라매공원","3067","3340","20260626",""
"20260623","신림선","보라매병원","10537","11025","20260626",""
"20260623","신림선","당곡","5501","5329","20260626",""
"20260623","신림선","신림","2571","3158","20260626",""
"20260623","신림선","서원","4050","3661","20260626",""
"20260623","신림선","서울대벤처타운","11064","10447","20260626",""
"20260623","신림선","관악산(서울대)","3609","3424","20260626",""
"20260623","안산선","산본","18114","19256","20260626",""
"20260623","안산선","대야미","5822","5254","20260626",""
"20260623","안산선","반월","4913","4792","20260626",""
"20260623","안산선","상록수","15962","15939","20260626",""
"20260623","안산선","중앙","19734","20176","20260626",""
"20260623","안산선","고잔","10052","9699","20260626",""
"20260623","안산선","초지","5199","5243","20260626",""
"20260623","안산선","안산","12356","11269","20260626",""
"20260623","안산선","신길온천","2293","2078","20260626",""
"20260623","안산선","정왕","9812","9949","20260626",""
"20260623","안산선","오이도","8323","8244","20260626",""
"20260623","안산선","수리산","4705","3950","20260626",""
"20260623","우이신설선","북한산우이","3416","3032","20260626",""
"20260623","우이신설선","솔밭공원","2946","2844","20260626",""
"20260623","우이신설선","4.19민주묘지","3513","3366","20260626",""
"20260623","우이신설선","가오리","4930","5026","20260626",""
"20260623","우이신설선","화계","4240","3954","20260626",""
"20260623","우이신설선","삼양","2755","3038","20260626",""
"20260623","우이신설선","삼양사거리","3239","3146","20260626",""
"20260623","우이신설선","솔샘","6556","6325","20260626",""
"20260623","우이신설선","북한산보국문","6702","6289","20260626",""
"20260623","우이신설선","정릉","5289","4842","20260626",""
"20260623","우이신설선","성신여대입구(돈암)","4069","4342","20260626",""
"20260623","우이신설선","보문","2102","1949","20260626",""
"20260623","우이신설선","신설동","2880","2733","20260626",""
"20260623","일산선","원흥","12535","12148","20260626",""
"20260623","일산선","지축","1","0","20260626",""
"20260623","일산선","삼송","21421","20828","20260626",""
"20260624","안산선","반월","4986","4788","20260627",""
"20260624","5호선","까치산","31004","30004","20260627",""
"20260624","안산선","상록수","16172","16201","20260627",""
"20260624","경원선","창동","8","0","20260627",""
"20260624","경의선","서울역","3965","4885","20260627",""
"20260624","우이신설선","화계","4206","3967","20260627",""
"20260624","우이신설선","삼양","2911","3110","20260627",""
"20260624","우이신설선","삼양사거리","3220","3145","20260627",""
"20260624","우이신설선","솔샘","6685","6531","20260627",""
"20260624","우이신설선","북한산보국문","6709","6283","20260627",""
"20260624","우이신설선","정릉","5269","4848","20260627",""
"20260624","우이신설선","성신여대입구(돈암)","4135","4338","20260627",""
"20260624","우이신설선","보문","2076","2000","20260627",""
"20260624","우이신설선","신설동","2926","2775","20260627",""
"20260624","일산선","원흥","12763","12160","20260627",""
"20260624","일산선","삼송","21761","21213","20260627",""
"20260624","일산선","원당","13168","12868","20260627",""
"20260624","일산선","화정","19401","19847","20260627",""
"20260624","일산선","대곡","13061","11582","20260627",""
"20260624","일산선","백석","11241","11308","20260627",""
"20260624","일산선","마두","9130","9422","20260627",""
"20260624","일산선","정발산","8103","7980","20260627",""
"20260624","일산선","주엽","10289","10018","20260627",""
"20260624","일산선","대화","11989","9800","20260627",""
"20260624","장항선","봉명","1695","1676","20260627",""
"20260624","장항선","쌍용(나사렛대)","2913","2716","20260627",""
"20260624","장항선","아산","4176","3740","20260627",""
"20260624","장항선","탕정","2389","2041","20260627",""
"20260624","장항선","배방","1359","1354","20260627",""
"20260624","장항선","온양온천","5854","5985","20260627",""
"20260624","장항선","신창(순천향대)","1484","1561","20260627",""
"20260624","중앙선","회기","29465","27888","20260627",""
"20260624","중앙선","중랑","6291","5991","20260627",""
"20260624","중앙선","상봉","6560","6640","20260627",""
"20260624","중앙선","망우","8489","8220","20260627",""
"20260624","중앙선","양원","3902","3808","20260627",""
"20260624","중앙선","구리","8096","8421","20260627",""
"20260624","중앙선","도농","10593","9928","20260627",""
"20260624","중앙선","양정","570","506","20260627",""
"20260624","중앙선","덕소","6042","5987","20260627",""
"20260624","우이신설선","4.19민주묘지","3482","3312","20260627",""
"20260624","우이신설선","가오리","4938","4953","20260627",""
"20260624","1호선","서울역","84943","82206","20260627",""
"20260624","1호선","시청","31602","32098","20260627",""
"20260624","1호선","종각","47210","46438","20260627",""
"20260624","1호선","종로3가","28208","24833","20260627",""
"20260624","1호선","종로5가","27293","26989","20260627",""
"20260624","1호선","동대문","15042","14862","20260627",""
"20260624","1호선","신설동","16510","15875","20260627",""
"20260624","1호선","제기동","17400","17637","20260627",""
"20260624","1호선","청량리(서울시립대입구)","25111","25032","20260627",""
"20260624","1호선","동묘앞","10625","11112","20260627",""
"20260624","2호선","시청","32985","31579","20260627",""
"20260624","2호선","을지로입구","61532","62587","20260627",""
"20260624","2호선","을지로3가","30738","31307","20260627",""
"20260624","2호선","을지로4가","17658","16832","20260627",""
"20260624","2호선","동대문역사문화공원(DDP)","17005","19151","20260627",""
"20260624","2호선","신당","17286","17848","20260627",""
"20260624","2호선","상왕십리","16666","16500","20260627",""
"20260624","2호선","왕십리(성동구청)","18436","16492","20260627",""
"20260624","2호선","한양대","11738","12877","20260627",""
"20260624","2호선","뚝섬","29193","31261","20260627",""
"20260624","2호선","성수","65411","66901","20260627",""
"20260624","2호선","건대입구","40553","42471","20260627",""
"20260624","2호선","구의(광진구청)","33611","32871","20260627",""
"20260624","2호선","강변(동서울터미널)","28677","25830","20260627",""
"20260624","2호선","잠실나루","19024","18388","20260627",""
"20260624","2호선","잠실(송파구청)","85153","84479","20260627",""
"20260624","2호선","잠실새내","27818","26680","20260627",""
"20260624","2호선","종합운동장","21863","24738","20260627",""
"20260624","2호선","삼성(무역센터)","71473","64046","20260627",""
"20260624","2호선","선릉","69288","60770","20260627",""
"20260624","2호선","역삼","59673","67869","20260627",""
"20260624","2호선","강남","94303","92158","20260627",""
"20260624","2호선","교대(법원.검찰청)","37080","43952","20260627",""
"20260624","2호선","서초","26385","25784","20260627",""
"20260624","2호선","방배","18600","19118","20260627",""
"20260624","2호선","사당","47415","51100","20260627",""
"20260624","2호선","낙성대(강감찬)","31928","31308","20260627",""
"20260624","2호선","서울대입구(관악구청)","52440","50575","20260627",""
"20260624","2호선","봉천","27761","25998","20260627",""
"20260624","2호선","신림","61490","61034","20260627",""
"20260624","2호선","신대방","27697","26812","20260627",""
"20260624","2호선","구로디지털단지","65859","65184","20260627",""
"20260624","2호선","대림(구로구청)","27413","27896","20260627",""
"20260624","2호선","신도림","54472","51499","20260627",""
"20260624","2호선","문래","26460","27195","20260627",""
"20260624","2호선","영등포구청","26755","27638","20260627",""
"20260624","2호선","당산","21656","24410","20260627",""
"20260624","2호선","합정","33875","36613","20260627",""
"20260624","2호선","홍대입구","74624","79740","20260627",""
"20260624","2호선","신촌","40585","41384","20260627",""
"20260624","2호선","이대","17183","18136","20260627",""
"20260624","2호선","아현","12576","11728","20260627",""
"20260624","2호선","충정로(경기대입구)","12146","12988","20260627",""
"20260624","2호선","용답","3405","3329","20260627",""
"20260624","2호선","신답","1957","2259","20260627",""
"20260624","2호선","신설동","4077","3866","20260627",""
"20260624","2호선","도림천","1464","1519","20260627",""
"20260624","2호선","양천구청","7827","8277","20260627",""
"20260624","2호선","신정네거리","11037","11317","20260627",""
"20260624","2호선","용두(동대문구청)","2740","2722","20260627",""
"20260624","3호선","지축","8704","9011","20260627",""
"20260624","3호선","구파발","25129","24071","20260627",""
"20260624","3호선","연신내","41633","39597","20260627",""
"20260624","3호선","불광","18134","19488","20260627",""
"20260624","3호선","녹번","17468","16151","20260627",""
"20260624","3호선","홍제","20293","18912","20260627",""
"20260624","3호선","무악재","4935","4846","20260627",""
"20260624","3호선","독립문","8809","9181","20260627",""
"20260624","3호선","경복궁(정부서울청사)","30502","30417","20260627",""
"20260624","3호선","안국","31924","33104","20260627",""
"20260624","3호선","종로3가","13532","14998","20260627",""
"20260624","3호선","을지로3가","15519","14740","20260627",""
"20260624","3호선","충무로","4","0","20260627",""
"20260624","3호선","동대입구","11079","12099","20260627",""
"20260624","3호선","약수","14413","14119","20260627",""
"20260624","3호선","금호","9183","8558","20260627",""
"20260624","3호선","옥수","10765","11094","20260627",""
"20260624","3호선","압구정","35492","38233","20260627",""
"20260624","3호선","신사","29419","30888","20260627",""
"20260624","3호선","잠원","8399","8100","20260627",""
"20260624","3호선","고속터미널","49502","46176","20260627",""
"20260624","3호선","교대(법원.검찰청)","20123","11457","20260627",""
"20260624","3호선","남부터미널(예술의전당)","34880","35206","20260627",""
"20260624","3호선","양재(서초구청)","44166","46412","20260627",""
"20260624","3호선","매봉","15391","14761","20260627",""
"20260624","3호선","도곡","7347","7210","20260627",""
"20260624","3호선","대치","13613","13569","20260627",""
"20260624","3호선","학여울","2538","2534","20260627",""
"20260624","3호선","대청","12627","11743","20260627",""
"20260624","3호선","일원","13459","13350","20260627",""
"20260624","3호선","수서","20623","20240","20260627",""
"20260624","3호선","가락시장","10523","10176","20260627",""
"20260624","3호선","경찰병원","8938","8900","20260627",""
"20260624","3호선","오금","7499","6850","20260627",""
"20260624","4호선","불암산","10700","9273","20260627",""
"20260624","4호선","상계","22006","20723","20260627",""
"20260624","4호선","노원","23078","25521","20260627",""
"20260624","4호선","창동","31267","32587","20260627",""
"20260624","4호선","쌍문","32511","30447","20260627",""
"20260624","4호선","수유(강북구청)","38504","38763","20260627",""
"20260624","4호선","미아(서울사이버대학)","17730","17203","20260627",""
"20260624","4호선","미아사거리","29235","29034","20260627",""
"20260624","4호선","길음","24266","23663","20260627",""
"20260624","4호선","성신여대입구(돈암)","24840","23860","20260627",""
"20260624","4호선","한성대입구(삼선교)","15675","15110","20260627",""
"20260624","4호선","혜화","42459","42341","20260627",""
"20260624","4호선","동대문","22883","23092","20260627",""
"20260624","4호선","동대문역사문화공원(DDP)","22815","19988","20260627",""
"20260624","4호선","충무로","36417","37644","20260627",""
"20260624","4호선","명동","40035","42019","20260627",""
"20260624","4호선","회현(남대문시장)","31936","33898","20260627",""
"20260624","4호선","서울역","15879","24199","20260627",""
"20260624","4호선","숙대입구(갈월)","16885","16724","20260627",""
"20260624","4호선","삼각지(전쟁기념관)","7312","8404","20260627",""
"20260624","4호선","신용산","24732","27064","20260627",""
"20260624","4호선","이촌(국립중앙박물관)","11645","12629","20260627",""
"20260624","4호선","동작(현충원)","2328","2327","20260627",""
"20260624","4호선","총신대입구(이수)","22133","23826","20260627",""
"20260624","4호선","사당","27950","24614","20260627",""
"20260624","4호선","남태령","1711","1516","20260627",""
"20260624","5호선","방화","8130","7995","20260627",""
"20260624","5호선","개화산","7013","6732","20260627",""
"20260624","5호선","김포공항","14537","8989","20260627",""
"20260624","5호선","송정","6858","6646","20260627",""
"20260624","5호선","마곡","19468","19591","20260627",""
"20260624","5호선","발산","28118","28453","20260627",""
"20260624","5호선","우장산","17484","17448","20260627",""
"20260624","5호선","화곡","32353","30455","20260627",""
"20260624","5호선","신정(은행정)","15460","12706","20260627",""
"20260624","5호선","목동","18676","20630","20260627",""
"20260624","5호선","오목교(목동운동장앞)","23911","25456","20260627",""
"20260624","5호선","양평","9899","9905","20260627",""
"20260624","5호선","영등포구청","6268","6161","20260627",""
"20260624","5호선","영등포시장","13270","12808","20260627",""
"20260624","5호선","신길","5810","5940","20260627",""
"20260624","5호선","여의도","35322","37658","20260627",""
"20260624","5호선","여의나루","17009","18883","20260627",""
"20260624","5호선","마포","17771","18052","20260627",""
"20260624","5호선","공덕","17383","18044","20260627",""
"20260624","5호선","애오개","7780","7586","20260627",""
"20260624","5호선","충정로(경기대입구)","6031","6140","20260627",""
"20260624","5호선","서대문","21670","22081","20260627",""
"20260624","5호선","광화문(세종문화회관)","40446","42798","20260627",""
"20260624","5호선","종로3가","17047","17023","20260627",""
"20260624","5호선","을지로4가","8277","7996","20260627",""
"20260624","5호선","동대문역사문화공원(DDP)","3990","4402","20260627",""
"20260624","5호선","청구","4062","3816","20260627",""
"20260624","5호선","신금호","7267","7669","20260627",""
"20260624","5호선","행당","9111","8063","20260627",""
"20260624","5호선","왕십리(성동구청)","5531","6124","20260627",""
"20260624","5호선","마장","6597","6210","20260627",""
"20260624","5호선","답십리","18716","16727","20260627",""
"20260624","5호선","장한평","23586","23221","20260627",""
"20260624","5호선","군자(능동)","13820","15118","20260627",""
"20260624","5호선","아차산(어린이대공원후문)","16424","16132","20260627",""
"20260624","5호선","광나루(장신대)","12655","12103","20260627",""
"20260624","5호선","천호(풍납토성)","23449","23061","20260627",""
"20260624","5호선","강동","21586","20900","20260627",""
"20260624","5호선","길동","10293","10408","20260627",""
"20260624","5호선","굽은다리(강동구민회관앞)","10936","10423","20260627",""
"20260624","5호선","명일","9385","9526","20260627",""
"20260624","5호선","고덕","12165","12016","20260627",""
"20260624","5호선","상일동","16873","16055","20260627",""
"20260624","5호선","둔촌동","15508","15262","20260627",""
"20260624","5호선","올림픽공원(한국체대)","6110","5533","20260627",""
"20260624","5호선","방이","8489","8866","20260627",""
"20260624","5호선","오금","4380","4485","20260627",""
"20260624","5호선","개롱","7583","7667","20260627",""
"20260624","5호선","거여","11621","11692","20260627",""
"20260624","5호선","마천","8380","7324","20260627",""
"20260624","5호선","강일","7065","6652","20260627",""
"20260624","5호선","미사","21085","21343","20260627",""
"20260624","5호선","하남풍산","5252","5221","20260627",""
"20260624","5호선","하남시청(덕풍·신장)","10415","9839","20260627",""
"20260624","5호선","하남검단산","7550","7090","20260627",""
"20260624","6호선","응암","19809","19833","20260627",""
"20260624","6호선","역촌","4497","5261","20260627",""
"20260624","6호선","불광","5636","5236","20260627",""
"20260624","6호선","독바위","2845","3037","20260627",""
"20260624","6호선","연신내","3","0","20260627",""
"20260624","6호선","구산","9266","7193","20260627",""
"20260624","6호선","새절(신사)","14475","13409","20260627",""
"20260624","6호선","증산(명지대앞)","10280","10010","20260627",""
"20260624","6호선","디지털미디어시티","16893","18133","20260627",""
"20260624","6호선","월드컵경기장(성산)","4422","4622","20260627",""
"20260624","6호선","마포구청","16671","15310","20260627",""
"20260624","6호선","망원","17688","19068","20260627",""
"20260624","6호선","합정","14464","14077","20260627",""
"20260624","6호선","상수","11173","11814","20260627",""
"20260624","6호선","광흥창(서강)","11445","10899","20260627",""
"20260624","6호선","대흥(서강대앞)","11085","11714","20260627",""
"20260624","6호선","공덕","22485","21655","20260627",""
"20260624","6호선","효창공원앞","8770","7946","20260627",""
"20260624","6호선","삼각지(전쟁기념관)","8656","7570","20260627",""
"20260624","6호선","녹사평(용산구청)","6161","6252","20260627",""
"20260624","6호선","이태원","11886","12798","20260627",""
"20260624","6호선","한강진","10458","12865","20260627",""
"20260624","6호선","버티고개","2575","2584","20260627",""
"20260624","6호선","약수","4297","4183","20260627",""
"20260624","6호선","청구","4524","4378","20260627",""
"20260624","6호선","신당","9905","10359","20260627",""
"20260624","6호선","동묘앞","11864","12723","20260627",""
"20260624","6호선","창신","4134","3439","20260627",""
"20260624","6호선","보문","9355","8925","20260627",""
"20260624","6호선","안암(고대병원앞)","13724","13738","20260627",""
"20260624","6호선","고려대(종암)","9542","8966","20260627",""
"20260624","6호선","월곡(동덕여대)","12872","12465","20260627",""
"20260624","6호선","상월곡(한국과학기술연구원)","7312","6660","20260627",""
"20260624","6호선","돌곶이","13918","13083","20260627",""
"20260624","6호선","석계","13762","13989","20260627",""
"20260624","6호선","태릉입구","6497","6902","20260627",""
"20260624","6호선","화랑대(서울여대입구)","12483","10389","20260627",""
"20260624","6호선","봉화산(서울의료원)","9799","9114","20260627",""
"20260624","6호선","신내","1","0","20260627",""
"20260624","7호선","장암","3098","1111","20260627",""
"20260624","7호선","도봉산","9557","11252","20260627",""
"20260624","7호선","수락산","14117","14349","20260627",""
"20260624","7호선","마들","15166","14385","20260627",""
"20260624","7호선","노원","22755","24187","20260627",""
"20260624","7호선","중계","17533","16671","20260627",""
"20260624","7호선","하계","20076","18705","20260627",""
"20260624","7호선","공릉(서울과학기술대)","13761","13678","20260627",""
"20260624","7호선","태릉입구","9395","8772","20260627",""
"20260624","7호선","먹골","11671","11624","20260627",""
"20260624","7호선","중화","12719","12594","20260627",""
"20260624","7호선","상봉","20829","19995","20260627",""
"20260624","7호선","면목","16361","15976","20260627",""
"20260624","7호선","사가정","18004","18153","20260627",""
"20260624","7호선","용마산(용마폭포공원)","6477","6255","20260627",""
"20260624","7호선","중곡","12628","11863","20260627",""
"20260624","7호선","군자(능동)","17873","14278","20260627",""
"20260624","7호선","어린이대공원(세종대)","15700","15745","20260627",""
"20260624","7호선","건대입구","15487","15883","20260627",""
"20260624","7호선","자양(뚝섬한강공원)","12012","11661","20260627",""
"20260624","7호선","청담","21927","24088","20260627",""
"20260624","7호선","강남구청","18977","21557","20260627",""
"20260624","7호선","학동","26915","27797","20260627",""
"20260624","7호선","논현","21870","22852","20260627",""
"20260624","7호선","반포","8009","7784","20260627",""
"20260624","7호선","고속터미널","18765","16542","20260627",""
"20260624","7호선","내방","17431","17299","20260627",""
"20260624","7호선","이수","19773","19126","20260627",""
"20260624","7호선","남성","12526","11935","20260627",""
"20260624","7호선","숭실대입구(살피재)","14041","14043","20260627",""
"20260624","7호선","상도","13368","13101","20260627",""
"20260624","7호선","장승배기","11027","10888","20260627",""
"20260624","7호선","신대방삼거리","16795","16201","20260627",""
"20260624","7호선","보라매","7545","8112","20260627",""
"20260624","7호선","신풍","13549","12738","20260627",""
"20260624","7호선","대림(구로구청)","9589","9569","20260627",""
"20260624","7호선","남구로","17454","18569","20260627",""
"20260624","7호선","가산디지털단지","51903","52520","20260627",""
"20260624","7호선","철산","25377","25829","20260627",""
"20260624","7호선","광명사거리","25588","25261","20260627",""
"20260624","7호선","천왕","13982","13592","20260627",""
"20260624","7호선","온수(성공회대입구)","11037","9996","20260627",""
"20260624","8호선","암사역사공원","8647","7590","20260627",""
"20260624","8호선","암사","18243","16964","20260627",""
"20260624","8호선","천호(풍납토성)","20841","23284","20260627",""
"20260624","8호선","강동구청","12317","12840","20260627",""
"20260624","8호선","몽촌토성(평화의문)","9694","9817","20260627",""
"20260624","8호선","잠실(송파구청)","21248","24317","20260627",""
"20260624","8호선","석촌","10345","11718","20260627",""
"20260624","8호선","송파","11630","11234","20260627",""
"20260624","8호선","가락시장","9648","10667","20260627",""
"20260624","8호선","문정","27606","28875","20260627",""
"20260624","8호선","장지","19808","18255","20260627",""
"20260624","8호선","복정","11770","10166","20260627",""
"20260624","8호선","산성","7281","7415","20260627",""
"20260624","8호선","남한산성입구(성남법원.검찰청)","14298","13162","20260627",""
"20260624","8호선","단대오거리","14054","13607","20260627",""
"20260624","8호선","신흥","6257","6361","20260627",""
"20260624","8호선","수진","6671","6228","20260627",""
"20260624","8호선","모란","7418","5796","20260627",""
"20260624","8호선","남위례","9720","9656","20260627",""
"20260624","9호선","개화","2925","1881","20260627",""
"20260624","9호선","김포공항","6262","11110","20260627",""
"20260624","9호선","공항시장","3095","3271","20260627",""
"20260624","9호선","신방화","8049","7945","20260627",""
"20260624","9호선","마곡나루(서울식물원)","18534","17850","20260627",""
"20260624","9호선","양천향교","13035","13632","20260627",""
"20260624","9호선","가양","25270","24681","20260627",""
"20260624","9호선","증미","9400","9161","20260627",""
"20260624","9호선","등촌","14964","14375","20260627",""
"20260624","9호선","염창","20775","19990","20260627",""
"20260624","9호선","신목동","5555","5010","20260627",""
"20260624","9호선","선유도","10939","10175","20260627",""
"20260624","9호선","당산","22696","22160","20260627",""
"20260624","9호선","국회의사당","21170","21774","20260627",""
"20260624","9호선","여의도","38011","37162","20260627",""
"20260624","9호선","샛강","8796","8783","20260627",""
"20260624","9호선","노량진","29298","28036","20260627",""
"20260624","9호선","노들","5709","4833","20260627",""
"20260624","9호선","흑석(중앙대입구)","10840","10986","20260627",""
"20260624","9호선","동작(현충원)","2461","2033","20260627",""
"20260624","9호선","구반포","3279","2927","20260627",""
"20260624","9호선","신반포","5502","5496","20260627",""
"20260624","9호선","고속터미널","17141","22291","20260627",""
"20260624","9호선","사평","4911","4766","20260627",""
"20260624","9호선","신논현","36078","36804","20260627",""
"20260624","9호선2~3단계","언주","13906","14162","20260627",""
"20260624","9호선2~3단계","선정릉","12555","13621","20260627",""
"20260624","9호선2~3단계","삼성중앙","9628","10114","20260627",""
"20260624","9호선2~3단계","봉은사","32727","36152","20260627",""
"20260624","9호선2~3단계","종합운동장","6126","6057","20260627",""
"20260624","9호선2~3단계","삼전","9729","9236","20260627",""
"20260624","9호선2~3단계","석촌고분","8802","8474","20260627",""
"20260624","9호선2~3단계","석촌","11297","10585","20260627",""
"20260624","9호선2~3단계","송파나루","6692","7117","20260627",""
"20260624","9호선2~3단계","한성백제","3903","3606","20260627",""
"20260624","9호선2~3단계","올림픽공원(한국체대)","12244","11930","20260627",""
"20260624","9호선2~3단계","둔촌오륜","5429","5345","20260627",""
"20260624","9호선2~3단계","중앙보훈병원","16098","13885","20260627",""
"20260624","경강선","판교","6762","6803","20260627",""
"20260624","경강선","이매","1201","1033","20260627",""
"20260624","경강선","삼동","2742","2516","20260627",""
"20260624","경강선","경기광주","9717","9137","20260627",""
"20260624","경강선","초월","4203","3985","20260627",""
"20260624","경강선","곤지암","2357","2337","20260627",""
"20260624","경강선","신둔도예촌","1614","1504","20260627",""
"20260624","경강선","이천","3082","3251","20260627",""
"20260624","경강선","부발","2582","2469","20260627",""
"20260624","경강선","세종대왕릉","407","391","20260627",""
"20260624","경강선","여주","2939","2870","20260627",""
"20260624","경강선","성남","1610","1387","20260627",""
"20260624","경부선","서울역","10543","3385","20260627",""
"20260624","경부선","남영","10642","11015","20260627",""
"20260624","경부선","용산","48417","49110","20260627",""
"20260624","경부선","노량진","9318","9758","20260627",""
"20260624","경부선","대방","12328","13628","20260627",""
"20260624","경부선","영등포","43255","43454","20260627",""
"20260624","경부선","신도림","4464","4776","20260627",""
"20260624","경부선","신길","9794","8948","20260627",""
"20260624","경부선","구로","18829","19012","20260627",""
"20260624","경부선","가산디지털단지","19927","23040","20260627",""
"20260624","경부선","금천구청","11937","12139","20260627",""
"20260624","경부선","석수","8940","8244","20260627",""
"20260624","경부선","관악","7919","7881","20260627",""
"20260624","경부선","안양","23835","23402","20260627",""
"20260624","경부선","명학","9474","9328","20260627",""
"20260624","경부선","금정","31954","32470","20260627",""
"20260624","경부선","군포","7725","7584","20260627",""
"20260624","경부선","의왕","10609","10618","20260627",""
"20260624","경부선","성균관대","17231","16602","20260627",""
"20260624","경부선","화서","12163","11856","20260627",""
"20260624","경부선","수원","38638","40567","20260627",""
"20260624","경부선","독산","18728","18931","20260627",""
"20260624","경부선","세류","3826","3698","20260627",""
"20260624","경부선","병점","16347","16298","20260627",""
"20260624","경부선","세마","3759","3723","20260627",""
"20260624","경부선","오산대","4413","4019","20260627",""
"20260624","경부선","오산","11239","11298","20260627",""
"20260624","경부선","진위","1972","1923","20260627",""
"20260624","경부선","송탄","4569","4607","20260627",""
"20260624","경부선","서정리","9375","8773","20260627",""
"20260624","경부선","평택지제","5334","4961","20260627",""
"20260624","경부선","평택","12487","12407","20260627",""
"20260624","경부선","성환","4018","3951","20260627",""
"20260624","경부선","직산","1146","1129","20260627",""
"20260624","경부선","두정","7711","7857","20260627",""
"20260624","경부선","천안","6153","6167","20260627",""
"20260624","경부선","당정","6743","6427","20260627",""
"20260624","경부선","서동탄","1659","1343","20260627",""
"20260624","경부선","광명","4055","3536","20260627",""
"20260624","경원선","이촌(국립중앙박물관)","4578","3706","20260627",""
"20260624","경원선","서빙고","2544","2409","20260627",""
"20260624","경원선","한남","4129","4100","20260627",""
"20260624","경원선","옥수","55","46","20260627",""
"20260624","경원선","응봉","2026","1642","20260627",""
"20260624","경원선","왕십리(성동구청)","18376","18685","20260627",""
"20260624","경원선","청량리(서울시립대입구)","17498","18358","20260627",""
"20260624","경원선","외대앞","13812","13388","20260627",""
"20260624","경원선","신이문","9991","9055","20260627",""
"20260624","경원선","석계","8216","9004","20260627",""
"20260624","경원선","광운대","9424","8756","20260627",""
"20260624","경원선","월계","7541","7156","20260627",""
"20260624","경원선","녹천","5233","4589","20260627",""
"20260624","경원선","방학","11225","10890","20260627",""
"20260624","경원선","도봉","6828","6556","20260627",""
"20260624","경원선","도봉산","8199","5193","20260627",""
"20260624","경원선","망월사","8549","8758","20260627",""
"20260624","경원선","회룡","15210","14815","20260627",""
"20260624","경원선","의정부","20668","20834","20260627",""
"20260624","경원선","가능","7116","6906","20260627",""
"20260624","경원선","녹양","4995","4747","20260627",""
"20260624","경원선","양주","7441","7114","20260627",""
"20260624","경원선","덕계","7640","7132","20260627",""
"20260624","경원선","덕정","6529","6321","20260627",""
"20260624","경원선","지행","7057","7145","20260627",""
"20260624","경원선","동두천중앙","3335","3168","20260627",""
"20260624","경원선","보산","1565","1492","20260627",""
"20260624","경원선","동두천","2570","2497","20260627",""
"20260624","경원선","소요산","1727","1760","20260627",""
"20260624","경원선","청산","171","177","20260627",""
"20260624","경원선","전곡","1289","1224","20260627",""
"20260624","경원선","연천","1157","1134","20260627",""
"20260624","경의선","신촌","1184","1470","20260627",""
"20260624","경의선","효창공원앞","3583","4122","20260627",""
"20260624","경의선","공덕","4814","3903","20260627",""
"20260624","경의선","서강대","2651","2646","20260627",""
"20260624","경의선","홍대입구","2403","2988","20260627",""
"20260624","경의선","가좌","6633","6394","20260627",""
"20260624","경의선","디지털미디어시티","2861","2770","20260627",""
"20260624","경의선","수색","3692","3787","20260627",""
"20260624","경의선","한국항공대","2273","2069","20260627",""
"20260624","경의선","강매","3707","3064","20260627",""
"20260624","경의선","행신","8271","8294","20260627",""
"20260624","경의선","능곡","5012","4655","20260627",""
"20260624","경의선","곡산","648","732","20260627",""
"20260624","경의선","백마","8606","8293","20260627",""
"20260624","경의선","풍산","7055","6565","20260627",""
"20260624","경의선","일산","11626","11514","20260627",""
"20260624","경의선","탄현","8484","8193","20260627",""
"20260624","경의선","야당","8145","8213","20260627",""
"20260624","경의선","운정","8825","8445","20260627",""
"20260624","경의선","금릉","5479","5252","20260627",""
"20260624","경의선","금촌","7276","6955","20260627",""
"20260624","경의선","월롱","2378","2119","20260627",""
"20260624","경의선","파주","1311","1061","20260627",""
"20260624","경의선","문산","6123","6069","20260627",""
"20260624","경의선","임진강","32","13","20260627",""
"20260624","경의선","운천","2","2","20260627",""
"20260624","경인선","개봉","25848","25368","20260627",""
"20260624","경인선","오류동","13163","12340","20260627",""
"20260624","경인선","역곡","27709","27622","20260627",""
"20260624","경인선","부천","33811","33873","20260627",""
"20260624","경인선","송내","28632","28240","20260627",""
"20260624","경인선","부평","31143","32556","20260627",""
"20260624","경인선","백운","7815","7552","20260627",""
"20260624","경인선","동암","16460","16634","20260627",""
"20260624","경인선","주안","19599","17839","20260627",""
"20260624","경인선","제물포","12167","11761","20260627",""
"20260624","경인선","동인천","14807","13712","20260627",""
"20260624","경인선","인천","3997","3217","20260627",""
"20260624","경인선","구일","13307","14484","20260627",""
"20260624","경인선","소사","9029","8609","20260627",""
"20260624","경인선","부개","9476","8780","20260627",""
"20260624","경인선","간석","6473","6153","20260627",""
"20260624","경인선","도원","3755","3854","20260627",""
"20260624","경인선","온수(성공회대입구)","6806","6469","20260627",""
"20260624","경인선","중동","10425","9861","20260627",""
"20260624","경인선","도화","4580","4229","20260627",""
"20260624","경춘선","신내","3433","3315","20260627",""
"20260624","경춘선","갈매","3111","2768","20260627",""
"20260624","경춘선","별내","2712","2459","20260627",""
"20260624","경춘선","퇴계원","3913","3613","20260627",""
"20260624","경춘선","사릉","2313","2225","20260627",""
"20260624","경춘선","금곡","1972","1922","20260627",""
"20260624","경춘선","평내호평","7159","6977","20260627",""
"20260624","경춘선","천마산","1811","1702","20260627",""
"20260624","경춘선","마석","4570","4395","20260627",""
"20260624","경춘선","대성리","1311","1131","20260627",""
"20260624","경춘선","청평","1915","1999","20260627",""
"20260624","경춘선","상천","330","315","20260627",""
"20260624","경춘선","가평","2405","2502","20260627",""
"20260624","경춘선","굴봉산","124","103","20260627",""
"20260624","경춘선","백양리","133","128","20260627",""
"20260624","경춘선","강촌","575","457","20260627",""
"20260624","경춘선","김유정","431","455","20260627",""
"20260624","경춘선","남춘천","2767","2790","20260627",""
"20260624","경춘선","춘천","1461","1204","20260627",""
"20260624","공항철도 1호선","서울역","13723","12135","20260627",""
"20260624","공항철도 1호선","공덕","3756","4660","20260627",""
"20260624","공항철도 1호선","홍대입구","16420","15479","20260627",""
"20260624","공항철도 1호선","디지털미디어시티","16698","15671","20260627",""
"20260624","공항철도 1호선","마곡나루(서울식물원)","18342","17892","20260627",""
"20260624","공항철도 1호선","김포공항","9581","5385","20260627",""
"20260624","공항철도 1호선","계양","10121","10077","20260627",""
"20260624","공항철도 1호선","검암","7026","6924","20260627",""
"20260624","공항철도 1호선","청라국제도시","9003","8590","20260627",""
"20260624","공항철도 1호선","운서","11017","11490","20260627",""
"20260624","공항철도 1호선","공항화물청사","2184","2353","20260627",""
"20260624","공항철도 1호선","인천공항1터미널","13135","13969","20260627",""
"20260624","공항철도 1호선","인천공항2터미널","10980","9610","20260627",""
"20260624","공항철도 1호선","영종","5030","5085","20260627",""
"20260624","과천선","선바위","8510","7677","20260627",""
"20260624","과천선","경마공원","2008","2014","20260627",""
"20260624","과천선","대공원","2943","3006","20260627",""
"20260624","과천선","과천","6018","5462","20260627",""
"20260624","과천선","정부과천청사","16150","16994","20260627",""
"20260624","과천선","인덕원","30498","31030","20260627",""
"20260624","과천선","평촌","19725","19781","20260627",""
"20260624","과천선","범계","31828","31924","20260627",""
"20260624","분당선","선릉","14759","22477","20260627",""
"20260624","분당선","한티","17032","18161","20260627",""
"20260624","분당선","도곡","8589","9011","20260627",""
"20260624","분당선","구룡","4015","3851","20260627",""
"20260624","분당선","개포동","4500","4696","20260627",""
"20260624","분당선","대모산입구","6696","6409","20260627",""
"20260624","분당선","수서","20189","21390","20260627",""
"20260624","분당선","복정","5","0","20260627",""
"20260624","분당선","수원","8516","7875","20260627",""
"20260624","분당선","서울숲","14347","14789","20260627",""
"20260624","분당선","압구정로데오","20109","21500","20260627",""
"20260624","분당선","강남구청","11105","12862","20260627",""
"20260624","분당선","선정릉","8648","8699","20260627",""
"20260624","분당선","가천대","9716","9880","20260627",""
"20260624","분당선","태평","14487","14023","20260627",""
"20260624","분당선","모란","26422","27873","20260627",""
"20260624","분당선","야탑","30025","31490","20260627",""
"20260624","분당선","서현","26738","27574","20260627",""
"20260624","분당선","수내","14738","14548","20260627",""
"20260624","분당선","정자","22958","24082","20260627",""
"20260624","분당선","미금","17982","18494","20260627",""
"20260624","분당선","오리","12760","11065","20260627",""
"20260624","분당선","이매","6370","6018","20260627",""
"20260624","분당선","보정","2945","2693","20260627",""
"20260624","분당선","죽전","14724","16392","20260627",""
"20260624","분당선","구성","8639","8695","20260627",""
"20260624","분당선","신갈","5674","5550","20260627",""
"20260624","분당선","기흥","11673","10727","20260627",""
"20260624","분당선","상갈","5947","5608","20260627",""
"20260624","분당선","청명","5471","5311","20260627",""
"20260624","분당선","영통","10208","10260","20260627",""
"20260624","분당선","망포","17364","16921","20260627",""
"20260624","분당선","매탄권선","6510","6390","20260627",""
"20260624","분당선","수원시청","16257","17280","20260627",""
"20260624","분당선","매교","6135","6130","20260627",""
"20260624","서해선","김포공항","3002","4706","20260627",""
"20260624","서해선","원종","5816","5680","20260627",""
"20260624","서해선","부천종합운동장","3578","3026","20260627",""
"20260624","수인선","고색","7062","6511","20260627",""
"20260624","수인선","오목천","4443","4135","20260627",""
"20260624","수인선","어천","1792","1839","20260627",""
"20260624","수인선","야목","886","739","20260627",""
"20260624","수인선","사리","5691","4970","20260627",""
"20260624","수인선","달월","134","89","20260627",""
"20260624","수인선","월곶","3625","3393","20260627",""
"20260624","수인선","소래포구","5389","5017","20260627",""
"20260624","수인선","인천논현","6059","6362","20260627",""
"20260624","수인선","호구포","4592","4856","20260627",""
"20260624","수인선","남동인더스파크","2760","3076","20260627",""
"20260624","수인선","원인재","4864","5139","20260627",""
"20260624","수인선","연수","5144","4921","20260627",""
"20260624","수인선","송도","2961","2731","20260627",""
"20260624","수인선","인하대","7693","7214","20260627",""
"20260624","수인선","숭의","5262","4812","20260627",""
"20260624","수인선","신포","2110","2191","20260627",""
"20260624","수인선","인천","1148","1674","20260627",""
"20260624","신림선","샛강","3837","4375","20260627",""
"20260624","신림선","대방","3932","2978","20260627",""
"20260624","신림선","서울지방병무청","3660","4060","20260627",""
"20260624","신림선","보라매","5538","4959","20260627",""
"20260624","신림선","보라매공원","2924","3274","20260627",""
"20260624","신림선","보라매병원","10089","10597","20260627",""
"20260624","신림선","당곡","5384","5299","20260627",""
"20260624","신림선","신림","2674","3125","20260627",""
"20260624","신림선","서원","4031","3560","20260627",""
"20260624","신림선","서울대벤처타운","10998","10265","20260627",""
"20260624","신림선","관악산(서울대)","3585","3471","20260627",""
"20260624","안산선","산본","18452","19573","20260627",""
"20260624","안산선","대야미","5804","5288","20260627",""
"20260624","안산선","한대앞","10128","10143","20260627",""
"20260624","안산선","중앙","19867","20628","20260627",""
"20260624","안산선","고잔","10212","9753","20260627",""
"20260624","안산선","초지","5336","5213","20260627",""
"20260624","안산선","안산","12609","11683","20260627",""
"20260624","안산선","신길온천","2288","2143","20260627",""
"20260624","안산선","정왕","9874","10025","20260627",""
"20260624","안산선","오이도","8261","8290","20260627",""
"20260624","안산선","수리산","4651","3905","20260627",""
"20260624","우이신설선","북한산우이","3207","3015","20260627",""
"20260624","우이신설선","솔밭공원","3006","2879","20260627",""
"20260624","중앙선","도심","3273","2566","20260627",""
"20260624","중앙선","팔당","805","779","20260627",""
"20260624","중앙선","운길산","746","743","20260627",""
"20260624","중앙선","양수","2033","2061","20260627",""
"20260624","중앙선","신원","184","184","20260627",""
"20260624","중앙선","국수","796","762","20260627",""
"20260624","중앙선","아신","532","559","20260627",""
"20260624","중앙선","오빈","370","352","20260627",""
"20260624","중앙선","양평","3405","3512","20260627",""
"20260624","중앙선","원덕","368","358","20260627",""
"20260624","중앙선","용문","2086","2002","20260627",""
"20260624","중앙선","지평","77","56","20260627",""
"20260625","2호선","뚝섬","28888","30645","20260628",""
"20260625","우이신설선","성신여대입구(돈암)","4012","4225","20260628",""
"20260625","분당선","복정","4","0","20260628",""
"20260625","우이신설선","보문","2026","1977","20260628",""
"20260625","안산선","반월","4962","4748","20260628",""
"20260625","안산선","상록수","15651","15783","20260628",""
"20260625","안산선","한대앞","9988","9948","20260628",""
"20260625","우이신설선","북한산보국문","6737","6137","20260628",""
"20260625","우이신설선","정릉","5131","4651","20260628",""
"20260625","안산선","중앙","19420","20039","20260628",""
"20260625","안산선","고잔","9894","9693","20260628",""
"20260625","안산선","초지","5285","5288","20260628",""
"20260625","안산선","안산","12135","11338","20260628",""
"20260625","안산선","신길온천","2237","2061","20260628",""
"20260625","안산선","정왕","9476","9568","20260628",""
"20260625","안산선","오이도","8282","8063","20260628",""
"20260625","안산선","수리산","4709","3880","20260628",""
"20260625","우이신설선","북한산우이","3056","2834","20260628",""
"20260625","우이신설선","솔밭공원","2842","2830","20260628",""
"20260625","우이신설선","4.19민주묘지","3484","3198","20260628",""
"20260625","우이신설선","가오리","4807","4911","20260628",""
"20260625","우이신설선","화계","4085","3847","20260628",""
"20260625","우이신설선","삼양","2769","2983","20260628",""
"20260625","우이신설선","삼양사거리","3091","3088","20260628",""
"20260625","우이신설선","솔샘","6505","6321","20260628",""
"20260625","일산선","정발산","7694","7761","20260628",""
"20260625","1호선","서울역","87794","84481","20260628",""
"20260625","1호선","시청","31951","33254","20260628",""
"20260625","1호선","종각","48791","47160","20260628",""
"20260625","1호선","종로3가","27850","24942","20260628",""
"20260625","1호선","종로5가","26769","26202","20260628",""
"20260625","1호선","동대문","14830","14343","20260628",""
"20260625","1호선","신설동","16563","15921","20260628",""
"20260625","1호선","제기동","16700","17002","20260628",""
"20260625","1호선","청량리(서울시립대입구)","24841","24476","20260628",""
"20260625","1호선","동묘앞","9901","10507","20260628",""
"20260625","2호선","시청","33020","31210","20260628",""
"20260625","2호선","을지로입구","61689","62565","20260628",""
"20260625","2호선","을지로3가","30589","30963","20260628",""
"20260625","2호선","을지로4가","17650","17402","20260628",""
"20260625","2호선","동대문역사문화공원(DDP)","16908","19359","20260628",""
"20260625","2호선","신당","17193","17634","20260628",""
"20260625","2호선","상왕십리","16411","16279","20260628",""
"20260625","2호선","왕십리(성동구청)","18263","16150","20260628",""
"20260625","2호선","한양대","11510","12572","20260628",""
"20260625","2호선","성수","63285","64339","20260628",""
"20260625","2호선","건대입구","40026","41188","20260628",""
"20260625","2호선","구의(광진구청)","33308","32908","20260628",""
"20260625","2호선","강변(동서울터미널)","28378","25795","20260628",""
"20260625","2호선","잠실나루","18526","18126","20260628",""
"20260625","2호선","잠실(송파구청)","83994","83694","20260628",""
"20260625","2호선","잠실새내","27110","26681","20260628",""
"20260625","2호선","종합운동장","22690","23970","20260628",""
"20260625","2호선","삼성(무역센터)","74658","68934","20260628",""
"20260625","2호선","선릉","68232","59902","20260628",""
"20260625","2호선","역삼","59165","67041","20260628",""
"20260625","2호선","강남","94077","91681","20260628",""
"20260625","2호선","교대(법원.검찰청)","36124","43089","20260628",""
"20260625","2호선","서초","25298","24805","20260628",""
"20260625","2호선","방배","18241","18957","20260628",""
"20260625","2호선","사당","47471","51801","20260628",""
"20260625","2호선","낙성대(강감찬)","30976","30327","20260628",""
"20260625","2호선","서울대입구(관악구청)","51123","49704","20260628",""
"20260625","2호선","봉천","27204","25627","20260628",""
"20260625","2호선","신림","61149","60158","20260628",""
"20260625","2호선","신대방","27145","25919","20260628",""
"20260625","2호선","구로디지털단지","64940","63972","20260628",""
"20260625","2호선","대림(구로구청)","26643","27357","20260628",""
"20260625","2호선","신도림","53305","50764","20260628",""
"20260625","2호선","문래","26174","27045","20260628",""
"20260625","2호선","영등포구청","26274","27284","20260628",""
"20260625","2호선","당산","21343","24306","20260628",""
"20260625","2호선","합정","34307","37168","20260628",""
"20260625","2호선","홍대입구","75797","81102","20260628",""
"20260625","2호선","신촌","41368","42190","20260628",""
"20260625","2호선","이대","17184","18482","20260628",""
"20260625","2호선","아현","12388","11599","20260628",""
"20260625","2호선","충정로(경기대입구)","11884","12890","20260628",""
"20260625","2호선","용답","3297","3264","20260628",""
"20260625","2호선","신답","2009","2250","20260628",""
"20260625","2호선","신설동","4060","3980","20260628",""
"20260625","2호선","도림천","1538","1576","20260628",""
"20260625","2호선","양천구청","7829","8160","20260628",""
"20260625","2호선","신정네거리","10877","11269","20260628",""
"20260625","3호선","지축","8678","8846","20260628",""
"20260625","3호선","구파발","24398","23204","20260628",""
"20260625","3호선","연신내","41079","39083","20260628",""
"20260625","3호선","불광","17935","19195","20260628",""
"20260625","3호선","녹번","17438","16083","20260628",""
"20260625","3호선","홍제","20280","18837","20260628",""
"20260625","3호선","무악재","4831","4702","20260628",""
"20260625","3호선","독립문","8613","8843","20260628",""
"20260625","3호선","경복궁(정부서울청사)","31313","31578","20260628",""
"20260625","3호선","안국","30787","31277","20260628",""
"20260625","3호선","종로3가","13192","14347","20260628",""
"20260625","3호선","을지로3가","15640","14778","20260628",""
"20260625","3호선","충무로","7","0","20260628",""
"20260625","3호선","동대입구","10917","11811","20260628",""
"20260625","3호선","약수","14179","13902","20260628",""
"20260625","3호선","금호","9062","8464","20260628",""
"20260625","3호선","옥수","10406","10746","20260628",""
"20260625","3호선","압구정","35001","37644","20260628",""
"20260625","3호선","신사","29896","31193","20260628",""
"20260625","3호선","잠원","8355","7965","20260628",""
"20260625","3호선","고속터미널","48958","46083","20260628",""
"20260625","3호선","교대(법원.검찰청)","19770","11290","20260628",""
"20260625","3호선","남부터미널(예술의전당)","34988","35467","20260628",""
"20260625","3호선","양재(서초구청)","44549","47046","20260628",""
"20260625","3호선","매봉","15062","14417","20260628",""
"20260625","3호선","도곡","7152","7155","20260628",""
"20260625","3호선","대치","13498","13495","20260628",""
"20260625","3호선","학여울","2345","2316","20260628",""
"20260625","3호선","대청","12428","11525","20260628",""
"20260625","3호선","일원","13229","13002","20260628",""
"20260625","3호선","수서","20569","20516","20260628",""
"20260625","3호선","가락시장","10425","10151","20260628",""
"20260625","3호선","경찰병원","8669","8684","20260628",""
"20260625","3호선","오금","7493","6678","20260628",""
"20260625","4호선","불암산","10415","8981","20260628",""
"20260625","4호선","상계","21679","20546","20260628",""
"20260625","4호선","노원","22525","25210","20260628",""
"20260625","4호선","창동","30619","31817","20260628",""
"20260625","4호선","쌍문","32264","30109","20260628",""
"20260625","4호선","수유(강북구청)","36920","37514","20260628",""
"20260625","4호선","미아(서울사이버대학)","17331","16761","20260628",""
"20260625","4호선","미아사거리","28525","28353","20260628",""
"20260625","4호선","길음","23852","23517","20260628",""
"20260625","4호선","성신여대입구(돈암)","24186","23461","20260628",""
"20260625","4호선","한성대입구(삼선교)","15638","15188","20260628",""
"20260625","4호선","혜화","40087","39696","20260628",""
"20260625","4호선","동대문","22286","22677","20260628",""
"20260625","4호선","동대문역사문화공원(DDP)","23151","20424","20260628",""
"20260625","4호선","충무로","36332","37144","20260628",""
"20260625","4호선","명동","40620","42194","20260628",""
"20260625","4호선","회현(남대문시장)","31515","33297","20260628",""
"20260625","4호선","서울역","15505","24988","20260628",""
"20260625","4호선","숙대입구(갈월)","17184","16704","20260628",""
"20260625","4호선","삼각지(전쟁기념관)","7578","8621","20260628",""
"20260625","4호선","신용산","24718","27253","20260628",""
"20260625","4호선","이촌(국립중앙박물관)","10579","11502","20260628",""
"20260625","4호선","동작(현충원)","2175","2222","20260628",""
"20260625","4호선","총신대입구(이수)","21172","22957","20260628",""
"20260625","4호선","사당","28729","24348","20260628",""
"20260625","4호선","남태령","1635","1525","20260628",""
"20260625","5호선","방화","7960","7650","20260628",""
"20260625","5호선","개화산","6831","6635","20260628",""
"20260625","5호선","김포공항","14919","8894","20260628",""
"20260625","5호선","송정","6813","6601","20260628",""
"20260625","5호선","마곡","18968","19009","20260628",""
"20260625","5호선","발산","27331","28055","20260628",""
"20260625","5호선","우장산","16638","16721","20260628",""
"20260625","5호선","화곡","32031","29952","20260628",""
"20260625","5호선","까치산","30954","29708","20260628",""
"20260625","5호선","신정(은행정)","15264","12940","20260628",""
"20260625","5호선","목동","18762","20241","20260628",""
"20260625","5호선","오목교(목동운동장앞)","23276","25002","20260628",""
"20260625","5호선","양평","9970","9762","20260628",""
"20260625","5호선","영등포구청","6169","6071","20260628",""
"20260625","5호선","영등포시장","13248","12731","20260628",""
"20260625","5호선","신길","5810","6189","20260628",""
"20260625","5호선","여의도","35317","38044","20260628",""
"20260625","5호선","여의나루","15078","16642","20260628",""
"20260625","5호선","마포","17610","17684","20260628",""
"20260625","5호선","공덕","17334","17985","20260628",""
"20260625","5호선","애오개","7758","7577","20260628",""
"20260625","5호선","충정로(경기대입구)","5864","6053","20260628",""
"20260625","5호선","서대문","21628","22078","20260628",""
"20260625","5호선","광화문(세종문화회관)","45665","51942","20260628",""
"20260625","5호선","종로3가","17451","16464","20260628",""
"20260625","5호선","을지로4가","8098","7969","20260628",""
"20260625","5호선","동대문역사문화공원(DDP)","3923","4362","20260628",""
"20260625","5호선","청구","3999","3785","20260628",""
"20260625","5호선","신금호","7367","7717","20260628",""
"20260625","5호선","행당","9035","8094","20260628",""
"20260625","5호선","왕십리(성동구청)","5277","5794","20260628",""
"20260625","5호선","마장","6451","6078","20260628",""
"20260625","5호선","답십리","18529","16525","20260628",""
"20260625","5호선","장한평","23264","23088","20260628",""
"20260625","5호선","군자(능동)","13509","14917","20260628",""
"20260625","5호선","아차산(어린이대공원후문)","15750","15566","20260628",""
"20260625","5호선","광나루(장신대)","12584","11932","20260628",""
"20260625","5호선","천호(풍납토성)","22599","22011","20260628",""
"20260625","5호선","강동","21142","20516","20260628",""
"20260625","5호선","길동","10000","10116","20260628",""
"20260625","5호선","굽은다리(강동구민회관앞)","10568","10019","20260628",""
"20260625","5호선","명일","9141","8990","20260628",""
"20260625","5호선","고덕","11669","11384","20260628",""
"20260625","5호선","상일동","16565","15815","20260628",""
"20260625","5호선","둔촌동","14907","14798","20260628",""
"20260625","5호선","올림픽공원(한국체대)","5868","5294","20260628",""
"20260625","5호선","방이","8450","8802","20260628",""
"20260625","5호선","오금","4398","4449","20260628",""
"20260625","5호선","개롱","7293","7521","20260628",""
"20260625","5호선","거여","11433","11358","20260628",""
"20260625","5호선","마천","8195","7270","20260628",""
"20260625","5호선","강일","6789","6415","20260628",""
"20260625","5호선","미사","20360","20567","20260628",""
"20260625","5호선","하남풍산","5167","5181","20260628",""
"20260625","5호선","하남시청(덕풍·신장)","9653","9180","20260628",""
"20260625","5호선","하남검단산","7433","6838","20260628",""
"20260625","6호선","응암","19427","19435","20260628",""
"20260625","6호선","역촌","4449","5243","20260628",""
"20260625","6호선","불광","5456","5040","20260628",""
"20260625","6호선","독바위","2835","2979","20260628",""
"20260625","6호선","연신내","4","0","20260628",""
"20260625","6호선","구산","8910","7011","20260628",""
"20260625","6호선","새절(신사)","14301","13325","20260628",""
"20260625","6호선","증산(명지대앞)","10100","9904","20260628",""
"20260625","6호선","디지털미디어시티","16609","18231","20260628",""
"20260625","6호선","월드컵경기장(성산)","4232","4337","20260628",""
"20260625","6호선","마포구청","16522","15182","20260628",""
"20260625","6호선","망원","17716","19035","20260628",""
"20260625","6호선","합정","14663","14481","20260628",""
"20260625","6호선","상수","11476","12222","20260628",""
"20260625","6호선","광흥창(서강)","11338","10755","20260628",""
"20260625","6호선","대흥(서강대앞)","11291","11639","20260628",""
"20260625","6호선","공덕","21863","21513","20260628",""
"20260625","6호선","효창공원앞","8710","7776","20260628",""
"20260625","6호선","삼각지(전쟁기념관)","8758","7781","20260628",""
"20260625","6호선","녹사평(용산구청)","6174","6383","20260628",""
"20260625","6호선","이태원","12555","13884","20260628",""
"20260625","6호선","한강진","10326","12850","20260628",""
"20260625","6호선","버티고개","2485","2462","20260628",""
"20260625","6호선","약수","4098","4058","20260628",""
"20260625","6호선","청구","4318","4282","20260628",""
"20260625","6호선","신당","10338","10474","20260628",""
"20260625","6호선","동묘앞","11434","11866","20260628",""
"20260625","6호선","창신","4021","3406","20260628",""
"20260625","6호선","보문","9270","8733","20260628",""
"20260625","6호선","안암(고대병원앞)","13492","13312","20260628",""
"20260625","6호선","고려대(종암)","9557","8999","20260628",""
"20260625","6호선","월곡(동덕여대)","13004","12553","20260628",""
"20260625","6호선","상월곡(한국과학기술연구원)","7451","6810","20260628",""
"20260625","6호선","돌곶이","14262","13434","20260628",""
"20260625","6호선","석계","13696","13988","20260628",""
"20260625","6호선","태릉입구","6311","6713","20260628",""
"20260625","6호선","화랑대(서울여대입구)","12220","10075","20260628",""
"20260625","6호선","봉화산(서울의료원)","9589","8993","20260628",""
"20260625","7호선","장암","3086","1185","20260628",""
"20260625","7호선","도봉산","9282","10766","20260628",""
"20260625","7호선","수락산","13692","13756","20260628",""
"20260625","7호선","마들","15013","14290","20260628",""
"20260625","7호선","노원","22049","23352","20260628",""
"20260625","7호선","중계","16455","15410","20260628",""
"20260625","7호선","하계","19148","18033","20260628",""
"20260625","7호선","공릉(서울과학기술대)","13487","13106","20260628",""
"20260625","7호선","태릉입구","9049","8604","20260628",""
"20260625","7호선","먹골","11357","11241","20260628",""
"20260625","7호선","중화","12356","12381","20260628",""
"20260625","7호선","상봉","20139","19560","20260628",""
"20260625","7호선","면목","15929","15751","20260628",""
"20260625","7호선","사가정","17641","17612","20260628",""
"20260625","7호선","용마산(용마폭포공원)","6451","6341","20260628",""
"20260625","7호선","중곡","12330","11698","20260628",""
"20260625","7호선","군자(능동)","17468","13875","20260628",""
"20260625","7호선","어린이대공원(세종대)","15463","15183","20260628",""
"20260625","7호선","건대입구","14571","14950","20260628",""
"20260625","7호선","자양(뚝섬한강공원)","10513","10442","20260628",""
"20260625","7호선","청담","21427","23998","20260628",""
"20260625","7호선","강남구청","18844","21130","20260628",""
"20260625","7호선","학동","26315","27413","20260628",""
"20260625","7호선","논현","22056","22698","20260628",""
"20260625","7호선","반포","7675","7350","20260628",""
"20260625","7호선","고속터미널","18496","16022","20260628",""
"20260625","7호선","내방","17130","17279","20260628",""
"20260625","7호선","이수","19230","18854","20260628",""
"20260625","7호선","남성","12711","11929","20260628",""
"20260625","7호선","숭실대입구(살피재)","13845","13878","20260628",""
"20260625","7호선","상도","13263","12919","20260628",""
"20260625","7호선","장승배기","10749","10718","20260628",""
"20260625","7호선","신대방삼거리","16620","16083","20260628",""
"20260625","7호선","보라매","7335","7655","20260628",""
"20260625","7호선","신풍","13237","12573","20260628",""
"20260625","7호선","대림(구로구청)","9195","9237","20260628",""
"20260625","7호선","남구로","17114","18271","20260628",""
"20260625","7호선","가산디지털단지","50852","51864","20260628",""
"20260625","7호선","철산","25084","25437","20260628",""
"20260625","7호선","광명사거리","24772","24529","20260628",""
"20260625","7호선","천왕","13433","13145","20260628",""
"20260625","7호선","온수(성공회대입구)","10776","9590","20260628",""
"20260625","8호선","암사역사공원","8284","7364","20260628",""
"20260625","8호선","암사","17869","16561","20260628",""
"20260625","8호선","천호(풍납토성)","20112","22401","20260628",""
"20260625","8호선","강동구청","12112","12572","20260628",""
"20260625","8호선","몽촌토성(평화의문)","9462","9773","20260628",""
"20260625","8호선","잠실(송파구청)","21228","23684","20260628",""
"20260625","8호선","석촌","9940","11344","20260628",""
"20260625","8호선","송파","11501","11327","20260628",""
"20260625","8호선","가락시장","9646","10686","20260628",""
"20260625","8호선","문정","27036","28567","20260628",""
"20260625","8호선","장지","19012","17651","20260628",""
"20260625","8호선","복정","10763","9135","20260628",""
"20260625","8호선","산성","6934","7219","20260628",""
"20260625","8호선","남한산성입구(성남법원.검찰청)","13500","11945","20260628",""
"20260625","8호선","단대오거리","13093","12926","20260628",""
"20260625","8호선","신흥","5936","6089","20260628",""
"20260625","8호선","수진","6020","5740","20260628",""
"20260625","8호선","모란","5407","4043","20260628",""
"20260625","8호선","남위례","9618","9559","20260628",""
"20260625","9호선","개화","2899","1881","20260628",""
"20260625","9호선","김포공항","6181","10990","20260628",""
"20260625","9호선","공항시장","3063","3297","20260628",""
"20260625","9호선","신방화","7942","7960","20260628",""
"20260625","9호선","마곡나루(서울식물원)","18702","17759","20260628",""
"20260625","9호선","양천향교","12656","13247","20260628",""
"20260625","9호선","가양","25013","24239","20260628",""
"20260625","9호선","증미","9378","9195","20260628",""
"20260625","9호선","등촌","14650","14038","20260628",""
"20260625","9호선","염창","20731","19954","20260628",""
"20260625","9호선","신목동","5484","4917","20260628",""
"20260625","9호선","선유도","10769","9890","20260628",""
"20260625","9호선","당산","22428","21728","20260628",""
"20260625","9호선","국회의사당","19661","20380","20260628",""
"20260625","9호선","여의도","38340","36976","20260628",""
"20260625","9호선","샛강","8286","8138","20260628",""
"20260625","9호선","노량진","29513","28234","20260628",""
"20260625","9호선","노들","5767","4846","20260628",""
"20260625","9호선","흑석(중앙대입구)","10381","10557","20260628",""
"20260625","9호선","동작(현충원)","2403","1989","20260628",""
"20260625","9호선","구반포","3297","2854","20260628",""
"20260625","9호선","신반포","5577","5416","20260628",""
"20260625","9호선","고속터미널","16906","22124","20260628",""
"20260625","9호선","사평","4886","4716","20260628",""
"20260625","9호선","신논현","36698","37317","20260628",""
"20260625","9호선2~3단계","언주","13600","14062","20260628",""
"20260625","9호선2~3단계","선정릉","12442","13792","20260628",""
"20260625","9호선2~3단계","삼성중앙","9762","10130","20260628",""
"20260625","9호선2~3단계","봉은사","34178","38531","20260628",""
"20260625","9호선2~3단계","종합운동장","6043","6253","20260628",""
"20260625","9호선2~3단계","삼전","9546","9047","20260628",""
"20260625","9호선2~3단계","석촌고분","8613","8385","20260628",""
"20260625","9호선2~3단계","석촌","11080","10274","20260628",""
"20260625","9호선2~3단계","송파나루","6665","7054","20260628",""
"20260625","9호선2~3단계","한성백제","3815","3516","20260628",""
"20260625","9호선2~3단계","올림픽공원(한국체대)","11334","11159","20260628",""
"20260625","9호선2~3단계","둔촌오륜","5384","5416","20260628",""
"20260625","9호선2~3단계","중앙보훈병원","15529","13335","20260628",""
"20260625","경강선","판교","6639","6759","20260628",""
"20260625","경강선","이매","1150","997","20260628",""
"20260625","경강선","삼동","2622","2465","20260628",""
"20260625","경강선","경기광주","9418","8921","20260628",""
"20260625","경강선","초월","4110","3859","20260628",""
"20260625","경강선","곤지암","2214","2199","20260628",""
"20260625","경강선","신둔도예촌","1577","1457","20260628",""
"20260625","경강선","이천","3011","3209","20260628",""
"20260625","경강선","부발","2501","2399","20260628",""
"20260625","경강선","세종대왕릉","369","388","20260628",""
"20260625","경강선","여주","2784","2838","20260628",""
"20260625","경강선","성남","1534","1370","20260628",""
"20260625","경부선","서울역","11024","3479","20260628",""
"20260625","경부선","남영","10593","10775","20260628",""
"20260625","경부선","용산","48525","48904","20260628",""
"20260625","경부선","노량진","9373","9797","20260628",""
"20260625","경부선","대방","11859","13288","20260628",""
"20260625","경부선","영등포","43467","43861","20260628",""
"20260625","경부선","신도림","4389","4690","20260628",""
"20260625","경부선","신길","9667","8559","20260628",""
"20260625","경부선","구로","18388","18536","20260628",""
"20260625","경부선","가산디지털단지","19821","22610","20260628",""
"20260625","경부선","금천구청","11660","12113","20260628",""
"20260625","경부선","석수","8773","8006","20260628",""
"20260625","경부선","관악","7854","7674","20260628",""
"20260625","경부선","안양","23432","22901","20260628",""
"20260625","경부선","명학","9366","9383","20260628",""
"20260625","경부선","금정","31609","32143","20260628",""
"20260625","경부선","군포","7462","7381","20260628",""
"20260625","경부선","의왕","10524","10459","20260628",""
"20260625","경부선","성균관대","16586","16053","20260628",""
"20260625","경부선","화서","12427","12358","20260628",""
"20260625","경부선","수원","38143","39746","20260628",""
"20260625","경부선","독산","18625","18914","20260628",""
"20260625","경부선","세류","3855","3587","20260628",""
"20260625","경부선","병점","16168","15961","20260628",""
"20260625","경부선","세마","3773","3626","20260628",""
"20260625","경부선","오산대","4297","3933","20260628",""
"20260625","경부선","오산","10995","11048","20260628",""
"20260625","경부선","진위","1728","1652","20260628",""
"20260625","경부선","송탄","4475","4456","20260628",""
"20260625","경부선","서정리","9045","8517","20260628",""
"20260625","경부선","평택지제","5238","4912","20260628",""
"20260625","경부선","평택","12145","12168","20260628",""
"20260625","경부선","성환","4013","3941","20260628",""
"20260625","경부선","직산","1090","1083","20260628",""
"20260625","경부선","두정","7364","7471","20260628",""
"20260625","경부선","천안","5765","5856","20260628",""
"20260625","경부선","당정","6415","6228","20260628",""
"20260625","경부선","서동탄","1623","1327","20260628",""
"20260625","경부선","광명","4122","3568","20260628",""
"20260625","경원선","이촌(국립중앙박물관)","4369","3571","20260628",""
"20260625","경원선","서빙고","2372","2184","20260628",""
"20260625","경원선","한남","4073","4074","20260628",""
"20260625","경원선","옥수","60","39","20260628",""
"20260625","경원선","응봉","2024","1655","20260628",""
"20260625","경원선","왕십리(성동구청)","17776","17749","20260628",""
"20260625","경원선","청량리(서울시립대입구)","17928","18489","20260628",""
"20260625","경원선","외대앞","13674","13180","20260628",""
"20260625","경원선","신이문","9840","8975","20260628",""
"20260625","경원선","석계","8098","8913","20260628",""
"20260625","경원선","광운대","9237","8700","20260628",""
"20260625","경원선","월계","7280","6945","20260628",""
"20260625","경원선","녹천","5151","4396","20260628",""
"20260625","경원선","창동","11","0","20260628",""
"20260625","경원선","방학","10841","10733","20260628",""
"20260625","경원선","도봉","6814","6467","20260628",""
"20260625","경원선","도봉산","7505","4729","20260628",""
"20260625","경원선","망월사","8336","8430","20260628",""
"20260625","경원선","회룡","14711","14549","20260628",""
"20260625","경원선","의정부","20050","20212","20260628",""
"20260625","경원선","가능","6918","6726","20260628",""
"20260625","경원선","녹양","4873","4662","20260628",""
"20260625","경원선","양주","7222","6854","20260628",""
"20260625","경원선","덕계","7442","7095","20260628",""
"20260625","경원선","덕정","6465","6048","20260628",""
"20260625","경원선","지행","6995","7080","20260628",""
"20260625","경원선","동두천중앙","3281","3235","20260628",""
"20260625","경원선","보산","1564","1481","20260628",""
"20260625","경원선","동두천","2465","2370","20260628",""
"20260625","경원선","소요산","1482","1490","20260628",""
"20260625","경원선","청산","173","158","20260628",""
"20260625","경원선","전곡","1193","1128","20260628",""
"20260625","경원선","연천","1017","993","20260628",""
"20260625","경의선","서울역","3993","4856","20260628",""
"20260625","경의선","신촌","1100","1395","20260628",""
"20260625","경의선","효창공원앞","3477","3998","20260628",""
"20260625","경의선","공덕","4962","3850","20260628",""
"20260625","경의선","서강대","2579","2499","20260628",""
"20260625","경의선","홍대입구","2295","2763","20260628",""
"20260625","경의선","가좌","6480","6283","20260628",""
"20260625","경의선","디지털미디어시티","2790","2577","20260628",""
"20260625","경의선","수색","3757","3851","20260628",""
"20260625","경의선","한국항공대","2211","1963","20260628",""
"20260625","경의선","강매","3612","2953","20260628",""
"20260625","경의선","행신","8146","8302","20260628",""
"20260625","경의선","능곡","4815","4546","20260628",""
"20260625","경의선","곡산","647","689","20260628",""
"20260625","경의선","백마","8299","8175","20260628",""
"20260625","경의선","풍산","7100","6736","20260628",""
"20260625","경의선","일산","11210","11196","20260628",""
"20260625","경의선","탄현","8333","8064","20260628",""
"20260625","경의선","야당","7930","8016","20260628",""
"20260625","경의선","운정","8498","8114","20260628",""
"20260625","경의선","금릉","5385","5284","20260628",""
"20260625","경의선","금촌","6965","6672","20260628",""
"20260625","경의선","월롱","2253","1893","20260628",""
"20260625","경의선","파주","1275","1031","20260628",""
"20260625","경의선","문산","5570","5613","20260628",""
"20260625","경의선","임진강","32","9","20260628",""
"20260625","경의선","운천","3","3","20260628",""
"20260625","경인선","개봉","25219","24821","20260628",""
"20260625","경인선","오류동","12852","11829","20260628",""
"20260625","경인선","역곡","27232","27146","20260628",""
"20260625","경인선","부천","33106","33242","20260628",""
"20260625","경인선","송내","28156","28029","20260628",""
"20260625","경인선","부평","30554","31670","20260628",""
"20260625","경인선","백운","7747","7408","20260628",""
"20260625","경인선","동암","16091","16184","20260628",""
"20260625","경인선","주안","18962","17505","20260628",""
"20260625","경인선","제물포","11869","11508","20260628",""
"20260625","경인선","동인천","14335","13172","20260628",""
"20260625","경인선","인천","3769","3074","20260628",""
"20260625","경인선","구일","13202","14355","20260628",""
"20260625","경인선","소사","8800","8391","20260628",""
"20260625","경인선","부개","9354","8777","20260628",""
"20260625","경인선","간석","6257","6109","20260628",""
"20260625","경인선","도원","3643","3877","20260628",""
"20260625","경인선","온수(성공회대입구)","6742","6399","20260628",""
"20260625","경인선","중동","10102","9433","20260628",""
"20260625","경인선","도화","4295","3958","20260628",""
"20260625","경춘선","신내","3489","3334","20260628",""
"20260625","경춘선","갈매","2939","2620","20260628",""
"20260625","경춘선","별내","2582","2457","20260628",""
"20260625","경춘선","퇴계원","3645","3348","20260628",""
"20260625","경춘선","사릉","2245","2162","20260628",""
"20260625","경춘선","금곡","1897","1891","20260628",""
"20260625","경춘선","평내호평","6889","6682","20260628",""
"20260625","경춘선","천마산","1628","1579","20260628",""
"20260625","경춘선","마석","4345","4176","20260628",""
"20260625","경춘선","대성리","945","1293","20260628",""
"20260625","경춘선","청평","1870","1783","20260628",""
"20260625","경춘선","상천","281","253","20260628",""
"20260625","경춘선","가평","2219","2154","20260628",""
"20260625","경춘선","굴봉산","98","106","20260628",""
"20260625","경춘선","백양리","78","84","20260628",""
"20260625","경춘선","강촌","398","419","20260628",""
"20260625","경춘선","김유정","393","445","20260628",""
"20260625","경춘선","남춘천","2648","2643","20260628",""
"20260625","경춘선","춘천","1299","1103","20260628",""
"20260625","공항철도 1호선","서울역","14915","12974","20260628",""
"20260625","공항철도 1호선","공덕","3649","4639","20260628",""
"20260625","공항철도 1호선","홍대입구","16378","15791","20260628",""
"20260625","공항철도 1호선","디지털미디어시티","17404","16302","20260628",""
"20260625","공항철도 1호선","마곡나루(서울식물원)","18469","18042","20260628",""
"20260625","공항철도 1호선","김포공항","9571","5636","20260628",""
"20260625","공항철도 1호선","계양","10171","10156","20260628",""
"20260625","공항철도 1호선","검암","6958","6913","20260628",""
"20260625","공항철도 1호선","청라국제도시","8906","8507","20260628",""
"20260625","공항철도 1호선","운서","10911","11474","20260628",""
"20260625","공항철도 1호선","공항화물청사","2224","2319","20260628",""
"20260625","공항철도 1호선","인천공항1터미널","14207","12882","20260628",""
"20260625","공항철도 1호선","인천공항2터미널","11877","9144","20260628",""
"20260625","공항철도 1호선","영종","5013","5096","20260628",""
"20260625","과천선","선바위","8602","7619","20260628",""
"20260625","과천선","경마공원","1443","1401","20260628",""
"20260625","과천선","대공원","2727","2858","20260628",""
"20260625","과천선","과천","5814","5378","20260628",""
"20260625","과천선","정부과천청사","15998","17272","20260628",""
"20260625","과천선","인덕원","29898","30226","20260628",""
"20260625","과천선","평촌","20272","19915","20260628",""
"20260625","과천선","범계","30917","31054","20260628",""
"20260625","분당선","선릉","14993","22391","20260628",""
"20260625","분당선","한티","16672","17744","20260628",""
"20260625","분당선","도곡","8551","8912","20260628",""
"20260625","분당선","구룡","3874","3948","20260628",""
"20260625","분당선","개포동","4404","4516","20260628",""
"20260625","분당선","대모산입구","6529","6288","20260628",""
"20260625","분당선","수서","19866","21162","20260628",""
"20260625","분당선","수원","8465","8104","20260628",""
"20260625","분당선","서울숲","14038","14216","20260628",""
"20260625","분당선","압구정로데오","20791","22480","20260628",""
"20260625","분당선","강남구청","10858","12639","20260628",""
"20260625","분당선","선정릉","8622","8874","20260628",""
"20260625","분당선","가천대","9416","9197","20260628",""
"20260625","분당선","태평","14072","13477","20260628",""
"20260625","분당선","모란","20759","21013","20260628",""
"20260625","분당선","야탑","28580","30339","20260628",""
"20260625","분당선","서현","25749","26616","20260628",""
"20260625","분당선","수내","14495","14465","20260628",""
"20260625","분당선","정자","22564","23830","20260628",""
"20260625","분당선","미금","16900","17407","20260628",""
"20260625","분당선","오리","12253","10740","20260628",""
"20260625","분당선","이매","6096","5751","20260628",""
"20260625","분당선","보정","2810","2502","20260628",""
"20260625","분당선","죽전","14193","15668","20260628",""
"20260625","분당선","구성","8452","8554","20260628",""
"20260625","분당선","신갈","5647","5567","20260628",""
"20260625","분당선","기흥","11607","10499","20260628",""
"20260625","분당선","상갈","5729","5444","20260628",""
"20260625","분당선","청명","5290","5054","20260628",""
"20260625","분당선","영통","9897","9917","20260628",""
"20260625","분당선","망포","17121","16544","20260628",""
"20260625","분당선","매탄권선","6310","6275","20260628",""
"20260625","분당선","수원시청","15783","16498","20260628",""
"20260625","분당선","매교","6003","6040","20260628",""
"20260625","서해선","김포공항","3263","4699","20260628",""
"20260625","서해선","원종","5856","5679","20260628",""
"20260625","서해선","부천종합운동장","3507","2935","20260628",""
"20260625","수인선","고색","6660","6225","20260628",""
"20260625","수인선","오목천","4315","3823","20260628",""
"20260625","수인선","어천","1722","1694","20260628",""
"20260625","수인선","야목","1025","748","20260628",""
"20260625","수인선","사리","5624","4897","20260628",""
"20260625","수인선","달월","129","95","20260628",""
"20260625","수인선","월곶","3598","3263","20260628",""
"20260625","수인선","소래포구","5072","4701","20260628",""
"20260625","수인선","인천논현","5891","6224","20260628",""
"20260625","수인선","호구포","4513","4799","20260628",""
"20260625","수인선","남동인더스파크","2711","3095","20260628",""
"20260625","수인선","원인재","4738","4878","20260628",""
"20260625","수인선","연수","5095","4915","20260628",""
"20260625","수인선","송도","2873","2544","20260628",""
"20260625","수인선","인하대","7577","7036","20260628",""
"20260625","수인선","숭의","5047","4603","20260628",""
"20260625","수인선","신포","2040","2094","20260628",""
"20260625","수인선","인천","1063","1595","20260628",""
"20260625","신림선","샛강","3737","4338","20260628",""
"20260625","신림선","대방","3779","2955","20260628",""
"20260625","신림선","서울지방병무청","3579","3922","20260628",""
"20260625","신림선","보라매","5572","5050","20260628",""
"20260625","신림선","보라매공원","2769","3071","20260628",""
"20260625","신림선","보라매병원","9916","10337","20260628",""
"20260625","신림선","당곡","5367","5184","20260628",""
"20260625","신림선","신림","2551","3062","20260628",""
"20260625","신림선","서원","3966","3648","20260628",""
"20260625","신림선","서울대벤처타운","10886","10220","20260628",""
"20260625","신림선","관악산(서울대)","3243","3040","20260628",""
"20260625","안산선","산본","18063","19127","20260628",""
"20260625","안산선","대야미","5709","5255","20260628",""
"20260625","우이신설선","신설동","2871","2665","20260628",""
"20260625","일산선","원흥","12428","11849","20260628",""
"20260625","일산선","지축","1","0","20260628",""
"20260625","일산선","삼송","21682","21182","20260628",""
"20260625","일산선","원당","12949","12443","20260628",""
"20260625","일산선","화정","18814","19401","20260628",""
"20260625","일산선","대곡","12898","11564","20260628",""
"20260625","일산선","백석","11159","11340","20260628",""
"20260625","일산선","마두","8877","9034","20260628",""
"20260625","일산선","주엽","10002","9832","20260628",""
"20260625","일산선","대화","11652","9510","20260628",""
"20260625","장항선","봉명","1443","1465","20260628",""
"20260625","장항선","쌍용(나사렛대)","2530","2469","20260628",""
"20260625","장항선","아산","3862","3500","20260628",""
"20260625","장항선","탕정","2264","2049","20260628",""
"20260625","장항선","배방","1340","1279","20260628",""
"20260625","장항선","온양온천","4425","4424","20260628",""
"20260625","장항선","신창(순천향대)","1357","1316","20260628",""
"20260625","중앙선","회기","29169","27639","20260628",""
"20260625","중앙선","중랑","5968","5640","20260628",""
"20260625","중앙선","상봉","6498","6484","20260628",""
"20260625","중앙선","망우","8350","8041","20260628",""
"20260625","중앙선","양원","3789","3716","20260628",""
"20260625","중앙선","구리","7900","8235","20260628",""
"20260625","중앙선","도농","10423","9540","20260628",""
"20260625","중앙선","양정","574","495","20260628",""
"20260625","중앙선","덕소","5810","5825","20260628",""
"20260625","중앙선","도심","3239","2561","20260628",""
"20260625","중앙선","팔당","821","834","20260628",""
"20260625","중앙선","운길산","638","625","20260628",""
"20260625","중앙선","양수","1929","1978","20260628",""
"20260625","중앙선","신원","178","185","20260628",""
"20260625","중앙선","국수","746","736","20260628",""
"20260625","중앙선","아신","563","557","20260628",""
"20260625","중앙선","오빈","331","329","20260628",""
"20260625","중앙선","양평","3195","3247","20260628",""
"20260625","중앙선","원덕","349","335","20260628",""
"20260625","중앙선","용문","2909","2856","20260628",""
"20260625","중앙선","지평","69","64","20260628",""
"20260625","2호선","용두(동대문구청)","2685","2668","20260628",""
"20260626","2호선","방배","18441","18851","20260629",""
"20260626","2호선","사당","50919","56288","20260629",""
"20260626","2호선","낙성대(강감찬)","32451","30434","20260629",""
"20260626","2호선","서울대입구(관악구청)","54790","51413","20260629",""
"20260626","2호선","봉천","28366","25926","20260629",""
"20260626","2호선","신림","63528","62526","20260629",""
"20260626","2호선","신대방","28514","26717","20260629",""
"20260626","2호선","구로디지털단지","67038","66045","20260629",""
"20260626","2호선","대림(구로구청)","27336","27848","20260629",""
"20260626","2호선","신도림","56239","53947","20260629",""
"20260626","2호선","문래","27029","28563","20260629",""
"20260626","2호선","영등포구청","27089","28011","20260629",""
"20260626","2호선","당산","22443","25452","20260629",""
"20260626","2호선","합정","38270","42850","20260629",""
"20260626","2호선","홍대입구","84292","93691","20260629",""
"20260626","2호선","신촌","43911","44821","20260629",""
"20260626","2호선","이대","18242","19363","20260629",""
"20260626","2호선","아현","12917","11983","20260629",""
"20260626","2호선","충정로(경기대입구)","12073","12746","20260629",""
"20260626","1호선","서울역","98138","96210","20260629",""
"20260626","1호선","시청","31749","32510","20260629",""
"20260626","1호선","종각","47185","47158","20260629",""
"20260626","1호선","종로3가","30992","27991","20260629",""
"20260626","1호선","종로5가","28216","27937","20260629",""
"20260626","1호선","동대문","15853","15115","20260629",""
"20260626","1호선","신설동","17669","16804","20260629",""
"20260626","1호선","제기동","18184","18444","20260629",""
"20260626","1호선","청량리(서울시립대입구)","26936","26852","20260629",""
"20260626","1호선","동묘앞","11335","11616","20260629",""
"20260626","2호선","시청","32714","30949","20260629",""
"20260626","2호선","을지로입구","61440","63370","20260629",""
"20260626","2호선","을지로3가","32073","33685","20260629",""
"20260626","2호선","을지로4가","18557","18080","20260629",""
"20260626","2호선","동대문역사문화공원(DDP)","17987","19776","20260629",""
"20260626","2호선","신당","17908","18958","20260629",""
"20260626","2호선","상왕십리","16828","16344","20260629",""
"20260626","2호선","왕십리(성동구청)","19464","17508","20260629",""
"20260626","2호선","한양대","11091","11665","20260629",""
"20260626","2호선","뚝섬","30016","31998","20260629",""
"20260626","2호선","성수","68080","69426","20260629",""
"20260626","2호선","건대입구","43149","45978","20260629",""
"20260626","2호선","구의(광진구청)","33749","32571","20260629",""
"20260626","2호선","강변(동서울터미널)","32467","30889","20260629",""
"20260626","2호선","잠실나루","18540","17775","20260629",""
"20260626","2호선","잠실(송파구청)","92671","92901","20260629",""
"20260626","2호선","잠실새내","29498","28914","20260629",""
"20260626","2호선","종합운동장","26203","30013","20260629",""
"20260626","2호선","삼성(무역센터)","74118","66396","20260629",""
"20260626","2호선","선릉","68203","59887","20260629",""
"20260626","2호선","강남","98456","97498","20260629",""
"20260626","2호선","역삼","57041","64914","20260629",""
"20260626","2호선","교대(법원.검찰청)","36778","44935","20260629",""
"20260626","2호선","서초","25390","24640","20260629",""
"20260626","7호선","남구로","17000","18144","20260629",""
"20260626","6호선","삼각지(전쟁기념관)","9115","8039","20260629",""
"20260626","경인선","송내","29233","28832","20260629",""
"20260626","경인선","부평","32772","35789","20260629",""
"20260626","경인선","백운","8013","7628","20260629",""
"20260626","경인선","동암","17224","17302","20260629",""
"20260626","경인선","주안","20425","18440","20260629",""
"20260626","경인선","제물포","12384","11797","20260629",""
"20260626","경인선","동인천","15597","14416","20260629",""
"20260626","경인선","인천","4212","3565","20260629",""
"20260626","경인선","구일","7594","7392","20260629",""
"20260626","경인선","소사","8991","8454","20260629",""
"20260626","경인선","부개","9659","8959","20260629",""
"20260626","경인선","간석","6514","6157","20260629",""
"20260626","경인선","도원","3857","4023","20260629",""
"20260626","경인선","온수(성공회대입구)","7016","6433","20260629",""
"20260626","경인선","중동","10691","9974","20260629",""
"20260626","경인선","도화","4459","4150","20260629",""
"20260626","경춘선","신내","3581","3501","20260629",""
"20260626","경춘선","갈매","3160","2862","20260629",""
"20260626","경춘선","별내","2846","2660","20260629",""
"20260626","경춘선","퇴계원","3931","3548","20260629",""
"20260626","경춘선","사릉","2376","2249","20260629",""
"20260626","경춘선","금곡","1960","1952","20260629",""
"20260626","경춘선","평내호평","7434","7317","20260629",""
"20260626","경춘선","천마산","1832","1741","20260629",""
"20260626","경춘선","마석","4653","4641","20260629",""
"20260626","경춘선","대성리","1295","1816","20260629",""
"20260626","경춘선","청평","2095","2254","20260629",""
"20260626","경춘선","상천","333","326","20260629",""
"20260626","경춘선","가평","2441","2566","20260629",""
"20260626","경춘선","굴봉산","163","114","20260629",""
"20260626","경춘선","백양리","95","119","20260629",""
"20260626","경춘선","강촌","426","487","20260629",""
"20260626","경춘선","김유정","433","530","20260629",""
"20260626","경춘선","남춘천","3389","3428","20260629",""
"20260626","경춘선","춘천","1734","1472","20260629",""
"20260626","공항철도 1호선","서울역","16869","15551","20260629",""
"20260626","공항철도 1호선","공덕","3749","4874","20260629",""
"20260626","공항철도 1호선","홍대입구","19380","18808","20260629",""
"20260626","공항철도 1호선","디지털미디어시티","16155","15191","20260629",""
"20260626","공항철도 1호선","마곡나루(서울식물원)","18440","17304","20260629",""
"20260626","공항철도 1호선","김포공항","11332","5447","20260629",""
"20260626","공항철도 1호선","계양","10724","10490","20260629",""
"20260626","공항철도 1호선","검암","7156","7169","20260629",""
"20260626","공항철도 1호선","청라국제도시","9374","8763","20260629",""
"20260626","공항철도 1호선","운서","11599","12176","20260629",""
"20260626","공항철도 1호선","공항화물청사","2203","2279","20260629",""
"20260626","공항철도 1호선","인천공항1터미널","16075","13954","20260629",""
"20260626","공항철도 1호선","인천공항2터미널","12774","10289","20260629",""
"20260626","공항철도 1호선","영종","5288","5573","20260629",""
"20260626","과천선","선바위","8990","7803","20260629",""
"20260626","과천선","경마공원","7685","7787","20260629",""
"20260626","과천선","대공원","3071","3251","20260629",""
"20260626","과천선","과천","6076","5610","20260629",""
"20260626","과천선","정부과천청사","16383","17056","20260629",""
"20260626","과천선","인덕원","30811","31275","20260629",""
"20260626","과천선","평촌","20616","20151","20260629",""
"20260626","과천선","범계","33212","33779","20260629",""
"20260626","분당선","선릉","14504","22337","20260629",""
"20260626","분당선","한티","17398","18288","20260629",""
"20260626","분당선","도곡","8988","9113","20260629",""
"20260626","분당선","구룡","4122","3852","20260629",""
"20260626","분당선","개포동","4548","4674","20260629",""
"20260626","분당선","대모산입구","6702","6498","20260629",""
"20260626","분당선","수서","20821","22670","20260629",""
"20260626","분당선","수원","9172","9213","20260629",""
"20260626","분당선","서울숲","15069","15412","20260629",""
"20260626","분당선","압구정로데오","22183","24868","20260629",""
"20260626","분당선","강남구청","11107","12802","20260629",""
"20260626","분당선","선정릉","8378","8509","20260629",""
"20260626","분당선","가천대","9678","9182","20260629",""
"20260626","분당선","태평","14804","14214","20260629",""
"20260626","분당선","모란","21832","22617","20260629",""
"20260626","분당선","야탑","30053","31879","20260629",""
"20260626","분당선","서현","28253","28973","20260629",""
"20260626","분당선","수내","14646","14466","20260629",""
"20260626","분당선","정자","22792","23760","20260629",""
"20260626","분당선","미금","17938","18148","20260629",""
"20260626","분당선","오리","12661","11033","20260629",""
"20260626","분당선","이매","6660","6300","20260629",""
"20260626","분당선","보정","2891","2527","20260629",""
"20260626","분당선","죽전","15170","16563","20260629",""
"20260626","분당선","구성","8920","8965","20260629",""
"20260626","분당선","신갈","5830","5622","20260629",""
"20260626","분당선","기흥","12003","11081","20260629",""
"20260626","분당선","상갈","6010","5527","20260629",""
"20260626","분당선","청명","5771","5277","20260629",""
"20260626","분당선","영통","10648","10554","20260629",""
"20260626","분당선","망포","18343","17398","20260629",""
"20260626","분당선","매탄권선","6768","6346","20260629",""
"20260626","분당선","수원시청","16770","18799","20260629",""
"20260626","분당선","매교","6293","6270","20260629",""
"20260626","서해선","김포공항","3504","4921","20260629",""
"20260626","서해선","원종","6011","5995","20260629",""
"20260626","서해선","부천종합운동장","3690","3061","20260629",""
"20260626","수인선","고색","6954","6477","20260629",""
"20260626","수인선","오목천","4826","4070","20260629",""
"20260626","수인선","어천","1841","1724","20260629",""
"20260626","수인선","야목","969","825","20260629",""
"20260626","수인선","사리","5910","4972","20260629",""
"20260626","수인선","달월","116","87","20260629",""
"20260626","수인선","월곶","3392","3104","20260629",""
"20260626","수인선","소래포구","5789","5443","20260629",""
"20260626","수인선","인천논현","6375","6793","20260629",""
"20260626","수인선","호구포","4816","4876","20260629",""
"20260626","수인선","남동인더스파크","2722","3188","20260629",""
"20260626","수인선","원인재","5046","5268","20260629",""
"20260626","수인선","연수","5615","5693","20260629",""
"20260626","수인선","송도","3120","2768","20260629",""
"20260626","수인선","인하대","7669","7098","20260629",""
"20260626","수인선","숭의","5220","4712","20260629",""
"20260626","수인선","신포","2272","2389","20260629",""
"20260626","수인선","인천","1240","1775","20260629",""
"20260626","신림선","샛강","3517","4339","20260629",""
"20260626","신림선","대방","4152","3034","20260629",""
"20260626","신림선","서울지방병무청","3752","3977","20260629",""
"20260626","신림선","보라매","5672","4847","20260629",""
"20260626","신림선","보라매공원","2919","3205","20260629",""
"20260626","신림선","보라매병원","9011","9278","20260629",""
"20260626","신림선","당곡","5696","5343","20260629",""
"20260626","신림선","신림","2810","3322","20260629",""
"20260626","신림선","서원","4125","3550","20260629",""
"20260626","신림선","서울대벤처타운","11546","10272","20260629",""
"20260626","우이신설선","삼양사거리","3303","3171","20260629",""
"20260626","우이신설선","솔샘","6803","6211","20260629",""
"20260626","우이신설선","북한산보국문","6939","6256","20260629",""
"20260626","우이신설선","정릉","5369","4837","20260629",""
"20260626","우이신설선","성신여대입구(돈암)","4125","4616","20260629",""
"20260626","우이신설선","보문","2087","2036","20260629",""
"20260626","우이신설선","신설동","2974","2741","20260629",""
"20260626","일산선","원흥","12902","12137","20260629",""
"20260626","일산선","지축","1","0","20260629",""
"20260626","일산선","삼송","22302","21732","20260629",""
"20260626","일산선","원당","13489","13043","20260629",""
"20260626","일산선","화정","19942","20543","20260629",""
"20260626","일산선","대곡","14473","13164","20260629",""
"20260626","일산선","백석","11835","12040","20260629",""
"20260626","일산선","마두","9188","9464","20260629",""
"20260626","일산선","정발산","8393","8856","20260629",""
"20260626","일산선","주엽","10455","10359","20260629",""
"20260626","일산선","대화","13761","11588","20260629",""
"20260626","장항선","봉명","1513","1471","20260629",""
"20260626","장항선","쌍용(나사렛대)","2909","2678","20260629",""
"20260626","장항선","아산","4629","4438","20260629",""
"20260626","장항선","탕정","2555","2252","20260629",""
"20260626","장항선","배방","1515","1521","20260629",""
"20260626","장항선","온양온천","5077","5342","20260629",""
"20260626","장항선","신창(순천향대)","1762","1460","20260629",""
"20260626","중앙선","회기","30436","27719","20260629",""
"20260626","중앙선","중랑","6442","5993","20260629",""
"20260626","중앙선","상봉","7019","6830","20260629",""
"20260626","중앙선","망우","9087","8552","20260629",""
"20260626","중앙선","양원","3861","3751","20260629",""
"20260626","중앙선","구리","8381","8860","20260629",""
"20260626","중앙선","도농","10991","10047","20260629",""
"20260626","중앙선","양정","527","468","20260629",""
"20260626","중앙선","덕소","6142","6206","20260629",""
"20260626","중앙선","도심","3368","2671","20260629",""
"20260626","중앙선","팔당","880","917","20260629",""
"20260626","중앙선","운길산","780","779","20260629",""
"20260626","중앙선","양수","2155","2273","20260629",""
"20260626","중앙선","신원","177","156","20260629",""
"20260626","중앙선","국수","802","810","20260629",""
"20260626","중앙선","아신","596","585","20260629",""
"20260626","중앙선","오빈","350","361","20260629",""
"20260626","중앙선","양평","3546","3927","20260629",""
"20260626","중앙선","원덕","416","431","20260629",""
"20260626","중앙선","용문","2213","2328","20260629",""
"20260626","중앙선","지평","84","80","20260629",""
"20260626","2호선","신답","2028","2187","20260629",""
"20260626","2호선","신설동","4667","4439","20260629",""
"20260626","2호선","도림천","1471","1534","20260629",""
"20260626","2호선","양천구청","7845","8281","20260629",""
"20260626","2호선","신정네거리","11201","11462","20260629",""
"20260626","2호선","용두(동대문구청)","2732","2696","20260629",""
"20260626","3호선","지축","8974","9170","20260629",""
"20260626","3호선","구파발","25462","24434","20260629",""
"20260626","3호선","연신내","44231","41969","20260629",""
"20260626","3호선","불광","18694","20041","20260629",""
"20260626","3호선","녹번","17540","15864","20260629",""
"20260626","3호선","홍제","20902","19558","20260629",""
"20260626","3호선","무악재","4957","4772","20260629",""
"20260626","3호선","독립문","9283","9335","20260629",""
"20260626","3호선","경복궁(정부서울청사)","31274","30588","20260629",""
"20260626","3호선","안국","32673","33333","20260629",""
"20260626","3호선","종로3가","13841","16136","20260629",""
"20260626","3호선","을지로3가","16554","16430","20260629",""
"20260626","3호선","충무로","12","0","20260629",""
"20260626","3호선","동대입구","12948","14423","20260629",""
"20260626","3호선","약수","15122","14751","20260629",""
"20260626","3호선","금호","9435","8696","20260629",""
"20260626","3호선","옥수","10849","11006","20260629",""
"20260626","3호선","압구정","37980","40534","20260629",""
"20260626","3호선","신사","31282","33731","20260629",""
"20260626","3호선","잠원","8388","7959","20260629",""
"20260626","3호선","고속터미널","60064","60128","20260629",""
"20260626","3호선","교대(법원.검찰청)","20734","11234","20260629",""
"20260626","3호선","남부터미널(예술의전당)","37792","37734","20260629",""
"20260626","3호선","양재(서초구청)","45178","47167","20260629",""
"20260626","3호선","매봉","15278","14774","20260629",""
"20260626","3호선","도곡","7410","7336","20260629",""
"20260626","3호선","대치","13536","13469","20260629",""
"20260626","3호선","학여울","3146","3161","20260629",""
"20260626","3호선","대청","12956","11984","20260629",""
"20260626","3호선","일원","13626","12954","20260629",""
"20260626","3호선","수서","22182","21509","20260629",""
"20260626","3호선","가락시장","10930","10647","20260629",""
"20260626","3호선","경찰병원","8951","8914","20260629",""
"20260626","3호선","오금","7622","6782","20260629",""
"20260626","4호선","불암산","10844","9413","20260629",""
"20260626","4호선","상계","22506","21002","20260629",""
"20260626","4호선","노원","24318","27827","20260629",""
"20260626","4호선","창동","33288","34458","20260629",""
"20260626","4호선","쌍문","33782","31277","20260629",""
"20260626","4호선","수유(강북구청)","39168","39855","20260629",""
"20260626","4호선","미아(서울사이버대학)","18311","17533","20260629",""
"20260626","4호선","미아사거리","30553","29891","20260629",""
"20260626","4호선","길음","24316","23343","20260629",""
"20260626","4호선","성신여대입구(돈암)","25665","24771","20260629",""
"20260626","4호선","한성대입구(삼선교)","16433","15718","20260629",""
"20260626","4호선","혜화","41317","41612","20260629",""
"20260626","4호선","동대문","23927","23266","20260629",""
"20260626","4호선","동대문역사문화공원(DDP)","23553","20430","20260629",""
"20260626","4호선","충무로","37525","39438","20260629",""
"20260626","4호선","명동","42950","45906","20260629",""
"20260626","4호선","회현(남대문시장)","32714","34514","20260629",""
"20260626","4호선","서울역","15863","26975","20260629",""
"20260626","4호선","숙대입구(갈월)","18021","18167","20260629",""
"20260626","4호선","삼각지(전쟁기념관)","7996","9696","20260629",""
"20260626","4호선","신용산","26775","29537","20260629",""
"20260626","4호선","이촌(국립중앙박물관)","12096","12875","20260629",""
"20260626","4호선","동작(현충원)","2405","2481","20260629",""
"20260626","4호선","총신대입구(이수)","22521","24645","20260629",""
"20260626","4호선","사당","30501","27130","20260629",""
"20260626","4호선","남태령","1798","1493","20260629",""
"20260626","5호선","방화","8231","7969","20260629",""
"20260626","5호선","개화산","7202","6790","20260629",""
"20260626","5호선","김포공항","16541","9604","20260629",""
"20260626","5호선","송정","7296","6801","20260629",""
"20260626","5호선","마곡","19578","19711","20260629",""
"20260626","5호선","발산","27594","28889","20260629",""
"20260626","5호선","우장산","17686","17251","20260629",""
"20260626","5호선","화곡","33237","30621","20260629",""
"20260626","5호선","까치산","32125","30350","20260629",""
"20260626","5호선","신정(은행정)","15814","12856","20260629",""
"20260626","5호선","목동","18961","20433","20260629",""
"20260626","5호선","오목교(목동운동장앞)","24445","26470","20260629",""
"20260626","5호선","양평","9834","9618","20260629",""
"20260626","5호선","영등포구청","6287","6076","20260629",""
"20260626","5호선","영등포시장","13677","13198","20260629",""
"20260626","5호선","신길","5932","5848","20260629",""
"20260626","5호선","여의도","34096","37502","20260629",""
"20260626","5호선","여의나루","19357","21165","20260629",""
"20260626","5호선","마포","17601","18003","20260629",""
"20260626","5호선","공덕","17341","18084","20260629",""
"20260626","5호선","애오개","7838","7421","20260629",""
"20260626","5호선","충정로(경기대입구)","5803","6021","20260629",""
"20260626","5호선","서대문","21184","21448","20260629",""
"20260626","5호선","광화문(세종문화회관)","40292","42811","20260629",""
"20260626","5호선","종로3가","19016","20406","20260629",""
"20260626","5호선","을지로4가","8386","8478","20260629",""
"20260626","5호선","동대문역사문화공원(DDP)","4072","4716","20260629",""
"20260626","5호선","청구","3929","3930","20260629",""
"20260626","5호선","신금호","7393","7761","20260629",""
"20260626","5호선","행당","9183","8203","20260629",""
"20260626","5호선","왕십리(성동구청)","5612","6434","20260629",""
"20260626","5호선","마장","6830","6404","20260629",""
"20260626","5호선","답십리","19130","16902","20260629",""
"20260626","5호선","장한평","23874","23225","20260629",""
"20260626","5호선","군자(능동)","14342","16280","20260629",""
"20260626","5호선","아차산(어린이대공원후문)","16948","16346","20260629",""
"20260626","5호선","광나루(장신대)","12492","12034","20260629",""
"20260626","5호선","천호(풍납토성)","25088","24345","20260629",""
"20260626","5호선","강동","21778","20988","20260629",""
"20260626","5호선","길동","10737","10833","20260629",""
"20260626","5호선","굽은다리(강동구민회관앞)","11202","10448","20260629",""
"20260626","5호선","명일","9598","9634","20260629",""
"20260626","5호선","고덕","12174","11709","20260629",""
"20260626","5호선","상일동","16880","15970","20260629",""
"20260626","5호선","둔촌동","15782","15513","20260629",""
"20260626","5호선","올림픽공원(한국체대)","6392","5839","20260629",""
"20260626","5호선","방이","8798","8937","20260629",""
"20260626","5호선","오금","4381","4519","20260629",""
"20260626","5호선","개롱","7813","7719","20260629",""
"20260626","5호선","거여","11817","11684","20260629",""
"20260626","5호선","마천","8425","7398","20260629",""
"20260626","5호선","강일","7138","6549","20260629",""
"20260626","5호선","미사","21320","21696","20260629",""
"20260626","5호선","하남풍산","5393","5288","20260629",""
"20260626","5호선","하남시청(덕풍·신장)","10393","9636","20260629",""
"20260626","5호선","하남검단산","7744","7193","20260629",""
"20260626","6호선","응암","20528","19991","20260629",""
"20260626","6호선","역촌","4554","5262","20260629",""
"20260626","6호선","불광","5690","5096","20260629",""
"20260626","6호선","독바위","2884","3068","20260629",""
"20260626","6호선","연신내","3","0","20260629",""
"20260626","6호선","구산","9447","7239","20260629",""
"20260626","6호선","새절(신사)","14730","13375","20260629",""
"20260626","6호선","증산(명지대앞)","10541","10336","20260629",""
"20260626","6호선","디지털미디어시티","16601","17541","20260629",""
"20260626","6호선","월드컵경기장(성산)","4362","4512","20260629",""
"20260626","6호선","마포구청","17036","15307","20260629",""
"20260626","6호선","망원","19223","21005","20260629",""
"20260626","6호선","합정","15875","16258","20260629",""
"20260626","신림선","관악산(서울대)","3678","3403","20260629",""
"20260626","안산선","산본","19462","20835","20260629",""
"20260626","안산선","대야미","6122","5314","20260629",""
"20260626","안산선","반월","5165","4931","20260629",""
"20260626","안산선","상록수","16315","16285","20260629",""
"20260626","안산선","한대앞","10451","10460","20260629",""
"20260626","안산선","중앙","20465","21894","20260629",""
"20260626","안산선","고잔","10252","9885","20260629",""
"20260626","안산선","초지","5389","5265","20260629",""
"20260626","안산선","안산","12898","12326","20260629",""
"20260626","안산선","신길온천","2421","2190","20260629",""
"20260626","안산선","정왕","10499","10578","20260629",""
"20260626","안산선","오이도","8851","8841","20260629",""
"20260626","안산선","수리산","4803","3898","20260629",""
"20260626","우이신설선","북한산우이","3253","3045","20260629",""
"20260626","우이신설선","솔밭공원","3045","2884","20260629",""
"20260626","우이신설선","4.19민주묘지","3676","3396","20260629",""
"20260626","우이신설선","가오리","4977","4994","20260629",""
"20260626","우이신설선","화계","4302","3884","20260629",""
"20260626","우이신설선","삼양","2838","3061","20260629",""
"20260626","6호선","상수","12375","14733","20260629",""
"20260626","6호선","광흥창(서강)","11489","10895","20260629",""
"20260626","6호선","대흥(서강대앞)","11372","11736","20260629",""
"20260626","6호선","공덕","22885","22535","20260629",""
"20260626","6호선","효창공원앞","9199","8137","20260629",""
"20260626","6호선","녹사평(용산구청)","6781","7187","20260629",""
"20260626","6호선","이태원","14624","19544","20260629",""
"20260626","6호선","한강진","11534","14164","20260629",""
"20260626","6호선","버티고개","2568","2541","20260629",""
"20260626","6호선","약수","4335","4337","20260629",""
"20260626","6호선","청구","4562","4356","20260629",""
"20260626","6호선","신당","10560","9859","20260629",""
"20260626","6호선","동묘앞","12276","12727","20260629",""
"20260626","6호선","창신","4231","3378","20260629",""
"20260626","6호선","보문","9560","8879","20260629",""
"20260626","6호선","안암(고대병원앞)","13146","12548","20260629",""
"20260626","6호선","고려대(종암)","9678","8993","20260629",""
"20260626","6호선","월곡(동덕여대)","13415","12791","20260629",""
"20260626","6호선","상월곡(한국과학기술연구원)","7250","6542","20260629",""
"20260626","6호선","돌곶이","13956","12824","20260629",""
"20260626","6호선","석계","13869","14120","20260629",""
"20260626","6호선","태릉입구","6539","7001","20260629",""
"20260626","6호선","화랑대(서울여대입구)","12756","10307","20260629",""
"20260626","6호선","봉화산(서울의료원)","9679","9030","20260629",""
"20260626","6호선","신내","3","0","20260629",""
"20260626","7호선","장암","3286","1427","20260629",""
"20260626","7호선","도봉산","9857","11584","20260629",""
"20260626","7호선","수락산","14479","14561","20260629",""
"20260626","7호선","마들","15338","14351","20260629",""
"20260626","7호선","노원","24253","26318","20260629",""
"20260626","7호선","중계","17132","15685","20260629",""
"20260626","7호선","하계","20212","18645","20260629",""
"20260626","7호선","공릉(서울과학기술대)","14614","13980","20260629",""
"20260626","7호선","태릉입구","9979","9306","20260629",""
"20260626","7호선","먹골","12076","11812","20260629",""
"20260626","7호선","중화","12881","12719","20260629",""
"20260626","7호선","상봉","21831","21553","20260629",""
"20260626","7호선","면목","16510","15831","20260629",""
"20260626","7호선","사가정","18362","18108","20260629",""
"20260626","7호선","용마산(용마폭포공원)","6543","6283","20260629",""
"20260626","7호선","중곡","12836","11945","20260629",""
"20260626","분당선","복정","1","0","20260629",""
"20260626","7호선","군자(능동)","18541","14277","20260629",""
"20260626","7호선","어린이대공원(세종대)","16512","15690","20260629",""
"20260626","7호선","건대입구","15506","16095","20260629",""
"20260626","7호선","자양(뚝섬한강공원)","12820","12517","20260629",""
"20260626","7호선","청담","21760","24040","20260629",""
"20260626","7호선","강남구청","18727","21785","20260629",""
"20260626","7호선","학동","25818","27101","20260629",""
"20260626","7호선","논현","22664","24041","20260629",""
"20260626","7호선","반포","8421","7974","20260629",""
"20260626","7호선","고속터미널","22274","18289","20260629",""
"20260626","7호선","내방","17468","17375","20260629",""
"20260626","7호선","이수","20782","20159","20260629",""
"20260626","7호선","남성","12880","11897","20260629",""
"20260626","7호선","숭실대입구(살피재)","14211","14062","20260629",""
"20260626","7호선","상도","13743","13088","20260629",""
"20260626","7호선","장승배기","11614","11103","20260629",""
"20260626","7호선","신대방삼거리","17226","16367","20260629",""
"20260626","7호선","보라매","7742","8141","20260629",""
"20260626","7호선","신풍","13614","12767","20260629",""
"20260626","7호선","대림(구로구청)","9664","9760","20260629",""
"20260626","7호선","가산디지털단지","50055","50494","20260629",""
"20260626","7호선","철산","26543","27215","20260629",""
"20260626","7호선","광명사거리","26445","25867","20260629",""
"20260626","7호선","천왕","13961","13349","20260629",""
"20260626","7호선","온수(성공회대입구)","11276","10105","20260629",""
"20260626","8호선","암사역사공원","8474","7373","20260629",""
"20260626","8호선","암사","18561","16938","20260629",""
"20260626","8호선","천호(풍납토성)","21556","24895","20260629",""
"20260626","8호선","강동구청","12485","12803","20260629",""
"20260626","8호선","몽촌토성(평화의문)","9676","10260","20260629",""
"20260626","8호선","잠실(송파구청)","23008","26311","20260629",""
"20260626","8호선","석촌","10615","12295","20260629",""
"20260626","8호선","송파","11781","11405","20260629",""
"20260626","8호선","가락시장","9943","11074","20260629",""
"20260626","8호선","문정","27013","28249","20260629",""
"20260626","8호선","장지","20024","18163","20260629",""
"20260626","8호선","복정","11175","9377","20260629",""
"20260626","8호선","산성","7290","7212","20260629",""
"20260626","8호선","남한산성입구(성남법원.검찰청)","14032","12149","20260629",""
"20260626","8호선","단대오거리","13697","13293","20260629",""
"20260626","8호선","신흥","6424","6381","20260629",""
"20260626","8호선","수진","6423","5979","20260629",""
"20260626","8호선","모란","5772","4612","20260629",""
"20260626","8호선","남위례","9822","9614","20260629",""
"20260626","9호선","개화","2941","1945","20260629",""
"20260626","9호선","김포공항","7083","12297","20260629",""
"20260626","9호선","공항시장","3218","3351","20260629",""
"20260626","9호선","신방화","8134","7972","20260629",""
"20260626","9호선","마곡나루(서울식물원)","18749","18093","20260629",""
"20260626","9호선","양천향교","12766","13079","20260629",""
"20260626","9호선","가양","25785","24691","20260629",""
"20260626","9호선","증미","9285","8699","20260629",""
"20260626","9호선","등촌","14908","14066","20260629",""
"20260626","9호선","염창","21191","20165","20260629",""
"20260626","9호선","신목동","5629","4934","20260629",""
"20260626","9호선","선유도","10920","9833","20260629",""
"20260626","9호선","당산","23580","22590","20260629",""
"20260626","9호선","국회의사당","20016","20227","20260629",""
"20260626","9호선","여의도","38362","36505","20260629",""
"20260626","9호선","샛강","8480","8335","20260629",""
"20260626","9호선","노량진","30098","28968","20260629",""
"20260626","9호선","노들","6088","5037","20260629",""
"20260626","9호선","흑석(중앙대입구)","10895","10671","20260629",""
"20260626","9호선","동작(현충원)","2247","1932","20260629",""
"20260626","9호선","구반포","3336","2923","20260629",""
"20260626","9호선","신반포","5692","5496","20260629",""
"20260626","9호선","고속터미널","19733","27278","20260629",""
"20260626","9호선","사평","5091","4847","20260629",""
"20260626","9호선","신논현","39510","41525","20260629",""
"20260626","9호선2~3단계","언주","13590","13874","20260629",""
"20260626","9호선2~3단계","선정릉","12413","13444","20260629",""
"20260626","9호선2~3단계","삼성중앙","9590","10004","20260629",""
"20260626","9호선2~3단계","봉은사","33215","36991","20260629",""
"20260626","9호선2~3단계","종합운동장","7513","7172","20260629",""
"20260626","9호선2~3단계","삼전","9869","9228","20260629",""
"20260626","9호선2~3단계","석촌고분","8878","8460","20260629",""
"20260626","9호선2~3단계","석촌","11786","11026","20260629",""
"20260626","9호선2~3단계","송파나루","6890","7747","20260629",""
"20260626","9호선2~3단계","한성백제","4018","3561","20260629",""
"20260626","9호선2~3단계","올림픽공원(한국체대)","12984","12760","20260629",""
"20260626","9호선2~3단계","둔촌오륜","5501","5173","20260629",""
"20260626","9호선2~3단계","중앙보훈병원","15453","13099","20260629",""
"20260626","경강선","판교","6898","6929","20260629",""
"20260626","경강선","이매","1268","1078","20260629",""
"20260626","경강선","삼동","2707","2501","20260629",""
"20260626","경강선","경기광주","9923","9323","20260629",""
"20260626","경강선","초월","4392","4014","20260629",""
"20260626","경강선","곤지암","2565","2511","20260629",""
"20260626","경강선","신둔도예촌","1681","1562","20260629",""
"20260626","경강선","이천","3631","3830","20260629",""
"20260626","경강선","부발","3221","2874","20260629",""
"20260626","경강선","세종대왕릉","452","454","20260629",""
"20260626","경강선","여주","3340","3501","20260629",""
"20260626","경강선","성남","1669","1475","20260629",""
"20260626","경부선","서울역","13470","4758","20260629",""
"20260626","경부선","남영","10894","11262","20260629",""
"20260626","경부선","용산","56858","57925","20260629",""
"20260626","경부선","노량진","10281","10542","20260629",""
"20260626","경부선","대방","11795","13278","20260629",""
"20260626","경부선","영등포","49347","50279","20260629",""
"20260626","경부선","신도림","4543","5043","20260629",""
"20260626","경부선","신길","9695","8657","20260629",""
"20260626","경부선","구로","19134","19432","20260629",""
"20260626","경부선","가산디지털단지","19588","22369","20260629",""
"20260626","경부선","금천구청","12176","12433","20260629",""
"20260626","경부선","석수","9238","8295","20260629",""
"20260626","경부선","관악","7962","7797","20260629",""
"20260626","경부선","안양","24629","24251","20260629",""
"20260626","경부선","명학","9379","9207","20260629",""
"20260626","경부선","금정","33019","33639","20260629",""
"20260626","경부선","군포","7727","7413","20260629",""
"20260626","경부선","의왕","11017","10837","20260629",""
"20260626","경부선","성균관대","17432","16637","20260629",""
"20260626","경부선","화서","12517","12443","20260629",""
"20260626","경부선","수원","43496","47227","20260629",""
"20260626","경부선","독산","18992","18812","20260629",""
"20260626","경부선","세류","4422","3866","20260629",""
"20260626","경부선","병점","17581","17526","20260629",""
"20260626","경부선","세마","4139","3890","20260629",""
"20260626","경부선","오산대","4539","4265","20260629",""
"20260626","경부선","오산","12379","12170","20260629",""
"20260626","경부선","진위","2081","1789","20260629",""
"20260626","경부선","송탄","5502","5180","20260629",""
"20260626","경부선","서정리","11137","9318","20260629",""
"20260626","경부선","평택지제","6054","5679","20260629",""
"20260626","경부선","평택","15243","14780","20260629",""
"20260626","경부선","성환","4857","4475","20260629",""
"20260626","경부선","직산","1325","1206","20260629",""
"20260626","경부선","두정","8988","8579","20260629",""
"20260626","경부선","천안","7234","7320","20260629",""
"20260626","경부선","당정","6994","6335","20260629",""
"20260626","경부선","서동탄","1669","1420","20260629",""
"20260626","경부선","광명","4491","3855","20260629",""
"20260626","경원선","이촌(국립중앙박물관)","4716","3732","20260629",""
"20260626","경원선","서빙고","2482","2236","20260629",""
"20260626","경원선","한남","4177","4286","20260629",""
"20260626","경원선","옥수","60","34","20260629",""
"20260626","경원선","응봉","2078","1678","20260629",""
"20260626","경원선","왕십리(성동구청)","19046","19345","20260629",""
"20260626","경원선","청량리(서울시립대입구)","21161","22105","20260629",""
"20260626","경원선","외대앞","14040","13453","20260629",""
"20260626","경원선","신이문","10066","9083","20260629",""
"20260626","경원선","석계","8629","9428","20260629",""
"20260626","경원선","광운대","9569","8816","20260629",""
"20260626","경원선","월계","7632","7150","20260629",""
"20260626","경원선","녹천","5261","4473","20260629",""
"20260626","경원선","창동","6","0","20260629",""
"20260626","경원선","방학","11545","11302","20260629",""
"20260626","경원선","도봉","6948","6638","20260629",""
"20260626","경원선","도봉산","8527","5400","20260629",""
"20260626","경원선","망월사","8410","8414","20260629",""
"20260626","경원선","회룡","15208","14910","20260629",""
"20260626","경원선","의정부","21990","22592","20260629",""
"20260626","경원선","가능","7466","7155","20260629",""
"20260626","경원선","녹양","5057","4933","20260629",""
"20260626","경원선","양주","7708","7349","20260629",""
"20260626","경원선","덕계","7680","7293","20260629",""
"20260626","경원선","덕정","6871","6330","20260629",""
"20260626","경원선","지행","7816","7985","20260629",""
"20260626","경원선","동두천중앙","3569","3432","20260629",""
"20260626","경원선","보산","1949","1640","20260629",""
"20260626","경원선","동두천","2526","2378","20260629",""
"20260626","경원선","소요산","2117","2188","20260629",""
"20260626","경원선","청산","146","141","20260629",""
"20260626","경원선","전곡","1473","1602","20260629",""
"20260626","경원선","연천","1312","1438","20260629",""
"20260626","경의선","서울역","4073","5097","20260629",""
"20260626","경의선","신촌","1076","1374","20260629",""
"20260626","경의선","효창공원앞","3727","4084","20260629",""
"20260626","경의선","공덕","4971","4045","20260629",""
"20260626","경의선","서강대","2750","2629","20260629",""
"20260626","경의선","홍대입구","2713","3275","20260629",""
"20260626","경의선","가좌","6905","6454","20260629",""
"20260626","경의선","디지털미디어시티","2936","2825","20260629",""
"20260626","경의선","수색","3434","3579","20260629",""
"20260626","경의선","한국항공대","2190","2069","20260629",""
"20260626","경의선","강매","3657","3015","20260629",""
"20260626","경의선","행신","8648","8651","20260629",""
"20260626","경의선","능곡","5150","4748","20260629",""
"20260626","경의선","곡산","657","683","20260629",""
"20260626","경의선","백마","8690","8373","20260629",""
"20260626","경의선","풍산","7310","6831","20260629",""
"20260626","경의선","일산","11751","11621","20260629",""
"20260626","경의선","탄현","8680","8381","20260629",""
"20260626","경의선","야당","8580","8971","20260629",""
"20260626","경의선","운정","8997","8612","20260629",""
"20260626","경의선","금릉","5685","5430","20260629",""
"20260626","경의선","금촌","8119","7793","20260629",""
"20260626","경의선","월롱","2540","1865","20260629",""
"20260626","경의선","파주","1400","1100","20260629",""
"20260626","경의선","문산","6353","6569","20260629",""
"20260626","경의선","임진강","26","7","20260629",""
"20260626","경의선","운천","2","5","20260629",""
"20260626","경인선","개봉","25926","25337","20260629",""
"20260626","경인선","오류동","13075","11962","20260629",""
"20260626","경인선","역곡","28323","28235","20260629",""
"20260626","경인선","부천","35688","35918","20260629",""
"20260626","2호선","용답","3511","3380","20260629",""
"20260627","7호선","중화","8994","8317","20260630",""
"20260627","3호선","대청","7317","6880","20260630",""
"20260627","3호선","일원","6468","6212","20260630",""
"20260627","3호선","수서","16213","15651","20260630",""
"20260627","3호선","가락시장","7579","7202","20260630",""
"20260627","3호선","경찰병원","5251","4971","20260630",""
"20260627","3호선","오금","4299","4115","20260630",""
"20260627","4호선","불암산","8961","8194","20260630",""
"20260627","4호선","상계","17440","15909","20260630",""
"20260627","4호선","노원","19689","21970","20260630",""
"20260627","4호선","창동","25492","26077","20260630",""
"20260627","4호선","쌍문","24615","22142","20260630",""
"20260627","4호선","수유(강북구청)","30714","29851","20260630",""
"20260627","4호선","미아(서울사이버대학)","13651","12617","20260630",""
"20260627","4호선","미아사거리","23544","22648","20260630",""
"20260627","4호선","길음","17027","15753","20260630",""
"20260627","4호선","성신여대입구(돈암)","20907","19686","20260630",""
"20260627","4호선","한성대입구(삼선교)","12913","12718","20260630",""
"20260627","4호선","혜화","38174","39689","20260630",""
"20260627","4호선","동대문","19603","19706","20260630",""
"20260627","4호선","동대문역사문화공원(DDP)","21816","18660","20260630",""
"20260627","4호선","충무로","21776","23152","20260630",""
"20260627","4호선","명동","39808","43206","20260630",""
"20260627","4호선","회현(남대문시장)","27773","30688","20260630",""
"20260627","4호선","서울역","8778","21233","20260630",""
"20260627","4호선","숙대입구(갈월)","14303","14086","20260630",""
"20260627","4호선","삼각지(전쟁기념관)","7485","10265","20260630",""
"20260627","4호선","신용산","21971","24968","20260630",""
"20260627","4호선","이촌(국립중앙박물관)","14544","14829","20260630",""
"20260627","4호선","동작(현충원)","2090","2370","20260630",""
"20260627","4호선","총신대입구(이수)","17424","18673","20260630",""
"20260627","4호선","사당","26959","24770","20260630",""
"20260627","4호선","남태령","1395","792","20260630",""
"20260627","5호선","방화","5794","5495","20260630",""
"20260627","5호선","개화산","4614","4427","20260630",""
"20260627","5호선","김포공항","13823","8341","20260630",""
"20260627","5호선","송정","5715","5491","20260630",""
"20260627","5호선","마곡","11423","11497","20260630",""
"20260627","5호선","발산","18852","20184","20260630",""
"20260627","5호선","우장산","12168","11895","20260630",""
"20260627","5호선","화곡","23682","21374","20260630",""
"20260627","5호선","까치산","23731","22094","20260630",""
"20260627","5호선","신정(은행정)","10743","9089","20260630",""
"20260627","5호선","목동","12695","12811","20260630",""
"20260627","5호선","오목교(목동운동장앞)","18474","18704","20260630",""
"20260627","5호선","양평","5095","4725","20260630",""
"20260627","5호선","영등포구청","3425","3086","20260630",""
"20260627","5호선","영등포시장","9812","9833","20260630",""
"20260627","5호선","신길","4123","3907","20260630",""
"20260627","5호선","여의도","14801","16551","20260630",""
"20260627","5호선","여의나루","16234","17480","20260630",""
"20260627","5호선","마포","9851","9899","20260630",""
"20260627","5호선","공덕","9445","9403","20260630",""
"20260627","5호선","애오개","4784","4535","20260630",""
"20260627","5호선","충정로(경기대입구)","2589","2574","20260630",""
"20260627","5호선","서대문","9203","9123","20260630",""
"20260627","5호선","광화문(세종문화회관)","24283","25370","20260630",""
"20260627","5호선","종로3가","18453","20042","20260630",""
"20260627","5호선","을지로4가","5228","5267","20260630",""
"20260627","5호선","동대문역사문화공원(DDP)","1847","2247","20260630",""
"20260627","5호선","청구","2444","2532","20260630",""
"20260627","5호선","신금호","4818","5002","20260630",""
"20260627","5호선","행당","6292","5282","20260630",""
"20260627","5호선","왕십리(성동구청)","4208","5368","20260630",""
"20260627","5호선","마장","4736","4326","20260630",""
"20260627","5호선","답십리","12309","10737","20260630",""
"20260627","5호선","장한평","15048","14547","20260630",""
"20260627","5호선","군자(능동)","11066","13099","20260630",""
"20260627","5호선","아차산(어린이대공원후문)","14251","13597","20260630",""
"20260627","5호선","광나루(장신대)","9498","9199","20260630",""
"20260627","5호선","천호(풍납토성)","22535","21270","20260630",""
"20260627","5호선","강동","15257","14633","20260630",""
"20260627","5호선","길동","8279","8283","20260630",""
"20260627","5호선","굽은다리(강동구민회관앞)","8303","7812","20260630",""
"20260627","5호선","명일","6756","6531","20260630",""
"20260627","5호선","고덕","8238","7943","20260630",""
"20260627","5호선","상일동","10504","10040","20260630",""
"20260627","5호선","둔촌동","11089","11030","20260630",""
"20260627","5호선","올림픽공원(한국체대)","10229","10402","20260630",""
"20260627","5호선","방이","6706","6371","20260630",""
"20260627","5호선","오금","2860","2595","20260630",""
"20260627","5호선","개롱","5037","5170","20260630",""
"20260627","5호선","거여","7854","7470","20260630",""
"20260627","5호선","마천","5470","5294","20260630",""
"20260627","5호선","강일","4839","4375","20260630",""
"20260627","5호선","미사","16363","16224","20260630",""
"20260627","5호선","하남풍산","3547","3433","20260630",""
"20260627","5호선","하남시청(덕풍·신장)","8436","7812","20260630",""
"20260627","5호선","하남검단산","6785","6474","20260630",""
"20260627","6호선","응암","14762","14228","20260630",""
"20260627","6호선","역촌","3390","3765","20260630",""
"20260627","6호선","불광","4790","4083","20260630",""
"20260627","6호선","독바위","2182","2327","20260630",""
"20260627","6호선","연신내","8","0","20260630",""
"20260627","6호선","구산","6910","5180","20260630",""
"20260627","6호선","새절(신사)","9982","9231","20260630",""
"20260627","6호선","증산(명지대앞)","7795","7657","20260630",""
"20260627","6호선","디지털미디어시티","9304","9300","20260630",""
"20260627","6호선","월드컵경기장(성산)","5942","6205","20260630",""
"20260627","6호선","마포구청","11723","10163","20260630",""
"20260627","6호선","망원","18010","19763","20260630",""
"20260627","6호선","합정","15136","14529","20260630",""
"20260627","6호선","상수","11692","13113","20260630",""
"20260627","6호선","광흥창(서강)","6558","5868","20260630",""
"20260627","6호선","대흥(서강대앞)","7780","7938","20260630",""
"20260627","6호선","공덕","13310","12817","20260630",""
"20260627","6호선","효창공원앞","6097","5339","20260630",""
"20260627","6호선","삼각지(전쟁기념관)","9413","8022","20260630",""
"20260627","6호선","녹사평(용산구청)","6674","7844","20260630",""
"20260627","6호선","이태원","13941","18956","20260630",""
"20260627","6호선","한강진","10443","13699","20260630",""
"20260627","6호선","버티고개","1889","2006","20260630",""
"20260627","6호선","약수","3342","3275","20260630",""
"20260627","6호선","청구","3119","2731","20260630",""
"20260627","6호선","신당","8500","7689","20260630",""
"20260627","6호선","동묘앞","15213","15444","20260630",""
"20260627","6호선","창신","2592","2153","20260630",""
"20260627","6호선","보문","6746","6071","20260630",""
"20260627","6호선","안암(고대병원앞)","8277","7760","20260630",""
"20260627","6호선","고려대(종암)","6990","6696","20260630",""
"20260627","6호선","월곡(동덕여대)","8354","7906","20260630",""
"20260627","6호선","상월곡(한국과학기술연구원)","4747","4069","20260630",""
"20260627","6호선","돌곶이","9206","8332","20260630",""
"20260627","6호선","석계","10207","10260","20260630",""
"20260627","6호선","태릉입구","5211","5503","20260630",""
"20260627","6호선","화랑대(서울여대입구)","7967","6744","20260630",""
"20260627","6호선","봉화산(서울의료원)","6023","5668","20260630",""
"20260627","6호선","신내","2","0","20260630",""
"20260627","7호선","장암","2533","1731","20260630",""
"20260627","7호선","도봉산","7283","10112","20260630",""
"20260627","7호선","수락산","12037","11718","20260630",""
"20260627","7호선","마들","10739","9947","20260630",""
"20260627","7호선","노원","18712","19635","20260630",""
"20260627","7호선","중계","11333","10103","20260630",""
"20260627","7호선","하계","13858","12593","20260630",""
"20260627","7호선","공릉(서울과학기술대)","10371","10040","20260630",""
"20260627","7호선","태릉입구","7816","6989","20260630",""
"20260627","7호선","먹골","9169","8761","20260630",""
"20260627","7호선","상봉","16946","16563","20260630",""
"20260627","7호선","면목","11839","11288","20260630",""
"20260627","7호선","사가정","14205","13667","20260630",""
"20260627","7호선","용마산(용마폭포공원)","4926","4970","20260630",""
"20260627","7호선","중곡","8140","7488","20260630",""
"20260627","7호선","군자(능동)","14005","10540","20260630",""
"20260627","7호선","어린이대공원(세종대)","13097","12449","20260630",""
"20260627","7호선","건대입구","14014","14225","20260630",""
"20260627","7호선","자양(뚝섬한강공원)","12686","12027","20260630",""
"20260627","7호선","청담","12636","13715","20260630",""
"20260627","7호선","강남구청","11245","12819","20260630",""
"20260627","7호선","학동","12224","12673","20260630",""
"20260627","7호선","논현","12728","14260","20260630",""
"20260627","7호선","반포","6429","6086","20260630",""
"20260627","7호선","고속터미널","19025","15366","20260630",""
"20260627","7호선","내방","9752","9694","20260630",""
"20260627","7호선","이수","15580","14575","20260630",""
"20260627","7호선","남성","9080","8404","20260630",""
"20260627","7호선","숭실대입구(살피재)","9602","9417","20260630",""
"20260627","7호선","상도","9378","8620","20260630",""
"20260627","7호선","장승배기","7834","7333","20260630",""
"20260627","7호선","신대방삼거리","12606","11614","20260630",""
"20260627","7호선","보라매","5924","5898","20260630",""
"20260627","7호선","신풍","9677","8960","20260630",""
"20260627","7호선","대림(구로구청)","9164","9563","20260630",""
"20260627","7호선","남구로","9432","9984","20260630",""
"20260627","7호선","가산디지털단지","16379","14616","20260630",""
"20260627","7호선","철산","18509","18407","20260630",""
"20260627","7호선","광명사거리","19795","19720","20260630",""
"20260627","7호선","천왕","8276","8031","20260630",""
"20260627","7호선","온수(성공회대입구)","6242","6007","20260630",""
"20260627","8호선","암사역사공원","5314","4770","20260630",""
"20260627","8호선","암사","13020","11910","20260630",""
"20260627","8호선","천호(풍납토성)","17776","20556","20260630",""
"20260627","8호선","강동구청","7488","7422","20260630",""
"20260627","8호선","몽촌토성(평화의문)","7471","7808","20260630",""
"20260627","8호선","잠실(송파구청)","21725","25284","20260630",""
"20260627","8호선","석촌","8611","10184","20260630",""
"20260627","8호선","송파","8148","7527","20260630",""
"20260627","8호선","가락시장","6977","7228","20260630",""
"20260627","8호선","문정","11457","11688","20260630",""
"20260627","8호선","장지","13911","12496","20260630",""
"20260627","8호선","복정","7093","5835","20260630",""
"20260627","8호선","산성","5261","5415","20260630",""
"20260627","8호선","남한산성입구(성남법원.검찰청)","9403","7954","20260630",""
"20260627","8호선","단대오거리","9412","8821","20260630",""
"20260627","8호선","신흥","5021","5000","20260630",""
"20260627","8호선","수진","4941","4453","20260630",""
"20260627","8호선","모란","4608","4010","20260630",""
"20260627","8호선","남위례","6465","6360","20260630",""
"20260627","9호선","개화","1743","1422","20260630",""
"20260627","9호선","김포공항","5914","11608","20260630",""
"20260627","9호선","공항시장","2379","2378","20260630",""
"20260627","9호선","신방화","5560","5228","20260630",""
"20260627","9호선","마곡나루(서울식물원)","12261","11742","20260630",""
"20260627","9호선","양천향교","7216","6827","20260630",""
"20260627","9호선","가양","17896","16834","20260630",""
"20260627","9호선","증미","4438","4138","20260630",""
"20260627","9호선","등촌","9433","8949","20260630",""
"20260627","9호선","염창","15211","13685","20260630",""
"20260627","9호선","신목동","3294","2895","20260630",""
"20260627","9호선","선유도","4977","4774","20260630",""
"20260627","9호선","당산","17365","15678","20260630",""
"20260627","9호선","국회의사당","6374","6553","20260630",""
"20260627","9호선","여의도","17104","16655","20260630",""
"20260627","9호선","샛강","3772","3910","20260630",""
"20260627","9호선","노량진","28163","27144","20260630",""
"20260627","9호선","노들","4411","3664","20260630",""
"20260627","9호선","흑석(중앙대입구)","7205","6963","20260630",""
"20260627","9호선","동작(현충원)","1975","1924","20260630",""
"20260627","9호선","구반포","1993","1895","20260630",""
"20260627","9호선","신반포","4695","5127","20260630",""
"20260627","9호선","고속터미널","20916","29491","20260630",""
"20260627","9호선","사평","3384","3279","20260630",""
"20260627","9호선","신논현","31655","33399","20260630",""
"20260627","9호선2~3단계","언주","7758","7640","20260630",""
"20260627","9호선2~3단계","선정릉","6388","7317","20260630",""
"20260627","9호선2~3단계","삼성중앙","4409","4077","20260630",""
"20260627","9호선2~3단계","봉은사","25209","29555","20260630",""
"20260627","9호선2~3단계","종합운동장","6320","5499","20260630",""
"20260627","9호선2~3단계","삼전","6833","6314","20260630",""
"20260627","9호선2~3단계","석촌고분","6125","5775","20260630",""
"20260627","9호선2~3단계","석촌","9961","8622","20260630",""
"20260627","9호선2~3단계","송파나루","5771","6301","20260630",""
"20260627","9호선2~3단계","한성백제","3396","2819","20260630",""
"20260627","9호선2~3단계","올림픽공원(한국체대)","25183","25257","20260630",""
"20260627","9호선2~3단계","둔촌오륜","3320","3332","20260630",""
"20260627","9호선2~3단계","중앙보훈병원","7763","6954","20260630",""
"20260627","경강선","판교","4517","4094","20260630",""
"20260627","경강선","이매","917","703","20260630",""
"20260627","경강선","삼동","1746","1668","20260630",""
"20260627","경강선","경기광주","6663","6254","20260630",""
"20260627","경강선","초월","3075","2797","20260630",""
"20260627","경강선","곤지암","2141","2205","20260630",""
"20260627","경강선","신둔도예촌","1467","1415","20260630",""
"20260627","경강선","이천","3656","3691","20260630",""
"20260627","경강선","부발","2585","2342","20260630",""
"20260627","경강선","세종대왕릉","436","463","20260630",""
"20260627","경강선","여주","3496","3681","20260630",""
"20260627","경강선","성남","1088","1027","20260630",""
"20260627","경부선","서울역","13328","4191","20260630",""
"20260627","경부선","남영","8138","8678","20260630",""
"20260627","경부선","용산","61524","65174","20260630",""
"20260627","경부선","노량진","11271","10750","20260630",""
"20260627","경부선","대방","7242","8337","20260630",""
"20260627","경부선","영등포","49884","51967","20260630",""
"20260627","경부선","신도림","3681","4507","20260630",""
"20260627","경부선","신길","6763","5965","20260630",""
"20260627","경부선","구로","15186","15752","20260630",""
"20260627","경부선","가산디지털단지","7042","8818","20260630",""
"20260627","경부선","금천구청","8617","8561","20260630",""
"20260627","경부선","석수","7018","6402","20260630",""
"20260627","경부선","관악","6552","6515","20260630",""
"20260627","경부선","안양","20778","20412","20260630",""
"20260627","경부선","명학","5335","5005","20260630",""
"20260627","경부선","금정","23830","23845","20260630",""
"20260627","경부선","군포","4238","3920","20260630",""
"20260627","경부선","의왕","6421","6109","20260630",""
"20260627","경부선","성균관대","12861","12500","20260630",""
"20260627","경부선","화서","11739","11869","20260630",""
"20260627","경부선","수원","48149","52141","20260630",""
"20260627","경부선","독산","10511","9972","20260630",""
"20260627","경부선","세류","3421","3361","20260630",""
"20260627","경부선","병점","15235","14943","20260630",""
"20260627","경부선","세마","3177","2798","20260630",""
"20260627","경부선","오산대","3732","3292","20260630",""
"20260627","경부선","오산","11511","10886","20260630",""
"20260627","경부선","진위","1363","1152","20260630",""
"20260627","경부선","송탄","5495","5122","20260630",""
"20260627","경부선","서정리","10197","8647","20260630",""
"20260627","경부선","평택지제","5395","4795","20260630",""
"20260627","경부선","평택","16363","16013","20260630",""
"20260627","경부선","성환","3975","3596","20260630",""
"20260627","경부선","직산","1058","985","20260630",""
"20260627","경부선","두정","8187","8068","20260630",""
"20260627","경부선","천안","8331","8327","20260630",""
"20260627","경부선","당정","4518","4233","20260630",""
"20260627","경부선","서동탄","1279","1216","20260630",""
"20260627","경부선","광명","3497","2998","20260630",""
"20260627","경원선","이촌(국립중앙박물관)","3633","2967","20260630",""
"20260627","경원선","서빙고","2178","1924","20260630",""
"20260627","경원선","한남","2603","2794","20260630",""
"20260627","경원선","옥수","45","36","20260630",""
"20260627","경원선","응봉","1588","1365","20260630",""
"20260627","경원선","왕십리(성동구청)","16567","16807","20260630",""
"20260627","경원선","청량리(서울시립대입구)","22084","22543","20260630",""
"20260627","경원선","외대앞","10176","9392","20260630",""
"20260627","경원선","신이문","7308","6600","20260630",""
"20260627","경원선","석계","7584","7712","20260630",""
"20260627","경원선","광운대","8073","7834","20260630",""
"20260627","경원선","월계","5578","5172","20260630",""
"20260627","경원선","녹천","3897","3376","20260630",""
"20260627","경원선","창동","35","0","20260630",""
"20260627","경원선","방학","9047","8805","20260630",""
"20260627","경원선","도봉","4941","4780","20260630",""
"20260627","경원선","도봉산","10142","6937","20260630",""
"20260627","경원선","망월사","6895","6979","20260630",""
"20260627","경원선","회룡","12079","12145","20260630",""
"20260627","경원선","의정부","20228","22193","20260630",""
"20260627","경원선","가능","6154","5853","20260630",""
"20260627","경원선","녹양","10244","10694","20260630",""
"20260627","경원선","양주","7130","6848","20260630",""
"20260627","경원선","덕계","6029","5600","20260630",""
"20260627","경원선","덕정","5595","5023","20260630",""
"20260627","경원선","지행","6730","6504","20260630",""
"20260627","경원선","동두천중앙","2795","2796","20260630",""
"20260627","경원선","보산","1742","1668","20260630",""
"20260627","경원선","동두천","1518","1449","20260630",""
"20260627","경원선","소요산","3195","3197","20260630",""
"20260627","경원선","청산","212","183","20260630",""
"20260627","경원선","전곡","1738","1557","20260630",""
"20260627","경원선","연천","1786","1627","20260630",""
"20260627","경의선","서울역","1516","1622","20260630",""
"20260627","경의선","신촌","391","426","20260630",""
"20260627","경의선","효창공원앞","2310","2643","20260630",""
"20260627","경의선","공덕","4037","2801","20260630",""
"20260627","경의선","서강대","2146","2123","20260630",""
"20260627","경의선","홍대입구","3103","3757","20260630",""
"20260627","경의선","가좌","4961","4731","20260630",""
"20260627","경의선","디지털미디어시티","2316","2197","20260630",""
"20260627","경의선","수색","2478","2381","20260630",""
"20260627","경의선","한국항공대","1384","1294","20260630",""
"20260627","경의선","강매","2292","2032","20260630",""
"20260627","경의선","행신","5786","6064","20260630",""
"20260627","경의선","능곡","3901","3861","20260630",""
"20260627","경의선","곡산","430","483","20260630",""
"20260627","경의선","백마","5842","5369","20260630",""
"20260627","경의선","풍산","5916","5683","20260630",""
"20260627","경의선","일산","8286","7998","20260630",""
"20260627","경의선","탄현","6591","6181","20260630",""
"20260627","경의선","야당","7046","7533","20260630",""
"20260627","경의선","운정","7375","6854","20260630",""
"20260627","경의선","금릉","4516","4320","20260630",""
"20260627","경의선","금촌","6522","6221","20260630",""
"20260627","경의선","월롱","1384","1206","20260630",""
"20260627","경의선","파주","1159","988","20260630",""
"20260627","경의선","문산","6427","5698","20260630",""
"20260627","경의선","임진강","82","85","20260630",""
"20260627","경의선","운천","9","12","20260630",""
"20260627","경의선","계양","1","0","20260630",""
"20260627","경인선","개봉","19999","19211","20260630",""
"20260627","경인선","오류동","10264","9148","20260630",""
"20260627","경인선","역곡","21411","20918","20260630",""
"20260627","경인선","부천","32246","32776","20260630",""
"20260627","경인선","송내","20733","20142","20260630",""
"20260627","경인선","부평","31661","34624","20260630",""
"20260627","경인선","백운","6029","5761","20260630",""
"20260627","경인선","동암","14550","14590","20260630",""
"20260627","경인선","주안","17783","15400","20260630",""
"20260627","경인선","제물포","8644","8169","20260630",""
"20260627","경인선","동인천","12833","12365","20260630",""
"20260627","경인선","인천","5408","4914","20260630",""
"20260627","경인선","구일","5263","5098","20260630",""
"20260627","경인선","소사","8059","7354","20260630",""
"20260627","경인선","부개","7235","6753","20260630",""
"20260627","경인선","간석","5220","4857","20260630",""
"20260627","경인선","도원","2707","2787","20260630",""
"20260627","경인선","온수(성공회대입구)","5456","4787","20260630",""
"20260627","경인선","중동","7833","7243","20260630",""
"20260627","경인선","도화","3360","3072","20260630",""
"20260627","경춘선","신내","2150","1897","20260630",""
"20260627","경춘선","갈매","1950","1732","20260630",""
"20260627","경춘선","별내","2186","2014","20260630",""
"20260627","경춘선","퇴계원","2685","2326","20260630",""
"20260627","경춘선","사릉","1632","1590","20260630",""
"20260627","경춘선","금곡","1369","1284","20260630",""
"20260627","경춘선","평내호평","5341","5222","20260630",""
"20260627","경춘선","천마산","1485","1453","20260630",""
"20260627","경춘선","마석","3741","3658","20260630",""
"20260627","경춘선","대성리","1731","1680","20260630",""
"20260627","경춘선","청평","2471","2444","20260630",""
"20260627","경춘선","상천","399","446","20260630",""
"20260627","경춘선","가평","2698","3149","20260630",""
"20260627","경춘선","굴봉산","137","178","20260630",""
"20260627","경춘선","백양리","156","154","20260630",""
"20260627","경춘선","강촌","681","717","20260630",""
"20260627","경춘선","김유정","611","740","20260630",""
"20260627","경춘선","남춘천","4228","4495","20260630",""
"20260627","경춘선","춘천","2226","1791","20260630",""
"20260627","공항철도 1호선","서울역","15733","14657","20260630",""
"20260627","공항철도 1호선","공덕","2706","3952","20260630",""
"20260627","공항철도 1호선","홍대입구","22096","20824","20260630",""
"20260627","공항철도 1호선","디지털미디어시티","9077","8423","20260630",""
"20260627","공항철도 1호선","마곡나루(서울식물원)","6332","7250","20260630",""
"20260627","공항철도 1호선","김포공항","8619","4288","20260630",""
"20260627","공항철도 1호선","계양","8109","7690","20260630",""
"20260627","공항철도 1호선","검암","4713","4707","20260630",""
"20260627","공항철도 1호선","청라국제도시","6167","5759","20260630",""
"20260627","공항철도 1호선","운서","10237","11428","20260630",""
"20260627","공항철도 1호선","공항화물청사","1255","2574","20260630",""
"20260627","공항철도 1호선","인천공항1터미널","14968","14421","20260630",""
"20260627","공항철도 1호선","인천공항2터미널","13551","10187","20260630",""
"20260627","공항철도 1호선","영종","4798","4847","20260630",""
"20260627","과천선","선바위","6079","5076","20260630",""
"20260627","과천선","경마공원","12979","12993","20260630",""
"20260627","과천선","대공원","6714","6848","20260630",""
"20260627","과천선","과천","4719","4324","20260630",""
"20260627","과천선","정부과천청사","8264","7985","20260630",""
"20260627","과천선","인덕원","20433","20297","20260630",""
"20260627","과천선","평촌","11814","11301","20260630",""
"20260627","과천선","범계","25841","25322","20260630",""
"20260627","분당선","선릉","5870","9164","20260630",""
"20260627","분당선","한티","12870","12461","20260630",""
"20260627","분당선","도곡","5366","5056","20260630",""
"20260627","분당선","구룡","2419","2282","20260630",""
"20260627","분당선","개포동","2875","2817","20260630",""
"20260627","분당선","대모산입구","4059","4007","20260630",""
"20260627","분당선","수서","15690","16454","20260630",""
"20260627","분당선","복정","1","0","20260630",""
"20260627","분당선","수원","8033","8242","20260630",""
"20260627","분당선","서울숲","11943","12528","20260630",""
"20260627","분당선","압구정로데오","18884","21062","20260630",""
"20260627","분당선","강남구청","5998","7016","20260630",""
"20260627","분당선","선정릉","4050","3815","20260630",""
"20260627","중앙선","중랑","5092","4766","20260630",""
"20260627","중앙선","상봉","5865","5676","20260630",""
"20260627","중앙선","망우","7314","7039","20260630",""
"20260627","중앙선","양원","2284","2194","20260630",""
"20260627","중앙선","구리","6876","7637","20260630",""
"20260627","중앙선","도농","7488","7056","20260630",""
"20260627","중앙선","양정","477","398","20260630",""
"20260627","중앙선","덕소","5038","5025","20260630",""
"20260627","중앙선","도심","2229","1802","20260630",""
"20260627","중앙선","팔당","1216","1302","20260630",""
"20260627","중앙선","운길산","1061","1072","20260630",""
"20260627","중앙선","양수","2600","2621","20260630",""
"20260627","중앙선","신원","254","249","20260630",""
"20260627","중앙선","국수","677","670","20260630",""
"20260627","중앙선","아신","672","721","20260630",""
"20260627","중앙선","오빈","332","353","20260630",""
"20260627","중앙선","양평","3335","3594","20260630",""
"20260627","중앙선","원덕","431","434","20260630",""
"20260627","중앙선","용문","2362","2682","20260630",""
"20260627","중앙선","지평","53","57","20260630",""
"20260627","장항선","탕정","2031","1911","20260630",""
"20260627","장항선","배방","1399","1326","20260630",""
"20260627","장항선","온양온천","5043","5126","20260630",""
"20260627","장항선","신창(순천향대)","1217","1125","20260630",""
"20260627","중앙선","회기","23209","21166","20260630",""
"20260627","분당선","가천대","6663","6512","20260630",""
"20260627","분당선","태평","11594","10719","20260630",""
"20260627","분당선","모란","17342","17893","20260630",""
"20260627","분당선","야탑","20264","21038","20260630",""
"20260627","분당선","서현","19748","19985","20260630",""
"20260627","분당선","수내","8672","8109","20260630",""
"20260627","분당선","정자","12264","12363","20260630",""
"20260627","분당선","미금","11497","11877","20260630",""
"20260627","분당선","오리","8101","6851","20260630",""
"20260627","분당선","이매","4718","4621","20260630",""
"20260627","분당선","보정","1834","1726","20260630",""
"20260627","분당선","죽전","11337","12625","20260630",""
"20260627","분당선","구성","6201","6400","20260630",""
"20260627","분당선","신갈","3360","3343","20260630",""
"20260627","분당선","기흥","8060","7319","20260630",""
"20260627","분당선","상갈","4215","4032","20260630",""
"20260627","분당선","청명","3435","3345","20260630",""
"20260627","분당선","영통","8128","7809","20260630",""
"20260627","분당선","망포","10811","9992","20260630",""
"20260627","분당선","매탄권선","4342","4049","20260630",""
"20260627","분당선","수원시청","13563","14887","20260630",""
"20260627","분당선","매교","3987","3982","20260630",""
"20260627","서해선","김포공항","2897","4627","20260630",""
"20260627","서해선","원종","5191","4932","20260630",""
"20260627","서해선","부천종합운동장","2268","1907","20260630",""
"20260627","수인선","고색","3730","3737","20260630",""
"20260627","수인선","오목천","3370","2694","20260630",""
"20260627","수인선","어천","1618","1409","20260630",""
"20260627","수인선","야목","645","538","20260630",""
"20260627","수인선","사리","4272","3567","20260630",""
"20260627","수인선","달월","60","54","20260630",""
"20260627","수인선","월곶","2603","2445","20260630",""
"20260627","수인선","소래포구","5583","5607","20260630",""
"20260627","수인선","인천논현","4826","4895","20260630",""
"20260627","수인선","호구포","3089","2887","20260630",""
"20260627","수인선","남동인더스파크","1132","1098","20260630",""
"20260627","수인선","원인재","4115","4169","20260630",""
"20260627","수인선","연수","4682","4729","20260630",""
"20260627","수인선","송도","2232","2106","20260630",""
"20260627","수인선","인하대","5301","4800","20260630",""
"20260627","수인선","숭의","3490","3162","20260630",""
"20260627","수인선","신포","1755","1812","20260630",""
"20260627","수인선","인천","1459","2139","20260630",""
"20260627","신림선","샛강","1420","1805","20260630",""
"20260627","신림선","대방","3596","2196","20260630",""
"20260627","신림선","서울지방병무청","2519","2779","20260630",""
"20260627","신림선","보라매","3686","3300","20260630",""
"20260627","신림선","보라매공원","1789","1952","20260630",""
"20260627","신림선","보라매병원","4160","4251","20260630",""
"20260627","신림선","당곡","4105","3788","20260630",""
"20260627","신림선","신림","2212","2527","20260630",""
"20260627","신림선","서원","3133","2733","20260630",""
"20260627","신림선","서울대벤처타운","9175","7893","20260630",""
"20260627","신림선","관악산(서울대)","4126","4245","20260630",""
"20260627","안산선","산본","15523","16401","20260630",""
"20260627","안산선","대야미","4881","4212","20260630",""
"20260627","안산선","반월","4027","3798","20260630",""
"20260627","안산선","상록수","13172","13133","20260630",""
"20260627","안산선","한대앞","8721","8319","20260630",""
"20260627","안산선","중앙","18370","19035","20260630",""
"20260627","안산선","고잔","7380","7117","20260630",""
"20260627","안산선","초지","4208","3846","20260630",""
"20260627","안산선","안산","10965","11862","20260630",""
"20260627","안산선","신길온천","2010","1865","20260630",""
"20260627","안산선","정왕","8407","8586","20260630",""
"20260627","안산선","오이도","8031","8204","20260630",""
"20260627","안산선","수리산","3450","2956","20260630",""
"20260627","우이신설선","북한산우이","4273","4529","20260630",""
"20260627","우이신설선","솔밭공원","2348","2144","20260630",""
"20260627","우이신설선","4.19민주묘지","2985","2628","20260630",""
"20260627","우이신설선","가오리","3776","3535","20260630",""
"20260627","우이신설선","화계","3130","2809","20260630",""
"20260627","우이신설선","삼양","2121","2195","20260630",""
"20260627","우이신설선","삼양사거리","2673","2377","20260630",""
"20260627","우이신설선","솔샘","4449","4088","20260630",""
"20260627","우이신설선","북한산보국문","5365","4556","20260630",""
"20260627","우이신설선","정릉","4165","3376","20260630",""
"20260627","우이신설선","성신여대입구(돈암)","3499","3961","20260630",""
"20260627","우이신설선","보문","1741","1689","20260630",""
"20260627","우이신설선","신설동","1939","1793","20260630",""
"20260627","일산선","원흥","8858","8316","20260630",""
"20260627","일산선","지축","3","0","20260630",""
"20260627","일산선","삼송","16280","15333","20260630",""
"20260627","일산선","원당","10076","9334","20260630",""
"20260627","일산선","화정","14973","15472","20260630",""
"20260627","일산선","대곡","10457","10209","20260630",""
"20260627","일산선","백석","8808","9078","20260630",""
"20260627","일산선","마두","6038","5950","20260630",""
"20260627","일산선","정발산","6891","7054","20260630",""
"20260627","일산선","주엽","7831","7345","20260630",""
"20260627","일산선","대화","9272","8224","20260630",""
"20260627","장항선","봉명","951","950","20260630",""
"20260627","장항선","쌍용(나사렛대)","2246","2070","20260630",""
"20260627","장항선","아산","4304","3759","20260630",""
"20260627","3호선","매봉","7706","7565","20260630",""
"20260627","1호선","서울역","78283","77210","20260630",""
"20260627","1호선","시청","18939","19385","20260630",""
"20260627","1호선","종각","28493","28425","20260630",""
"20260627","1호선","종로3가","29084","27218","20260630",""
"20260627","1호선","종로5가","24435","24225","20260630",""
"20260627","1호선","동대문","17201","17778","20260630",""
"20260627","1호선","신설동","12682","11989","20260630",""
"20260627","1호선","제기동","16288","16703","20260630",""
"20260627","1호선","청량리(서울시립대입구)","27757","27589","20260630",""
"20260627","1호선","동묘앞","15213","16201","20260630",""
"20260627","2호선","시청","15562","13379","20260630",""
"20260627","2호선","을지로입구","40651","41213","20260630",""
"20260627","2호선","을지로3가","18778","19130","20260630",""
"20260627","2호선","을지로4가","11994","12050","20260630",""
"20260627","2호선","동대문역사문화공원(DDP)","16627","19236","20260630",""
"20260627","2호선","신당","14085","15236","20260630",""
"20260627","2호선","상왕십리","11886","11252","20260630",""
"20260627","2호선","왕십리(성동구청)","14980","14128","20260630",""
"20260627","2호선","한양대","5519","5734","20260630",""
"20260627","2호선","뚝섬","19582","20226","20260630",""
"20260627","2호선","성수","56617","57853","20260630",""
"20260627","2호선","건대입구","40281","43253","20260630",""
"20260627","2호선","구의(광진구청)","23609","22640","20260630",""
"20260627","2호선","강변(동서울터미널)","28838","27339","20260630",""
"20260627","2호선","잠실나루","9864","9737","20260630",""
"20260627","2호선","잠실(송파구청)","85472","83322","20260630",""
"20260627","2호선","잠실새내","22761","22598","20260630",""
"20260627","2호선","종합운동장","21567","25021","20260630",""
"20260627","2호선","삼성(무역센터)","46300","39079","20260630",""
"20260627","2호선","선릉","30785","26751","20260630",""
"20260627","2호선","역삼","19839","22141","20260630",""
"20260627","2호선","강남","67630","66164","20260630",""
"20260627","2호선","교대(법원.검찰청)","18071","23485","20260630",""
"20260627","2호선","서초","14824","13477","20260630",""
"20260627","2호선","방배","11372","11240","20260630",""
"20260627","2호선","사당","44336","48647","20260630",""
"20260627","2호선","낙성대(강감찬)","25698","23379","20260630",""
"20260627","2호선","서울대입구(관악구청)","41638","38971","20260630",""
"20260627","2호선","봉천","20743","18782","20260630",""
"20260627","2호선","신림","51543","49111","20260630",""
"20260627","2호선","신대방","22324","20535","20260630",""
"20260627","2호선","구로디지털단지","41108","39535","20260630",""
"20260627","2호선","대림(구로구청)","21052","21850","20260630",""
"20260627","2호선","신도림","47853","46639","20260630",""
"20260627","2호선","문래","16151","18017","20260630",""
"20260627","2호선","영등포구청","16149","16845","20260630",""
"20260627","2호선","당산","15738","16795","20260630",""
"20260627","2호선","합정","34597","39300","20260630",""
"20260627","2호선","홍대입구","90568","101683","20260630",""
"20260627","2호선","신촌","39111","39731","20260630",""
"20260627","2호선","이대","13483","14162","20260630",""
"20260627","2호선","아현","9468","8724","20260630",""
"20260627","2호선","충정로(경기대입구)","6985","7555","20260630",""
"20260627","2호선","용답","2738","2474","20260630",""
"20260627","2호선","신답","1280","1301","20260630",""
"20260627","2호선","신설동","4484","4167","20260630",""
"20260627","2호선","도림천","997","989","20260630",""
"20260627","2호선","양천구청","5288","5131","20260630",""
"20260627","2호선","신정네거리","8001","7927","20260630",""
"20260627","2호선","용두(동대문구청)","1961","1869","20260630",""
"20260627","3호선","지축","6022","5843","20260630",""
"20260627","3호선","구파발","19295","19809","20260630",""
"20260627","3호선","연신내","34760","32823","20260630",""
"20260627","3호선","불광","15008","16188","20260630",""
"20260627","3호선","녹번","12049","10360","20260630",""
"20260627","3호선","홍제","16616","15121","20260630",""
"20260627","3호선","무악재","3443","3429","20260630",""
"20260627","3호선","독립문","7580","7821","20260630",""
"20260627","3호선","경복궁(정부서울청사)","24623","25168","20260630",""
"20260627","3호선","안국","25789","29390","20260630",""
"20260627","3호선","종로3가","10329","13906","20260630",""
"20260627","3호선","을지로3가","10332","10064","20260630",""
"20260627","3호선","충무로","11","0","20260630",""
"20260627","3호선","동대입구","10912","12163","20260630",""
"20260627","3호선","약수","10956","10645","20260630",""
"20260627","3호선","금호","6918","6270","20260630",""
"20260627","3호선","옥수","8558","8487","20260630",""
"20260627","3호선","압구정","27670","29350","20260630",""
"20260627","3호선","신사","22940","24161","20260630",""
"20260627","3호선","잠원","5779","5330","20260630",""
"20260627","3호선","고속터미널","68102","63969","20260630",""
"20260627","3호선","교대(법원.검찰청)","11497","5443","20260630",""
"20260627","3호선","남부터미널(예술의전당)","26865","26347","20260630",""
"20260627","3호선","양재(서초구청)","23868","24813","20260630",""
"20260627","3호선","도곡","4041","3930","20260630",""
"20260627","3호선","대치","10250","9161","20260630",""
"20260627","3호선","학여울","3948","3941","20260630",""
"20260628","9호선","염창","10922","10713","20260701",""
"20260628","중앙선","신원","202","150","20260701",""
"20260628","중앙선","국수","639","600","20260701",""
"20260628","중앙선","아신","546","508","20260701",""
"20260628","중앙선","오빈","227","245","20260701",""
"20260628","중앙선","양평","3995","3814","20260701",""
"20260628","중앙선","원덕","406","374","20260701",""
"20260628","중앙선","용문","2265","1948","20260701",""
"20260628","중앙선","지평","51","34","20260701",""
"20260628","장항선","신창(순천향대)","1070","1238","20260701",""
"20260628","중앙선","회기","17577","17185","20260701",""
"20260628","중앙선","중랑","3753","3639","20260701",""
"20260628","중앙선","상봉","4484","4385","20260701",""
"20260628","중앙선","망우","5215","5245","20260701",""
"20260628","중앙선","양원","1719","1742","20260701",""
"20260628","중앙선","구리","4720","5200","20260701",""
"20260628","중앙선","도농","5424","5332","20260701",""
"20260628","중앙선","양정","381","312","20260701",""
"20260628","중앙선","덕소","3651","3752","20260701",""
"20260628","중앙선","도심","1544","1395","20260701",""
"20260628","중앙선","팔당","1038","1037","20260701",""
"20260628","중앙선","운길산","837","869","20260701",""
"20260628","중앙선","양수","2062","1883","20260701",""
"20260628","경강선","성남","874","804","20260701",""
"20260628","경부선","서울역","12497","3562","20260701",""
"20260628","경부선","남영","6256","6660","20260701",""
"20260628","경부선","용산","51258","47462","20260701",""
"20260628","경부선","노량진","6912","6852","20260701",""
"20260628","경부선","대방","5724","6667","20260701",""
"20260628","경부선","영등포","38881","37902","20260701",""
"20260628","경부선","신도림","2648","3028","20260701",""
"20260628","경부선","신길","5268","4980","20260701",""
"20260628","경부선","구로","11416","11497","20260701",""
"20260628","경부선","가산디지털단지","5165","6720","20260701",""
"20260628","경부선","금천구청","6280","6277","20260701",""
"20260628","경부선","석수","5089","4725","20260701",""
"20260628","경부선","관악","5102","4942","20260701",""
"20260628","경부선","안양","14685","14304","20260701",""
"20260628","경부선","명학","3494","3484","20260701",""
"20260628","경부선","금정","17527","17626","20260701",""
"20260628","경부선","군포","3008","2923","20260701",""
"20260628","경부선","의왕","4617","4577","20260701",""
"20260628","경부선","성균관대","9438","9713","20260701",""
"20260628","경부선","화서","8684","8549","20260701",""
"20260628","경부선","수원","40403","38834","20260701",""
"20260628","경부선","독산","7259","7313","20260701",""
"20260628","경부선","세류","2678","2510","20260701",""
"20260628","경부선","병점","10819","11488","20260701",""
"20260628","경부선","세마","2217","2106","20260701",""
"20260628","경부선","오산대","2634","2556","20260701",""
"20260628","경부선","오산","9208","9664","20260701",""
"20260628","경부선","진위","1059","1088","20260701",""
"20260628","경부선","송탄","3974","4469","20260701",""
"20260628","경부선","서정리","6279","8326","20260701",""
"20260628","경부선","평택지제","3580","3632","20260701",""
"20260628","경부선","평택","13257","13730","20260701",""
"20260628","경부선","성환","3142","3518","20260701",""
"20260628","경부선","직산","845","952","20260701",""
"20260628","경부선","두정","6580","7099","20260701",""
"20260628","경부선","천안","7411","6982","20260701",""
"20260628","경부선","당정","3303","3272","20260701",""
"20260628","경부선","서동탄","923","879","20260701",""
"20260628","경부선","광명","3151","2072","20260701",""
"20260628","경원선","이촌(국립중앙박물관)","2831","2308","20260701",""
"20260628","경원선","서빙고","2427","2522","20260701",""
"20260628","경원선","한남","1769","1745","20260701",""
"20260628","경원선","옥수","69","22","20260701",""
"20260628","경원선","응봉","1260","1174","20260701",""
"20260628","경원선","왕십리(성동구청)","11742","12456","20260701",""
"20260628","경원선","청량리(서울시립대입구)","18289","17146","20260701",""
"20260628","경원선","외대앞","7306","7193","20260701",""
"20260628","경원선","신이문","5494","5106","20260701",""
"20260628","경원선","석계","5088","5488","20260701",""
"20260628","경원선","광운대","5704","5589","20260701",""
"20260628","경원선","월계","4063","3973","20260701",""
"20260628","경원선","녹천","2915","2758","20260701",""
"20260628","경원선","창동","5","1","20260701",""
"20260628","경원선","방학","6973","6737","20260701",""
"20260628","경원선","도봉","3806","3679","20260701",""
"20260628","경원선","도봉산","8849","5879","20260701",""
"20260628","경원선","망월사","5280","5391","20260701",""
"20260628","경원선","회룡","8715","8718","20260701",""
"20260628","경원선","의정부","15422","14892","20260701",""
"20260628","경원선","가능","4273","4116","20260701",""
"20260628","경원선","녹양","3107","2986","20260701",""
"20260628","경원선","양주","5167","5077","20260701",""
"20260628","경원선","덕계","4208","3989","20260701",""
"20260628","경원선","덕정","3952","4065","20260701",""
"20260628","경원선","지행","4804","5033","20260701",""
"20260628","경원선","동두천중앙","2184","2054","20260701",""
"20260628","경원선","보산","1278","1422","20260701",""
"20260628","경원선","동두천","1105","1187","20260701",""
"20260628","경원선","소요산","2900","2954","20260701",""
"20260628","경원선","청산","150","173","20260701",""
"20260628","경원선","전곡","1330","1230","20260701",""
"20260628","경원선","연천","1234","1251","20260701",""
"20260628","경의선","서울역","1113","1038","20260701",""
"20260628","경의선","신촌","307","390","20260701",""
"20260628","경의선","효창공원앞","1671","1928","20260701",""
"20260628","경의선","공덕","2802","2041","20260701",""
"20260628","경의선","서강대","1793","1727","20260701",""
"20260628","경의선","홍대입구","2382","2745","20260701",""
"20260628","경의선","가좌","3527","3589","20260701",""
"20260628","경의선","디지털미디어시티","1621","1661","20260701",""
"20260628","경의선","수색","1344","1466","20260701",""
"20260628","경의선","한국항공대","968","1038","20260701",""
"20260628","경의선","강매","1680","1528","20260701",""
"20260628","경의선","행신","4484","4377","20260701",""
"20260628","경의선","능곡","2894","2843","20260701",""
"20260628","경의선","곡산","413","416","20260701",""
"20260628","경의선","백마","4030","3902","20260701",""
"20260628","경의선","풍산","4770","4561","20260701",""
"20260628","경의선","일산","7065","6842","20260701",""
"20260628","경의선","탄현","4790","4441","20260701",""
"20260628","경의선","야당","5134","5184","20260701",""
"20260628","경의선","운정","5142","4966","20260701",""
"20260628","경의선","금릉","3219","3179","20260701",""
"20260628","경의선","금촌","4733","5118","20260701",""
"20260628","경의선","월롱","841","1228","20260701",""
"20260628","경의선","파주","805","798","20260701",""
"20260628","경의선","문산","4093","4568","20260701",""
"20260628","경의선","임진강","65","65","20260701",""
"20260628","경의선","운천","6","4","20260701",""
"20260628","경인선","개봉","14075","13975","20260701",""
"20260628","경인선","오류동","7565","7085","20260701",""
"20260628","경인선","역곡","14893","14893","20260701",""
"20260628","경인선","부천","23737","23403","20260701",""
"20260628","경인선","송내","14360","14229","20260701",""
"20260628","1호선","서울역","57316","58127","20260701",""
"20260628","1호선","시청","12898","12816","20260701",""
"20260628","1호선","종각","17981","16681","20260701",""
"20260628","1호선","종로3가","17412","15120","20260701",""
"20260628","1호선","종로5가","12882","12447","20260701",""
"20260628","1호선","동대문","14920","15404","20260701",""
"20260628","1호선","신설동","10076","10053","20260701",""
"20260628","1호선","제기동","10736","11411","20260701",""
"20260628","1호선","청량리(서울시립대입구)","19546","19254","20260701",""
"20260628","1호선","동묘앞","14426","14687","20260701",""
"20260628","2호선","시청","10266","8126","20260701",""
"20260628","2호선","을지로입구","31561","30752","20260701",""
"20260628","2호선","을지로3가","14587","14982","20260701",""
"20260628","2호선","을지로4가","7491","6993","20260701",""
"20260628","2호선","동대문역사문화공원(DDP)","12662","15735","20260701",""
"20260628","2호선","신당","10168","11049","20260701",""
"20260628","2호선","상왕십리","8603","8527","20260701",""
"20260628","2호선","왕십리(성동구청)","11038","10176","20260701",""
"20260628","2호선","한양대","3614","4152","20260701",""
"20260628","2호선","뚝섬","14240","14419","20260701",""
"20260628","2호선","성수","43588","43292","20260701",""
"20260628","2호선","건대입구","29080","30146","20260701",""
"20260628","2호선","구의(광진구청)","16908","16742","20260701",""
"20260628","2호선","강변(동서울터미널)","22740","21476","20260701",""
"20260628","2호선","잠실나루","6750","6983","20260701",""
"20260628","2호선","잠실(송파구청)","60901","58061","20260701",""
"20260628","2호선","잠실새내","15896","15720","20260701",""
"20260628","2호선","종합운동장","20559","23322","20260701",""
"20260628","2호선","삼성(무역센터)","35444","30391","20260701",""
"20260628","2호선","선릉","16902","14141","20260701",""
"20260628","2호선","역삼","14096","15527","20260701",""
"20260628","2호선","강남","40248","38476","20260701",""
"20260628","2호선","교대(법원.검찰청)","10980","13560","20260701",""
"20260628","2호선","서초","16402","15352","20260701",""
"20260628","2호선","방배","7947","8034","20260701",""
"20260628","2호선","사당","28921","31206","20260701",""
"20260628","2호선","낙성대(강감찬)","18872","19387","20260701",""
"20260628","2호선","서울대입구(관악구청)","28956","29356","20260701",""
"20260628","2호선","봉천","15085","14390","20260701",""
"20260628","2호선","신림","38852","38170","20260701",""
"20260628","2호선","신대방","17186","16303","20260701",""
"20260628","2호선","구로디지털단지","28803","27762","20260701",""
"20260628","2호선","대림(구로구청)","17329","18057","20260701",""
"20260628","2호선","신도림","31541","31037","20260701",""
"20260628","2호선","문래","10739","11362","20260701",""
"20260628","2호선","영등포구청","10569","10798","20260701",""
"20260628","2호선","당산","10357","10675","20260701",""
"20260628","2호선","합정","25458","26688","20260701",""
"20260628","2호선","홍대입구","70683","72846","20260701",""
"20260628","2호선","신촌","28110","27950","20260701",""
"20260628","2호선","이대","10069","10808","20260701",""
"20260628","2호선","아현","6560","6246","20260701",""
"20260628","2호선","충정로(경기대입구)","4737","5215","20260701",""
"20260628","2호선","용답","2101","2163","20260701",""
"20260628","2호선","신답","980","1062","20260701",""
"20260628","2호선","신설동","3724","3682","20260701",""
"20260628","2호선","도림천","661","745","20260701",""
"20260628","2호선","양천구청","3894","3897","20260701",""
"20260628","2호선","신정네거리","5565","5678","20260701",""
"20260628","2호선","용두(동대문구청)","1609","1538","20260701",""
"20260628","3호선","지축","4581","4453","20260701",""
"20260628","3호선","구파발","14605","14723","20260701",""
"20260628","3호선","연신내","24328","22892","20260701",""
"20260628","3호선","불광","11092","12207","20260701",""
"20260628","3호선","녹번","8284","7710","20260701",""
"20260628","3호선","홍제","11409","10784","20260701",""
"20260628","3호선","무악재","2348","2476","20260701",""
"20260628","3호선","독립문","5507","5933","20260701",""
"20260628","3호선","경복궁(정부서울청사)","18088","18498","20260701",""
"20260628","3호선","안국","17561","19203","20260701",""
"20260628","3호선","종로3가","6382","7693","20260701",""
"20260628","3호선","을지로3가","7720","6581","20260701",""
"20260628","3호선","충무로","5","0","20260701",""
"20260628","3호선","동대입구","8433","9207","20260701",""
"20260628","3호선","약수","7973","7756","20260701",""
"20260628","3호선","금호","4984","4883","20260701",""
"20260628","3호선","옥수","6039","6344","20260701",""
"20260628","3호선","압구정","17253","17833","20260701",""
"20260628","3호선","신사","12139","12333","20260701",""
"20260628","3호선","잠원","4111","3953","20260701",""
"20260628","3호선","고속터미널","54390","48741","20260701",""
"20260628","3호선","교대(법원.검찰청)","6540","3307","20260701",""
"20260628","3호선","남부터미널(예술의전당)","19207","19542","20260701",""
"20260628","3호선","양재(서초구청)","15947","17438","20260701",""
"20260628","3호선","매봉","5285","5267","20260701",""
"20260628","3호선","도곡","2938","2870","20260701",""
"20260628","3호선","대치","6599","5776","20260701",""
"20260628","3호선","학여울","1719","1796","20260701",""
"20260628","3호선","대청","5106","5141","20260701",""
"20260628","3호선","일원","4997","5177","20260701",""
"20260628","3호선","수서","12259","12135","20260701",""
"20260628","3호선","가락시장","4517","4712","20260701",""
"20260628","3호선","경찰병원","3523","3597","20260701",""
"20260628","3호선","오금","3239","3259","20260701",""
"20260628","4호선","불암산","6797","6399","20260701",""
"20260628","4호선","상계","12113","11211","20260701",""
"20260628","4호선","노원","14726","15865","20260701",""
"20260628","4호선","창동","18718","19414","20260701",""
"20260628","4호선","쌍문","18358","16711","20260701",""
"20260628","4호선","수유(강북구청)","24069","22761","20260701",""
"20260628","4호선","미아(서울사이버대학)","9870","9054","20260701",""
"20260628","4호선","미아사거리","17374","16863","20260701",""
"20260628","4호선","길음","12295","12054","20260701",""
"20260628","4호선","성신여대입구(돈암)","15390","15031","20260701",""
"20260628","4호선","한성대입구(삼선교)","9851","9883","20260701",""
"20260628","4호선","혜화","28552","29633","20260701",""
"20260628","4호선","동대문","10689","10933","20260701",""
"20260628","4호선","동대문역사문화공원(DDP)","17408","15181","20260701",""
"20260628","4호선","충무로","15125","15127","20260701",""
"20260628","4호선","명동","32990","34814","20260701",""
"20260628","4호선","회현(남대문시장)","12924","13373","20260701",""
"20260628","4호선","서울역","7040","16586","20260701",""
"20260628","4호선","숙대입구(갈월)","10956","10581","20260701",""
"20260628","4호선","삼각지(전쟁기념관)","5229","6831","20260701",""
"20260628","4호선","신용산","16205","17491","20260701",""
"20260628","4호선","이촌(국립중앙박물관)","10600","10763","20260701",""
"20260628","4호선","동작(현충원)","1619","1663","20260701",""
"20260628","4호선","총신대입구(이수)","12077","13251","20260701",""
"20260628","4호선","사당","18382","16673","20260701",""
"20260628","4호선","남태령","876","639","20260701",""
"20260628","5호선","방화","4264","4299","20260701",""
"20260628","5호선","개화산","3373","3505","20260701",""
"20260628","5호선","김포공항","11547","7113","20260701",""
"20260628","5호선","송정","4179","4148","20260701",""
"20260628","5호선","마곡","7373","7541","20260701",""
"20260628","5호선","발산","12642","13139","20260701",""
"20260628","5호선","우장산","8371","8605","20260701",""
"20260628","5호선","화곡","16633","15728","20260701",""
"20260628","5호선","까치산","17122","16341","20260701",""
"20260628","5호선","신정(은행정)","7399","6751","20260701",""
"20260628","5호선","목동","8631","8835","20260701",""
"20260628","5호선","오목교(목동운동장앞)","12076","12348","20260701",""
"20260628","5호선","양평","3625","3576","20260701",""
"20260628","5호선","영등포구청","2297","2079","20260701",""
"20260628","5호선","영등포시장","7309","7304","20260701",""
"20260628","5호선","신길","3085","3091","20260701",""
"20260628","5호선","여의도","11096","12571","20260701",""
"20260628","5호선","여의나루","11908","12804","20260701",""
"20260628","5호선","마포","6492","6458","20260701",""
"20260628","5호선","공덕","5994","6071","20260701",""
"20260628","5호선","애오개","3199","3227","20260701",""
"20260628","5호선","충정로(경기대입구)","1936","2017","20260701",""
"20260628","5호선","서대문","6426","6410","20260701",""
"20260628","5호선","광화문(세종문화회관)","16957","18002","20260701",""
"20260628","5호선","종로3가","11668","11387","20260701",""
"20260628","5호선","을지로4가","3009","2960","20260701",""
"20260628","5호선","동대문역사문화공원(DDP)","1444","1642","20260701",""
"20260628","5호선","청구","1943","1897","20260701",""
"20260628","5호선","신금호","3387","3797","20260701",""
"20260628","5호선","행당","4662","4227","20260701",""
"20260628","5호선","왕십리(성동구청)","3012","3492","20260701",""
"20260628","5호선","마장","3496","3419","20260701",""
"20260628","5호선","답십리","8824","7998","20260701",""
"20260628","5호선","장한평","10503","10536","20260701",""
"20260628","5호선","군자(능동)","8327","9430","20260701",""
"20260628","5호선","아차산(어린이대공원후문)","10779","10771","20260701",""
"20260628","5호선","광나루(장신대)","7852","7694","20260701",""
"20260628","5호선","천호(풍납토성)","16468","15306","20260701",""
"20260628","5호선","강동","10557","10661","20260701",""
"20260628","5호선","길동","5871","5793","20260701",""
"20260628","5호선","굽은다리(강동구민회관앞)","6142","5721","20260701",""
"20260628","5호선","명일","5681","5547","20260701",""
"20260628","5호선","고덕","5027","5102","20260701",""
"20260628","5호선","상일동","7320","7393","20260701",""
"20260628","5호선","둔촌동","8782","8337","20260701",""
"20260628","5호선","올림픽공원(한국체대)","8019","8459","20260701",""
"20260628","5호선","방이","5517","5190","20260701",""
"20260628","5호선","오금","2100","1973","20260701",""
"20260628","5호선","개롱","3637","3936","20260701",""
"20260628","5호선","거여","5320","5362","20260701",""
"20260628","5호선","마천","4094","4191","20260701",""
"20260628","5호선","강일","3451","3331","20260701",""
"20260628","5호선","미사","11145","11513","20260701",""
"20260628","5호선","하남풍산","3428","3220","20260701",""
"20260628","5호선","하남시청(덕풍·신장)","5613","5279","20260701",""
"20260628","5호선","하남검단산","5434","5304","20260701",""
"20260628","6호선","응암","10516","10590","20260701",""
"20260628","6호선","역촌","2585","2875","20260701",""
"20260628","6호선","불광","3645","3222","20260701",""
"20260628","6호선","독바위","1520","1803","20260701",""
"20260628","6호선","연신내","3","0","20260701",""
"20260628","6호선","구산","4852","3851","20260701",""
"20260628","6호선","새절(신사)","7286","7182","20260701",""
"20260628","6호선","증산(명지대앞)","5909","5896","20260701",""
"20260628","6호선","디지털미디어시티","6592","6813","20260701",""
"20260628","6호선","월드컵경기장(성산)","3081","3094","20260701",""
"20260628","6호선","마포구청","8594","8002","20260701",""
"20260628","6호선","망원","13067","14169","20260701",""
"20260628","6호선","합정","11297","10236","20260701",""
"20260628","6호선","상수","8638","9205","20260701",""
"20260628","6호선","광흥창(서강)","5420","5214","20260701",""
"20260628","6호선","대흥(서강대앞)","5278","5625","20260701",""
"20260628","6호선","공덕","8662","8538","20260701",""
"20260628","6호선","효창공원앞","4317","3873","20260701",""
"20260628","6호선","삼각지(전쟁기념관)","6689","5498","20260701",""
"20260628","6호선","녹사평(용산구청)","4534","4776","20260701",""
"20260628","6호선","이태원","11548","9947","20260701",""
"20260628","6호선","한강진","7406","9357","20260701",""
"20260628","6호선","버티고개","1346","1478","20260701",""
"20260628","6호선","약수","2211","2210","20260701",""
"20260628","6호선","청구","2257","2002","20260701",""
"20260628","6호선","신당","5600","6048","20260701",""
"20260628","6호선","동묘앞","11292","11538","20260701",""
"20260628","6호선","창신","2055","1769","20260701",""
"20260628","6호선","보문","4981","5048","20260701",""
"20260628","6호선","안암(고대병원앞)","5800","6138","20260701",""
"20260628","6호선","고려대(종암)","5064","4791","20260701",""
"20260628","6호선","월곡(동덕여대)","6029","5937","20260701",""
"20260628","6호선","상월곡(한국과학기술연구원)","4077","3768","20260701",""
"20260628","6호선","돌곶이","7660","7362","20260701",""
"20260628","6호선","석계","7293","7562","20260701",""
"20260628","6호선","태릉입구","3912","4059","20260701",""
"20260628","6호선","화랑대(서울여대입구)","5908","5128","20260701",""
"20260628","6호선","봉화산(서울의료원)","4380","4297","20260701",""
"20260628","6호선","신내","4","0","20260701",""
"20260628","7호선","장암","2116","1402","20260701",""
"20260628","7호선","도봉산","5575","8061","20260701",""
"20260628","7호선","수락산","9124","8945","20260701",""
"20260628","7호선","마들","7206","6708","20260701",""
"20260628","7호선","노원","13138","13252","20260701",""
"20260628","7호선","중계","8683","8239","20260701",""
"20260628","7호선","하계","10351","9779","20260701",""
"20260628","7호선","공릉(서울과학기술대)","7562","7712","20260701",""
"20260628","7호선","태릉입구","5420","5246","20260701",""
"20260628","7호선","먹골","6220","6131","20260701",""
"20260628","7호선","중화","6734","6506","20260701",""
"20260628","7호선","상봉","11122","10534","20260701",""
"20260628","7호선","면목","8675","8493","20260701",""
"20260628","7호선","사가정","10157","9866","20260701",""
"20260628","7호선","용마산(용마폭포공원)","3461","3688","20260701",""
"20260628","7호선","중곡","6300","6046","20260701",""
"20260628","7호선","군자(능동)","10075","7667","20260701",""
"20260628","7호선","어린이대공원(세종대)","8877","8704","20260701",""
"20260628","7호선","건대입구","9160","9281","20260701",""
"20260628","7호선","자양(뚝섬한강공원)","9906","9652","20260701",""
"20260628","7호선","청담","7147","7923","20260701",""
"20260628","7호선","강남구청","6215","6963","20260701",""
"20260628","7호선","학동","7898","8052","20260701",""
"20260628","7호선","논현","7029","7521","20260701",""
"20260628","7호선","반포","4374","4324","20260701",""
"20260628","7호선","고속터미널","15915","10978","20260701",""
"20260628","7호선","내방","6666","6887","20260701",""
"20260628","7호선","이수","10286","9824","20260701",""
"20260628","7호선","남성","6272","6239","20260701",""
"20260628","7호선","숭실대입구(살피재)","6908","7231","20260701",""
"20260628","7호선","상도","6814","6834","20260701",""
"20260628","7호선","장승배기","5272","5348","20260701",""
"20260628","7호선","신대방삼거리","9116","8907","20260701",""
"20260628","7호선","보라매","3916","4095","20260701",""
"20260628","7호선","신풍","7133","6819","20260701",""
"20260628","7호선","대림(구로구청)","9713","9103","20260701",""
"20260628","7호선","남구로","7552","7564","20260701",""
"20260628","7호선","가산디지털단지","10997","10581","20260701",""
"20260628","7호선","철산","12069","12144","20260701",""
"20260628","7호선","광명사거리","14375","14230","20260701",""
"20260628","7호선","천왕","6079","5962","20260701",""
"20260628","7호선","온수(성공회대입구)","4640","4639","20260701",""
"20260628","8호선","암사역사공원","3687","3436","20260701",""
"20260628","8호선","암사","9440","9017","20260701",""
"20260628","8호선","천호(풍납토성)","13102","14528","20260701",""
"20260628","8호선","강동구청","5629","5610","20260701",""
"20260628","8호선","몽촌토성(평화의문)","5712","5690","20260701",""
"20260628","8호선","잠실(송파구청)","15777","17535","20260701",""
"20260628","8호선","석촌","5696","6991","20260701",""
"20260628","8호선","송파","5493","5586","20260701",""
"20260628","8호선","가락시장","3900","4828","20260701",""
"20260628","8호선","문정","7400","7625","20260701",""
"20260628","8호선","장지","10276","9807","20260701",""
"20260628","8호선","복정","5656","5026","20260701",""
"20260628","8호선","산성","3504","3758","20260701",""
"20260628","8호선","남한산성입구(성남법원.검찰청)","6849","6068","20260701",""
"20260628","8호선","단대오거리","6447","6487","20260701",""
"20260628","8호선","신흥","3574","3655","20260701",""
"20260628","8호선","수진","3976","3676","20260701",""
"20260628","8호선","모란","3319","2666","20260701",""
"20260628","8호선","남위례","4111","4023","20260701",""
"20260628","9호선","개화","1211","1126","20260701",""
"20260628","9호선","김포공항","5291","10258","20260701",""
"20260628","9호선","공항시장","1939","2117","20260701",""
"20260628","9호선","신방화","4144","4189","20260701",""
"20260628","9호선","마곡나루(서울식물원)","8148","8025","20260701",""
"20260628","9호선","양천향교","5017","5130","20260701",""
"20260628","9호선","가양","13249","12965","20260701",""
"20260628","9호선","증미","3183","3152","20260701",""
"20260628","9호선","등촌","6542","6627","20260701",""
"20260628","9호선","신목동","2383","2268","20260701",""
"20260628","9호선","선유도","3719","3644","20260701",""
"20260628","9호선","당산","11223","11266","20260701",""
"20260628","9호선","국회의사당","7296","6883","20260701",""
"20260628","9호선","여의도","13329","12501","20260701",""
"20260628","9호선","샛강","2697","2587","20260701",""
"20260628","9호선","노량진","18423","18766","20260701",""
"20260628","9호선","노들","3530","3149","20260701",""
"20260628","9호선","흑석(중앙대입구)","4649","4723","20260701",""
"20260628","9호선","동작(현충원)","1471","1353","20260701",""
"20260628","9호선","구반포","515","532","20260701",""
"20260628","9호선","신반포","3273","3778","20260701",""
"20260628","9호선","고속터미널","16152","21992","20260701",""
"20260628","9호선","사평","2166","2174","20260701",""
"20260628","9호선","신논현","20129","19922","20260701",""
"20260628","9호선2~3단계","언주","4909","4884","20260701",""
"20260628","9호선2~3단계","선정릉","4099","4699","20260701",""
"20260628","9호선2~3단계","삼성중앙","2864","2744","20260701",""
"20260628","9호선2~3단계","봉은사","19841","22366","20260701",""
"20260628","9호선2~3단계","종합운동장","5377","4540","20260701",""
"20260628","9호선2~3단계","삼전","4790","4728","20260701",""
"20260628","9호선2~3단계","석촌고분","4484","4506","20260701",""
"20260628","9호선2~3단계","석촌","6813","6072","20260701",""
"20260628","9호선2~3단계","송파나루","4108","4558","20260701",""
"20260628","9호선2~3단계","한성백제","2629","2218","20260701",""
"20260628","9호선2~3단계","올림픽공원(한국체대)","20579","19354","20260701",""
"20260628","9호선2~3단계","둔촌오륜","2731","2703","20260701",""
"20260628","9호선2~3단계","중앙보훈병원","5998","5453","20260701",""
"20260628","경강선","판교","3586","3161","20260701",""
"20260628","경강선","이매","815","571","20260701",""
"20260628","경강선","삼동","1184","1120","20260701",""
"20260628","경강선","경기광주","4606","4715","20260701",""
"20260628","경강선","초월","2170","2152","20260701",""
"20260628","경강선","곤지암","1667","1925","20260701",""
"20260628","경강선","신둔도예촌","1049","988","20260701",""
"20260628","경강선","이천","2493","2750","20260701",""
"20260628","경강선","부발","1868","2341","20260701",""
"20260628","경강선","세종대왕릉","327","298","20260701",""
"20260628","경강선","여주","2780","2743","20260701",""
"20260628","경인선","도화","2679","2450","20260701",""
"20260628","우이신설선","정릉","3315","2810","20260701",""
"20260628","우이신설선","성신여대입구(돈암)","2568","2893","20260701",""
"20260628","우이신설선","보문","1459","1460","20260701",""
"20260628","우이신설선","신설동","1614","1550","20260701",""
"20260628","일산선","원흥","6380","6187","20260701",""
"20260628","일산선","삼송","12025","12061","20260701",""
"20260628","일산선","원당","7100","6876","20260701",""
"20260628","일산선","화정","10663","11089","20260701",""
"20260628","일산선","대곡","7081","6659","20260701",""
"20260628","일산선","백석","6295","6221","20260701",""
"20260628","일산선","마두","3953","3965","20260701",""
"20260628","일산선","정발산","5821","5727","20260701",""
"20260628","일산선","주엽","5129","5099","20260701",""
"20260628","일산선","대화","6092","5450","20260701",""
"20260628","장항선","봉명","763","744","20260701",""
"20260628","장항선","쌍용(나사렛대)","1527","1570","20260701",""
"20260628","장항선","아산","3809","2788","20260701",""
"20260628","장항선","탕정","1440","1469","20260701",""
"20260628","우이신설선","솔샘","3395","3152","20260701",""
"20260628","경춘선","신내","1611","1533","20260701",""
"20260628","경춘선","갈매","1472","1329","20260701",""
"20260628","경춘선","별내","1751","1543","20260701",""
"20260628","경춘선","퇴계원","2183","2066","20260701",""
"20260628","경춘선","사릉","1246","1266","20260701",""
"20260628","경춘선","금곡","1034","987","20260701",""
"20260628","경춘선","평내호평","3777","3629","20260701",""
"20260628","경춘선","천마산","1143","1140","20260701",""
"20260628","경춘선","마석","3233","3268","20260701",""
"20260628","경춘선","대성리","1361","704","20260701",""
"20260628","경춘선","청평","2113","1851","20260701",""
"20260628","경춘선","상천","340","254","20260701",""
"20260628","우이신설선","삼양사거리","2034","1881","20260701",""
"20260628","경춘선","가평","2703","2021","20260701",""
"20260628","경춘선","굴봉산","169","132","20260701",""
"20260628","경춘선","백양리","143","116","20260701",""
"20260628","경춘선","강촌","727","533","20260701",""
"20260628","경춘선","김유정","546","502","20260701",""
"20260628","경춘선","남춘천","2934","3063","20260701",""
"20260628","경춘선","춘천","1914","1603","20260701",""
"20260628","공항철도 1호선","서울역","15137","13148","20260701",""
"20260628","공항철도 1호선","공덕","2045","2813","20260701",""
"20260628","공항철도 1호선","홍대입구","17930","15387","20260701",""
"20260628","공항철도 1호선","디지털미디어시티","5773","5543","20260701",""
"20260628","공항철도 1호선","마곡나루(서울식물원)","4628","5000","20260701",""
"20260628","공항철도 1호선","김포공항","7782","4065","20260701",""
"20260628","공항철도 1호선","계양","5771","5855","20260701",""
"20260628","공항철도 1호선","검암","3606","3773","20260701",""
"20260628","공항철도 1호선","청라국제도시","4359","4448","20260701",""
"20260628","공항철도 1호선","운서","8674","9744","20260701",""
"20260628","공항철도 1호선","공항화물청사","1011","2457","20260701",""
"20260628","공항철도 1호선","인천공항1터미널","12886","14520","20260701",""
"20260628","공항철도 1호선","인천공항2터미널","12361","10728","20260701",""
"20260628","공항철도 1호선","영종","3634","3642","20260701",""
"20260628","과천선","선바위","4221","3775","20260701",""
"20260628","과천선","경마공원","14471","14634","20260701",""
"20260628","과천선","대공원","4961","4913","20260701",""
"20260628","과천선","과천","3486","3239","20260701",""
"20260628","과천선","정부과천청사","5551","5662","20260701",""
"20260628","과천선","인덕원","14985","15230","20260701",""
"20260628","과천선","평촌","7778","7613","20260701",""
"20260628","과천선","범계","17157","16536","20260701",""
"20260628","분당선","선릉","3338","4743","20260701",""
"20260628","분당선","한티","9023","9146","20260701",""
"20260628","분당선","도곡","3528","3484","20260701",""
"20260628","분당선","구룡","1619","1736","20260701",""
"20260628","분당선","개포동","2279","2275","20260701",""
"20260628","분당선","대모산입구","2910","2928","20260701",""
"20260628","분당선","수서","11380","11671","20260701",""
"20260628","분당선","복정","1","0","20260701",""
"20260628","경인선","온수(성공회대입구)","4199","3871","20260701",""
"20260628","경인선","중동","5552","5142","20260701",""
"20260628","우이신설선","북한산보국문","4257","3721","20260701",""
"20260628","분당선","수원","6268","5988","20260701",""
"20260628","분당선","서울숲","8499","8760","20260701",""
"20260628","장항선","온양온천","4327","4302","20260701",""
"20260628","분당선","압구정로데오","10448","10945","20260701",""
"20260628","분당선","강남구청","3354","4067","20260701",""
"20260628","분당선","선정릉","2396","2287","20260701",""
"20260628","분당선","가천대","4738","5131","20260701",""
"20260628","분당선","태평","8678","8187","20260701",""
"20260628","분당선","모란","11888","12485","20260701",""
"20260628","분당선","야탑","15168","15445","20260701",""
"20260628","분당선","서현","14569","14658","20260701",""
"20260628","분당선","수내","5852","5603","20260701",""
"20260628","분당선","정자","8104","8325","20260701",""
"20260628","분당선","미금","8303","8481","20260701",""
"20260628","분당선","오리","5502","5044","20260701",""
"20260628","분당선","이매","4084","4079","20260701",""
"20260628","분당선","보정","1240","1154","20260701",""
"20260628","분당선","죽전","7846","8683","20260701",""
"20260628","분당선","구성","4352","4499","20260701",""
"20260628","분당선","신갈","2307","2455","20260701",""
"20260628","분당선","기흥","5689","5361","20260701",""
"20260628","분당선","상갈","2935","3102","20260701",""
"20260628","분당선","청명","2394","2598","20260701",""
"20260628","분당선","영통","5236","5279","20260701",""
"20260628","분당선","망포","6912","7268","20260701",""
"20260628","분당선","매탄권선","3059","2980","20260701",""
"20260628","분당선","수원시청","8554","8311","20260701",""
"20260628","분당선","매교","2729","2811","20260701",""
"20260628","서해선","김포공항","2712","3837","20260701",""
"20260628","서해선","원종","3577","3475","20260701",""
"20260628","서해선","부천종합운동장","1644","1410","20260701",""
"20260628","수인선","고색","2503","2636","20260701",""
"20260628","수인선","오목천","2295","2175","20260701",""
"20260628","수인선","어천","987","1148","20260701",""
"20260628","수인선","야목","496","387","20260701",""
"20260628","수인선","사리","3109","2681","20260701",""
"20260628","수인선","달월","43","50","20260701",""
"20260628","수인선","월곶","2007","1934","20260701",""
"20260628","수인선","소래포구","4277","4161","20260701",""
"20260628","수인선","인천논현","3375","3533","20260701",""
"20260628","수인선","호구포","2218","2374","20260701",""
"20260628","수인선","남동인더스파크","572","612","20260701",""
"20260628","수인선","원인재","3148","3238","20260701",""
"20260628","수인선","연수","3554","3556","20260701",""
"20260628","수인선","송도","1696","1641","20260701",""
"20260628","수인선","인하대","3703","3603","20260701",""
"20260628","수인선","숭의","2644","2401","20260701",""
"20260628","수인선","신포","1345","1309","20260701",""
"20260628","수인선","인천","1164","1589","20260701",""
"20260628","신림선","샛강","1064","1357","20260701",""
"20260628","신림선","대방","2256","1672","20260701",""
"20260628","신림선","서울지방병무청","2034","2306","20260701",""
"20260628","신림선","보라매","2600","2496","20260701",""
"20260628","신림선","보라매공원","1375","1498","20260701",""
"20260628","신림선","보라매병원","2778","2858","20260701",""
"20260628","신림선","당곡","3145","3035","20260701",""
"20260628","신림선","신림","1818","2094","20260701",""
"20260628","신림선","서원","2553","2288","20260701",""
"20260628","신림선","서울대벤처타운","6821","6432","20260701",""
"20260628","신림선","관악산(서울대)","3655","3775","20260701",""
"20260628","안산선","산본","10712","11237","20260701",""
"20260628","안산선","대야미","3393","3175","20260701",""
"20260628","안산선","반월","2793","2827","20260701",""
"20260628","안산선","상록수","9820","9715","20260701",""
"20260628","안산선","한대앞","6261","6247","20260701",""
"20260628","안산선","중앙","13431","13296","20260701",""
"20260628","안산선","고잔","5064","4801","20260701",""
"20260628","안산선","초지","2819","2547","20260701",""
"20260628","안산선","안산","11113","10073","20260701",""
"20260628","안산선","신길온천","1591","1448","20260701",""
"20260628","안산선","정왕","6957","7077","20260701",""
"20260628","안산선","오이도","6028","5819","20260701",""
"20260628","안산선","수리산","2509","2209","20260701",""
"20260628","우이신설선","북한산우이","3535","3628","20260701",""
"20260628","우이신설선","솔밭공원","1768","1694","20260701",""
"20260628","우이신설선","4.19민주묘지","2308","2107","20260701",""
"20260628","우이신설선","가오리","2802","2638","20260701",""
"20260628","장항선","배방","940","1007","20260701",""
"20260628","우이신설선","화계","2670","2468","20260701",""
"20260628","우이신설선","삼양","1638","1682","20260701",""
"20260628","경인선","부평","24461","24150","20260701",""
"20260628","경인선","백운","4464","4408","20260701",""
"20260628","경인선","동암","10729","10595","20260701",""
"20260628","경인선","주안","12646","11218","20260701",""
"20260628","경인선","제물포","6151","6053","20260701",""
"20260628","경인선","동인천","9883","9334","20260701",""
"20260628","경인선","인천","4270","3677","20260701",""
"20260628","경인선","구일","6852","7039","20260701",""
"20260628","경인선","소사","5617","5277","20260701",""
"20260628","경인선","부개","5416","5007","20260701",""
"20260628","경인선","간석","3734","3573","20260701",""
"20260628","경인선","도원","2003","1976","20260701",""
"20260629","7호선","반포","7531","7232","20260702",""
"20260629","5호선","여의도","33397","35890","20260702",""
"20260629","안산선","고잔","9806","9310","20260702",""
"20260629","안산선","초지","5134","4940","20260702",""
"20260629","안산선","안산","12447","11333","20260702",""
"20260629","안산선","신길온천","2272","2012","20260702",""
"20260629","안산선","정왕","9699","9931","20260702",""
"20260629","안산선","오이도","8072","8151","20260702",""
"20260629","안산선","수리산","4496","3884","20260702",""
"20260629","우이신설선","북한산우이","3096","2958","20260702",""
"20260629","중앙선","구리","7741","8245","20260702",""
"20260629","중앙선","도농","10241","9494","20260702",""
"20260629","중앙선","양정","542","467","20260702",""
"20260629","중앙선","덕소","5850","5805","20260702",""
"20260629","중앙선","도심","3163","2538","20260702",""
"20260629","중앙선","팔당","735","742","20260702",""
"20260629","중앙선","운길산","631","612","20260702",""
"20260629","중앙선","양수","2127","2139","20260702",""
"20260629","중앙선","신원","187","169","20260702",""
"20260629","중앙선","국수","739","704","20260702",""
"20260629","중앙선","아신","553","540","20260702",""
"20260629","중앙선","오빈","354","341","20260702",""
"20260629","중앙선","양평","3417","3357","20260702",""
"20260629","중앙선","원덕","339","310","20260702",""
"20260629","중앙선","용문","2093","2024","20260702",""
"20260629","중앙선","지평","37","62","20260702",""
"20260629","안산선","중앙","18792","19099","20260702",""
"20260629","우이신설선","솔샘","6259","6145","20260702",""
"20260629","우이신설선","북한산보국문","6370","6029","20260702",""
"20260629","우이신설선","정릉","5004","4664","20260702",""
"20260629","우이신설선","성신여대입구(돈암)","3885","4111","20260702",""
"20260629","우이신설선","보문","1960","1888","20260702",""
"20260629","우이신설선","신설동","2829","2627","20260702",""
"20260629","일산선","원흥","12066","11662","20260702",""
"20260629","일산선","지축","1","0","20260702",""
"20260629","일산선","삼송","20891","20302","20260702",""
"20260629","일산선","원당","12504","12151","20260702",""
"20260629","일산선","화정","18151","18656","20260702",""
"20260629","일산선","대곡","12353","11216","20260702",""
"20260629","일산선","백석","10945","11154","20260702",""
"20260629","일산선","마두","8689","8883","20260702",""
"20260629","일산선","정발산","7178","7111","20260702",""
"20260629","일산선","주엽","9839","9554","20260702",""
"20260629","일산선","대화","11253","9048","20260702",""
"20260629","장항선","봉명","1618","1639","20260702",""
"20260629","장항선","쌍용(나사렛대)","2747","2637","20260702",""
"20260629","장항선","아산","4005","3632","20260702",""
"20260629","장항선","탕정","2212","1981","20260702",""
"20260629","장항선","배방","1327","1253","20260702",""
"20260629","장항선","온양온천","5954","6002","20260702",""
"20260629","장항선","신창(순천향대)","1358","1490","20260702",""
"20260629","중앙선","회기","27259","26173","20260702",""
"20260629","중앙선","중랑","5979","5603","20260702",""
"20260629","중앙선","상봉","6352","6503","20260702",""
"20260629","중앙선","망우","8165","7803","20260702",""
"20260629","중앙선","양원","3740","3659","20260702",""
"20260629","우이신설선","솔밭공원","2758","2760","20260702",""
"20260629","우이신설선","4.19민주묘지","3236","3079","20260702",""
"20260629","우이신설선","가오리","4683","4773","20260702",""
"20260629","우이신설선","화계","3983","3736","20260702",""
"20260629","우이신설선","삼양","2752","2981","20260702",""
"20260629","우이신설선","삼양사거리","3100","3014","20260702",""
"20260629","경의선","능곡","4665","4427","20260702",""
"20260629","경의선","곡산","620","659","20260702",""
"20260629","경의선","백마","8241","8018","20260702",""
"20260629","경의선","풍산","6662","6337","20260702",""
"20260629","경의선","일산","11229","11135","20260702",""
"20260629","경의선","탄현","8164","7690","20260702",""
"20260629","경의선","야당","7694","7864","20260702",""
"20260629","경의선","운정","8406","8100","20260702",""
"20260629","경의선","금릉","5262","5119","20260702",""
"20260629","경의선","금촌","7046","6689","20260702",""
"20260629","경의선","월롱","2147","1930","20260702",""
"20260629","경의선","파주","1329","1046","20260702",""
"20260629","경의선","문산","6405","5920","20260702",""
"20260629","경의선","임진강","6","27","20260702",""
"20260629","경의선","운천","1","4","20260702",""
"20260629","경인선","개봉","24389","24127","20260702",""
"20260629","경인선","오류동","12281","11513","20260702",""
"20260629","경인선","역곡","26523","26465","20260702",""
"20260629","경인선","부천","32620","32588","20260702",""
"20260629","경인선","송내","27464","27118","20260702",""
"20260629","경인선","부평","30427","31053","20260702",""
"20260629","경인선","백운","7427","7196","20260702",""
"20260629","경인선","동암","15816","16010","20260702",""
"20260629","경인선","주안","18451","16810","20260702",""
"20260629","경인선","제물포","11627","11406","20260702",""
"20260629","경인선","동인천","14109","12825","20260702",""
"20260629","경인선","인천","3838","3169","20260702",""
"20260629","경인선","구일","6955","7002","20260702",""
"20260629","경인선","소사","8583","8202","20260702",""
"20260629","경인선","부개","9042","8537","20260702",""
"20260629","경인선","간석","6237","5828","20260702",""
"20260629","경인선","도원","3660","3723","20260702",""
"20260629","경인선","온수(성공회대입구)","6497","6126","20260702",""
"20260629","경인선","중동","9992","9366","20260702",""
"20260629","경인선","도화","4266","3960","20260702",""
"20260629","경춘선","신내","3450","3280","20260702",""
"20260629","경춘선","갈매","2948","2731","20260702",""
"20260629","경춘선","별내","2855","2596","20260702",""
"20260629","경춘선","퇴계원","3769","3381","20260702",""
"20260629","경춘선","사릉","2272","2180","20260702",""
"20260629","경춘선","금곡","1887","1820","20260702",""
"20260629","경춘선","평내호평","7023","6794","20260702",""
"20260629","경춘선","천마산","1742","1649","20260702",""
"20260629","경춘선","마석","4501","4223","20260702",""
"20260629","경춘선","대성리","639","1135","20260702",""
"20260629","경춘선","청평","1953","1954","20260702",""
"20260629","경춘선","상천","305","337","20260702",""
"20260629","경춘선","가평","2140","2503","20260702",""
"20260629","경춘선","굴봉산","114","139","20260702",""
"20260629","경춘선","백양리","112","120","20260702",""
"20260629","경춘선","강촌","416","459","20260702",""
"20260629","경춘선","김유정","399","372","20260702",""
"20260629","경춘선","남춘천","2732","2902","20260702",""
"20260629","경춘선","춘천","1459","1293","20260702",""
"20260629","공항철도 1호선","서울역","14734","12573","20260702",""
"20260629","공항철도 1호선","공덕","3584","4539","20260702",""
"20260629","공항철도 1호선","홍대입구","16100","14683","20260702",""
"20260629","공항철도 1호선","디지털미디어시티","16068","15134","20260702",""
"20260629","공항철도 1호선","마곡나루(서울식물원)","17756","17288","20260702",""
"20260629","공항철도 1호선","김포공항","9244","5601","20260702",""
"20260629","공항철도 1호선","계양","9902","10017","20260702",""
"20260629","공항철도 1호선","검암","6693","6816","20260702",""
"20260629","공항철도 1호선","청라국제도시","8722","8256","20260702",""
"20260629","공항철도 1호선","운서","10864","11429","20260702",""
"20260629","공항철도 1호선","공항화물청사","2171","2281","20260702",""
"20260629","공항철도 1호선","인천공항1터미널","13959","14786","20260702",""
"20260629","공항철도 1호선","인천공항2터미널","11832","11043","20260702",""
"20260629","공항철도 1호선","영종","5013","4954","20260702",""
"20260629","과천선","선바위","8101","7254","20260702",""
"20260629","과천선","경마공원","849","821","20260702",""
"20260629","과천선","대공원","2152","2226","20260702",""
"20260629","과천선","과천","5498","5177","20260702",""
"20260629","과천선","정부과천청사","15947","17146","20260702",""
"20260629","과천선","인덕원","28447","29387","20260702",""
"20260629","과천선","평촌","20021","19653","20260702",""
"20260629","과천선","범계","30348","30248","20260702",""
"20260629","분당선","선릉","14602","21765","20260702",""
"20260629","분당선","한티","16485","17588","20260702",""
"20260629","분당선","도곡","8454","8786","20260702",""
"20260629","분당선","구룡","3821","3895","20260702",""
"20260629","분당선","개포동","4209","4357","20260702",""
"20260629","분당선","대모산입구","6330","6192","20260702",""
"20260629","분당선","수서","19381","20253","20260702",""
"20260629","분당선","복정","3","0","20260702",""
"20260629","분당선","수원","8171","7905","20260702",""
"20260629","분당선","서울숲","13548","13634","20260702",""
"20260629","분당선","압구정로데오","18379","19799","20260702",""
"20260629","분당선","강남구청","10211","11963","20260702",""
"20260629","분당선","선정릉","8127","8288","20260702",""
"20260629","분당선","가천대","9172","9313","20260702",""
"20260629","분당선","태평","14168","13878","20260702",""
"20260629","분당선","모란","24951","26445","20260702",""
"20260629","분당선","야탑","28038","29165","20260702",""
"20260629","분당선","서현","25806","26373","20260702",""
"20260629","분당선","수내","13862","13690","20260702",""
"20260629","분당선","정자","21415","22321","20260702",""
"20260629","분당선","미금","17095","17683","20260702",""
"20260629","분당선","오리","12077","10685","20260702",""
"20260629","분당선","이매","6098","5704","20260702",""
"20260629","분당선","보정","2692","2507","20260702",""
"20260629","분당선","죽전","14070","15595","20260702",""
"20260629","분당선","구성","8244","8319","20260702",""
"20260629","분당선","신갈","5679","5523","20260702",""
"20260629","분당선","기흥","11121","10257","20260702",""
"20260629","분당선","상갈","5579","5292","20260702",""
"20260629","분당선","청명","5219","5061","20260702",""
"20260629","분당선","영통","9373","9796","20260702",""
"20260629","분당선","망포","16885","16306","20260702",""
"20260629","분당선","매탄권선","6108","6005","20260702",""
"20260629","분당선","수원시청","15239","15990","20260702",""
"20260629","분당선","매교","6023","5896","20260702",""
"20260629","서해선","김포공항","3003","4757","20260702",""
"20260629","서해선","원종","5563","5529","20260702",""
"20260629","서해선","부천종합운동장","3437","2918","20260702",""
"20260629","수인선","고색","6697","6246","20260702",""
"20260629","수인선","오목천","4370","3997","20260702",""
"20260629","수인선","어천","1744","1712","20260702",""
"20260629","수인선","야목","854","727","20260702",""
"20260629","수인선","사리","5472","4777","20260702",""
"20260629","수인선","달월","113","73","20260702",""
"20260629","수인선","월곶","3044","2803","20260702",""
"20260629","수인선","소래포구","5366","5000","20260702",""
"20260629","수인선","인천논현","5949","6164","20260702",""
"20260629","수인선","호구포","4573","4801","20260702",""
"20260629","수인선","남동인더스파크","2721","3038","20260702",""
"20260629","수인선","원인재","4639","4849","20260702",""
"20260629","수인선","연수","4999","4898","20260702",""
"20260629","수인선","송도","2873","2557","20260702",""
"20260629","수인선","인하대","7448","6975","20260702",""
"20260629","수인선","숭의","5136","4707","20260702",""
"20260629","수인선","신포","1908","1890","20260702",""
"20260629","수인선","인천","1121","1620","20260702",""
"20260629","신림선","샛강","3674","4192","20260702",""
"20260629","신림선","대방","3822","2902","20260702",""
"20260629","신림선","서울지방병무청","3563","3980","20260702",""
"20260629","신림선","보라매","5284","4764","20260702",""
"20260629","신림선","보라매공원","2767","3161","20260702",""
"20260629","신림선","보라매병원","9807","10349","20260702",""
"20260629","신림선","당곡","5293","5253","20260702",""
"20260629","신림선","신림","2591","3258","20260702",""
"20260629","신림선","서원","3882","3569","20260702",""
"20260629","신림선","서울대벤처타운","10819","10132","20260702",""
"20260629","신림선","관악산(서울대)","3473","3190","20260702",""
"20260629","안산선","상록수","15436","15456","20260702",""
"20260629","안산선","산본","17668","18806","20260702",""
"20260629","안산선","대야미","5632","5141","20260702",""
"20260629","안산선","반월","4772","4721","20260702",""
"20260629","3호선","매봉","15072","14556","20260702",""
"20260629","3호선","대치","13484","13475","20260702",""
"20260629","3호선","학여울","2262","2202","20260702",""
"20260629","3호선","대청","12093","11212","20260702",""
"20260629","3호선","일원","13186","13186","20260702",""
"20260629","3호선","수서","20219","20049","20260702",""
"20260629","3호선","가락시장","10036","9784","20260702",""
"20260629","3호선","경찰병원","8810","8869","20260702",""
"20260629","3호선","오금","7509","6675","20260702",""
"20260629","4호선","불암산","10382","8899","20260702",""
"20260629","4호선","상계","21301","20087","20260702",""
"20260629","4호선","노원","21859","24253","20260702",""
"20260629","4호선","창동","29545","30818","20260702",""
"20260629","4호선","쌍문","31551","29354","20260702",""
"20260629","4호선","수유(강북구청)","35818","36502","20260702",""
"20260629","4호선","미아(서울사이버대학)","17241","16775","20260702",""
"20260629","4호선","미아사거리","27661","27536","20260702",""
"20260629","4호선","길음","22752","22653","20260702",""
"20260629","4호선","성신여대입구(돈암)","23495","22969","20260702",""
"20260629","4호선","한성대입구(삼선교)","14827","14299","20260702",""
"20260629","4호선","혜화","34676","34303","20260702",""
"20260629","4호선","동대문","22651","22450","20260702",""
"20260629","4호선","동대문역사문화공원(DDP)","21593","18772","20260702",""
"20260629","4호선","충무로","34709","35698","20260702",""
"20260629","4호선","명동","38891","39774","20260702",""
"20260629","4호선","회현(남대문시장)","29543","31440","20260702",""
"20260629","4호선","서울역","15123","22939","20260702",""
"20260629","4호선","숙대입구(갈월)","15869","15999","20260702",""
"20260629","4호선","삼각지(전쟁기념관)","6399","7045","20260702",""
"20260629","4호선","신용산","22747","24739","20260702",""
"20260629","4호선","이촌(국립중앙박물관)","10716","11703","20260702",""
"20260629","4호선","동작(현충원)","2029","2079","20260702",""
"20260629","4호선","총신대입구(이수)","20759","22180","20260702",""
"20260629","4호선","사당","26244","22274","20260702",""
"20260629","4호선","남태령","1526","1424","20260702",""
"20260629","5호선","방화","7842","7794","20260702",""
"20260629","5호선","개화산","6871","6637","20260702",""
"20260629","5호선","김포공항","14570","8854","20260702",""
"20260629","5호선","송정","6788","6528","20260702",""
"20260629","5호선","마곡","18835","18725","20260702",""
"20260629","5호선","발산","27178","27415","20260702",""
"20260629","5호선","우장산","16771","16665","20260702",""
"20260629","5호선","화곡","31378","29495","20260702",""
"20260629","5호선","까치산","30039","29161","20260702",""
"20260629","5호선","신정(은행정)","14826","12465","20260702",""
"20260629","5호선","목동","17832","19700","20260702",""
"20260629","5호선","오목교(목동운동장앞)","22526","24314","20260702",""
"20260629","5호선","양평","9698","9584","20260702",""
"20260629","5호선","영등포구청","5861","5980","20260702",""
"20260629","5호선","영등포시장","12404","11963","20260702",""
"20260629","5호선","신길","5569","5683","20260702",""
"20260629","5호선","여의나루","14856","16353","20260702",""
"20260629","5호선","마포","17018","17211","20260702",""
"20260629","5호선","공덕","15896","16649","20260702",""
"20260629","5호선","애오개","7504","7312","20260702",""
"20260629","5호선","충정로(경기대입구)","5750","5866","20260702",""
"20260629","5호선","서대문","21240","21536","20260702",""
"20260629","5호선","광화문(세종문화회관)","37357","39190","20260702",""
"20260629","5호선","종로3가","15392","15535","20260702",""
"20260629","5호선","을지로4가","7753","7488","20260702",""
"20260629","5호선","동대문역사문화공원(DDP)","3822","4197","20260702",""
"20260629","5호선","청구","3782","3539","20260702",""
"20260629","5호선","신금호","6928","7468","20260702",""
"20260629","5호선","행당","8634","7718","20260702",""
"20260629","5호선","왕십리(성동구청)","5227","5665","20260702",""
"20260629","5호선","마장","6319","5946","20260702",""
"20260629","5호선","답십리","18014","16251","20260702",""
"20260629","5호선","장한평","21847","21750","20260702",""
"20260629","5호선","군자(능동)","12718","13976","20260702",""
"20260629","5호선","아차산(어린이대공원후문)","15463","15345","20260702",""
"20260629","5호선","광나루(장신대)","11810","11343","20260702",""
"20260629","5호선","천호(풍납토성)","22182","21414","20260702",""
"20260629","5호선","강동","20614","20136","20260702",""
"20260629","5호선","길동","9972","10287","20260702",""
"20260629","5호선","굽은다리(강동구민회관앞)","10452","9964","20260702",""
"20260629","5호선","명일","8820","8938","20260702",""
"20260629","5호선","고덕","11599","11370","20260702",""
"20260629","안산선","한대앞","9723","9918","20260702",""
"20260629","5호선","상일동","16236","15549","20260702",""
"20260629","5호선","둔촌동","14672","14511","20260702",""
"20260629","5호선","올림픽공원(한국체대)","5649","5142","20260702",""
"20260629","5호선","방이","8041","8328","20260702",""
"20260629","5호선","오금","4391","4394","20260702",""
"20260629","5호선","개롱","7140","7461","20260702",""
"20260629","5호선","거여","11255","11423","20260702",""
"20260629","5호선","마천","8149","7137","20260702",""
"20260629","5호선","강일","6757","6339","20260702",""
"20260629","5호선","미사","19805","19901","20260702",""
"20260629","5호선","하남풍산","5114","5038","20260702",""
"20260629","5호선","하남시청(덕풍·신장)","9888","9521","20260702",""
"20260629","5호선","하남검단산","7313","6771","20260702",""
"20260629","6호선","응암","18905","19164","20260702",""
"20260629","6호선","역촌","4328","5059","20260702",""
"20260629","6호선","불광","5153","4919","20260702",""
"20260629","6호선","독바위","2784","2916","20260702",""
"20260629","6호선","연신내","2","0","20260702",""
"20260629","6호선","구산","8848","7109","20260702",""
"20260629","6호선","새절(신사)","13863","13068","20260702",""
"20260629","6호선","증산(명지대앞)","9837","9889","20260702",""
"20260629","6호선","디지털미디어시티","16321","17601","20260702",""
"20260629","6호선","월드컵경기장(성산)","4093","4192","20260702",""
"20260629","6호선","마포구청","15813","14573","20260702",""
"20260629","6호선","망원","16149","17391","20260702",""
"20260629","6호선","합정","13467","13215","20260702",""
"20260629","6호선","상수","9987","10738","20260702",""
"20260629","6호선","광흥창(서강)","10879","10391","20260702",""
"20260629","6호선","대흥(서강대앞)","10381","10905","20260702",""
"20260629","6호선","공덕","21563","20734","20260702",""
"20260629","6호선","효창공원앞","8107","7449","20260702",""
"20260629","6호선","삼각지(전쟁기념관)","7063","6316","20260702",""
"20260629","6호선","녹사평(용산구청)","5393","5384","20260702",""
"20260629","6호선","이태원","11133","11486","20260702",""
"20260629","6호선","한강진","8443","10256","20260702",""
"20260629","6호선","버티고개","2471","2445","20260702",""
"20260629","6호선","약수","4000","3856","20260702",""
"20260629","6호선","청구","4167","4134","20260702",""
"20260629","6호선","신당","9151","9468","20260702",""
"20260629","6호선","동묘앞","11406","12165","20260702",""
"20260629","6호선","창신","4073","3352","20260702",""
"20260629","6호선","보문","8821","8320","20260702",""
"20260629","6호선","안암(고대병원앞)","13460","13593","20260702",""
"20260629","6호선","고려대(종암)","8964","8690","20260702",""
"20260629","6호선","월곡(동덕여대)","12699","12404","20260702",""
"20260629","6호선","상월곡(한국과학기술연구원)","7029","6366","20260702",""
"20260629","6호선","돌곶이","13266","12507","20260702",""
"20260629","6호선","석계","13529","13588","20260702",""
"20260629","6호선","태릉입구","6042","6538","20260702",""
"20260629","6호선","화랑대(서울여대입구)","12275","10113","20260702",""
"20260629","6호선","봉화산(서울의료원)","9332","8796","20260702",""
"20260629","6호선","신내","2","0","20260702",""
"20260629","7호선","장암","3020","1039","20260702",""
"20260629","7호선","도봉산","9280","10924","20260702",""
"20260629","7호선","수락산","13496","13678","20260702",""
"20260629","7호선","마들","14785","14143","20260702",""
"20260629","7호선","노원","22400","23659","20260702",""
"20260629","7호선","중계","15989","15062","20260702",""
"20260629","7호선","하계","19538","18325","20260702",""
"20260629","7호선","공릉(서울과학기술대)","13504","13289","20260702",""
"20260629","7호선","태릉입구","8866","8598","20260702",""
"20260629","7호선","먹골","11073","11296","20260702",""
"20260629","7호선","중화","12262","12301","20260702",""
"20260629","7호선","상봉","19842","19000","20260702",""
"20260629","7호선","면목","15551","15385","20260702",""
"20260629","7호선","사가정","17181","17473","20260702",""
"20260629","7호선","용마산(용마폭포공원)","6224","6121","20260702",""
"20260629","7호선","중곡","12133","11511","20260702",""
"20260629","7호선","군자(능동)","16846","13425","20260702",""
"20260629","7호선","어린이대공원(세종대)","14474","14606","20260702",""
"20260629","7호선","건대입구","14848","15334","20260702",""
"20260629","7호선","자양(뚝섬한강공원)","11294","11115","20260702",""
"20260629","7호선","청담","20839","22437","20260702",""
"20260629","7호선","강남구청","17755","19780","20260702",""
"20260629","7호선","학동","25676","26115","20260702",""
"20260629","7호선","논현","21672","22162","20260702",""
"20260629","7호선","고속터미널","18743","16255","20260702",""
"20260629","7호선","내방","16942","16862","20260702",""
"20260629","7호선","이수","18387","18030","20260702",""
"20260629","7호선","남성","12331","11874","20260702",""
"20260629","7호선","숭실대입구(살피재)","13329","13810","20260702",""
"20260629","7호선","상도","12623","12591","20260702",""
"20260629","7호선","장승배기","10666","10734","20260702",""
"20260629","7호선","신대방삼거리","16311","15805","20260702",""
"20260629","7호선","보라매","7137","7466","20260702",""
"20260629","7호선","신풍","12897","12306","20260702",""
"20260629","7호선","대림(구로구청)","9714","9651","20260702",""
"20260629","7호선","남구로","17469","18292","20260702",""
"20260629","7호선","가산디지털단지","51102","51689","20260702",""
"20260629","7호선","철산","24606","25023","20260702",""
"20260629","7호선","광명사거리","24357","24314","20260702",""
"20260629","7호선","천왕","13543","13302","20260702",""
"20260629","7호선","온수(성공회대입구)","10899","9731","20260702",""
"20260629","8호선","암사역사공원","8134","7188","20260702",""
"20260629","8호선","암사","17515","16361","20260702",""
"20260629","8호선","천호(풍납토성)","19544","22117","20260702",""
"20260629","8호선","강동구청","11814","12240","20260702",""
"20260629","8호선","몽촌토성(평화의문)","9142","9120","20260702",""
"20260629","8호선","잠실(송파구청)","20585","23002","20260702",""
"20260629","8호선","석촌","9951","11027","20260702",""
"20260629","8호선","송파","11290","11066","20260702",""
"20260629","8호선","가락시장","9455","10356","20260702",""
"20260629","8호선","문정","27099","28477","20260702",""
"20260629","8호선","장지","18584","17504","20260702",""
"20260629","8호선","복정","10099","8783","20260702",""
"20260629","8호선","산성","6831","7208","20260702",""
"20260629","8호선","남한산성입구(성남법원.검찰청)","13226","11953","20260702",""
"20260629","8호선","단대오거리","12915","12692","20260702",""
"20260629","8호선","신흥","6222","6343","20260702",""
"20260629","8호선","수진","6108","5766","20260702",""
"20260629","8호선","모란","7002","5416","20260702",""
"20260629","8호선","남위례","9085","9013","20260702",""
"20260629","9호선","개화","2819","1938","20260702",""
"20260629","9호선","김포공항","5934","10949","20260702",""
"20260629","9호선","공항시장","2990","3278","20260702",""
"20260629","9호선","신방화","7780","7557","20260702",""
"20260629","9호선","마곡나루(서울식물원)","17320","16706","20260702",""
"20260629","9호선","양천향교","12602","13151","20260702",""
"20260629","9호선","가양","24205","23689","20260702",""
"20260629","9호선","증미","9206","9155","20260702",""
"20260629","9호선","등촌","14336","14098","20260702",""
"20260629","9호선","염창","19829","19227","20260702",""
"20260629","9호선","신목동","5213","4870","20260702",""
"20260629","9호선","선유도","10510","9837","20260702",""
"20260629","9호선","당산","21396","21174","20260702",""
"20260629","9호선","국회의사당","20121","20395","20260702",""
"20260629","9호선","여의도","35905","35110","20260702",""
"20260629","9호선","샛강","8124","8102","20260702",""
"20260629","9호선","노량진","27077","26764","20260702",""
"20260629","9호선","노들","5447","4546","20260702",""
"20260629","9호선","흑석(중앙대입구)","10148","10316","20260702",""
"20260629","9호선","동작(현충원)","1930","1658","20260702",""
"20260629","9호선","구반포","3217","2867","20260702",""
"20260629","9호선","신반포","5198","4971","20260702",""
"20260629","9호선","고속터미널","15911","20498","20260702",""
"20260629","9호선","사평","4599","4495","20260702",""
"20260629","9호선","신논현","33455","33930","20260702",""
"20260629","9호선2~3단계","언주","13541","14036","20260702",""
"20260629","9호선2~3단계","선정릉","11948","12761","20260702",""
"20260629","9호선2~3단계","삼성중앙","9375","9910","20260702",""
"20260629","9호선2~3단계","봉은사","22931","23947","20260702",""
"20260629","9호선2~3단계","종합운동장","5343","5548","20260702",""
"20260629","9호선2~3단계","삼전","9260","8869","20260702",""
"20260629","9호선2~3단계","석촌고분","8319","8012","20260702",""
"20260629","9호선2~3단계","석촌","10603","9798","20260702",""
"20260629","9호선2~3단계","송파나루","6321","6700","20260702",""
"20260629","9호선2~3단계","한성백제","3721","3394","20260702",""
"20260629","9호선2~3단계","올림픽공원(한국체대)","10162","9968","20260702",""
"20260629","9호선2~3단계","둔촌오륜","5264","5239","20260702",""
"20260629","9호선2~3단계","중앙보훈병원","15360","13263","20260702",""
"20260629","경강선","판교","6587","6589","20260702",""
"20260629","경강선","이매","1125","979","20260702",""
"20260629","경강선","삼동","2558","2438","20260702",""
"20260629","경강선","경기광주","9291","8732","20260702",""
"20260629","경강선","초월","4061","3858","20260702",""
"20260629","경강선","곤지암","2199","2252","20260702",""
"20260629","경강선","신둔도예촌","1541","1488","20260702",""
"20260629","경강선","이천","3159","3297","20260702",""
"20260629","경강선","부발","2517","2515","20260702",""
"20260629","경강선","세종대왕릉","365","334","20260702",""
"20260629","경강선","여주","2980","2867","20260702",""
"20260629","경강선","성남","1607","1318","20260702",""
"20260629","경부선","서울역","10744","3348","20260702",""
"20260629","경부선","남영","10107","10558","20260702",""
"20260629","경부선","용산","44643","45415","20260702",""
"20260629","경부선","노량진","8772","8477","20260702",""
"20260629","경부선","대방","11197","12641","20260702",""
"20260629","경부선","영등포","40949","40837","20260702",""
"20260629","경부선","신도림","4269","4542","20260702",""
"20260629","경부선","신길","9294","8443","20260702",""
"20260629","경부선","구로","18069","17775","20260702",""
"20260629","경부선","가산디지털단지","19713","22657","20260702",""
"20260629","경부선","금천구청","11415","11849","20260702",""
"20260629","경부선","석수","8426","7891","20260702",""
"20260629","경부선","관악","7672","7510","20260702",""
"20260629","경부선","안양","22882","22617","20260702",""
"20260629","경부선","명학","9214","9148","20260702",""
"20260629","경부선","금정","30623","31265","20260702",""
"20260629","경부선","군포","7465","7313","20260702",""
"20260629","경부선","의왕","10338","10441","20260702",""
"20260629","경부선","성균관대","15905","15919","20260702",""
"20260629","경부선","화서","11721","11291","20260702",""
"20260629","경부선","수원","37375","38703","20260702",""
"20260629","경부선","독산","18259","18532","20260702",""
"20260629","경부선","세류","3775","3548","20260702",""
"20260629","경부선","병점","16104","15788","20260702",""
"20260629","경부선","세마","3718","3512","20260702",""
"20260629","경부선","오산대","4037","3803","20260702",""
"20260629","경부선","오산","11051","10959","20260702",""
"20260629","경부선","진위","1932","1845","20260702",""
"20260629","경부선","송탄","4543","4437","20260702",""
"20260629","경부선","서정리","8975","8558","20260702",""
"20260629","경부선","평택지제","5250","4931","20260702",""
"20260629","경부선","평택","12477","12501","20260702",""
"20260629","경부선","성환","4071","4175","20260702",""
"20260629","경부선","직산","1083","1098","20260702",""
"20260629","경부선","두정","7370","7633","20260702",""
"20260629","경부선","천안","6075","6232","20260702",""
"20260629","경부선","당정","6383","6095","20260702",""
"20260629","경부선","서동탄","1659","1287","20260702",""
"20260629","경부선","광명","4128","3503","20260702",""
"20260629","경원선","이촌(국립중앙박물관)","4201","3385","20260702",""
"20260629","경원선","서빙고","2581","2343","20260702",""
"20260629","경원선","한남","3928","3914","20260702",""
"20260629","경원선","옥수","53","31","20260702",""
"20260629","경원선","응봉","1951","1617","20260702",""
"20260629","경원선","왕십리(성동구청)","17224","17478","20260702",""
"20260629","경원선","청량리(서울시립대입구)","17407","17856","20260702",""
"20260629","경원선","외대앞","13149","13068","20260702",""
"20260629","경원선","신이문","9432","8684","20260702",""
"20260629","경원선","석계","7326","8723","20260702",""
"20260629","경원선","광운대","9148","8523","20260702",""
"20260629","경원선","월계","6986","6612","20260702",""
"20260629","경원선","녹천","4940","4208","20260702",""
"20260629","경원선","창동","5","2","20260702",""
"20260629","경원선","방학","10861","10552","20260702",""
"20260629","경원선","도봉","6468","6195","20260702",""
"20260629","경원선","도봉산","7524","4608","20260702",""
"20260629","경원선","망월사","8146","8291","20260702",""
"20260629","경원선","회룡","14313","14090","20260702",""
"20260629","경원선","의정부","19933","19884","20260702",""
"20260629","경원선","가능","6840","6828","20260702",""
"20260629","경원선","녹양","4684","4486","20260702",""
"20260629","경원선","양주","7358","6887","20260702",""
"20260629","경원선","덕계","7370","6903","20260702",""
"20260629","경원선","덕정","6554","6169","20260702",""
"20260629","경원선","지행","6847","6787","20260702",""
"20260629","경원선","동두천중앙","3258","3168","20260702",""
"20260629","경원선","보산","1678","1518","20260702",""
"20260629","경원선","동두천","1933","1860","20260702",""
"20260629","경원선","소요산","1778","1761","20260702",""
"20260629","경원선","청산","168","162","20260702",""
"20260629","경원선","전곡","1383","1247","20260702",""
"20260629","경원선","연천","1255","1126","20260702",""
"20260629","경의선","서울역","3911","4937","20260702",""
"20260629","경의선","신촌","1119","1414","20260702",""
"20260629","경의선","효창공원앞","3510","4000","20260702",""
"20260629","경의선","공덕","4563","3732","20260702",""
"20260629","경의선","서강대","2430","2395","20260702",""
"20260629","경의선","홍대입구","2114","2434","20260702",""
"20260629","경의선","가좌","6421","6115","20260702",""
"20260629","경의선","디지털미디어시티","2672","2601","20260702",""
"20260629","경의선","수색","3655","3668","20260702",""
"20260629","경의선","한국항공대","2259","2190","20260702",""
"20260629","경의선","강매","3460","2945","20260702",""
"20260629","경의선","행신","7925","8083","20260702",""
"20260629","3호선","도곡","7099","7009","20260702",""
"20260629","2호선","이대","17166","18857","20260702",""
"20260629","2호선","아현","11785","11076","20260702",""
"20260629","2호선","충정로(경기대입구)","11537","12390","20260702",""
"20260629","2호선","용답","3211","3162","20260702",""
"20260629","2호선","신답","1989","2194","20260702",""
"20260629","2호선","신설동","4068","3895","20260702",""
"20260629","2호선","도림천","1429","1503","20260702",""
"20260629","2호선","양천구청","7522","7948","20260702",""
"20260629","2호선","신정네거리","10589","10824","20260702",""
"20260629","2호선","용두(동대문구청)","2531","2497","20260702",""
"20260629","3호선","지축","8394","8578","20260702",""
"20260629","3호선","구파발","24377","23376","20260702",""
"20260629","3호선","연신내","39956","37966","20260702",""
"20260629","3호선","불광","17396","18562","20260702",""
"20260629","3호선","녹번","16559","15356","20260702",""
"20260629","3호선","홍제","19471","18452","20260702",""
"20260629","3호선","무악재","4685","4578","20260702",""
"20260629","3호선","독립문","8194","8493","20260702",""
"20260629","3호선","경복궁(정부서울청사)","26738","26859","20260702",""
"20260629","3호선","안국","27649","27874","20260702",""
"20260629","3호선","종로3가","12558","13518","20260702",""
"20260629","3호선","을지로3가","14541","13620","20260702",""
"20260629","3호선","충무로","4","0","20260702",""
"20260629","3호선","동대입구","9753","10407","20260702",""
"20260629","3호선","약수","13714","13545","20260702",""
"20260629","3호선","금호","8748","8091","20260702",""
"20260629","3호선","옥수","10077","10424","20260702",""
"20260629","3호선","압구정","34110","36344","20260702",""
"20260629","3호선","신사","28286","29826","20260702",""
"20260629","3호선","잠원","8077","7862","20260702",""
"20260629","3호선","고속터미널","47746","44627","20260702",""
"20260629","3호선","교대(법원.검찰청)","18106","10648","20260702",""
"20260629","3호선","남부터미널(예술의전당)","33207","33653","20260702",""
"20260629","3호선","양재(서초구청)","41154","43838","20260702",""
"20260629","1호선","서울역","82074","78729","20260702",""
"20260629","1호선","시청","28725","29431","20260702",""
"20260629","1호선","종각","45447","44474","20260702",""
"20260629","1호선","종로3가","25747","23070","20260702",""
"20260629","1호선","종로5가","25742","25425","20260702",""
"20260629","1호선","동대문","14516","14275","20260702",""
"20260629","1호선","신설동","15734","15263","20260702",""
"20260629","1호선","제기동","16475","16743","20260702",""
"20260629","1호선","청량리(서울시립대입구)","24218","24066","20260702",""
"20260629","1호선","동묘앞","9508","10053","20260702",""
"20260629","2호선","시청","30582","28966","20260702",""
"20260629","2호선","을지로입구","57922","59585","20260702",""
"20260629","2호선","을지로3가","28660","29052","20260702",""
"20260629","2호선","을지로4가","16943","16367","20260702",""
"20260629","2호선","동대문역사문화공원(DDP)","15611","17777","20260702",""
"20260629","2호선","신당","15998","16351","20260702",""
"20260629","2호선","상왕십리","15797","15778","20260702",""
"20260629","2호선","왕십리(성동구청)","17371","15539","20260702",""
"20260629","2호선","한양대","11896","12978","20260702",""
"20260629","2호선","뚝섬","27660","29472","20260702",""
"20260629","2호선","성수","59822","61679","20260702",""
"20260629","2호선","건대입구","37679","39244","20260702",""
"20260629","2호선","구의(광진구청)","31995","31454","20260702",""
"20260629","2호선","강변(동서울터미널)","28782","25671","20260702",""
"20260629","2호선","잠실나루","18258","17733","20260702",""
"20260629","2호선","잠실(송파구청)","79550","79182","20260702",""
"20260629","2호선","잠실새내","25499","24176","20260702",""
"20260629","2호선","종합운동장","8476","9214","20260702",""
"20260629","2호선","삼성(무역센터)","57909","55009","20260702",""
"20260629","2호선","선릉","65836","58211","20260702",""
"20260629","2호선","역삼","56935","64995","20260702",""
"20260629","2호선","강남","89909","87730","20260702",""
"20260629","2호선","교대(법원.검찰청)","34487","40403","20260702",""
"20260629","2호선","서초","23997","23510","20260702",""
"20260629","2호선","방배","17499","17990","20260702",""
"20260629","2호선","사당","42851","46400","20260702",""
"20260629","2호선","낙성대(강감찬)","30242","29824","20260702",""
"20260629","2호선","서울대입구(관악구청)","50508","48964","20260702",""
"20260629","2호선","봉천","26440","25273","20260702",""
"20260629","2호선","신림","58521","57519","20260702",""
"20260629","2호선","신대방","26492","25564","20260702",""
"20260629","2호선","구로디지털단지","63576","62935","20260702",""
"20260629","2호선","대림(구로구청)","26453","27148","20260702",""
"20260629","2호선","신도림","51140","48209","20260702",""
"20260629","2호선","문래","25832","26406","20260702",""
"20260629","2호선","영등포구청","26045","26745","20260702",""
"20260629","2호선","당산","20390","23338","20260702",""
"20260629","2호선","합정","31704","33146","20260702",""
"20260629","2호선","홍대입구","70054","73943","20260702",""
"20260629","2호선","신촌","40995","40901","20260702",""
"20260630","7호선","철산","24874","25504","20260703",""
"20260630","7호선","대림(구로구청)","9573","9655","20260703",""
"20260630","중앙선","망우","8259","7979","20260703",""
"20260630","중앙선","양원","3725","3607","20260703",""
"20260630","중앙선","구리","7894","8273","20260703",""
"20260630","중앙선","도농","10549","9759","20260703",""
"20260630","중앙선","양정","571","456","20260703",""
"20260630","중앙선","덕소","5799","5744","20260703",""
"20260630","중앙선","도심","3278","2673","20260703",""
"20260630","중앙선","팔당","844","831","20260703",""
"20260630","중앙선","운길산","684","658","20260703",""
"20260630","중앙선","양수","2069","2079","20260703",""
"20260630","중앙선","신원","154","161","20260703",""
"20260630","중앙선","국수","818","774","20260703",""
"20260630","중앙선","아신","500","569","20260703",""
"20260630","중앙선","오빈","360","365","20260703",""
"20260630","중앙선","양평","3253","3341","20260703",""
"20260630","중앙선","원덕","338","345","20260703",""
"20260630","중앙선","용문","3497","3424","20260703",""
"20260630","중앙선","지평","51","64","20260703",""
"20260630","분당선","영통","9577","9792","20260703",""
"20260630","분당선","망포","17064","16480","20260703",""
"20260630","분당선","매탄권선","6364","6068","20260703",""
"20260630","분당선","수원시청","15273","16232","20260703",""
"20260630","분당선","매교","5975","5992","20260703",""
"20260630","서해선","김포공항","2930","4600","20260703",""
"20260630","서해선","원종","5688","5631","20260703",""
"20260630","서해선","부천종합운동장","3494","3041","20260703",""
"20260630","수인선","고색","6709","6310","20260703",""
"20260630","수인선","오목천","4289","3932","20260703",""
"20260630","수인선","어천","1713","1709","20260703",""
"20260630","수인선","야목","842","838","20260703",""
"20260630","수인선","사리","5646","4940","20260703",""
"20260630","수인선","달월","108","73","20260703",""
"20260630","수인선","월곶","3083","2815","20260703",""
"20260630","수인선","소래포구","5454","5102","20260703",""
"20260630","수인선","인천논현","5867","6196","20260703",""
"20260630","수인선","호구포","4603","4808","20260703",""
"20260630","수인선","남동인더스파크","2769","3125","20260703",""
"20260630","수인선","원인재","4652","4805","20260703",""
"20260630","수인선","연수","4876","4829","20260703",""
"20260630","수인선","송도","2844","2541","20260703",""
"20260630","수인선","인하대","7192","6902","20260703",""
"20260630","수인선","숭의","5085","4667","20260703",""
"20260630","중앙선","상봉","6351","6409","20260703",""
"20260630","수인선","신포","1956","2026","20260703",""
"20260630","수인선","인천","1142","1702","20260703",""
"20260630","신림선","샛강","3684","4243","20260703",""
"20260630","신림선","대방","3682","2823","20260703",""
"20260630","신림선","서울지방병무청","3610","3958","20260703",""
"20260630","신림선","보라매","5530","4918","20260703",""
"20260630","신림선","보라매공원","2873","3195","20260703",""
"20260630","신림선","보라매병원","10170","10651","20260703",""
"20260630","신림선","당곡","5454","5303","20260703",""
"20260630","신림선","신림","2527","3097","20260703",""
"20260630","신림선","서원","3990","3524","20260703",""
"20260630","신림선","서울대벤처타운","10827","10047","20260703",""
"20260630","신림선","관악산(서울대)","3412","3241","20260703",""
"20260630","안산선","산본","17958","19023","20260703",""
"20260630","안산선","대야미","5797","5221","20260703",""
"20260630","안산선","반월","4948","4795","20260703",""
"20260630","안산선","상록수","15659","15854","20260703",""
"20260630","안산선","한대앞","9956","9914","20260703",""
"20260630","안산선","중앙","19198","19821","20260703",""
"20260630","안산선","고잔","9694","9263","20260703",""
"20260630","안산선","초지","5243","5084","20260703",""
"20260630","안산선","안산","12279","11331","20260703",""
"20260630","안산선","신길온천","2281","2074","20260703",""
"20260630","안산선","정왕","9677","9733","20260703",""
"20260630","안산선","오이도","8419","8077","20260703",""
"20260630","안산선","수리산","4612","3904","20260703",""
"20260630","우이신설선","북한산우이","3086","2819","20260703",""
"20260630","우이신설선","솔밭공원","2911","2840","20260703",""
"20260630","우이신설선","4.19민주묘지","3451","3314","20260703",""
"20260630","우이신설선","가오리","4739","4879","20260703",""
"20260630","우이신설선","화계","4050","3815","20260703",""
"20260630","우이신설선","삼양","2711","2906","20260703",""
"20260630","우이신설선","삼양사거리","3151","3033","20260703",""
"20260630","우이신설선","솔샘","6631","6383","20260703",""
"20260630","우이신설선","북한산보국문","6483","6214","20260703",""
"20260630","우이신설선","정릉","5188","4779","20260703",""
"20260630","우이신설선","성신여대입구(돈암)","3880","4164","20260703",""
"20260630","우이신설선","보문","1974","1925","20260703",""
"20260630","우이신설선","신설동","2871","2653","20260703",""
"20260630","일산선","원흥","12303","11817","20260703",""
"20260630","일산선","삼송","21239","20894","20260703",""
"20260630","일산선","원당","12583","12241","20260703",""
"20260630","일산선","화정","18934","19332","20260703",""
"20260630","일산선","대곡","12727","11240","20260703",""
"20260630","일산선","백석","10955","11197","20260703",""
"20260630","일산선","마두","8910","9051","20260703",""
"20260630","일산선","정발산","7769","7699","20260703",""
"20260630","일산선","주엽","10025","9777","20260703",""
"20260630","일산선","대화","11413","9302","20260703",""
"20260630","장항선","봉명","1516","1495","20260703",""
"20260630","장항선","쌍용(나사렛대)","2640","2511","20260703",""
"20260630","장항선","아산","3709","3360","20260703",""
"20260630","장항선","탕정","2215","2024","20260703",""
"20260630","장항선","배방","1240","1288","20260703",""
"20260630","장항선","온양온천","4421","4438","20260703",""
"20260630","장항선","신창(순천향대)","1406","1405","20260703",""
"20260630","중앙선","회기","27759","26570","20260703",""
"20260630","중앙선","중랑","5993","5694","20260703",""
"20260630","분당선","신갈","5578","5484","20260703",""
"20260630","분당선","기흥","11428","10670","20260703",""
"20260630","분당선","상갈","5848","5510","20260703",""
"20260630","분당선","청명","5329","5030","20260703",""
"20260630","2호선","잠실나루","18683","18033","20260703",""
"20260630","2호선","잠실(송파구청)","81964","80840","20260703",""
"20260630","2호선","잠실새내","27007","26323","20260703",""
"20260630","2호선","종합운동장","21599","23993","20260703",""
"20260630","2호선","삼성(무역센터)","59342","55254","20260703",""
"20260630","2호선","선릉","67931","60025","20260703",""
"20260630","2호선","역삼","59539","67776","20260703",""
"20260630","2호선","강남","92064","89809","20260703",""
"20260630","2호선","교대(법원.검찰청)","34762","40987","20260703",""
"20260630","2호선","서초","25155","24859","20260703",""
"20260630","2호선","방배","17847","18400","20260703",""
"20260630","2호선","사당","44113","48184","20260703",""
"20260630","2호선","낙성대(강감찬)","31046","30312","20260703",""
"20260630","2호선","서울대입구(관악구청)","50942","49764","20260703",""
"20260630","2호선","봉천","26856","25423","20260703",""
"20260630","2호선","신림","59442","58740","20260703",""
"20260630","2호선","신대방","26931","25909","20260703",""
"20260630","2호선","구로디지털단지","64484","63927","20260703",""
"20260630","2호선","대림(구로구청)","26343","26979","20260703",""
"20260630","2호선","신도림","52517","49784","20260703",""
"20260630","2호선","문래","26041","26347","20260703",""
"20260630","2호선","영등포구청","26252","27027","20260703",""
"20260630","2호선","당산","20868","23883","20260703",""
"20260630","2호선","합정","32579","34842","20260703",""
"20260630","2호선","홍대입구","69862","73491","20260703",""
"20260630","2호선","신촌","40943","40676","20260703",""
"20260630","2호선","이대","17409","18840","20260703",""
"20260630","2호선","아현","12256","11642","20260703",""
"20260630","2호선","충정로(경기대입구)","11724","12727","20260703",""
"20260630","2호선","용답","3276","3305","20260703",""
"20260630","2호선","신답","1912","2221","20260703",""
"20260630","2호선","신설동","3817","3615","20260703",""
"20260630","2호선","도림천","1452","1563","20260703",""
"20260630","2호선","양천구청","7665","8149","20260703",""
"20260630","2호선","신정네거리","10832","11348","20260703",""
"20260630","2호선","용두(동대문구청)","2645","2573","20260703",""
"20260630","3호선","지축","8475","8802","20260703",""
"20260630","3호선","구파발","24652","23829","20260703",""
"20260630","3호선","연신내","40445","38450","20260703",""
"20260630","3호선","불광","17885","19144","20260703",""
"20260630","3호선","녹번","16779","15734","20260703",""
"20260630","3호선","홍제","20016","18813","20260703",""
"20260630","3호선","무악재","4872","4690","20260703",""
"20260630","3호선","독립문","8825","9111","20260703",""
"20260630","3호선","경복궁(정부서울청사)","26442","25911","20260703",""
"20260630","3호선","안국","27781","28570","20260703",""
"20260630","3호선","종로3가","12660","13731","20260703",""
"20260630","3호선","을지로3가","14785","14266","20260703",""
"20260630","3호선","충무로","6","0","20260703",""
"20260630","3호선","동대입구","11876","12462","20260703",""
"20260630","3호선","약수","13787","13536","20260703",""
"20260630","3호선","금호","8840","8349","20260703",""
"20260630","3호선","옥수","10184","10571","20260703",""
"20260630","3호선","압구정","34947","37235","20260703",""
"20260630","3호선","신사","29041","30578","20260703",""
"20260630","3호선","잠원","8026","7824","20260703",""
"20260630","3호선","고속터미널","47754","44352","20260703",""
"20260630","3호선","교대(법원.검찰청)","18544","10745","20260703",""
"20260630","3호선","남부터미널(예술의전당)","34681","35261","20260703",""
"20260630","3호선","양재(서초구청)","43029","44983","20260703",""
"20260630","3호선","매봉","15067","14485","20260703",""
"20260630","3호선","도곡","7116","7140","20260703",""
"20260630","3호선","대치","13592","13547","20260703",""
"20260630","3호선","학여울","2194","2142","20260703",""
"20260630","3호선","대청","12425","11453","20260703",""
"20260630","3호선","일원","13543","13272","20260703",""
"20260630","3호선","수서","19932","19770","20260703",""
"20260630","3호선","가락시장","10390","9959","20260703",""
"20260630","3호선","경찰병원","8790","8631","20260703",""
"20260630","3호선","오금","7506","6654","20260703",""
"20260630","4호선","불암산","10652","9280","20260703",""
"20260630","4호선","상계","21625","20461","20260703",""
"20260630","4호선","노원","22626","25111","20260703",""
"20260630","4호선","창동","30710","32097","20260703",""
"20260630","4호선","쌍문","32144","29876","20260703",""
"20260630","4호선","수유(강북구청)","36548","37332","20260703",""
"20260630","4호선","미아(서울사이버대학)","17394","16828","20260703",""
"20260630","4호선","미아사거리","28515","28387","20260703",""
"20260630","4호선","길음","23449","23136","20260703",""
"20260630","4호선","성신여대입구(돈암)","23595","23037","20260703",""
"20260630","4호선","한성대입구(삼선교)","15177","14628","20260703",""
"20260630","4호선","혜화","39141","39377","20260703",""
"20260630","4호선","동대문","22805","23036","20260703",""
"20260630","4호선","동대문역사문화공원(DDP)","21329","19022","20260703",""
"20260630","4호선","충무로","35018","35939","20260703",""
"20260630","4호선","명동","37472","38675","20260703",""
"20260630","4호선","회현(남대문시장)","31885","33774","20260703",""
"20260630","4호선","서울역","15355","22940","20260703",""
"20260630","4호선","숙대입구(갈월)","16460","16207","20260703",""
"20260630","4호선","삼각지(전쟁기념관)","6847","7852","20260703",""
"20260630","4호선","신용산","23688","25585","20260703",""
"20260630","4호선","이촌(국립중앙박물관)","12020","12884","20260703",""
"20260630","4호선","동작(현충원)","2104","2234","20260703",""
"20260630","4호선","총신대입구(이수)","21306","23052","20260703",""
"20260630","4호선","사당","27078","22974","20260703",""
"20260630","4호선","남태령","1588","1469","20260703",""
"20260630","5호선","방화","8073","7935","20260703",""
"20260630","5호선","개화산","6800","6671","20260703",""
"20260630","5호선","김포공항","14725","8735","20260703",""
"20260630","5호선","송정","6778","6478","20260703",""
"20260630","5호선","마곡","18947","18906","20260703",""
"20260630","5호선","발산","27076","27771","20260703",""
"20260630","5호선","우장산","17139","17005","20260703",""
"20260630","5호선","화곡","31708","29589","20260703",""
"20260630","5호선","까치산","30600","29396","20260703",""
"20260630","5호선","신정(은행정)","15272","12733","20260703",""
"20260630","5호선","목동","18410","20088","20260703",""
"20260630","5호선","오목교(목동운동장앞)","23729","25313","20260703",""
"20260630","5호선","양평","9821","9787","20260703",""
"20260630","5호선","영등포구청","6017","6083","20260703",""
"20260630","5호선","영등포시장","12739","12158","20260703",""
"20260630","5호선","신길","5686","5767","20260703",""
"20260630","5호선","여의도","34048","36716","20260703",""
"20260630","5호선","여의나루","14867","16427","20260703",""
"20260630","5호선","마포","17163","17434","20260703",""
"20260630","5호선","공덕","16919","17295","20260703",""
"20260630","5호선","애오개","7843","7636","20260703",""
"20260630","5호선","충정로(경기대입구)","5812","6047","20260703",""
"20260630","5호선","서대문","22125","22516","20260703",""
"20260630","5호선","광화문(세종문화회관)","38486","40089","20260703",""
"20260630","5호선","종로3가","15216","15673","20260703",""
"20260630","5호선","을지로4가","7887","7812","20260703",""
"20260630","5호선","동대문역사문화공원(DDP)","3694","4198","20260703",""
"20260630","5호선","청구","3962","3507","20260703",""
"20260630","5호선","신금호","7147","7688","20260703",""
"20260630","5호선","행당","8864","7925","20260703",""
"20260630","5호선","왕십리(성동구청)","5253","5802","20260703",""
"20260630","5호선","마장","6525","6073","20260703",""
"20260630","5호선","답십리","18248","16422","20260703",""
"20260630","5호선","장한평","22071","21888","20260703",""
"20260630","5호선","군자(능동)","13173","14354","20260703",""
"20260630","5호선","아차산(어린이대공원후문)","15845","15627","20260703",""
"20260630","5호선","광나루(장신대)","12043","11424","20260703",""
"20260630","5호선","천호(풍납토성)","22758","22039","20260703",""
"20260630","5호선","강동","20701","20142","20260703",""
"20260630","5호선","길동","9898","10137","20260703",""
"20260630","5호선","굽은다리(강동구민회관앞)","10398","9778","20260703",""
"20260630","5호선","명일","8939","9046","20260703",""
"20260630","5호선","고덕","11788","11653","20260703",""
"20260630","5호선","상일동","16234","15482","20260703",""
"20260630","5호선","둔촌동","14882","14804","20260703",""
"20260630","5호선","올림픽공원(한국체대)","5802","5041","20260703",""
"20260630","5호선","방이","8617","8945","20260703",""
"20260630","5호선","오금","4438","4404","20260703",""
"20260630","5호선","개롱","7334","7486","20260703",""
"20260630","5호선","거여","11329","11531","20260703",""
"20260630","5호선","마천","8210","7167","20260703",""
"20260630","5호선","강일","6750","6441","20260703",""
"20260630","5호선","미사","19877","20270","20260703",""
"20260630","5호선","하남풍산","5220","5201","20260703",""
"20260630","5호선","하남시청(덕풍·신장)","9775","9245","20260703",""
"20260630","5호선","하남검단산","7262","6701","20260703",""
"20260630","6호선","응암","19531","19729","20260703",""
"20260630","6호선","역촌","4492","5111","20260703",""
"20260630","6호선","불광","5288","4906","20260703",""
"20260630","6호선","독바위","2861","2988","20260703",""
"20260630","6호선","구산","9098","7108","20260703",""
"20260630","6호선","새절(신사)","14282","13104","20260703",""
"20260630","6호선","증산(명지대앞)","10078","10002","20260703",""
"20260630","6호선","디지털미디어시티","16646","17939","20260703",""
"20260630","6호선","월드컵경기장(성산)","4185","4385","20260703",""
"20260630","6호선","마포구청","16546","15198","20260703",""
"20260630","6호선","망원","16741","18130","20260703",""
"20260630","6호선","합정","13854","14005","20260703",""
"20260630","6호선","상수","10205","11101","20260703",""
"20260630","6호선","광흥창(서강)","11118","10502","20260703",""
"20260630","과천선","평촌","20362","19896","20260703",""
"20260630","6호선","대흥(서강대앞)","10810","11306","20260703",""
"20260630","6호선","공덕","21887","21329","20260703",""
"20260630","6호선","효창공원앞","8359","7652","20260703",""
"20260630","6호선","삼각지(전쟁기념관)","8248","7273","20260703",""
"20260630","6호선","녹사평(용산구청)","5761","5719","20260703",""
"20260630","6호선","이태원","11283","12012","20260703",""
"20260630","6호선","한강진","10179","12264","20260703",""
"20260630","6호선","버티고개","2544","2458","20260703",""
"20260630","6호선","약수","3997","3915","20260703",""
"20260630","6호선","청구","4235","4218","20260703",""
"20260630","6호선","신당","9619","10091","20260703",""
"20260630","6호선","동묘앞","11021","11721","20260703",""
"20260630","6호선","창신","4005","3338","20260703",""
"20260630","6호선","보문","9206","8760","20260703",""
"20260630","6호선","안암(고대병원앞)","13251","13488","20260703",""
"20260630","6호선","고려대(종암)","9212","8692","20260703",""
"20260630","6호선","월곡(동덕여대)","12790","12599","20260703",""
"20260630","6호선","상월곡(한국과학기술연구원)","7117","6436","20260703",""
"20260630","6호선","돌곶이","13294","12560","20260703",""
"20260630","6호선","석계","13369","13565","20260703",""
"20260630","6호선","태릉입구","6145","6527","20260703",""
"20260630","6호선","화랑대(서울여대입구)","12082","10049","20260703",""
"20260630","6호선","봉화산(서울의료원)","9498","8817","20260703",""
"20260630","6호선","신내","2","0","20260703",""
"20260630","7호선","장암","3158","1175","20260703",""
"20260630","7호선","도봉산","9554","11104","20260703",""
"20260630","7호선","수락산","13763","14085","20260703",""
"20260630","7호선","마들","14789","14023","20260703",""
"20260630","7호선","노원","22470","23750","20260703",""
"20260630","7호선","중계","16353","15237","20260703",""
"20260630","7호선","하계","19219","18086","20260703",""
"20260630","7호선","공릉(서울과학기술대)","13393","13171","20260703",""
"20260630","7호선","태릉입구","9002","8400","20260703",""
"20260630","7호선","먹골","11076","11231","20260703",""
"20260630","7호선","중화","12361","12398","20260703",""
"20260630","7호선","상봉","19914","19079","20260703",""
"20260630","7호선","면목","15654","15482","20260703",""
"20260630","7호선","사가정","17450","17676","20260703",""
"20260630","7호선","용마산(용마폭포공원)","6210","6075","20260703",""
"20260630","7호선","중곡","12264","11661","20260703",""
"20260630","7호선","군자(능동)","17280","13739","20260703",""
"20260630","7호선","어린이대공원(세종대)","14717","14700","20260703",""
"20260630","7호선","건대입구","15997","15669","20260703",""
"20260630","7호선","자양(뚝섬한강공원)","11150","10989","20260703",""
"20260630","7호선","청담","21205","23143","20260703",""
"20260630","7호선","강남구청","18772","21293","20260703",""
"20260630","7호선","학동","26486","27342","20260703",""
"20260630","7호선","논현","22066","22896","20260703",""
"20260630","7호선","반포","7559","7265","20260703",""
"20260630","7호선","고속터미널","17849","15818","20260703",""
"20260630","7호선","내방","17187","17306","20260703",""
"20260630","7호선","이수","19236","18601","20260703",""
"20260630","7호선","남성","12350","11853","20260703",""
"20260630","7호선","숭실대입구(살피재)","13674","13983","20260703",""
"20260630","7호선","상도","12915","12828","20260703",""
"20260630","7호선","장승배기","11221","11002","20260703",""
"20260630","7호선","신대방삼거리","16792","16117","20260703",""
"20260630","7호선","보라매","7247","7713","20260703",""
"20260630","7호선","신풍","13471","12776","20260703",""
"20260630","7호선","남구로","17393","18477","20260703",""
"20260630","7호선","가산디지털단지","51735","52658","20260703",""
"20260630","7호선","광명사거리","24982","24714","20260703",""
"20260630","7호선","천왕","13580","13368","20260703",""
"20260630","7호선","온수(성공회대입구)","11043","9788","20260703",""
"20260630","8호선","암사역사공원","8150","7148","20260703",""
"20260630","8호선","암사","17902","16520","20260703",""
"20260630","8호선","천호(풍납토성)","20098","22556","20260703",""
"20260630","8호선","강동구청","12148","12588","20260703",""
"20260630","8호선","몽촌토성(평화의문)","9485","9607","20260703",""
"20260630","8호선","잠실(송파구청)","20429","23542","20260703",""
"20260630","8호선","석촌","9922","11188","20260703",""
"20260630","8호선","송파","11336","11010","20260703",""
"20260630","8호선","가락시장","9592","10449","20260703",""
"20260630","8호선","문정","27458","29045","20260703",""
"20260630","8호선","장지","19031","17617","20260703",""
"20260630","8호선","복정","10757","9236","20260703",""
"20260630","8호선","산성","7069","7336","20260703",""
"20260630","8호선","남한산성입구(성남법원.검찰청)","13370","12034","20260703",""
"20260630","8호선","단대오거리","13069","13057","20260703",""
"20260630","8호선","신흥","6043","6039","20260703",""
"20260630","8호선","수진","6072","5681","20260703",""
"20260630","8호선","모란","5232","3998","20260703",""
"20260630","8호선","남위례","9399","9351","20260703",""
"20260630","9호선","개화","2789","1891","20260703",""
"20260630","9호선","김포공항","5822","10079","20260703",""
"20260630","9호선","공항시장","3091","3291","20260703",""
"20260630","9호선","신방화","7950","7855","20260703",""
"20260630","9호선","마곡나루(서울식물원)","18036","17231","20260703",""
"20260630","9호선","양천향교","12597","13054","20260703",""
"20260630","9호선","가양","24579","24026","20260703",""
"20260630","9호선","증미","9495","9369","20260703",""
"20260630","9호선","등촌","14624","14142","20260703",""
"20260630","9호선","염창","20162","19438","20260703",""
"20260630","9호선","신목동","5503","4821","20260703",""
"20260630","9호선","선유도","10626","9897","20260703",""
"20260630","9호선","당산","21758","21326","20260703",""
"20260630","9호선","국회의사당","20566","21191","20260703",""
"20260630","9호선","여의도","36464","35395","20260703",""
"20260630","9호선","샛강","7999","8132","20260703",""
"20260630","9호선","노량진","27628","27694","20260703",""
"20260630","9호선","노들","5633","4749","20260703",""
"20260630","9호선","흑석(중앙대입구)","10338","10469","20260703",""
"20260630","9호선","동작(현충원)","2078","1753","20260703",""
"20260630","9호선","구반포","3279","2954","20260703",""
"20260630","9호선","신반포","5161","5222","20260703",""
"20260630","9호선","고속터미널","15939","20531","20260703",""
"20260630","9호선","사평","4884","4657","20260703",""
"20260630","9호선","신논현","34193","34932","20260703",""
"20260630","9호선2~3단계","언주","13682","14022","20260703",""
"20260630","9호선2~3단계","선정릉","12497","13420","20260703",""
"20260630","9호선2~3단계","삼성중앙","9678","10093","20260703",""
"20260630","9호선2~3단계","봉은사","23078","24233","20260703",""
"20260630","9호선2~3단계","종합운동장","5703","6027","20260703",""
"20260630","9호선2~3단계","삼전","9387","9041","20260703",""
"20260630","9호선2~3단계","석촌고분","8213","8039","20260703",""
"20260630","9호선2~3단계","석촌","10782","10064","20260703",""
"20260630","9호선2~3단계","송파나루","6521","6867","20260703",""
"20260630","9호선2~3단계","한성백제","3835","3493","20260703",""
"20260630","9호선2~3단계","올림픽공원(한국체대)","10196","10221","20260703",""
"20260630","9호선2~3단계","둔촌오륜","5224","5250","20260703",""
"20260630","9호선2~3단계","중앙보훈병원","15506","13463","20260703",""
"20260630","경강선","판교","6638","6717","20260703",""
"20260630","경강선","이매","1197","1056","20260703",""
"20260630","경강선","삼동","2632","2500","20260703",""
"20260630","경강선","경기광주","9532","8999","20260703",""
"20260630","경강선","초월","4138","3921","20260703",""
"20260630","경강선","곤지암","2203","2228","20260703",""
"20260630","경강선","신둔도예촌","1550","1447","20260703",""
"20260630","경강선","이천","3028","3197","20260703",""
"20260630","경강선","부발","2475","2471","20260703",""
"20260630","경강선","세종대왕릉","382","393","20260703",""
"20260630","경강선","여주","2881","2825","20260703",""
"20260630","경강선","성남","1568","1355","20260703",""
"20260630","경부선","서울역","9589","3161","20260703",""
"20260630","경부선","남영","10260","10692","20260703",""
"20260630","경부선","용산","44269","44388","20260703",""
"20260630","경부선","노량진","9226","8834","20260703",""
"20260630","경부선","대방","11499","12680","20260703",""
"20260630","경부선","영등포","42380","42362","20260703",""
"20260630","경부선","신도림","4284","4684","20260703",""
"20260630","경부선","신길","9584","8540","20260703",""
"20260630","경부선","구로","18414","18667","20260703",""
"20260630","경부선","가산디지털단지","19725","22903","20260703",""
"20260630","경부선","금천구청","11628","12033","20260703",""
"20260630","경부선","석수","8739","8064","20260703",""
"20260630","경부선","관악","7665","7536","20260703",""
"20260630","경부선","안양","23297","23083","20260703",""
"20260630","경부선","명학","9373","9252","20260703",""
"20260630","경부선","금정","30984","31737","20260703",""
"20260630","경부선","군포","7516","7390","20260703",""
"20260630","경부선","의왕","10494","10461","20260703",""
"20260630","경부선","성균관대","16193","15935","20260703",""
"20260630","경부선","화서","11737","11393","20260703",""
"20260630","경부선","수원","37277","38547","20260703",""
"20260630","경부선","독산","18440","18781","20260703",""
"20260630","경부선","세류","3840","3533","20260703",""
"20260630","경부선","병점","16063","16067","20260703",""
"20260630","경부선","세마","3765","3680","20260703",""
"20260630","경부선","오산대","4246","3985","20260703",""
"20260630","경부선","오산","10692","10778","20260703",""
"20260630","경부선","진위","1918","1840","20260703",""
"20260630","경부선","송탄","4391","4456","20260703",""
"20260630","경부선","서정리","9011","8432","20260703",""
"20260630","경부선","평택지제","5158","4772","20260703",""
"20260630","경부선","평택","12387","12257","20260703",""
"20260630","경부선","성환","4126","4102","20260703",""
"20260630","경부선","직산","1096","1089","20260703",""
"20260630","경부선","두정","7222","7226","20260703",""
"20260630","경부선","천안","5879","5914","20260703",""
"20260630","경부선","당정","6487","6124","20260703",""
"20260630","경부선","서동탄","1609","1341","20260703",""
"20260630","경부선","광명","4054","3344","20260703",""
"20260630","경원선","이촌(국립중앙박물관)","4310","3565","20260703",""
"20260630","경원선","서빙고","2356","2127","20260703",""
"20260630","경원선","한남","3916","3909","20260703",""
"20260630","경원선","옥수","54","32","20260703",""
"20260630","경원선","응봉","1959","1578","20260703",""
"20260630","경원선","왕십리(성동구청)","17182","17768","20260703",""
"20260630","과천선","범계","30701","30992","20260703",""
"20260630","경원선","청량리(서울시립대입구)","17362","17840","20260703",""
"20260630","경원선","외대앞","13133","12984","20260703",""
"20260630","경원선","신이문","9506","8778","20260703",""
"20260630","경원선","석계","7771","8721","20260703",""
"20260630","경원선","광운대","9041","8449","20260703",""
"20260630","경원선","월계","7142","6772","20260703",""
"20260630","경원선","녹천","5070","4469","20260703",""
"20260630","경원선","창동","5","1","20260703",""
"20260630","경원선","방학","10821","10817","20260703",""
"20260630","경원선","도봉","6533","6293","20260703",""
"20260630","경원선","도봉산","7630","4741","20260703",""
"20260630","경원선","망월사","8191","8322","20260703",""
"20260630","경원선","회룡","14785","14553","20260703",""
"20260630","경원선","의정부","19949","20157","20260703",""
"20260630","경원선","가능","6913","6799","20260703",""
"20260630","경원선","녹양","4880","4627","20260703",""
"20260630","경원선","양주","7187","7011","20260703",""
"20260630","경원선","덕계","7436","6853","20260703",""
"20260630","경원선","덕정","6419","6133","20260703",""
"20260630","경원선","지행","6704","6887","20260703",""
"20260630","경원선","동두천중앙","3464","3300","20260703",""
"20260630","경원선","보산","1554","1474","20260703",""
"20260630","경원선","동두천","1875","1767","20260703",""
"20260630","경원선","소요산","1749","1777","20260703",""
"20260630","경원선","청산","158","148","20260703",""
"20260630","경원선","전곡","1302","1162","20260703",""
"20260630","경원선","연천","1180","1143","20260703",""
"20260630","경의선","서울역","3778","4846","20260703",""
"20260630","경의선","신촌","1129","1401","20260703",""
"20260630","경의선","효창공원앞","3552","3954","20260703",""
"20260630","경의선","공덕","4694","3867","20260703",""
"20260630","경의선","서강대","2299","2306","20260703",""
"20260630","경의선","홍대입구","2187","2417","20260703",""
"20260630","경의선","가좌","6448","6034","20260703",""
"20260630","경의선","디지털미디어시티","2786","2578","20260703",""
"20260630","경의선","수색","3502","3674","20260703",""
"20260630","경의선","한국항공대","2279","2191","20260703",""
"20260630","경의선","강매","3590","3043","20260703",""
"20260630","경의선","행신","8120","8068","20260703",""
"20260630","경의선","능곡","4861","4521","20260703",""
"20260630","경의선","곡산","662","694","20260703",""
"20260630","경의선","백마","8196","8095","20260703",""
"20260630","경의선","풍산","7073","6546","20260703",""
"20260630","경의선","일산","11484","11268","20260703",""
"20260630","경의선","탄현","8273","7981","20260703",""
"20260630","경의선","야당","7795","7859","20260703",""
"20260630","경의선","운정","8570","8336","20260703",""
"20260630","경의선","금릉","5368","5210","20260703",""
"20260630","경의선","금촌","6931","6637","20260703",""
"20260630","경의선","월롱","2107","1875","20260703",""
"20260630","경의선","파주","1310","1008","20260703",""
"20260630","경의선","문산","5813","5678","20260703",""
"20260630","경의선","임진강","15","10","20260703",""
"20260630","경의선","운천","6","3","20260703",""
"20260630","경인선","개봉","25004","24614","20260703",""
"20260630","경인선","오류동","12329","11446","20260703",""
"20260630","경인선","역곡","27113","27031","20260703",""
"20260630","경인선","부천","33031","32968","20260703",""
"20260630","경인선","송내","28320","28074","20260703",""
"20260630","경인선","부평","30560","31525","20260703",""
"20260630","경인선","백운","7630","7482","20260703",""
"20260630","경인선","동암","16019","16413","20260703",""
"20260630","경인선","주안","18537","16951","20260703",""
"20260630","경인선","제물포","11620","11233","20260703",""
"20260630","경인선","동인천","14342","13242","20260703",""
"20260630","경인선","인천","4092","3323","20260703",""
"20260630","경인선","구일","11515","11931","20260703",""
"20260630","경인선","소사","8523","8291","20260703",""
"20260630","경인선","부개","9371","8742","20260703",""
"20260630","경인선","간석","6336","5897","20260703",""
"20260630","경인선","도원","3589","3688","20260703",""
"20260630","경인선","온수(성공회대입구)","6744","6259","20260703",""
"20260630","경인선","중동","10277","9621","20260703",""
"20260630","경인선","도화","4271","3977","20260703",""
"20260630","경춘선","신내","3524","3331","20260703",""
"20260630","경춘선","갈매","3006","2662","20260703",""
"20260630","경춘선","별내","2763","2545","20260703",""
"20260630","경춘선","퇴계원","3645","3335","20260703",""
"20260630","경춘선","사릉","2220","2172","20260703",""
"20260630","경춘선","금곡","1848","1854","20260703",""
"20260630","경춘선","평내호평","6896","6704","20260703",""
"20260630","경춘선","천마산","1692","1576","20260703",""
"20260630","경춘선","마석","4396","4200","20260703",""
"20260630","경춘선","대성리","1233","769","20260703",""
"20260630","경춘선","청평","2038","1837","20260703",""
"20260630","경춘선","가평","2436","2205","20260703",""
"20260630","경춘선","상천","334","288","20260703",""
"20260630","경춘선","굴봉산","183","119","20260703",""
"20260630","경춘선","백양리","109","106","20260703",""
"20260630","경춘선","강촌","428","396","20260703",""
"20260630","경춘선","김유정","466","460","20260703",""
"20260630","경춘선","남춘천","2604","2804","20260703",""
"20260630","경춘선","춘천","1386","1205","20260703",""
"20260630","공항철도 1호선","서울역","12755","11080","20260703",""
"20260630","공항철도 1호선","공덕","3655","4545","20260703",""
"20260630","공항철도 1호선","홍대입구","15467","14539","20260703",""
"20260630","공항철도 1호선","디지털미디어시티","16171","15524","20260703",""
"20260630","분당선","구성","8498","8452","20260703",""
"20260630","분당선","죽전","14044","15467","20260703",""
"20260630","분당선","보정","2755","2429","20260703",""
"20260630","분당선","이매","6122","5712","20260703",""
"20260630","분당선","오리","12322","10766","20260703",""
"20260630","분당선","미금","17082","17716","20260703",""
"20260630","분당선","정자","22051","23392","20260703",""
"20260630","분당선","수내","14618","14410","20260703",""
"20260630","분당선","서현","25934","26651","20260703",""
"20260630","분당선","야탑","28033","29573","20260703",""
"20260630","분당선","모란","20563","20894","20260703",""
"20260630","분당선","태평","13985","13694","20260703",""
"20260630","분당선","가천대","9059","9326","20260703",""
"20260630","분당선","선정릉","8387","8579","20260703",""
"20260630","분당선","강남구청","10918","12539","20260703",""
"20260630","분당선","압구정로데오","19740","21408","20260703",""
"20260630","분당선","서울숲","13586","14139","20260703",""
"20260630","분당선","수원","8418","7876","20260703",""
"20260630","분당선","복정","1","0","20260703",""
"20260630","분당선","수서","19445","20331","20260703",""
"20260630","분당선","대모산입구","6352","6240","20260703",""
"20260630","분당선","개포동","4314","4469","20260703",""
"20260630","분당선","구룡","3885","3836","20260703",""
"20260630","분당선","도곡","8912","9141","20260703",""
"20260630","분당선","한티","16917","18168","20260703",""
"20260630","분당선","선릉","15218","22615","20260703",""
"20260630","공항철도 1호선","마곡나루(서울식물원)","18221","17630","20260703",""
"20260630","공항철도 1호선","김포공항","8942","5137","20260703",""
"20260630","공항철도 1호선","계양","10042","10160","20260703",""
"20260630","공항철도 1호선","검암","6866","6821","20260703",""
"20260630","공항철도 1호선","청라국제도시","8736","8459","20260703",""
"20260630","공항철도 1호선","운서","10689","11324","20260703",""
"20260630","공항철도 1호선","공항화물청사","2189","2293","20260703",""
"20260630","공항철도 1호선","인천공항1터미널","12928","13253","20260703",""
"20260630","공항철도 1호선","인천공항2터미널","11211","9528","20260703",""
"20260630","공항철도 1호선","영종","4958","4941","20260703",""
"20260630","과천선","선바위","8020","7278","20260703",""
"20260630","과천선","경마공원","1653","1640","20260703",""
"20260630","과천선","대공원","2704","2830","20260703",""
"20260630","과천선","과천","5783","5378","20260703",""
"20260630","과천선","정부과천청사","16008","17363","20260703",""
"20260630","과천선","인덕원","29602","30163","20260703",""
"20260630","1호선","서울역","81899","78191","20260703",""
"20260630","1호선","시청","30629","31095","20260703",""
"20260630","1호선","종각","45962","45221","20260703",""
"20260630","1호선","종로3가","26427","23379","20260703",""
"20260630","1호선","종로5가","25821","25151","20260703",""
"20260630","1호선","동대문","14515","14090","20260703",""
"20260630","1호선","신설동","15932","15424","20260703",""
"20260630","1호선","제기동","17005","17136","20260703",""
"20260630","1호선","청량리(서울시립대입구)","24890","24590","20260703",""
"20260630","1호선","동묘앞","9886","10275","20260703",""
"20260630","2호선","시청","32183","30744","20260703",""
"20260630","2호선","을지로입구","59144","60871","20260703",""
"20260630","2호선","을지로3가","29546","30128","20260703",""
"20260630","2호선","을지로4가","17085","16450","20260703",""
"20260630","2호선","동대문역사문화공원(DDP)","15766","17784","20260703",""
"20260630","2호선","신당","16639","17217","20260703",""
"20260630","2호선","상왕십리","16139","16029","20260703",""
"20260630","2호선","왕십리(성동구청)","17741","15626","20260703",""
"20260630","2호선","한양대","12162","12887","20260703",""
"20260630","2호선","뚝섬","27717","29652","20260703",""
"20260630","2호선","성수","60052","64742","20260703",""
"20260630","2호선","건대입구","37398","39834","20260703",""
"20260630","2호선","구의(광진구청)","32835","32370","20260703",""
"20260630","2호선","강변(동서울터미널)","27918","25079","20260703",""
