자치구,대여소명,기준년월,대여건수,반납건수
강남구,2301. 현대고등학교 건너편,202601,154,183
강남구,2302. 교보타워 버스정류장(신논현역 3번출구 후면),202601,467,492
강남구,2303. 논현역 10번출구,202601,501,332
강남구,2304. 대현그린타워,202601,79,44
강남구,2305. MCM 본사 직영점 앞,202601,149,177
강남구,2306. 압구정역 2번 출구 옆,202601,701,701
강남구,2307. 압구정 한양 3차 아파트,202601,297,281
강남구,2308. 압구정파출소 앞,202601,428,429
강남구,2309. 청담역(우리들병원 앞),202601,155,59
강남구,2310. 청담동 맥도날드 옆(위치),202601,100,95
강남구,2311. 학동로 래미안 아파트 앞,202601,77,68
강남구,2312. 청담역 13번 출구 앞,202601,138,119
강남구,2313. 금원빌딩 앞,202601,154,157
강남구,2315. 봉은사역 5번출구 옆,202601,236,245
강남구,2317. 삼성도로공원,202601,160,155
강남구,2318. 삼성중앙역4번출구(문화센터더 리빌),202601,55,38
강남구,2319. 포스코사거리 서측(수협 삼성동 지점),202601,328,357
강남구,2320. 도곡역 대치지구대 방향,202601,271,381
강남구,2321. 학여울역 사거리,202601,128,123
강남구,2324. 천주교 대치 2동 교회 옆,202601,402,402
강남구,2325. 대치삼성아파트 앞 교차로,202601,415,396
강남구,2326. 대치동 삼성로,202601,205,188
강남구,2327. 뱅뱅사거리 랜드마크타워 앞,202601,574,705
강남구,2328. 르네상스 호텔 사거리 역삼지하보도 7번출구 앞,202601,222,222
강남구,2329. 르네상스호텔사거리 역삼지하보도 2번출구,202601,105,106
강남구,2330. 역삼월드메르디앙아파트 앞,202601,396,387
강남구,2331. 동영문화센터앞,202601,217,215
강남구,2332. 선릉역3번출구,202601,606,600
강남구,2333. 양재역 3번출구 주변,202601,519,265
강남구,2334. 삼호아파트 2동 ( 간선도로),202601,69,67
강남구,2335. 3호선 매봉역 3번출구앞,202601,956,1110
강남구,2336. 강남세브란스교차로  래미안그레이튼 104동 앞,202601,289,285
강남구,2337. 대모산입구역 2번출구 앞,202601,212,167
강남구,2339. 현대아파트 정문 앞,202601,233,232
강남구,2340. 삼호물산버스정류장(23370) 옆,202601,1051,1107
강남구,2341. 일원역 4~5번 출구 사이,202601,310,154
강남구,2342. 대청역 1번출구  뒤,202601,578,594
강남구,2344. 리엔파크 2단지 앞,202601,234,244
강남구,2347. 두산건설 본사,202601,105,67
강남구,2348. 포스코사거리(기업은행),202601,837,855
강남구,2349. 역삼빌딩 앞(하나은행 옆),202601,120,91
강남구,2350. 래미안그레이튼102동앞,202601,97,95
강남구,2351. 청소년수련관(수영장)앞,202601,129,105
강남구,2352. 서울본부세관(건설회관 앞),202601,230,86
강남구,2353. 강남구청역 2번출구 뒤,202601,230,141
강남구,2354. 청담역 2번출구,202601,54,52
강남구,2356. 강남구청,202601,107,97
강남구,2357. 르네상스호텔사거리 역삼지하보도 3번출구 앞 (더 오번 빌딩 명동칼국수 앞),202601,179,169
강남구,2358. 구룡초사거리 (현대아파트10동 앞 ),202601,257,236
강남구,"2359. 국립국악중,고교 정문 맞은편",202601,553,581
강남구,2360. 도곡1동 주민센터 교차로,202601,349,345
강남구,2362. 신사동 가로수길 입구,202601,272,254
강남구,2363. 강남 을지병원 교차로,202601,128,125
강남구,2364. 도산공원교차로,202601,158,156
강남구,2365. K+ 타워 앞,202601,241,271
강남구,2368. 도곡동 경남아파트 건너편,202601,209,197
강남구,2369. KT선릉타워,202601,488,475
강남구,2370. 한티역 3번출구,202601,168,172
강남구,2371. 한국우편사업진흥원,202601,63,48
강남구,2372. 대치역 사거리,202601,348,482
강남구,2373. 개포동역 사거리,202601,141,96
강남구,2375. 수서역 1번출구 앞,202601,486,594
강남구,2376. 수서역 7번출구 앞,202601,461,569
강남구,2377. 수서역 5번출구,202601,1258,1302
강남구,2380. 봉은사로68길 북측,202601,198,198
강남구,2381. 언주역 4번출구,202601,262,258
강남구,2382. 역삼동 sk뷰 501동앞,202601,131,131
강남구,2383. 보금자리정원,202601,128,144
강남구,2384. 자곡사거리,202601,749,757
강남구,2385. 학동역,202601,273,268
강남구,2386. 크린랩 본사,202601,56,43
강남구,2387. 래미안강남힐즈 사거리,202601,435,401
강남구,2388. 강남구 도시관리공단,202601,233,90
강남구,2389. 경기여자고등학교 후문 (삼성로3길 입구),202601,323,323
강남구,2390. 구룡마을 입구 (래미안블레스티지 아파트),202601,497,477
강남구,2391. 구룡터널 입구(개포1단지아파트),202601,25,24
강남구,2392. 구룡산 입구 (구룡산 서울둘레길 입구),202601,75,27
강남구,2394. 개포래미안포레스트아파트 107동 앞,202601,378,279
강남구,2396. 영동3교 북단(우성캐릭터 앞 보도),202601,172,166
강남구,2398. 더라움,202601,55,55
강남구,2401. 밀알학교 입구 (삼성서울병원 입구),202601,156,98
강남구,2403. 공무원연금매점 교차로 (개포주공9단지 입구),202601,241,241
강남구,2404. 대모산입구역 4번 출구 앞,202601,625,661
강남구,2405. 청담공원앞 교차로,202601,344,160
강남구,2406. 논현동 광명빌딩 앞,202601,121,128
강남구,2407. 역삼서초삼성 세무서 앞 (역삼빌딩 앞),202601,769,747
강남구,2408. 강남한양수자인아파트,202601,514,509
강남구,2409. 역삼동 디오슈페리움 (우성아파트 사거리),202601,450,451
강남구,2410. 포스코피앤에스타워 (역삼역 3번출구 부근),202601,462,327
강남구,2411. 세곡동 성당,202601,486,463
강남구,2413.도곡역 1번 출구,202601,417,485
강남구,2414. 도곡역 아카데미스위트 앞,202601,694,786
강남구,2415.한티역 롯데백화점 앞,202601,440,430
강남구,2416.한티역 6번 출구,202601,372,354
강남구,"2417.선정릉 디캠프(D,CAMP)앞",202601,83,84
강남구,2418.봉은사역 7번 출구 ,202601,282,277
강남구,"2419.봉은사역 1,2번 출구 ",202601,255,250
강남구,2420.학여울역 사거리(LG베스트샵 앞),202601,355,316
강남구,2421. 신논현역 4번출구,202601,131,115
강남구,2422.수서동 성당 맞은편,202601,214,214
강남구,2423.영희초교 사거리(래미안개포루체하임),202601,512,510
강남구,2425.세곡동 사거리(대왕초등학교 정류장),202601,107,111
강남구,2426.강남한신휴플러스 6단지,202601,279,270
강남구,2427.개포고등학교 정문앞,202601,335,339
강남구,2430.강남파이낸스센터앞(역삼역2번출구),202601,265,253
강남구,2431.대치역 7번출구,202601,483,518
강남구,3602. 한국지역난방공사강남지사,202601,209,225
강남구,3604. 삼성중앙역 5번출구,202601,246,242
강남구,3605. 봉은사역6번출구(현대아이파크타워앞),202601,1,1
강남구,3606. 신사동주민센터 옆,202601,235,306
강남구,3609. 언주초등학교 입구,202601,289,290
강남구,3610. 윗반마을 입구,202601,60,63
강남구,3611. 방죽마을 입구,202601,160,178
강남구,3612. 은곡마을,202601,105,205
강남구,3614. 은마아파트 입구 사거리,202601,677,672
강남구,3615. 서울 논현동우체국 앞,202601,177,156
강남구,3616. 역삼중학교 앞(체육관 방향),202601,167,164
강남구,3618. 서울율현초교 삼거리,202601,346,505
강남구,3620. 청담역 11번 출구,202601,54,21
강남구,3622. 은마아파트입구 사거리(1),202601,154,150
강남구,3623. 일원에코파크 앞(개포로 방면),202601,169,194
강남구,3624. 대모산입구역 7번 출구 앞,202601,133,134
강남구,3627. 압구정나들목,202601,264,288
강남구,3628. 역삼1동 주민센터,202601,423,468
강남구,3629. 청담사거리(신한오피스텔빌딩 앞),202601,62,125
강남구,3630. 개포우성6차아파트 정문 앞,202601,151,153
강남구,3634. 국악고교 앞 교차로,202601,325,303
강남구,3636. 삼성중앙역·플래티넘아파트 정류소,202601,273,264
강남구,3637. 세곡데이케어센터,202601,102,79
강남구,3638. 신청담나들목,202601,92,91
강남구,3640. 일원1동주민센터앞 사거리,202601,508,562
강남구,3641. 대청역,202601,506,517
강남구,3642. 강남자곡힐스테이트,202601,318,85
강남구,3643. 더시그넘하우스 앞,202601,248,244
강남구,3644. 상록수아파트,202601,245,74
강남구,3646. 선정릉역 4번 출구,202601,112,106
강남구,3647. 구룡역 1번 출구,202601,331,258
강남구,3648. 구룡역 4번 출구,202601,67,78
강남구,3649. 구룡역 5번 출구,202601,278,271
강남구,3651. 개포동역 4번출구,202601,502,516
강남구,4902. 구역삼세무서 교차로,202601,370,351
강남구,4903. 신사스퀘어,202601,119,118
강남구,4905. 강남경찰서,202601,611,601
강남구,4906. 섬유센터 앞,202601,662,639
강남구,4907. 극동스포츠 앞,202601,287,297
강남구,4908. SB타워 앞,202601,111,119
강남구,4909. 노보텔 앰배서더 앞,202601,142,68
강남구,4913. 레베쌍트 빌딩 앞,202601,114,108
강남구,4914. 도심공항타워 앞,202601,398,397
강남구,4915. 영동중앙교회 버스정류장,202601,80,79
강남구,4916. 청담역 1번출구,202601,66,64
강남구,4917. 일원에코파크 주차장,202601,568,603
강남구,4918. 매봉역 1번출구,202601,395,436
강남구,4919. 학여울역사거리(은마아파트),202601,91,94
강남구,4923.수협대치동지점,202601,356,351
강남구,4924.논현동가구거리,202601,191,193
강남구,4925. 청담백영빌딩 앞,202601,111,115
강남구,4926. 대치우성아파트 사거리,202601,667,666
강남구,4928. 교수마을 입구,202601,117,107
강남구,4929. 투썸플레이스 강남청담점 앞,202601,185,225
강남구,4930. 학여울역 1번출구,202601,168,124
강남구,4931. 디에이치퍼스티어아이파크 124동 앞,202601,411,377
강남구,4932. 개포래미안포레스트 130동 맞은편,202601,172,168
강남구,4935. 도곡삼성래미안,202601,276,269
강남구,4936. SK텔레콤(T1) 인근,202601,60,33
강남구,4937.개포래미안포레스트 126동 앞,202601,125,120
강남구,4938.LH수서2단지 201동 앞,202601,737,743
강남구,4939.도산공원,202601,104,106
강남구,4940.한강버스 압구정 선착장,202601,580,474
강남구,4941.압구정로 11길,202601,122,122
강남구,4942.율현삼거리,202601,123,101
강동구,1001. 광진교 남단 사거리(천호공원 방면),202601,605,601
강동구,1002. 해공공원(천호동),202601,766,762
강동구,1003. 해공도서관앞,202601,650,635
강동구,1004. 삼성광나루아파트 버스정류장,202601,543,710
강동구,1006. 롯데캐슬 115동앞,202601,74,77
강동구,1007.암사동 선사유적지,202601,53,49
강동구,1008. 암사역 3번출구(국민은행앞),202601,1476,1682
강동구,1009. 천호역4번출구(현대백화점),202601,2075,2068
강동구,1010. 강동세무서,202601,1448,1456
강동구,1011. LIGA 아파트 앞,202601,1556,1545
강동구,1012. 천호역효성해링턴타워 앞,202601,1415,1404
강동구,1013. 강동구청역 1번 출입구,202601,1356,1364
강동구,1015. 샛마을 근린공원,202601,344,344
강동구,1016. 해뜨는 주유소옆 리엔파크 109동앞,202601,403,411
강동구,1017. 둔촌고교입구 교차로(길동주민센터 방면),202601,693,693
강동구,1018. 둔촌 주공 GS 맞은편,202601,1142,1197
강동구,1019. 다성이즈빌아파트(호원대 대각선 맞은편),202601,1993,2201
강동구,1020. 강동경찰서,202601,2083,2091
강동구,1021. 강일동 리슈빌 빌딩앞,202601,894,962
강동구,1022. 길동 사거리(초소앞),202601,930,927
강동구,1023. 한국종합기술사옥 앞,202601,991,1001
강동구,1024.  강동구청 앞,202601,1693,1805
강동구,1025. 상일초등학교,202601,242,235
강동구,1027. 프라자 아파트 앞,202601,413,419
강동구,1028. 포레스 주상복합 빌딩,202601,899,892
강동구,1029. 성내어울터,202601,1350,1336
강동구,1030. 미호 플랜트 앞,202601,692,655
강동구,1031. 올림픽로 836(아리수로),202601,193,214
강동구,1032. 선사고등학교,202601,200,204
강동구,1033. 고덕동 아남아파트,202601,765,512
강동구,1034. 고덕동 래미안 힐스테이트,202601,182,138
강동구,1036. 고덕동 주양쇼핑,202601,404,396
강동구,1037. 강일리버파크 6단지,202601,74,77
강동구,1038. 강일 다솜 어린이 공원,202601,137,174
강동구,1039. 고덕초등학교,202601,105,136
강동구,1041. 묘곡초등학교,202601,265,282
강동구,1042. 강일리버파크 2~5단지,202601,230,235
강동구,1044. 굽은다리역,202601,1631,1744
강동구,1048. 둔촌어린이공원,202601,953,943
강동구,1049. 강일리버파크 10단지,202601,145,168
강동구,1050.  둔촌역 3번 출입구,202601,2398,2660
강동구,"1051. 강일중,선사고 버스정류장(신암중학교 방면)",202601,217,212
강동구,1053. 동명근린공원 진입로 (아리수로),202601,117,118
강동구,1056. 강일리버파크 7~11단지,202601,186,191
강동구,1057. 능골근린공원,202601,230,234
강동구,1058. 고덕숲 아이파크 1,202601,102,83
강동구,1059. 래미안 강동팰리스(102동),202601,722,456
강동구,1060. 천일초교 사거리,202601,334,308
강동구,1061. 천호초교 입구 사거리(일주빌딩),202601,447,444
강동구,1063.강동롯데캐슬퍼스트 아파트(관리동),202601,224,212
강동구,1064.중앙보훈병원역 1번출구,202601,274,201
강동구,1065.보훈병원 후문옆(더 원커피),202601,304,288
강동구,1066.생태공원앞 교차로(조명탑),202601,25,22
강동구,1067.한영중고앞사거리,202601,214,216
강동구,1068.명일파출소,202601,340,325
강동구,1070.(시립)고덕평생학습관,202601,468,311
강동구,1072.고덕역 5번출구,202601,738,695
강동구,1073. SSTS 몰 앞,202601,416,430
강동구,1074.대명초교입구 사거리,202601,471,477
강동구,1075.천동초교 삼거리,202601,864,852
강동구,1076. 천동초교입구사거리 버스정류장(십자성마을 방면),202601,821,838
강동구,1077.강동역 1번출구 앞,202601,1264,1182
강동구,1078.둔촌사거리,202601,1786,1883
강동구,1079.강일동입구교차로,202601,455,510
강동구,1080.천호지하주차장 5번 출입구,202601,878,808
강동구,1081.트레빌빌딩,202601,656,613
강동구,1083.광문고교사거리(아이파크),202601,214,192
강동구,1084. 윤선생빌딩(JYP사옥),202601,1898,2163
강동구,1085.래미안 솔베뉴(고덕로),202601,399,260
강동구,1086.래미안 솔베뉴(구천면로),202601,231,241
강동구,1088.풍납사거리(강동),202601,864,860
강동구,1089.고덕 래미안힐스테이트(201동),202601,341,102
강동구,1090.상일동역 2번출구 앞,202601,810,847
강동구,3539. 서원마을,202601,78,100
강동구,3652. 한영외국어고등학교,202601,96,98
강동구,3653. 강동리버스트4단지아파트 404동 앞,202601,160,158
강동구,3654. 강동리버스트4단지아파트 405동 앞,202601,121,108
강동구,3655. 둔촌신성미소지움아파트,202601,395,289
강동구,3656. 둔촌푸르지오아파트,202601,795,797
강동구,3657. 서울천호동우체국,202601,1063,1077
강동구,3658. 프라이어팰리스아파트,202601,200,204
강동구,3659. 명일초등학교 옆,202601,75,63
강동구,3661. 명일동신동아아파트 앞,202601,104,103
강동구,3663. 암사정수센터교차로(강동롯데캐슬퍼스트아파트),202601,234,121
강동구,3664. 맥도날드 서울둔촌DT점 앞,202601,1375,1434
강동구,3665. 고덕센트럴 아이파크상가 앞,202601,328,312
강동구,3668. 성내삼성아파트,202601,1979,1977
강동구,3671. 둔촌동역교차로,202601,1085,1093
강동구,3673. 강동리버스트6단지,202601,139,148
강동구,3674. 강동리버스트7단지,202601,152,218
강동구,3675. 강동리버스트8단지,202601,220,221
강동구,3676. 강동리엔파크9단지,202601,209,246
강동구,3680. 강동역3번출구,202601,1738,1738
강동구,3681. 길동 마루빌딩,202601,1959,1973
강동구,3682. 길동 동호빌딩,202601,233,217
강동구,3683. KT&G강동지사,202601,518,537
강동구,3684. 고덕자이(105동 앞),202601,415,454
강동구,3685. 강동리엔파크14단지(1401동 앞),202601,332,321
강동구,3686. 고덕 래미안 힐스테이트(101동),202601,224,221
강동구,3688. 상일동산(동아아파트앞 교차로),202601,120,119
강동구,3689. 강일역 3번출구,202601,267,217
강동구,3690. 강일역 4번출구,202601,239,175
강동구,3691. 둔촌역 2번출구,202601,800,807
강동구,3692. 둔촌오륜역 1번 출구,202601,683,575
강동구,3694. 강동리엔파크 13단지(1303동 앞),202601,332,304
강동구,3698. 명일역 3번출구 옆,202601,566,586
강동구,3699. 상일파출소 옆,202601,517,545
강동구,3700. 강변그대가리버뷰 입구 맞은편,202601,416,462
강동구,3701. 방아삼거리,202601,84,76
강동구,4951. 강동농협 버스정류소 앞(광채빌라),202601,302,304
강동구,4952.천호시장 버스정류소 옆,202601,756,760
강동구,4953. 세양청마루아파트 앞,202601,680,679
강동구,4954. 신명초등학교 건너편,202601,222,112
강동구,4956. 암사역사공원역 1번출구,202601,50,62
강동구,4957. 신명초교 교차로,202601,451,368
강동구,4958. 고덕래미안힐스테이트 아파트 211동,202601,310,128
강동구,4959. 암사역사공원역 3번출구,202601,69,125
강동구,4960.고덕비즈밸리 지식산업센터 A,202601,294,265
강동구,4962.고덕비즈밸리 디엠스퀘어 앞,202601,383,398
강동구,4964.암사역사공원역 1번출구 A,202601,694,1263
강동구,4965.고덕비즈밸리 쿠쿠강동빌딩,202601,420,407
강동구,4968.강동구 자원순환센터,202601,43,45
강북구,"1501. 미아역 3번,4번 출구 사이",202601,536,536
강북구,1503. 강북구청사거리(수유역 8번출구),202601,991,1112
강북구,1504. 삼양시장오거리,202601,112,106
강북구,1506. 강북문화예술회관,202601,322,322
강북구,1509. 서울북부수도사업소,202601,202,198
강북구,1510. 번동주공5단지 관리사무소 앞,202601,198,238
강북구,1512. 강북중학교 앞,202601,525,525
강북구,1514. 강북구청 사거리 버스정류소 앞,202601,421,414
강북구,1515. 송천동 주민센터,202601,256,257
강북구,1516. 우이동길마을마당,202601,290,229
강북구,1518. 수유2동은행빌딩 앞,202601,330,323
강북구,1519. 장미원시장 건너편,202601,233,166
강북구,1520. 수유중앙시장,202601,620,720
강북구,1525. 미아동 복합청사,202601,164,166
강북구,1526. 강북종합시장 앞,202601,466,480
강북구,1527. 미아역 1번 출구 뒤,202601,327,327
강북구,1528. 삼각산동 주민센터,202601,243,151
강북구,1529. 미아동 한국전력공사,202601,562,563
강북구,1530. 광산사거리,202601,725,720
강북구,1531. 미아사거리 1번 출구,202601,1037,1139
강북구,1532. 번3동 주민센터 교차로,202601,341,390
강북구,"1533. 번동 주공3, 4단지 교차로",202601,399,457
강북구,1535. 효성인텔리안 앞,202601,911,958
강북구,1536. 번동 두산위브 101동 옆,202601,359,346
강북구,1537. 북한산 우이역,202601,144,103
강북구,1538. 솔밭공원역,202601,63,46
강북구,1539. 4.19민주묘지역,202601,153,154
강북구,1540. 가오리역,202601,396,394
강북구,1541. 삼양역,202601,69,62
강북구,1542. 삼양사거리역,202601,164,162
강북구,1543. 수유1동 주민센터,202601,159,161
강북구,1546. 송천동우체국,202601,154,223
강북구,1547. 꿈의숲 롯데캐슬,202601,201,69
강북구,1548. 북서울 꿈의숲 서문,202601,224,110
강북구,1550.삼각산아이원아파트(105동 옆),202601,64,1
강북구,1551.4.19탑 앞,202601,218,157
강북구,1552. 강북구청사거리,202601,710,735
강북구,1553.서울북부고용노동지청,202601,340,352
강북구,1554.번동사거리,202601,237,233
강북구,1557.신창교,202601,365,394
강북구,1558.강북문화정보도서관,202601,184,129
강북구,1560. 도봉세무서 앞,202601,431,447
강북구,1564.4.19민주묘지역 1번출구,202601,192,193
강북구,1565.수유사거리,202601,444,443
강북구,1568.4.19민주묘지 입구사거리,202601,259,259
강북구,1569.수유역2번출구,202601,1350,1369
강북구,1571.북서울 꿈의 숲 입구,202601,191,190
강북구,1572. 우이동 먹거리마을,202601,44,45
강북구,1573.현대성우아파트 옆,202601,107,90
강북구,1574.송중초등학교 옆,202601,165,182
강북구,3703. 삼양입구사거리,202601,141,144
강북구,3707. 드래곤타워 앞,202601,404,461
강북구,3714. 송천센트레빌,202601,90,44
강북구,3718. 번동3단지 버스정류장,202601,373,410
강북구,3724. 삼양동주민센터 앞,202601,170,98
강북구,3725. 강북 청소년 문화정보도서관 앞,202601,217,220
강북구,3726.삼양동사거리,202601,207,192
강서구,1101. 상사마을 버스정류장(아라대교방면),202601,106,113
강서구,1102. 방화사거리 마을버스 버스정류장,202601,1092,1125
강서구,1103. 방화역 4번출구앞,202601,1558,1232
강서구,1105. 방화근린공원,202601,128,90
강서구,1106. 신방화사거리,202601,1679,1668
강서구,1108. 공항시장역 2번출구 뒤,202601,749,686
강서구,1109. 공항시장역 4번출구,202601,266,264
강서구,1110. 공항중학교앞,202601,600,598
강서구,1111. 마곡엠밸리6_7단지 마곡중학교,202601,1453,1200
강서구,1112. 마곡엠밸리4단지 정문,202601,2741,2754
강서구,1113. 서남환경공원 버스정류장,202601,1565,1333
강서구,1117. 등촌5단지아파트 버스정류장,202601,1912,1912
강서구,1118. 증미역 3번출구뒤(등촌두산위브센티움오피스텔),202601,1472,1725
강서구,1119. 염창동 한마음아파트 앞,202601,538,478
강서구,1120. 대림경동아파트앞,202601,1091,936
강서구,1121. 가양레포츠센터 앞,202601,655,674
강서구,1124. 발산역 6번 출구 뒤,202601,3009,3031
강서구,1126. 우장산역 1번출구옆(우장산아이파크105동앞),202601,847,566
강서구,1127. 화곡역 버스정류장,202601,480,475
강서구,1128. 화곡역 6번출구,202601,715,711
강서구,1129. 화곡역 1번 출구 앞,202601,693,689
강서구,1130. 화곡본동시장 버스정류장,202601,276,253
강서구,1132. 등촌역 7번출구,202601,974,1013
강서구,1135. 강서구의회,202601,938,853
강서구,1136. 등촌2파출소,202601,217,126
강서구,1137. 등촌2동주민센터,202601,138,73
강서구,1139. 용문사 버스정류장,202601,372,311
강서구,1140. 목동사거리 버스정류장,202601,1261,1250
강서구,1141. 곰달래 문화복지센터 A,202601,731,773
강서구,1145. 곰달래 문화복지센터 B,202601,443,483
강서구,1148. 볏골공원,202601,543,524
강서구,1149. 신방화역환승주차장,202601,1890,1921
강서구,1150. 송정역 1번출구,202601,1502,1521
강서구,1151. 마곡역1번출구,202601,2908,3566
강서구,1152. 마곡역교차로,202601,2800,2988
강서구,"1153. 발산역 1번, 9번 인근 대여소",202601,4295,4316
강서구,1155. 기쁜우리복지관,202601,927,877
강서구,1157. 강서구청,202601,1805,1846
강서구,1158. 가양역 8번출구,202601,2056,2174
강서구,1159. 서서울모터리움 앞,202601,346,372
강서구,1160. 양천향교역 7번출구앞,202601,2621,2645
강서구,1161. 강서면허시험장 앞,202601,249,158
강서구,1162. 공항초등학교건너편,202601,1526,1513
강서구,1163. 방화동강서기동대앞,202601,1699,1676
강서구,1165. 마곡중학교 후문,202601,983,591
강서구,1166. 강서구립등빛도서관,202601,3056,2961
강서구,1167. 마곡수명산파크3단지 교차로,202601,2396,2320
강서구,1168. 마곡엠밸리10단지 앞,202601,1279,1140
강서구,1169. 염창역 1번 출구,202601,1113,1179
강서구,1170. 강서구보건소,202601,341,238
강서구,1171. 염창동 새마을금고 건너편,202601,488,504
강서구,1172. 가양3동 주민센터,202601,754,841
강서구,1173. 강서구청사거리(SH타워),202601,2128,1764
강서구,1174. 강서구청사거리(부민병원),202601,1036,966
강서구,1175. 대한항공 인력개발센터,202601,650,428
강서구,1177. 수명중․고교,202601,961,873
강서구,1178. 개화산역 2번 출구,202601,439,444
강서구,1180. 마곡엠밸리 15단지(1502동) 건너편,202601,1622,1608
강서구,1181. 농수산식품공사 (강서지사),202601,174,225
강서구,1182. KBS 스포츠월드,202601,2016,1999
강서구,1183. 강서대학교,202601,216,152
강서구,1184. 마곡13단지,202601,2646,2592
강서구,1185. 등촌9단지,202601,988,884
강서구,1186. 송정중학교,202601,663,673
강서구,1187. 강서수산물도매시장,202601,577,675
강서구,1188. 롯데중앙연구소,202601,150,159
강서구,1190. 마곡역 교차로(2번출구),202601,2241,2282
강서구,"1191. 마곡역 버스정류장(마곡나루역1번출구, 웰튼병원 방면)",202601,1846,1856
강서구,1192. 마곡수명산파크 209동 건너편,202601,1620,1394
강서구,1193. 마곡센트럴타워 1차,202601,1531,1670
강서구,1195. 코오롱One&Only타워,202601,1328,1310
강서구,1196. 서울식물원(문화센터) 건너편,202601,369,484
강서구,1197. 엠펠리체 호텔 건너편,202601,851,1005
강서구,1198. LG 사이언스파크,202601,1533,1610
강서구,1199. 우장산역 3번출구,202601,689,523
강서구,1200. 개화광역환승센터,202601,202,213
강서구,2701. 마곡나루역 5번출구 뒤편,202601,5657,5901
강서구,2702. 마곡 엠밸리2단지,202601,906,898
강서구,2703.서울도시가스 앞 ,202601,460,308
강서구,2704.홈플러스(강서점),202601,1369,1513
강서구,2706.강서공업고등학교 앞,202601,430,439
강서구,2707.한강아파트,202601,1533,1289
강서구,2708.강서한강자이타워 앞,202601,1333,1345
강서구,2709.강변아파트 310동 앞,202601,372,320
강서구,2710.라이품 공영주차장 앞,202601,635,465
강서구,2711.가로공원공영주차장 1번 출구,202601,528,538
강서구,2712.화곡터널입구교차로,202601,232,85
강서구,2713.우장초등학교 앞,202601,938,878
강서구,2715.마곡나루역 2번 출구 ,202601,7820,7853
강서구,2716.롯데 R&D 센터,202601,328,407
강서구,2717.LG유플러스 마곡사옥,202601,3145,3610
강서구,2718.마곡수명산파크1단지,202601,1542,1353
강서구,2719.마곡문화공원,202601,2327,2675
강서구,2720.힐스테이트에코,202601,1654,1645
강서구,2721.등촌1-10단지 교차로,202601,2604,2520
강서구,2723.마곡 필네이처,202601,1437,1605
강서구,2724.(재)FITI시험연구원,202601,1118,949
강서구,2725.서울식물원 식물문화센터,202601,383,346
강서구,2727.서울식물원 잔디마당 앞,202601,1494,1576
강서구,2728.마곡나루역 3번 출구,202601,5380,5703
강서구,2729.넥센 유니버시티 앞,202601,897,1039
강서구,2730.마곡메가박스 앞,202601,1282,1387
강서구,2731.명덕고교,202601,790,905
강서구,2732.마곡수명산 1-2단지 ,202601,1560,1128
강서구,2733.마곡13단지 정문 앞,202601,3265,3087
강서구,2737.까치산역 3번 출구,202601,628,755
강서구,2739.수명산파크1단지교차로,202601,2441,2447
강서구,2740.마곡레포츠센터,202601,937,956
강서구,2741.마곡수명산파크5-6단지,202601,1299,1062
강서구,2742.강서구민올림픽체육센터,202601,1434,1598
강서구,2744.강서세무서 앞,202601,1990,1766
강서구,2745.수명초등학교,202601,1952,1547
강서구,2746.수명산파크 4단지 411동 앞,202601,1409,1239
강서구,3753. 공항중학교 버스정류장,202601,454,364
강서구,3754. 신방화역 8번출구,202601,865,858
강서구,3756. 마곡힐스테이트 정문,202601,1112,905
강서구,3757. 신방화역 6번출구,202601,1078,1012
강서구,3758. 서울남부출입국관리소,202601,1454,866
강서구,3759. 이대서울병원,202601,1059,1242
강서구,3760. 발산역 8번 출구,202601,1290,1416
강서구,3761. 나이아가라관광호텔,202601,264,285
강서구,3762. 마곡9단지 907동앞,202601,945,878
강서구,3763. 등촌태영아파트,202601,532,656
강서구,3764. 관문주유소(GS칼택스) 앞,202601,1331,1265
강서구,3765. 문소빌딩,202601,204,213
강서구,3766. 강서문화센터,202601,157,129
강서구,3767. 대원빌딩,202601,700,695
강서구,3770. 남부순환로 205,202601,255,212
강서구,3772. 길성그랑프리텔아파트,202601,1586,1512
강서구,3774. 마곡9단지 910동 상가앞,202601,846,797
강서구,3775. 가양오토갤러리,202601,544,538
강서구,3776. 김포공항사거리,202601,299,304
강서구,3778. 김포공항입구 교차로,202601,638,641
강서구,3779. 유광사여성병원,202601,1,3
강서구,3780. 등촌서광아파트,202601,1861,1740
강서구,3781. 강서아동복지센터,202601,38,120
강서구,3782. 겸재정선미술관,202601,971,899
강서구,3783. 마곡금호어울림아파트,202601,755,611
강서구,3784. 벽산아파트,202601,1323,1031
강서구,3785. 마곡14단지 1408동앞,202601,1140,991
강서구,3786. 강서힐스테이트 상가 앞,202601,406,371
강서구,3788. 정곡나들목,202601,239,251
강서구,3789. 염창나들목,202601,700,731
강서구,3792. 화곡본동시장 입구,202601,287,254
강서구,3793. 더리브골드타워,202601,544,553
강서구,3794. 안양천합수부(현대3차아파트),202601,650,599
강서구,3796. 송정역 3번출구 앞,202601,966,819
강서구,3797. 마곡수명산파크7단지 710동 앞,202601,311,284
강서구,3798. 그랜드아이파크아파트 앞,202601,2647,2638
강서구,3799. 국립항공박물관,202601,255,305
강서구,3801. 이랜드글로벌R&D센터,202601,350,497
강서구,5052. 마곡역 7번출구,202601,3174,3579
강서구,5053. 신마곡벽산블루밍메트로오피스텔앞,202601,738,799
강서구,5055. 마곡역5번출구앞,202601,1059,1137
강서구,5057. 마곡역4번출구,202601,945,1028
강서구,5059. 화곡2동주민센터,202601,524,522
강서구,5061. 우장산동 가곡어린이공원앞,202601,1916,2060
강서구,5064. 양천향교역8번출구,202601,1138,1194
강서구,5065. 허준박물관삼거리,202601,833,839
강서구,5066. 아망떼마곡전시장,202601,1139,1354
강서구,5067. 주원 리젠트 앞,202601,423,418
강서구,5070. 마곡13단지힐스테이트마스터 후문(1320동 앞),202601,2030,2029
강서구,5072. 김포공항입구 교통섬,202601,282,280
강서구,5073. 우장산역 헤링턴타워 앞,202601,773,655
강서구,"5074. 마곡엠밸리14단지 버스정류장(마곡엠밸리11,12단지상가방면)",202601,1998,1997
강서구,5075. 등촌역 1번출구,202601,490,480
강서구,5076. 메이필드호텔앞,202601,519,509
강서구,5078. 왈도강서캠퍼스 앞,202601,450,460
강서구,5080. 가양역 1번출구,202601,1750,2054
강서구,5082. 가양역 7번출구,202601,2441,3115
강서구,5084. 강서우체국,202601,765,591
강서구,5086. 가양테크노타운,202601,515,556
강서구,5087. 연세강서빌딩,202601,1082,1014
강서구,5088. 등촌역 센터스퀘어,202601,513,521
강서구,5089. LG사이언스파크 E10동,202601,1196,1175
강서구,5090. 대상연구소,202601,458,538
강서구,5091. 보타닉파크타워2,202601,898,994
강서구,5095. 원당근린공원,202601,1371,1385
강서구,5096. LG사이언스파크 E14동,202601,2581,3013
강서구,5097. LG사이언스파크 E2동,202601,883,915
강서구,5098. LG사이언스파크 W4동,202601,577,586
강서구,5099. LG사이언스파크 E7동,202601,1208,1214
강서구,5100. 강서도로사업소,202601,257,274
강서구,6171. 월드빌딩 앞,202601,628,597
강서구,6172. 가양5단지아파트,202601,182,170
강서구,6173. 서울자동차운전전문학원,202601,147,153
강서구,6176. 유광사 여성병원 앞,202601,475,353
강서구,6177. 마곡롯데캐슬르웨스트,202601,1582,1483
강서구,6178. 마스터밸류에이스 지식산업센터,202601,352,442
강서구,6180.양천향교역 3번출구,202601,410,413
강서구,6182.오스템임플란트비전타워,202601,239,307
강서구,6183.K스퀘어 마곡,202601,935,1014
강서구,6184. 한강버스 마곡 선착장,202601,303,260
강서구,6185.가양나들목,202601,52,52
강서구,6187.마곡119안전센터 맞은편,202601,341,339
강서구,6188.금호아파트,202601,526,531
강서구,6189.데시앙플렉스 지식산업센터,202601,397,394
강서구,6190.마곡광장(마곡나루역 6번출구),202601,958,854
관악구,2102. 봉림교 교통섬,202601,1965,2090
관악구,2103. 신림동 우방아파트,202601,353,351
관악구,2104. 사당역 5번출구,202601,345,443
관악구,2105. 미성동 신림체육센터,202601,454,470
관악구,2106. 세이브마트,202601,657,739
관악구,2108. 은천치안센터,202601,581,595
관악구,2109. 은천로입구 가로공원,202601,1120,1038
관악구,2110. 조원동 미성아파트,202601,579,717
관악구,2111. 서울대입구역 1번출구,202601,471,496
관악구,2112. 서울대입구역 마에스트로,202601,239,259
관악구,2115. 관악구시설관리공단,202601,687,558
관악구,2116. 에이스에이존빌딩,202601,209,230
관악구,2119. 중앙동 동진빌딩,202601,323,307
관악구,2122. 낙성대로 입구,202601,197,170
관악구,2127. 난곡종점,202601,209,151
관악구,2128. 관악구청교차로,202601,175,173
관악구,2129. 낙성대 과학전시관,202601,99,57
관악구,2130. 영어마을 관악캠프,202601,17,7
관악구,2136. 신림역 8번출구,202601,1621,1776
관악구,2137. KT&G 관악지점,202601,256,242
관악구,2139. 서울신성초등학교,202601,185,195
관악구,2140. 신림1교 교차로,202601,693,683
관악구,2143. 서울산업정보학교,202601,144,130
관악구,2144. 난우길입구,202601,153,171
관악구,2145. 은천초등학교 육교,202601,250,210
관악구,2148. 낙성대역 3번출구 뒤,202601,294,291
관악구,2156. 신림푸르지오아파트,202601,354,343
관악구,2159. 인헌초교,202601,83,92
관악구,2164. 관악우체국,202601,412,404
관악구,2165. JK장평타워,202601,96,66
관악구,2167. 낙성대역 1번출구,202601,120,107
관악구,2169. 봉천역 2번출구,202601,591,677
관악구,2170. 조원동 강남힐병원,202601,363,367
관악구,2171. 서울대입구역 5번출구,202601,482,482
관악구,2172. 나들목공원,202601,220,174
관악구,2173. 당곡사거리,202601,863,843
관악구,2174. 삼성디지털프라자관악점,202601,250,250
관악구,2175. 신림동걷고싶은문화의거리입구,202601,395,409
관악구,2176. 보라매공원 보도육교,202601,1373,1390
관악구,2178. 서울대학교 정문,202601,224,147
관악구,2179. 양녕로 입구,202601,381,432
관악구,2184. 구암초등학교 버스정류장,202601,165,50
관악구,2185. 대학동 고시촌,202601,323,317
관악구,2186. 낙성대입구삼거리,202601,146,117
관악구,2187. 현대시장사거리,202601,597,424
관악구,2189. 봉천역 4번출구,202601,419,532
관악구,2190.도원맨션,202601,186,191
관악구,2191.대학동주민센터 ,202601,448,436
관악구,2195.은천교회,202601,549,540
관악구,2196. 봉천역 3번출구,202601,291,287
관악구,2198.사랑의병원,202601,165,153
관악구,2199.신봉천주유소 A,202601,90,83
관악구,3305.낙성대역 8번 출구,202601,0,1
관악구,3310.영락고등학교,202601,169,27
관악구,3311.서울대입구역 4번 출구,202601,452,487
관악구,3802. 관악구민체육센터,202601,220,222
관악구,3803. 남서울중학교,202601,489,468
관악구,3804. 낙성대공원,202601,73,63
관악구,3806. 낙성대 교수아파트,202601,78,50
관악구,3807. 관악우체국 교차로,202601,163,152
관악구,3811.신사로입구,202601,765,690
관악구,3812. KT관악지점,202601,414,427
관악구,3813. 낙성대역 5번출구,202601,153,133
관악구,3814. 난곡사거리 ,202601,622,649
관악구,3815. 광일빌딩,202601,405,382
관악구,3816. 관악 GSfresh,202601,449,353
관악구,3818. 은천교회 앞,202601,594,575
관악구,3819. 서울대벤처타운역,202601,779,776
관악구,3820. 은천삼거리,202601,201,178
광진구,3500. 군자역2번출구,202601,1143,1129
광진구,3501. K&S빌딩 앞,202601,814,772
광진구,3502. 중곡역 1번출구,202601,447,472
광진구,3503. 광진유진스웰,202601,91,27
광진구,3504. 원일교회,202601,1589,1304
광진구,3505. 신양초교앞 교차로,202601,339,358
광진구,3506. 영동대교 북단,202601,794,796
광진구,3507. 어린이회관,202601,608,461
광진구,3508. 화양사거리,202601,454,437
광진구,3509. 세종사이버대학교,202601,1457,1449
광진구,3510. 중곡SK아파트앞,202601,345,222
광진구,3516. 구의아리수정수센터앞,202601,448,379
광진구,3517. 용마사거리,202601,768,832
광진구,3518. 군자역 7번출구뒤,202601,2504,2536
광진구,3521. 현대홈타운 뒷길,202601,220,153
광진구,3523. 건국대학교 과학관(이과대) 앞,202601,230,226
광진구,3528. 광진정보도서관,202601,463,611
광진구,3529. 어린이대공원정문,202601,279,231
광진구,3533. 건대입구역 사거리(롯데백화점),202601,2338,2672
광진구,3534. 건대입구역 5번출구 뒤,202601,2007,2105
광진구,3536. 중앙농협(자양동),202601,1432,1451
광진구,3537. 아차산 휴먼시아 아파트 옆,202601,255,73
광진구,3542. 래미안 구의파크 스위트,202601,1226,1233
광진구,3543. 세종대학교(학술정보원),202601,297,286
광진구,3563.구의7단지현대아파트,202601,151,162
광진구,3566.우성4차아파트,202601,992,921
광진구,3569.건대병원후문,202601,1794,2174
광진구,3570.구의역 리버비스타 오피스텔,202601,1264,1286
광진구,3571.화양 APT(횡단보도 옆),202601,2210,2221
광진구,3573.광나루안전체험관,202601,626,594
광진구,3575. 자양사거리(서원빌딩),202601,1729,1711
광진구,3579.광진 캠퍼스시티,202601,1209,1197
광진구,3581.광진광장,202601,1222,1006
광진구,3582.화양동 우체국,202601,1294,1282
광진구,3586.군자역 비채온 오피스텔,202601,769,766
광진구,3587.우성식품 앞,202601,473,493
광진구,3588.세종대학교(영실관),202601,179,180
광진구,3853. 어린이대공원역 2번출구,202601,609,541
광진구,3860. 건국대학교 정문 앞,202601,832,564
광진구,3863. 동일로58길 입구,202601,746,570
광진구,3864. 광진소방서 앞,202601,1259,764
광진구,3865. 이튼타워리버 2차,202601,835,829
광진구,3868. 자양한강도서관,202601,1610,1643
광진구,3873. 동서울우편집중국 앞,202601,613,618
광진구,3878. 장로회신학대학교 주기철 기념관,202601,10,13
광진구,3879. 중랑천 뚝방길 산책로 입구,202601,465,480
광진구,3880. 홍련봉 공원,202601,373,162
광진구,3881. 신자초교입구 교차로,202601,1969,1968
광진구,3882. 자양2동 주민센터,202601,975,967
광진구,3886.광진구 민방위교육센터,202601,808,750
광진구,3890. 웰츠타워 오피스텔,202601,1117,1167
광진구,3894. 노룬산시장 앞,202601,851,854
광진구,3899. 아차산역 2번출구,202601,543,542
광진구,3900. 건국대학교 신공학관,202601,652,771
광진구,500. 어린이대공원역 3번출구 앞,202601,939,859
광진구,501. 광진문화예술회관 앞,202601,1113,983
광진구,502. 자양(뚝섬한강공원)역 1번출구 앞,202601,2561,2875
광진구,505. 자양사거리 광진아크로텔 앞,202601,983,909
광진구,515. 광양중학교 앞,202601,255,182
광진구,5151.진넥스베르디엠 앞,202601,753,866
광진구,5152.이스트폴 105동 방면 입구,202601,347,201
광진구,5153.한강버스 뚝섬 선착장,202601,928,844
광진구,5154.광진구청 앞,202601,887,863
광진구,5155.광진경찰서 앞,202601,1125,1112
광진구,516. 광진메디칼 앞,202601,888,858
광진구,539. 군자교교차로,202601,596,588
광진구,540. 군자역 7번출구 베스트샵 앞,202601,905,905
광진구,542. 강변역 4번출구 뒤,202601,521,504
광진구,543. 구의공원(테크노마트 앞),202601,1188,1360
광진구,544. 광남중학교,202601,239,292
광진구,546. 잠실대교북단 교차로,202601,862,847
광진구,548. 자양나들목,202601,1082,976
광진구,549. 아차산역 3번출구,202601,1018,951
광진구,551. 구의삼성쉐르빌 앞,202601,983,1061
광진구,552. 대림아크로리버 앞,202601,417,466
광진구,553. 중곡 성원아파트 앞,202601,417,493
광진구,555. 구의3동주민센터,202601,193,186
광진구,571. 세종대학교 대양AI센터,202601,532,526
광진구,573. 구의문주차장 앞,202601,1092,1054
광진구,574. 아차산역4번출구,202601,992,621
광진구,575. 대원중고교 입구(대하빌딩),202601,276,215
광진구,576. 광나루역 3번 출구,202601,896,924
광진구,577. 광진청소년수련관,202601,675,700
광진구,584. 광진광장 교통섬,202601,1513,1148
광진구,588. 뚝섬 유원지역,202601,736,727
광진구,590. 건국대학교 (입학정보관),202601,661,853
광진구,591. 건국대학교 (행정관),202601,183,187
광진구,592. 건국대학교 학생회관,202601,597,737
광진구,593.자양중앙나들목,202601,754,751
구로구,1901. 신도림동주민센터 앞,202601,862,864
구로구,1904. 도림천역 1번 출구 앞,202601,931,921
구로구,1906. 신도림역 1번 출구 앞,202601,2216,2198
구로구,1907. 구일우성(아) 육교 밑,202601,752,749
구로구,1908. 해원리바파크 육교 밑,202601,1789,1755
구로구,1910. 낙원교회 맞은편,202601,260,217
구로구,1911. 구로디지털단지역 앞,202601,2686,2867
구로구,1912. 한신휴아파트 앞,202601,1048,1005
구로구,1914. 대림역4번출구,202601,1428,1424
구로구,1916. 구로중학교앞,202601,449,437
구로구,1920. 서울미래초등학교 사거리,202601,569,542
구로구,1924. 삼부르네상스파크빌,202601,850,289
구로구,1925. 동양미래대학교 정문 옆,202601,1449,1447
구로구,1928. 고척스카이돔구장 광장,202601,622,578
구로구,1929. 고척근린공원 고척도서관 앞,202601,506,419
구로구,1930. 개봉지구대 개봉치안센터,202601,292,293
구로구,1931. 개봉역2번출구 A,202601,558,740
구로구,1933. 개봉푸르지오아파트 상가,202601,839,835
구로구,1936. 개봉역 1번 출구 자전거보관서쪽,202601,420,479
구로구,1937. 한진아파트 입구,202601,575,556
구로구,1941. 오류동역 2번출구,202601,548,731
구로구,1943. 온수역 북측,202601,183,158
구로구,1946. 구로역 광장,202601,1591,1601
구로구,1951. 천왕이펜하우스 4단지 후문,202601,142,71
구로구,1952. 천왕연지타운2단지 앞,202601,616,947
구로구,1953. 천왕역 4번출구 뒤,202601,509,269
구로구,1955. 디지털입구 교차로,202601,1073,1210
구로구,1956. 동아1차APT105동 버스정류장(신도림중학교 방면),202601,946,948
구로구,1957. 구일고등학교 정문 ,202601,1039,1016
구로구,1958. 강서수도사업소민원센터,202601,802,808
구로구,1959. 구로구의회 앞,202601,920,1008
구로구,1960. 구로거리공원 동측(신도림역 방면),202601,547,538
구로구,1962. 가리봉동주민센터,202601,957,889
구로구,1964. 원메디타운 앞,202601,928,912
구로구,1965. 삼환로즈빌아파트 105동 옆,202601,426,422
구로구,1966. 한마을아파트 정문상가,202601,498,482
구로구,1967. 참새공원(백곡경노당),202601,234,212
구로구,1969. 궁동생태공원,202601,39,46
구로구,1971. 오정초교 앞 보도육교,202601,69,36
구로구,1973. 오리로와 서해안도로 교차로 앞,202601,213,148
구로구,1974. 신도림2차e편한세상아파트 203동 앞,202601,572,563
구로구,1975. 대림역 1번 출입구 밑,202601,842,860
구로구,1976. 남구로역 5번 출입구 앞,202601,501,212
구로구,1977. 천왕역 1번 출입구 앞,202601,798,627
구로구,1979. 구로1동우체국 앞,202601,145,127
구로구,1981. 천왕지구삼거리 앞,202601,356,409
구로구,1983. 구로동롯데아파트,202601,484,482
구로구,1985. 구로도서관,202601,1799,1651
구로구,1986. 태평양물산,202601,1275,1542
구로구,1987. 개봉아이파크아파트 앞,202601,467,458
구로구,1988. 고척LIGA아파트 앞,202601,910,909
구로구,1991. 오류동역 맞은편,202601,596,682
구로구,1992. 구로구배드민턴실내체육관 앞,202601,194,200
구로구,1993. 금강수목원아파트 앞,202601,309,287
구로구,1994. 삼성전자 물류센터 앞,202601,921,917
구로구,1996. 구일역 1번 출입구 앞,202601,717,714
구로구,1998. 고척교 교차로,202601,107,83
구로구,1999. 수궁동 성당 주변,202601,167,155
구로구,2000. 신도림4차 e편한세상 아파트 1109동 앞,202601,573,509
구로구,2801. 대륭포스트타워1차,202601,904,940
구로구,2804.항동지구 6단지 602동 앞,202601,62,94
구로구,2805.구로자원순환센터 ,202601,48,38
구로구,2806.항동지구 4단지 입구,202601,76,48
구로구,2807.항동지구 1단지 105동 앞,202601,69,64
구로구,2808.항동지구 2단지 202동 앞,202601,50,56
구로구,2809.항동지구 11단지 1103동 앞,202601,33,63
구로구,2810.항동지구 3단지 311동 앞,202601,49,61
구로구,2812.항동프라자,202601,145,162
구로구,2813.항동지구 3단지 302동 앞,202601,23,25
구로구,2814.항동지구 10단지 1001동 앞,202601,54,54
구로구,2815.항동지구 7단지 정문,202601,147,127
구로구,2816.항동지구 8단지 803동옆(주차장입구),202601,37,15
구로구,2817.천왕이펜하우스5단지 앞,202601,82,57
구로구,2818.천왕이펜하우스3단지 앞,202601,143,33
구로구,2819.하늘숲초등학교 앞,202601,610,847
구로구,2820.신세기아파트 앞,202601,376,395
구로구,2821.청구아파트 앞,202601,565,553
구로구,2822.제니스스포츠 앞,202601,325,300
구로구,2823.중앙유통단지 앞,202601,488,508
구로구,2824.미래사랑어린이공원 앞,202601,1616,1610
구로구,2825.초롱타운 앞,202601,211,217
구로구,2826.가마산지하보도 옆,202601,294,287
구로구,3902. 항동지구5단지 501동 앞,202601,79,78
구로구,3903. 현대아파트 앞,202601,273,297
구로구,3904. 테크노마트 앞,202601,1083,1072
구로구,3905. 희훈타워빌 앞,202601,947,915
구로구,3906. 천왕차량사업소 입구,202601,271,492
구로구,3907. 신도림7차e편한세상아파트 806동 앞,202601,551,482
구로구,3908. 오류동 다숲오피스텔 앞,202601,471,622
구로구,3910. 목양전원교회 앞 로터리,202601,131,128
구로구,3911. 항동하버리안2단지아파트 후문,202601,64,68
구로구,3912. 삼호아파트 앞,202601,334,311
구로구,3914. 신도림쌍용플래티넘노블아파트 앞,202601,1121,1060
구로구,3915. 동선아파트 앞,202601,101,124
구로구,3917. 성공회대학교,202601,152,107
구로구,3918. 이좋은집오피스텔 앞,202601,249,385
구로구,3919. 구로역·NC신구로점 버스정류장(구로역 방면),202601,877,884
구로구,3920. 개봉역2번출구 B,202601,218,216
구로구,3922. 서울남부교정시설 앞,202601,323,310
구로구,3923. 구로공구상가 앞,202601,134,160
구로구,3924. 오류동 계림웨스트밸리 앞,202601,66,55
구로구,3925. 중앙유통단지 앞 B,202601,423,500
구로구,3927. 구로월드아파트 앞,202601,765,836
구로구,3928.고척아이파크아파트 106동 앞,202601,469,476
구로구,3929. 고척아이파크아파트 205동 앞,202601,654,531
구로구,3930. 온수역 2번 출구 앞,202601,225,220
구로구,3931. 천왕역 3번 출구 뒤,202601,729,293
구로구,3932. 개봉센트레빌레우스아파트 앞,202601,97,88
구로구,3933. 오류동부골든아파트 후문 옆,202601,193,21
구로구,3934. 철도교통관제센터 정문 앞,202601,1459,1519
구로구,3935. 고대구로병원 앞,202601,650,636
구로구,3936. 힐스테이트 신도림역,202601,933,904
구로구,3937. 개봉역 신영지웰에스테이트,202601,57,34
구로구,3939.신도림역 3번출구,202601,3318,3660
금천구,1804. 독산역 2번출구 자전거주차장,202601,761,748
금천구,1805. 서울디지털운동장 앞,202601,506,499
금천구,1806. 에이스하이엔드타워9차 앞,202601,513,495
금천구,1808. 에이스하이엔드타워8차 앞,202601,667,745
금천구,1809. LG전자 별관동(호서대 벤처타워 맞은편),202601,604,644
금천구,1812. 갑을그레이트밸리 앞,202601,265,320
금천구,1814. 두산위브아파트 옆 상가건물 앞,202601,610,498
금천구,1819. 금천구청 앞 자전거거치대,202601,184,198
금천구,1820. 신한은행 시흥대로금융센터지점,202601,124,113
금천구,1821. 홈플러스 시흥점 맞은편 다비치안경 앞,202601,348,428
금천구,1823. W컨템포오피스텔앞,202601,164,111
금천구,1824. 독산근린공원 입구,202601,579,578
금천구,1825. 한신아파트 앞 육교 아래,202601,309,305
금천구,1826. 한신코아 앞,202601,139,178
금천구,1828. 독산동 한양수자인아파트 앞,202601,489,217
금천구,1829. 홈플러스 금천점 앞,202601,372,416
금천구,1830. 빅마켓 금천점 앞,202601,708,695
금천구,1831. 한국전력 구로금천지사 앞,202601,318,310
금천구,1833. 독산역 1번출구 A,202601,395,402
금천구,1834. 월드메르디앙 벤처센터 2차,202601,529,529
금천구,1835. STX V타워,202601,302,301
금천구,1836. 금천구립 독산도서관,202601,79,13
금천구,1839. 수출의 다리 아래,202601,363,438
금천구,1840. 솔브레인이엔지 뒤편,202601,304,324
금천구,1841. 가산동 주민센터,202601,753,727
금천구,1842. 한울중학교,202601,114,39
금천구,1843. 독산고등학교,202601,247,145
금천구,1846. 롯데캐슬골드파크1차 동문,202601,638,635
금천구,1847. 독산주공 14단지 버스정류소,202601,98,94
금천구,1848. 벽산 디지털밸리 5차,202601,646,847
금천구,1849. 대륭포스트타워5차,202601,272,354
금천구,1850. 코오롱테크노밸리,202601,168,264
금천구,1851. 가산디지털단지 9번출구 인근,202601,1146,1141
금천구,1853. 청년취업사관학교앞,202601,206,192
금천구,1854. 가산아네스트 오피스텔 앞,202601,337,99
금천구,1855. 성지아파트 옆 도로변,202601,49,50
금천구,1856. 모두의학교,202601,254,235
금천구,1857. 주공14단지,202601,100,96
금천구,"1858. 500번,507번 버스 종점 앞",202601,82,101
금천구,1859. 대륭테크노타운 18차,202601,281,345
금천구,1861.IBK기업은행 석수역 지점 앞,202601,63,78
금천구,1862.MD호텔 앞,202601,446,381
금천구,1863.위너스 스포츠클럽 골프연습장옆,202601,150,136
금천구,1864.산호시티빌 옆,202601,167,89
금천구,1865.금천구청앞(M빌딩),202601,241,284
금천구,1866.서울안천초등학교 옆,202601,103,94
금천구,1867.대륭포스트타워6차 앞,202601,2574,2883
금천구,1868.우리은행 시흥남자동화점 앞,202601,180,151
금천구,1869.롯데캐슬골드파크3차 301동 앞,202601,374,379
금천구,1870.독산3동주민센터 앞,202601,396,165
금천구,3956. 대륭테크노타운21차 앞,202601,346,345
금천구,3958. 롯데캐슬2차 마을버스 정류장(18804) 뒤편,202601,185,211
금천구,3959. 시흥사거리(시흥동 994-3 앞),202601,415,478
금천구,3963. 에이스 하드웨어(시흥대로 396) 앞,202601,493,492
금천구,3966. 독산역1번출구 B,202601,1214,1339
금천구,3967. 혜명양로원 담장 옆(2),202601,191,157
금천구,3969. 독산역 롯데캐슬 104동 앞,202601,554,468
금천구,3970. 시흥4동주민센터 앞,202601,123,96
금천구,3971. 순흥안씨묘 건너편,202601,11,11
금천구,3972. 산기슭공원 앞,202601,86,23
금천구,3973. 독산2동주민센터 앞,202601,152,100
금천구,3974.  안천중학교,202601,126,121
금천구,3975.현대시티아울렛 가산,202601,826,1129
금천구,3980. 금천현대홈타운 후문 서부샛길,202601,464,423
금천구,3983. 금천구청역 1번 출구,202601,629,770
금천구,3984. 가산롯데아이티캐슬,202601,638,666
금천구,3985. 디폴리스 지식산업센터,202601,436,495
금천구,3986.청년주택 독산동점,202601,329,334
금천구,3987. LG전자가산A와 가산테라타워 사이,202601,559,528
금천구,3988. 엘아르베뉴 102동 앞,202601,428,492
금천구,3989.가산디지털단지역 9번출구 앞,202601,694,706
노원구,1601. 석계역 문화광장 내 자전거 보관소,202601,1732,2032
노원구,1602. 광운대역 앞,202601,671,771
노원구,1605. 헬스케어,202601,424,528
노원구,1606. 태릉입구역 3번출구 ,202601,694,686
노원구,1608. 공릉역 1번 출구 앞,202601,1690,1753
노원구,1610. 화랑대역 2번출구 앞,202601,732,801
노원구,1611. 과기대 입구(우),202601,1077,1099
노원구,1616. 하계2동 공항버스정류장 옆,202601,322,326
노원구,1617. 하계동 중평어린이공원 앞,202601,1151,1166
노원구,1619. 중계동 하나프라자빌딩 앞(중1-1),202601,977,976
노원구,1625. 상계역 3번출구,202601,2228,2191
노원구,1627. 수락산역 4번출구,202601,496,495
노원구,1628. 노일초등학교 앞,202601,319,281
노원구,1630. 수연빌딩 앞,202601,538,547
노원구,1634. 당고개공원 대여소,202601,200,199
노원구,"1635. 상계3,4동 주민센터 대여소",202601,79,77
노원구,1636. 상계주공2단지 버스정류장 옆,202601,1056,1036
노원구,1637. KT 전화국 버스정류장 옆,202601,1700,1807
노원구,1639. 희성오피앙,202601,311,284
노원구,1640. 한내근린공원 북측,202601,412,442
노원구,1641. 한내근린공원 남측,202601,234,287
노원구,1642. 서울여대 남문,202601,248,196
노원구,1643. 태릉입구역 8번출구,202601,806,793
노원구,1646. 삼육대 입구,202601,90,84
노원구,1650. 중계근린공원내,202601,1655,1778
노원구,1651. 상계동 우방유쉘아파트 앞,202601,492,566
노원구,1652. 파르코 앞,202601,219,225
노원구,1653. 노원역1번출구,202601,1776,1776
노원구,1654. 당고개입구 오거리,202601,278,279
노원구,1655. 공릉1단지아파트,202601,1242,1263
노원구,1656. 중앙하이츠 아파트 입구,202601,1137,1155
노원구,1657. 노원구청 ,202601,1062,1132
노원구,1659. 중계동 을지중학교,202601,452,382
노원구,1660. 서울시립과학관,202601,193,129
노원구,1661. 당현천근린공원,202601,790,759
노원구,1662. 노원역7번출구,202601,1192,1260
노원구,1663. 동해문화예술관앞,202601,893,880
노원구,1664. 노해근린공원내,202601,573,539
노원구,1665. 양지근린공원앞,202601,637,456
노원구,1666. 노원소방서인근,202601,403,294
노원구,1667. 중계중학교,202601,954,805
노원구,1668. 중계역 6번출구,202601,1690,1815
노원구,1669. 중계역 3번출구,202601,1201,1222
노원구,1670. 노원경찰서교차로,202601,537,528
노원구,1671. 인덕대학교,202601,289,288
노원구,1672. 상계동수락리버시티,202601,207,224
노원구,1674. 서울북부고용센터앞,202601,1412,1445
노원구,1675. 월계문화체육센터,202601,75,49
노원구,1677. 육군사관학교  앞,202601,424,438
노원구,1679. 삼육대 도서관,202601,56,36
노원구,1680. 삼육대 제3과학관,202601,22,8
노원구,1681. 현대6차 아파트,202601,744,535
노원구,1682. 중계종합사회복지관 교차로,202601,321,317
노원구,1683. 노원문화예술회관,202601,828,820
노원구,1684. 태릉입구역 5번출구,202601,1339,1450
노원구,1685. 불암고등학교 앞 횡단보도,202601,562,568
노원구,1686. 상계주공10단지 종합상가 앞,202601,851,850
노원구,1688. 마들역 7번출구,202601,1140,1147
노원구,1689. 마들역 3번출구,202601,895,923
노원구,1690. 도봉운전면허시험장 버스정류장 옆,202601,429,423
노원구,1691. 노원정보도서관,202601,833,818
노원구,1692. 온곡초교 교차로,202601,771,516
노원구,1693. 원자력 병원,202601,198,104
노원구,1696.수락리버시티4단지,202601,234,230
노원구,1697.상계주공2단지 219동,202601,975,963
노원구,2901.공릉동풍림아파트 101동,202601,761,742
노원구,2902.공릉풍림아파트 108동,202601,644,617
노원구,2903.월계초안아파트 1단지,202601,268,276
노원구,2904.중계3차청구아파트,202601,744,741
노원구,2907. 월계중학교,202601,181,34
노원구,2908. 광운대학교 중앙도서관,202601,842,803
노원구,2909. 석계역 3번 출구,202601,492,582
노원구,2910.도깨비시장,202601,693,743
노원구,2911.상계역중앙시장,202601,588,574
노원구,2912.대진고등학교,202601,367,333
노원구,2913.상계8동 주민센터,202601,767,774
노원구,2914.서울과학기술대학교(미래관),202601,282,263
노원구,2915.서울과학기술대학교(어학교육원),202601,706,471
노원구,2917.신창중학교 후문 맞은편 버스정류장,202601,370,434
노원구,2919.등나무 근린공원(시립북서울미술관 앞) ,202601,1615,1630
노원구,2920.상계중학교(당현2교사거리),202601,500,488
노원구,2921.중계역 2번출구,202601,1254,1302
노원구,4002. 상계주공 14단지 상가 앞,202601,535,527
노원구,4004. 당고개입구오거리 당현천변,202601,579,582
노원구,4005. 중계2차 한화꿈에그린 101동 인근,202601,541,512
노원구,4007. 노원 을지대학교 병원,202601,757,868
노원구,4008. 하계 어린이 공원,202601,347,336
노원구,4009. 월계프라자,202601,246,62
노원구,4011. 월계 센트럴 아이파크,202601,387,671
노원구,4013. 중계 롯데마트,202601,1070,1055
노원구,4014. 불암산역 3번 출구,202601,254,241
노원구,4016. 노원 마들스타디움,202601,420,453
노원구,4017. 월계 청백1단지 아파트 정류장,202601,229,105
노원구,4018. 상계주공15단지 버스정류소,202601,435,425
노원구,4019. 상계주공10단지 버스정류소,202601,608,615
노원구,4020. 중계동 성모빌딩 앞 ,202601,971,971
노원구,4021. 중계본동 입구,202601,71,27
노원구,4023. 월계역 1번 출구,202601,375,449
노원구,4024. 꿈의숲 SK뷰 아파트,202601,596,538
노원구,4025. 한천교 동편,202601,280,279
노원구,4026. 상계주공1단지아파트,202601,1250,1182
노원구,4027. 한내 행복발전소 옆,202601,1048,1087
노원구,4028. 한일유앤아이아파트 105동 인근,202601,624,573
노원구,4029. 청소년수련관 후문,202601,1813,1795
노원구,4031. 청암예술학교 앞,202601,837,816
노원구,4032. 불암주유소 앞,202601,776,770
노원구,4033. 녹천역 4번 출구 옆,202601,187,178
노원구,4035. 휴플러스 수락한신아파트 101동 앞,202601,311,236
노원구,4036. 하계역 6번출구,202601,942,1076
노원구,4037. 물넘이교,202601,1263,1254
노원구,4039. 서울시 북부여성발전센터,202601,385,372
노원구,4040. 공릉로 26길,202601,246,265
노원구,4041. 공릉역3번출구,202601,972,1046
노원구,4042. 상계문화정보도서관,202601,473,471
노원구,4043. 상계주공13단지 1301동,202601,180,92
노원구,4044. 공릉산 백세문 입구,202601,43,42
노원구,4045. 은하수 공원,202601,308,347
노원구,5301. 상계주공1단지 버스정류장 옆(대원빌딩 앞),202601,1109,1120
노원구,5305. 대륜E&S 서울지사 앞,202601,277,257
노원구,5308. 상계신동아아파트,202601,15,15
노원구,5309. 월계 롯데캐슬아파트 뒤,202601,538,522
노원구,5310. 목련아파트,202601,341,322
노원구,5311. 주공601동 상가 노원지하보도 앞,202601,1362,1435
노원구,5313. 중계주공2단지 앞,202601,360,350
노원구,5314. 월계1동주민센터 앞,202601,396,449
노원구,5315. 불암산역 앞,202601,128,123
노원구,5317. 공릉동 신도1차 아파트 뒤,202601,547,575
노원구,5318. 극동의 푸른별 아파트 뒤(중계4동주민센터 앞),202601,373,362
노원구,5319. 연해피빌 앞,202601,559,554
노원구,5320. 국제 스케이트장,202601,24,22
노원구,5321.불암아파트 앞,202601,298,294
노원구,5322.노원성당 앞,202601,329,355
노원구,5323. 하계역 4번출구 앞,202601,628,644
노원구,5325.상계주공7단지 아파트 앞,202601,649,576
노원구,5326. 대진고교앞 교차로,202601,574,575
노원구,5327. 태릉선수촌 앞,202601,16,15
노원구,5328.롯데캐슬시그니처아파트 앞,202601,393,306
노원구,5329. 상계주공15단지 1509동 앞,202601,377,351
노원구,5330. 구립수락노인종합복지관,202601,431,446
노원구,5331. 공릉동 풍림아파트 112동 앞,202601,108,108
노원구,5332. 마들역 4번출구,202601,423,426
노원구,5333. 노원역9번-10번 출구 앞,202601,1527,1577
노원구,5334. 화랑대역 3번출구,202601,108,107
노원구,5335. 하계역 1번 출구,202601,363,362
노원구,5336. 월계 고등학교 앞,202601,110,69
노원구,5337. 태강릉 앞,202601,19,19
노원구,5338. 상계초교 입구 교차로,202601,562,573
노원구,5339. 은빛1단지 아파트 앞,202601,73,79
노원구,5341.공릉동효성아파트 앞,202601,399,380
노원구,5342. 상계공원 입구,202601,352,362
도봉구,1702. 녹천역 1번출구 앞,202601,345,386
도봉구,1703. 도봉산광역환승센터앞 ,202601,132,100
도봉구,1705. 도봉구청 정문앞,202601,647,648
도봉구,1706. 방학동우체국 건너편,202601,535,528
도봉구,1707. 도봉구민회관,202601,686,614
도봉구,1708. 도봉보건소사거리,202601,723,727
도봉구,1709. 쌍문역4번출구 주변,202601,441,429
도봉구,1713. 쌍문동 이안아파트 앞,202601,379,75
도봉구,1714. 도봉문화정보도서관 삼거리,202601,296,90
도봉구,1715. 서울특별시교육청도봉도서관,202601,243,212
도봉구,1716. 창동역 1번출구 건너편,202601,1364,1570
도봉구,1719. 신도봉사거리 버스정류장,202601,533,538
도봉구,1720. 도봉구청 옆(중랑천변),202601,594,612
도봉구,1722. 창동청소년수련관,202601,368,351
도봉구,1725. 창1동주민센터,202601,207,242
도봉구,1726. 삼익세라믹아파트교차로,202601,445,445
도봉구,1727. 서울도봉초등학교인근,202601,383,293
도봉구,1728. 서울북부지방법원,202601,164,135
도봉구,1729. 도봉한신아파트 버스정류장,202601,502,557
도봉구,1730. 도봉산역 교차로 앞,202601,62,67
도봉구,1731. 도봉고등학교 맞은편,202601,98,37
도봉구,1732. 방학역사거리,202601,346,365
도봉구,1733. 방학사거리 (봄마당 앞),202601,249,234
도봉구,1734. 쌍문현대1차아파트 108동 앞,202601,448,316
도봉구,"1735. 도봉역 1,2번 출구사이 건너편",202601,321,326
도봉구,1736. 버스정류장 앞,202601,222,195
도봉구,1737. 신창시장,202601,835,909
도봉구,1738. 창동주공17단지 상가앞,202601,681,678
도봉구,1741. 제일강산수산입구,202601,524,384
도봉구,1742. 북한산 코오롱 하늘채,202601,714,715
도봉구,1743.창동19단지아파트 관리사무소앞,202601,451,460
도봉구,1744.도봉소방서 옆,202601,948,957
도봉구,1749. ESA아파트 상가 앞,202601,509,520
도봉구,1750. 창포원 남쪽 입구,202601,225,278
도봉구,1751. 창원초등학교 교차로,202601,305,274
도봉구,1752. 창동 주공 4단지 입구 옆,202601,344,352
도봉구,1754. 창동시장입구 사거리,202601,358,311
도봉구,1756.서울북부광역등기국,202601,130,139
도봉구,1757.솔밭공원역 1번출구 앞,202601,165,159
도봉구,1758.솔밭공원역 1번출구 주변,202601,190,151
도봉구,1759.서울북부지방법원 앞,202601,220,222
도봉구,1761.방학중학교 앞,202601,106,69
도봉구,1762.북한산 한신휴플러스APT앞,202601,900,788
도봉구,1765.쌍문역 1번출구 주변,202601,491,482
도봉구,1767.방학초등학교 앞,202601,572,661
도봉구,1768.신동아타워 버스정류소,202601,288,317
도봉구,1770.도봉한신아파트 주변,202601,338,341
도봉구,1771.성원APT버스정류소,202601,505,291
도봉구,1772.시립도봉노인복지관 버스정류소,202601,292,274
도봉구,1774.정의여중고 버스정류소,202601,163,163
도봉구,1775.신원리베르텔 앞,202601,441,467
도봉구,4054. 창동한신아파트 버스정류소,202601,301,154
도봉구,4058. 다락원체육공원 전망대 입구,202601,149,140
도봉구,4062. 평화도봉공원 주변,202601,371,381
도봉구,4064. 신창아파트 입구 앞,202601,226,211
도봉구,4073.방아골종합사회복지관,202601,380,308
도봉구,4074. 도봉구육아종합지원센터(창동),202601,580,629
도봉구,4076. 도봉통합복지센터 뒤 중랑천 변,202601,488,507
도봉구,4077. 도봉제1교,202601,414,461
도봉구,4078. 원당공원 앞,202601,385,419
도봉구,4080. 창동주공19단지앞 ,202601,816,822
도봉구,4083.도봉아이나라도서관 앞,202601,280,309
도봉구,4084. 도봉동실내스포츠센터,202601,383,393
도봉구,4086. 도봉로 534,202601,225,158
도봉구,4087. 우이교 교차로,202601,484,503
도봉구,4088. 김근태도서관,202601,89,71
도봉구,4089. 동부센트레빌 앞,202601,635,695
도봉구,4090. 녹천교 앞 사거리,202601,503,479
도봉구,4091. 방학역2번출구,202601,750,847
도봉구,4092. 도봉경찰서 교차로,202601,338,298
도봉구,4094.도봉여성센터,202601,229,217
도봉구,4095. 방학브라운스톤아파트,202601,346,327
도봉구,4096.창동역2번출구 하나은행365 앞,202601,1343,2043
도봉구,4097.숭미파출소 사거리,202601,289,295
동대문구,4102. 휘경1동주민센터 앞,202601,484,485
동대문구,4103. 휘경sk뷰아파트 앞,202601,120,98
동대문구,4104. 외대앞역 교차로,202601,332,319
동대문구,4105. 서울교통공사사거리 교통섬,202601,472,388
동대문구,4107. 장안동근린공원 입구,202601,243,267
동대문구,4108. 답십리파크자이아파트 앞,202601,1578,1503
동대문구,4110. 용두롯데캐슬리치아파트 앞,202601,446,340
동대문구,4113. 한국국방연구원 앞,202601,532,546
동대문구,4114. 휘경여중고삼거리,202601,577,632
동대문구,4116. 이문e편한세상아파트 앞,202601,330,387
동대문구,4117. 휘경119안전센터 앞,202601,302,340
동대문구,4121. 서울문화재단 앞,202601,593,567
동대문구,4122. 청계9가교차로 앞,202601,1104,1133
동대문구,4123. 배봉초교 교차로,202601,360,392
동대문구,4128.  종암초등학교 뒤(새울센스빌),202601,369,266
동대문구,4131. 베네스트 오피스텔 앞,202601,948,948
동대문구,4132. 이문삼익아파트 앞,202601,120,96
동대문구,4133.래미안허브리츠아파트 앞,202601,429,363
동대문구,4134. 제기동 현대아파트 앞,202601,266,243
동대문구,4135. 삼성생명 앞,202601,1304,1346
동대문구,4136. 롯데캐슬SKY-L65 D동 앞,202601,793,824
동대문구,4137. 답십리역 4번출구,202601,2042,2345
동대문구,4138. 조일빌딩 앞,202601,511,527
동대문구,4139. 답십리 사거리,202601,547,558
동대문구,4140. 신설동역 4번출구,202601,680,779
동대문구,4141. 우리은행장안지점 앞,202601,1076,1095
동대문구,4142. 현대썬앤빌 앞,202601,1241,1380
동대문구,4143.서울동물복지지원센터 동대문,202601,524,679
동대문구,4144.시립대학교 박물관 앞,202601,178,136
동대문구,4145.청량리동 주민센터,202601,405,511
동대문구,4146.이삭어린이공원,202601,488,388
동대문구,4147.청량리역광장,202601,575,583
동대문구,600. 휘경2동 주민센터,202601,79,101
동대문구,602. 장안동 사거리,202601,1582,1757
동대문구,605. 신설동역8번출구,202601,651,711
동대문구,606. 서울반도체고 앞,202601,80,110
동대문구,607. 신이문역 2번출구,202601,362,336
동대문구,608. 전농삼성아파트,202601,170,151
동대문구,609. 제기2교,202601,542,588
동대문구,610. 동대문중 교차로,202601,740,661
동대문구,612. 시립동부병원 앞 사거리,202601,1257,1309
동대문구,613. 신설동역 10번출구 앞,202601,857,992
동대문구,614. 용두동 사거리,202601,1042,1033
동대문구,615. 용두동 래미안허브리츠아파트 앞,202601,1026,1162
동대문구,616. 서울시립대 정문 앞 A,202601,136,52
동대문구,617. 청솔우성아파트 앞,202601,439,432
동대문구,621. 전농초등학교 건너편,202601,340,245
동대문구,622. 전농사거리 교통섬,202601,436,656
동대문구,623. 서울시립대 정문 앞 B,202601,755,375
동대문구,624. 전농동 동아아파트 앞,202601,916,923
동대문구,626. 군자교 서측 녹지대,202601,785,712
동대문구,627. 장안동삼거리 교통섬,202601,554,601
동대문구,628. 휘봉고등학교 앞,202601,271,309
동대문구,630. 동대문구 보건소,202601,1168,1219
동대문구,631. 답십리역 1번출구,202601,1968,2331
동대문구,633. 청량리 기업은행 앞,202601,812,867
동대문구,634. 외국어대 정문 앞,202601,662,709
동대문구,635. 시조사 앞,202601,574,585
동대문구,636. 세종대왕기념관 교차로,202601,220,226
동대문구,637. KAIST 경영대학 앞,202601,454,315
동대문구,638. 서울시립대 정보기술관,202601,160,140
동대문구,639. 서울시립대 후문,202601,421,314
동대문구,640. 동대문경찰서 교차로,202601,420,556
동대문구,641. 용두역 4번출구,202601,678,769
동대문구,642. 신답역 사거리,202601,975,965
동대문구,643. 동대문구민체육센터 (육교아래),202601,1013,1108
동대문구,648. 장안동위더스빌옆,202601,1565,1471
동대문구,650. 중랑교사거리,202601,461,329
동대문구,652. 답십리 래미안엘파인아파트 입구,202601,367,345
동대문구,654. 전농동 텃골공원,202601,332,169
동대문구,656. 영휘원 교차로,202601,479,546
동대문구,657. 동대문롯데캐슬아파트 앞,202601,774,813
동대문구,661. 경희대학교 청운관,202601,291,280
동대문구,663. 외대앞역 3번출구,202601,994,1080
동대문구,664. 서울시립대 건설공학관,202601,133,106
동대문구,665.이문동 쌍용아파트 정문,202601,339,397
동대문구,666.이문대성유니드아파트 앞,202601,230,238
동대문구,667.청량차도 육교 밑,202601,386,169
동대문구,669.청계한신휴플러스앞 삼거리,202601,820,739
동대문구,670.삼육서울병원 버스정류장,202601,1201,1350
동대문구,671.대광빌딩,202601,175,168
동대문구,672.대광고등학교,202601,375,425
동대문구,673.안암골벽산아파트(후문),202601,454,384
동대문구,674.고대앞사거리 교통섬,202601,413,480
동대문구,676.FITI시험연구원 앞,202601,342,344
동대문구,678.장안힐스테이트(아) 앞,202601,638,852
동대문구,679.전농SK아파트 앞,202601,175,156
동대문구,680.꿈마루어린이도서관 앞,202601,521,483
동대문구,681.서울특별시 동부교육지원청(육교),202601,115,109
동작구,2002. 노들역 1번출구,202601,666,761
동작구,2003. 사육신공원앞,202601,405,402
동작구,2008. 노량진근린공원 대방공원,202601,209,114
동작구,2009. 보라매역 8번출구,202601,311,372
동작구,2012. 대림사거리(동작상떼빌아파트),202601,472,482
동작구,2013. 장승배기역 5번출구,202601,437,422
동작구,2015. 신대방삼거리역 6번출구쪽,202601,930,937
동작구,2016. 신대방삼거리역 3번출구쪽,202601,437,437
동작구,2020. 장승배기역2번출구뒷편쪽,202601,280,275
동작구,2024. 상도역 1번출구,202601,151,146
동작구,2025. 흑석역 1번출구,202601,388,483
동작구,2026. 흑석역 4번출구,202601,128,211
동작구,2027. 중앙대학교 정문 1,202601,101,150
동작구,2032. 이수역 11번출구쪽,202601,754,1309
동작구,2033. 사당동 아르테스 웨딩앞,202601,461,495
동작구,2034. 사당역 7번출구쪽,202601,338,336
동작구,2036. 정금마을 마을버스정류장,202601,383,380
동작구,2038. 동작역 7번출구,202601,270,244
동작구,2040. 비계 버스정류소,202601,78,38
동작구,2041. 사당중학교 버스정류소,202601,93,75
동작구,2048. 삼일초등학교 인근,202601,375,103
동작구,2050. 노량진역 5번출구,202601,808,1163
동작구,2054. 삼익아파트,202601,606,607
동작구,2056. 동작구민 체육센터,202601,586,567
동작구,2057. 상도 아이파크 아파트,202601,203,69
동작구,2058. 동작경찰서,202601,575,753
동작구,2059. 보라매공원 정문,202601,627,685
동작구,2060. 남성역3번출구 뒤,202601,731,711
동작구,2062. 사당새마을금고,202601,145,132
동작구,2064. 흑석한강푸르지오 106동앞,202601,32,16
동작구,2065. 서울시여성가족재단,202601,89,90
동작구,2066. 양문교회 앞,202601,643,718
동작구,2067. 보라매역․동작세무서 버스정류장(강남중학교방면),202601,655,751
동작구,2068. 총신대 앞(육교),202601,126,31
동작구,2069. 숭실대 입구역3번 출구 앞,202601,257,205
동작구,2070. 노량진역 2번 출구 앞,202601,418,467
동작구,2071. 대림아파트 후문 상가 옆,202601,452,54
동작구,2077.노들역 3번출구,202601,256,337
동작구,2078.흑석 아크로리버하임(103동),202601,94,14
동작구,2079.중앙대학교 중앙광장,202601,52,69
동작구,2080. 대방지하보도(대방동경남아너스빌아파트),202601,456,497
동작구,2082.7호선 이수역7번출구,202601,478,468
동작구,2083.흑석롯데캐슬에듀포레(107동),202601,195,208
동작구,2084.e편한세상 상도노빌리티 앞,202601,272,239
동작구,2085.강남중학교 앞,202601,455,414
동작구,2086.삼일수영장 앞,202601,561,354
동작구,2088.상도중앙하이츠빌 입구,202601,124,98
동작구,2089.사당역10번출구(금강빌딩),202601,336,554
동작구,2090.기아자동차 사당점 앞,202601,452,486
동작구,2091. 이수역9번출구,202601,423,545
동작구,2092.흑석한강푸르지오(110동),202601,143,23
동작구,2093.상도SH빌아파트 입구,202601,104,21
동작구,2094.숭실대학교(중문) ,202601,172,20
동작구,2095.경문고등학교 앞,202601,324,358
동작구,2096.서울특별시 동작관악교육지원청,202601,52,17
동작구,237. 보라매 두산위브 건너편,202601,1028,1028
동작구,4152. 상도효성해링턴플레이스,202601,178,130
동작구,4153. 흑석동효사정앞,202601,130,98
동작구,4158. 노량진근린공원,202601,44,28
동작구,4162. 노량진1동 청소년독서실,202601,132,13
동작구,4167. 구로교 아래,202601,516,378
동작구,4169. 신대방삼거리,202601,516,516
동작구,4173. 중대후문 마을버스정류장,202601,174,152
동작구,4175. 대방역2번출구,202601,269,325
동작구,4177. 롯데캐슬 101동 앞,202601,126,69
동작구,4178. 이수성결교회 옆,202601,67,68
동작구,4179. 보라매병원역 1번출구,202601,788,778
동작구,4180. 흑석동주민센터 입구,202601,49,98
동작구,4181. 보라매공원역 2번출구,202601,476,476
동작구,4182.보라매병원역 2번출구,202601,1022,1065
마포구,102. 망원역 1번출구 앞,202601,1306,1468
마포구,103. 망원역 2번출구 앞,202601,736,953
마포구,104. 합정역 1번출구 앞,202601,661,514
마포구,105. 합정역 5번출구 앞,202601,321,212
마포구,106. 합정역 7번출구 앞,202601,590,539
마포구,107. 수협 연남동지점,202601,644,760
마포구,108. 서교동 사거리,202601,428,506
마포구,111. 상수역 2번출구 앞,202601,468,455
마포구,113. 홍대입구역 2번출구 앞,202601,2511,3361
마포구,114. 홍대입구역 8번출구 앞,202601,577,654
마포구,118. 광흥창역 2번출구 앞,202601,265,264
마포구,119. 서강나루 공원,202601,556,564
마포구,120. 신수동 사거리,202601,217,233
마포구,121. 마포소방서 앞,202601,331,346
마포구,122. 신성기사식당 앞,202601,372,369
마포구,124. 서강대 정문 건너편,202601,546,465
마포구,126. 서강대 후문 옆,202601,266,277
마포구,127. 현대벤처빌 앞,202601,130,67
마포구,129. 신촌역(2호선) 6번출구 옆,202601,235,232
마포구,130. 신촌역(2호선) 7번출구 앞,202601,753,830
마포구,142. 아현역 4번출구 앞,202601,317,352
마포구,143. 공덕역 2번출구,202601,474,681
마포구,145. 공덕역 5번출구,202601,528,889
마포구,146. 마포역 2번출구 뒤,202601,671,746
마포구,147. 마포역 4번출구 뒤,202601,746,1057
마포구,148. 용강동 주민센터 앞,202601,482,496
마포구,150. 서강대역 2번출구 앞,202601,395,424
마포구,153. 성산2교 사거리,202601,951,977
마포구,154. 마포구청역 ,202601,1009,1296
마포구,155. 가좌역1 번출구 앞,202601,810,826
마포구,156. 서울서부지방법원 앞,202601,436,547
마포구,157. 애오개역 4번출구 앞,202601,714,803
마포구,181. 망원초록길 입구,202601,120,109
마포구,182. 망원2빗물펌프장 앞,202601,220,185
마포구,183. 하늘채코오롱아파트 건너편,202601,1287,1056
마포구,184.망원우체국사거리 인근,202601,964,1196
마포구,185. 마포 신수공원 앞,202601,426,281
마포구,186. 월드컵공원,202601,499,481
마포구,199. 서울 월드컵 경기장,202601,316,234
마포구,3002.벽산상암스마트큐브 ,202601,870,874
마포구,3003.래미안신공덕3차아파트,202601,55,34
마포구,3005.마포구청 청사내,202601,178,158
마포구,3006. 상암월드컵파크5단지(상암중학교),202601,248,240
마포구,3007.MBC 앞,202601,331,367
마포구,3008.DMC역7번출구,202601,376,246
마포구,3009. 홍대입구역 사거리,202601,626,726
마포구,3010.홍대입구역 3번출구,202601,1402,1501
마포구,400. 상암한화오벨리스크 1차 앞,202601,532,532
마포구,401. 상암월드컵파크 10단지 앞,202601,471,467
마포구,402. 상암월드컵파크 9단지 앞,202601,351,335
마포구,403. 부엉이공원 앞,202601,559,188
마포구,405. DMC빌 앞,202601,308,314
마포구,406. 상암월드컵파크 7단지 앞,202601,291,269
마포구,407. 마포구 육아종합지원센터,202601,505,550
마포구,408. LG CNS앞,202601,468,483
마포구,409. 누리꿈스퀘어 옆,202601,910,1019
마포구,410. 상암중학교 옆,202601,86,34
마포구,411. DMC홍보관,202601,604,645
마포구,412. DMC산학협력연구센터 앞,202601,739,746
마포구,413. 상암월드컵파크 3단지 후문,202601,240,218
마포구,414. 상암동주민센터 옆,202601,1019,1206
마포구,415. DMC역 9번출구 앞,202601,1665,1631
마포구,416. 상암월드컵파크 1단지 교차로,202601,332,143
마포구,417. DMC역 2번출구 옆,202601,821,825
마포구,418. 월드컵경기장역 3번출구 옆,202601,173,150
마포구,419. 홈플러스 마포점 앞,202601,1217,1047
마포구,420. 서울시 공공자전거 상암센터,202601,237,195
마포구,4202. 프런트원(공덕역4번출구 앞),202601,357,398
마포구,4206. 광흥창역5번출구,202601,230,217
마포구,4207. 아만티호텔 앞,202601,573,762
마포구,4208. 스타벅스(동교동) 앞,202601,439,497
마포구,421. 마포구청 앞,202601,850,862
마포구,4210. 가좌행복주택 앞,202601,670,602
마포구,4211. 시석빌딩 앞,202601,281,277
마포구,4212. 한화오벨리스크 앞,202601,328,286
마포구,4213. 마포구중앙도서관 정문 앞,202601,1429,1319
마포구,4214. JTBC 앞,202601,551,578
마포구,4216. 망원정 앞,202601,320,338
마포구,4217. 한강공원 망원나들목,202601,1037,1260
마포구,4218. 디지털매직스페이스,202601,883,1022
마포구,422. 문화비축기지,202601,82,101
마포구,4220. 신촌 청년주택,202601,547,564
마포구,4221. 솔리스타오피스텔(공덕동주민센터),202601,368,32
마포구,4222. 서울디자인고등학교 앞,202601,419,578
마포구,4224. 서부운전면허시험장,202601,327,372
마포구,4226. 마포프레스티지자이 1,202601,519,485
마포구,4233. 코오롱아파트사거리,202601,1508,1660
마포구,4234. 에스테반,202601,248,79
마포구,4238. 상암한샘빌딩앞,202601,499,505
마포구,424. 롯데하이마트 (상암월드컵점) ,202601,104,134
마포구,4240. 아현문화건강센터,202601,113,21
마포구,4244. 당인리발전소 공원 앞,202601,579,608
마포구,4246. 상수역새마을금고,202601,191,189
마포구,4247. 서울서부지방법원등기국앞,202601,114,117
마포구,4248. 신촌 교보빌딩,202601,180,143
마포구,425. DMC첨단산업센터,202601,192,198
마포구,426. 서울신용보증재단,202601,568,697
마포구,427. 성산시영아파트,202601,627,726
마포구,432. 마포중앙도서관,202601,70,15
마포구,436. 이대역 5번출구,202601,405,74
마포구,437. 대흥역 1번출구,202601,444,505
마포구,438. 성산2-1 공영주차장,202601,772,552
마포구,440. 하늘공원 입구,202601,132,114
마포구,488.푸르메병원,202601,707,722
마포구,489.구룡근린공원,202601,248,169
마포구,490.가온문화공원,202601,865,862
마포구,491.월드컵파크 4단지,202601,133,112
마포구,493.홍대입구역 6번출구,202601,654,719
마포구,494.신수동주민센터,202601,210,214
마포구,495.염리초등학교 앞,202601,360,497
마포구,497.합정동주민센터 앞,202601,877,581
마포구,498.연남동주민센터 앞,202601,1038,1108
마포구,5503. 마포아트센터 앞,202601,760,738
마포구,5504.아현교회,202601,177,37
마포구,5506. 월드컵참누리아파트,202601,492,461
마포구,5507. 아현래미안푸르지오아파트 104동 앞,202601,153,29
마포구,5508. 성산유수지공원,202601,544,556
마포구,5509.신석초교 앞,202601,412,482
마포구,5513. 마포음식문화거리,202601,317,330
마포구,5514.공덕역 1번출구,202601,605,726
마포구,5515.한강버스 망원 선착장,202601,1203,1103
서대문구,115. 마스타 빌딩 앞,202601,412,287
서대문구,117. 홍은사거리,202601,1052,1058
서대문구,123. 문화촌 공원,202601,735,722
서대문구,128. 신촌역(2호선) 1번출구 옆,202601,340,516
서대문구,131. 증산2교,202601,656,697
서대문구,133. 해담는다리,202601,672,776
서대문구,134. 연세로 명물길,202601,236,303
서대문구,135. 명물길 원형무대 앞,202601,241,271
서대문구,137. 신촌기차역입구 교차로,202601,170,110
서대문구,138. 신촌동 제1공영주차장 앞,202601,225,225
서대문구,139. 연세대 정문 건너편,202601,151,98
서대문구,140. 이화여대 후문,202601,270,270
서대문구,141. 연대 대운동장 옆,202601,273,159
서대문구,159. 이대역 4번 출구,202601,226,94
서대문구,160. 북아현동 가구거리,202601,214,153
서대문구,161. 무악재역1번 출구,202601,71,61
서대문구,162. 봉원고가차도 밑,202601,383,69
서대문구,163. 명지전문대학교 정문 앞,202601,200,201
서대문구,164. 북가좌1동 주민센터 ,202601,259,168
서대문구,165. 중앙근린공원,202601,550,442
서대문구,166. 가재울 초등학교,202601,642,636
서대문구,167. 연가초등학교 옆,202601,326,42
서대문구,169. 북가좌 삼거리,202601,280,246
서대문구,170. DMC파크뷰자이아파트 302동 앞,202601,355,343
서대문구,171. 임광빌딩 앞,202601,213,207
서대문구,173. 서대문역 8번출구 앞,202601,145,145
서대문구,175. 홍연2교옆,202601,505,510
서대문구,176. 명지대학교 도서관,202601,771,787
서대문구,177. 북가좌 초등학교,202601,316,346
서대문구,178. 증산3교 앞,202601,637,649
서대문구,179. 가좌역 4번출구 앞,202601,991,1002
서대문구,180. 충정로역 7번출구 아래,202601,331,210
서대문구,188. 홍은동 정원여중 입구,202601,376,371
서대문구,191. 서우빌딩,202601,429,552
서대문구,192. 연서어린이공원,202601,296,299
서대문구,194. 증산교 앞,202601,688,735
서대문구,195. 모래내고가차도 ,202601,372,334
서대문구,196. 연희교차로 인근,202601,188,172
서대문구,198. 충정2교,202601,226,211
서대문구,3100. 북성초교,202601,108,109
서대문구,3101. 서대문구청,202601,138,82
서대문구,3102. 연희삼거리,202601,412,392
서대문구,3103. 홍제삼거리 북측,202601,398,397
서대문구,3104. e편한세상 신촌4단지 앞,202601,268,342
서대문구,3105. 홍은센트레빌 아파트 앞,202601,158,62
서대문구,3109.북한산더샾 106동 앞,202601,106,93
서대문구,3110.홍은 현대아이파크 아파트 202동 앞,202601,237,237
서대문구,3111.무악재역 4번 출구,202601,89,87
서대문구,3113. 독립문 앞,202601,334,262
서대문구,3114.충정로역 3번 출구,202601,231,140
서대문구,3115.북아현 치안센터 인근,202601,353,259
서대문구,3116.신촌역 4번출구,202601,312,317
서대문구,3117.이화여대 인문관 인근,202601,89,88
서대문구,3119.연희 브라운스톤 아파트 앞,202601,571,563
서대문구,3120.DMC엘가아파트 앞,202601,600,547
서대문구,3121.가좌삼거리,202601,650,645
서대문구,3122.북가좌삼거리2,202601,362,348
서대문구,3123.DMC파크뷰자이1단지 110동 앞,202601,403,407
서대문구,3125.연희파크푸르지오아파트 앞,202601,588,568
서대문구,3127.홍은2파출소 옆,202601,268,269
서대문구,3128.동신병원 맞은편,202601,450,449
서대문구,3129.DMC래미안e편한세상203동옆,202601,394,378
서대문구,3130.가재울사거리,202601,362,189
서대문구,3131.연가교 교차로,202601,534,433
서대문구,3132.홍제교,202601,211,215
서대문구,3134.SK리쳄블(서울아리수본부),202601,198,153
서대문구,4253. 홍은도담도서관,202601,268,268
서대문구,4255. 래미안 루센티아 아파트 108동 앞,202601,438,261
서대문구,4264. 홍남교 버스정류장,202601,251,251
서대문구,4266.국민연금공단충정로사옥,202601,185,171
서대문구,4267. 서대문역 2번 출구,202601,561,581
서대문구,4269. 연희IC 남측,202601,327,313
서대문구,4270. 우국한마음 아파트 맞은편,202601,594,593
서대문구,4271. 충정로역 1번 출구,202601,155,49
서대문구,4272. 홍남교 사거리,202601,515,553
서대문구,4273. 홍연2교 사거리,202601,391,391
서대문구,4274. 신촌 파랑고래 입구,202601,308,359
서대문구,4275.농협생명본사빌딩 서관,202601,301,354
서대문구,4277. 서대문우체국 정류소 옆,202601,172,156
서대문구,4278. 홍은2동주민센터,202601,202,201
서대문구,4280.북가좌2동 주민센터,202601,269,275
서대문구,4281.명지대사거리,202601,416,350
서초구,2202.청계산입구역 1번출구,202601,683,676
서초구,2203. 청계산입구역 2번출구,202601,161,77
서초구,2205. 내곡3단지 어린이공원 앞,202601,359,323
서초구,2206. 언남초등학교 앞,202601,349,367
서초구,2207. 내곡파출소 뒤 정자,202601,67,65
서초구,2210. 반포1동 주민센터 앞,202601,154,110
서초구,2211. 서초구립반포도서관 앞,202601,662,666
서초구,2212.서초현대4차아파트 201동 맞은편,202601,424,431
서초구,2213. 고속터미널역 5번출구 앞,202601,556,443
서초구,2214. 신반포역 2번출구 앞,202601,302,366
서초구,2215. 반포종합운동장 입구,202601,250,271
서초구,2217.아크로리버뷰 부지 앞,202601,609,682
서초구,"2219. 고속터미널역 8-1번, 8-2번 출구 사이",202601,1137,1141
서초구,2221. 방일초교 마을버스 정류장,202601,448,568
서초구,2222.사당역 12번출구 뒤,202601,798,1064
서초구,2223. 방배래미안 정문 앞,202601,117,139
서초구,2225.백석예술대학교 제3캠퍼스 앞,202601,57,31
서초구,2226. 신동아럭스빌아파트 앞,202601,112,12
서초구,2227.방배열린문화센터 앞,202601,403,406
서초구,2228.뒷벌공원 옆,202601,998,1027
서초구,2229.로고스교회 맞은 편,202601,290,287
서초구,2230.이수역 4번 출구,202601,730,792
서초구,2231. 삼성타운(삼성생명) A동 맞은편,202601,737,819
서초구,2233. 서초신동아1차아파트 옆,202601,263,248
서초구,2235.KT 서초지사 앞,202601,108,53
서초구,2237.서울남부터미널 대합실 입구,202601,333,277
서초구,2239.교대역 6번출구,202601,361,369
서초구,2241.양재전화국 사거리,202601,374,288
서초구,2242.양재역 10번 출구 앞,202601,404,401
서초구,2243.서울가정법원,202601,209,115
서초구,2244. 말죽거리공원 사거리,202601,477,544
서초구,2245.양재초등학교 맞은편,202601,274,299
서초구,2246. 서울시 품질시험소 앞,202601,352,364
서초구,2247.섬들근린공원,202601,443,434
서초구,2248. 서초리슈빌S 글로벌 앞,202601,136,139
서초구,2249. 우솔초등학교 맞은편,202601,71,73
서초구,2250. 서초유치원 맞은편,202601,326,325
서초구,2251. 더케이호텔 입구(양재2) ,202601,401,418
서초구,2252. 잔디마을 마을버스 정류장,202601,796,668
서초구,2255. 양재시민의숲역 1번출구,202601,842,982
서초구,2256.양재동 꽃시장 입구,202601,143,158
서초구,2257. 청계산 입구 삼거리,202601,72,80
서초구,2258.구룡사 삼거리,202601,203,78
서초구,2259. 잠원역 3번-4번 출구사이 ,202601,702,854
서초구,2263. 바우뫼문화복지회관,202601,245,277
서초구,2264. 이수역 1번출구,202601,1053,1127
서초구,2265. 이수고가차도 남단,202601,590,700
서초구,2266. 서초역 3번출구,202601,410,425
서초구,2269. 주홍교 하부,202601,88,43
서초구,2270. 서초포레스타 7단지,202601,137,120
서초구,2271. 내방역 8번출구 앞,202601,331,325
서초구,2272. 교대입구 교차로,202601,210,224
서초구,2273. 일동제약 사거리,202601,209,267
서초구,2274. 양재시민의숲역 3번출구,202601,904,918
서초구,2276. 영동1교 (양재천근린공원),202601,322,332
서초구,2277. 길마중4교 하부,202601,359,473
서초구,2279. 교대역 5번출구뒤,202601,657,746
서초구,2280. 서울서초고용센터앞,202601,270,229
서초구,2281. 서울교통공사 사당별관 건너편,202601,147,134
서초구,2283. 그룹한빌딩옆,202601,186,50
서초구,2284. CJ오쇼핑앞,202601,146,23
서초구,2285. LH서초3단지 301동 맞은편,202601,95,80
서초구,2286. 탑성마을입구,202601,9,1
서초구,2287. 능안마을입구,202601,33,11
서초구,2288. 안골마을입구,202601,35,19
서초구,2289. 남태령역 2번출구,202601,66,13
서초구,2293. SPC 앞,202601,293,271
서초구,2294. 두상빌딩 앞,202601,662,651
서초구,2297. 남부터미널역 1번출구,202601,251,215
서초구,2299. 한전아트센터 앞,202601,346,344
서초구,2501. 서초 포레스타5단지,202601,231,242
서초구,2502. 서초역1번출구 앞,202601,275,228
서초구,2503. 반포1동 서초빌딩 앞,202601,377,395
서초구,2504. 신사역 4번출구 뒤,202601,431,337
서초구,2505. 우성아파트사거리 (기업은행앞),202601,389,436
서초구,2506. LG유플러스 (방배사옥),202601,57,10
서초구,2509. 심산기념문화센터,202601,313,310
서초구,2510. JW타워,202601,246,104
서초구,2511. 이수역 6번출구 앞,202601,389,417
서초구,2514.사평역 2번출구,202601,406,369
서초구,2515.서초초등학교 후문,202601,542,560
서초구,2516.본마을 노인복지센터 앞,202601,56,138
서초구,2517. 서초그랑자이 앞,202601,282,296
서초구,2518. 서초동 현대아파트 앞,202601,299,288
서초구,2519.서초2교(사임당로 방면),202601,100,98
서초구,2520.서초1교 (진흥아파트 방면),202601,230,215
서초구,2521.서초 크로바타워 앞,202601,302,337
서초구,2523.뉴코아 킴스클럽 앞,202601,401,411
서초구,2524.반포쇼핑타운 8동 앞,202601,275,294
서초구,2525.반포쇼핑타운 2동 앞,202601,685,710
서초구,2529.우리은행 방배동지점 앞,202601,319,360
서초구,2530.삼호3차아파트 앞,202601,446,449
서초구,2531.멤피스아파트 앞,202601,918,920
서초구,2532.국립국악원 앞,202601,66,10
서초구,2533.한가람미술관 앞,202601,90,86
서초구,2535.신반포역 3번출구 뒤,202601,174,177
서초구,2536.서초AICT 우수기업센터 앞,202601,106,91
서초구,2537.양재역 8번출구 앞,202601,643,449
서초구,2538.사평리근린공원,202601,257,280
서초구,2539.대한무역투자진흥공사 KOTRA 앞,202601,566,561
서초구,2540.반포천 앞,202601,544,584
서초구,2541.옛골 입구,202601,31,6
서초구,2542.신논현타워 앞,202601,508,495
서초구,2545.국립중앙도서관(국제회의장옆),202601,197,58
서초구,2547. 반포래미안 리오센트,202601,347,356
서초구,2548.반포1동 자율방범초소 옆,202601,172,54
서초구,2549.호반써밋서초파크 403동,202601,211,213
서초구,2550.양재동 꽃시장 건너편,202601,503,516
서초구,4303. 매헌역 2번출구앞광역버스 정류장앞(22-297),202601,514,562
서초구,4304. 서울고앞,202601,98,81
서초구,4305. 서일스포츠센터,202601,88,82
서초구,4306. 서래공원 앞,202601,306,328
서초구,4307. 고투몰 gate 15옆,202601,408,440
서초구,4309. 서초케이타운앞,202601,59,57
서초구,4310. 염곡동(염통골) 입구,202601,97,96
서초구,4312. 반포미도2차아파트 옆,202601,292,283
서초구,4313. 반포종합운동장,202601,196,202
서초구,4315. 이투스교육 앞,202601,177,172
서초구,4316. 고속터미널역 3번출구,202601,306,201
서초구,4317. 양재근린공원,202601,597,715
서초구,4318. 방배역 2번 출구,202601,348,420
서초구,4319. 삼성전자R&D어린이집 뒤,202601,149,29
서초구,4320. 비석공원,202601,321,397
서초구,4322.서울추모공원 입구,202601,15,26
서초구,4323. 내곡도서관,202601,50,73
서초구,4324. 세화고등학교,202601,77,84
서초구,4327. 몽마르뜨공원입구,202601,123,14
서초구,4329. SC제일은행 양재동지점 앞,202601,362,248
서초구,4332. 이수교차로,202601,464,481
서초구,4333. 서울고등학교 건너편,202601,108,112
서초구,4334. 인재개발원 데이터센터,202601,56,17
서초구,4336. 서울교육청 교육연수원 앞,202601,85,25
서초구,4337. 우면산등산로 입구,202601,35,4
서초구,4338.새정이마을버스정류장 앞,202601,5,3
서초구,4340. 방배래미안아트힐아파트 앞,202601,176,14
서초구,4341. 영동1교 북단,202601,255,257
서초구,4343. 헌인릉 입구,202601,27,21
서초구,4344. 양재대로(구룡지하차도 앞),202601,216,154
서초구,4345. 반포역 4번출구,202601,261,309
서초구,4346.장학재단빌딩 앞,202601,248,70
서초구,4347. 논현지하보도,202601,497,466
서초구,4348. 사당역 1번출구,202601,29,169
서초구,4349.삼성화재서초타워,202601,709,783
서초구,4350.누리숲어린이공원 앞,202601,413,443
서초구,4351.서울AI허브 앞,202601,218,212
서초구,5601.감정평가사회관앞,202601,72,36
서초구,5602.래미안신반포리오센트 후문,202601,207,271
성동구,3511. 응봉역 1번출구,202601,802,887
성동구,3513. 상왕십리역 1번출구,202601,1237,585
성동구,3514. 왕십리교회옆,202601,1146,1155
성동구,3515. 서울숲 관리사무소,202601,173,170
성동구,3525. 금호스포츠센터앞,202601,248,247
성동구,3527. 왕십리 자이아파트(101동 앞),202601,37,7
성동구,3530. 왕십리자이아파트 후문(삼거리),202601,167,128
성동구,3531. 논골사거리(금호도서관 입구),202601,114,14
성동구,3532. 왕십리KCC스위첸아파트,202601,167,108
성동구,3544.한양대역 3번 출구,202601,534,497
성동구,3545.한양대역 1번출구,202601,246,226
성동구,3547.상왕십리역 6번 출입구,202601,402,207
성동구,3548.뚝섬역 6번출구,202601,1006,1000
성동구,3549.건영아파트 앞,202601,1104,1072
성동구,3550.금호나들목,202601,328,338
성동구,3551.성동도로사업소,202601,591,563
성동구,3552.서울숲 공영주차장앞,202601,71,65
성동구,3553.마장역3번출구,202601,286,352
성동구,3555.양지사거리(센트라스APT 115동앞),202601,78,77
성동구,3556.신금호파크자이APT앞,202601,138,15
성동구,3557.서울숲리버뷰자이APT105동 앞,202601,306,281
성동구,3558.마장동 금호어울림APT앞,202601,440,293
성동구,3559.성동구민종합체육센터 앞,202601,470,689
성동구,3560.성동구 견인차량 보관소 앞,202601,873,764
성동구,3561.행당동 삼부APT후문,202601,102,90
성동구,3600.사근빗물펌프장 건너편,202601,962,979
성동구,4353. 코오롱디지털타워 3차앞,202601,830,933
성동구,4360. 르노삼성자동차 성수사업소 앞,202601,512,527
성동구,4362. 행당중학교 후문,202601,84,108
성동구,4363. 신금호역 2번출구 앞,202601,24,21
성동구,4367. kt 행당빌딩 앞,202601,308,460
성동구,4370. 성동교 사거리,202601,313,255
성동구,4373. 서울숲 지식산업센터,202601,1282,1293
성동구,4377. 우영테크노센터 앞,202601,853,1070
성동구,4381. 더스페이스타워 앞,202601,479,475
성동구,4382. 페코텍글로벌허브빌딩 앞,202601,1478,1687
성동구,4383. 푸조비즈타워 앞,202601,1270,1759
성동구,4385. 용답동 우체국 주변,202601,776,778
성동구,4386. 현대자동차 동부서비스센터 주변,202601,641,521
성동구,4387. 성수역 1번출구 주변,202601,773,901
성동구,4389. 서울숲역3번출구,202601,80,73
성동구,4390. 신답역 1번출구,202601,237,317
성동구,4393. 상원삼거리 장안철교 아래,202601,589,648
성동구,4394.서울시립24시간게스트하우스,202601,586,684
성동구,4396. 마장축산물시장 서문 인근,202601,276,295
성동구,4397. 마장축산물시장 북문 건너편,202601,518,641
성동구,4398. 유원지식산업센터 앞,202601,724,686
성동구,4399. 더리브 세종타워 앞,202601,899,1037
성동구,4401.뚝섬유수지 공영주차장,202601,318,301
성동구,506. 금호 어울림 아파트 앞,202601,476,533
성동구,508. 성수아카데미타워 앞,202601,3027,2721
성동구,510. 뚝도아리수정수센터 버스정류소 옆,202601,151,183
성동구,511. 서울숲역 5번 출구 옆,202601,462,543
성동구,512. 뚝섬역 1번 출구 옆,202601,1047,910
성동구,513. 뚝섬역 5번 출구 정류소 옆,202601,658,620
성동구,514. 성수사거리 버스정류장 앞,202601,1489,1676
성동구,518. 청계천 박물관 앞,202601,263,250
성동구,519. 양지사거리,202601,413,400
성동구,520. 상왕십리역 4번 출구 앞,202601,423,402
성동구,521. 왕십리역 11번 출구 앞,202601,602,626
성동구,522. 금호역 1번출구 앞,202601,70,73
성동구,523. 옥수동성당 옆,202601,62,31
성동구,524. 래미안금호하이리버 아파트 102동 옆,202601,121,99
성동구,525. 한양대병원사거리,202601,389,357
성동구,526. 용답토속공원 앞,202601,495,572
성동구,529. 장한평역 8번 출구 앞,202601,3022,2870
성동구,530. 청계벽산아파트 앞,202601,679,698
성동구,533. 금남시장 교차로,202601,143,203
성동구,534. 금호사거리,202601,93,103
성동구,535. 응봉삼거리,202601,271,109
성동구,536. 행당역 2번출구 앞,202601,295,306
성동구,537. 한양대후문역 부근,202601,405,397
성동구,550. 서울시설공단 앞,202601,785,834
성동구,556. 달맞이공원,202601,22,28
성동구,557. 도선동 주민센터 앞,202601,726,866
성동구,558. 성동광진 교육지원청 앞,202601,645,691
성동구,559. 왕십리역 4번 출구 건너편,202601,734,768
성동구,560. 비전교회 앞,202601,995,1003
성동구,561. 서울숲역 2번출구 앞,202601,782,829
성동구,563. 성동세무서 건너편,202601,1060,1137
성동구,564. 금호역 3번출구,202601,82,41
성동구,565. 옥수역 3번출구,202601,721,738
성동구,5651.한강버스 옥수 선착장,202601,996,1017
성동구,568. 청계8가 사거리 B,202601,965,1002
성동구,569. 응봉현대아파트 정류소,202601,128,71
성동구,578. 성동세무서 부근,202601,832,822
성동구,579. 마장역 4번출구,202601,471,485
성동구,582. 경일중학교 앞,202601,967,1027
성동구,583. 청계천 생태교실 앞,202601,1116,1164
성동구,585. 성수2가1동 공영주차장 인근,202601,2073,2139
성동구,586. 마장동 주민센터,202601,437,445
성동구,587. 유니베라 앞,202601,682,739
성동구,589. 성수역3번출구,202601,1374,1393
성동구,594. 중랑물재생센터(서울새활용플라자),202601,536,727
성북구,1302. 한성대입구역6번출구 뒤,202601,377,421
성북구,1303. 돈암초교 입구,202601,302,302
성북구,1304. 만해공원,202601,135,27
성북구,1305. 성북구청,202601,489,496
성북구,1306. 한성대입구역2번출구,202601,410,406
성북구,1308. 안암로터리 버스정류장 앞,202601,1194,1333
성북구,1314. 정릉꿈에그린1단지 201동 앞,202601,125,119
성북구,1315. 고려사대부속중고 정문,202601,114,107
성북구,1316. 고려사대부속중고 건너편 ,202601,114,97
성북구,1318. 길음역 3번출구 뒤,202601,535,544
성북구,1319. 종암박스파크,202601,551,523
성북구,1321. 국민은행 종암동지점 앞,202601,703,866
성북구,1322. 래미안라센트아파트 103동 앞,202601,334,299
성북구,1325. 상월곡역 4번출구,202601,285,180
성북구,1326. 상월곡역 1번출구,202601,292,276
성북구,1327. 상월곡역 3번출구,202601,496,493
성북구,1328. 월곡역 3번출구,202601,1196,1290
성북구,1332. 석계역 5번출구 건너편,202601,429,461
성북구,1333. 석관초등학교 앞,202601,757,917
성북구,1334. 석관동주민센터 앞,202601,630,658
성북구,1336. 성북3교 위,202601,278,282
성북구,1337. 돈암성당 옆,202601,531,625
성북구,1338. 용문2교 옆,202601,785,810
성북구,1339. 삼성전자서비스 성북센터,202601,379,395
성북구,1340. 광운초등학교 앞,202601,300,273
성북구,1342. 성북쉼터 앞,202601,122,27
성북구,1343. 한성대7번출구 앞,202601,253,253
성북구,1344. 아리랑시네센터 앞,202601,128,60
성북구,1346. 길음8골어린이공원 옆,202601,278,251
성북구,1347. 길음래미안아파트817동 상가 앞,202601,123,123
성북구,1348. 성북제일새마을금고 본점 앞,202601,162,180
성북구,1349. 월계2교 버스정류장 앞,202601,188,234
성북구,1351. 안암2교 옆,202601,774,791
성북구,1352. e 편한세상 보문아파트 내,202601,102,73
성북구,1353. 금호어울림센터힐 내,202601,160,181
성북구,1354. 고려대학교 2번출구,202601,569,575
성북구,1357. 북한산보국문역,202601,127,106
성북구,1358. 정릉도서관 앞,202601,179,193
성북구,1360. 정릉역,202601,228,223
성북구,1361. 홍익중고 입구,202601,422,253
성북구,1362. 보문역6번출구 앞,202601,5,5
성북구,1363. 보문4교 인근,202601,928,968
성북구,1364. 성북동 치안센터 앞,202601,311,278
성북구,1365. 선잠단지 앞,202601,116,87
성북구,1366. 일신초등학교 옆,202601,112,104
성북구,1367. 길음문화복합미디어센터,202601,350,407
성북구,1368. 성신여대입구 교차로,202601,273,330
성북구,1370. 복자사랑 피정의 집,202601,115,48
성북구,1372. KEB은행 고대점,202601,417,302
성북구,1373. 성북구보건소 건너편,202601,431,420
성북구,1375. 생명의 전화 종합복지관 앞 교차로,202601,553,560
성북구,1376. 한국과학기술연구원 중문,202601,137,109
성북구,1377. 한국과학기술연구원 북문,202601,125,110
성북구,1379.길음뉴타운푸르지오아파트 3단지,202601,141,3
성북구,1380.월곡역 5번출구 앞,202601,648,702
성북구,1381.석계역 4번출구 뒤,202601,773,753
성북구,1382.래미안월곡아파트 입구,202601,558,519
성북구,1384.성신여대입구역 5번출구,202601,502,580
성북구,1385.성신여대입구역 3번출구 앞,202601,672,696
성북구,1386.동선고가차도 초입,202601,100,120
성북구,1388. 돈암초교입구 버스정류장(한성대입구역 방면),202601,279,309
성북구,1390.석관래미안아트리치,202601,573,645
성북구,1391.성북청소년센터,202601,274,264
성북구,1392.돈암삼성풍림아파트,202601,116,33
성북구,1393.돈암육교 하단,202601,156,33
성북구,1394.길음뉴타운 래미안9단지,202601,335,271
성북구,1395.래미안장위포레카운티(102동),202601,310,280
성북구,1396.래미안장위퍼스트하이(513동),202601,357,341
성북구,4406. 장곡초등학교 앞,202601,365,298
성북구,4411. 동산어린이공원 앞,202601,628,609
성북구,4414. 안암역 3번 출구,202601,301,269
성북구,4415. 미아초교버스승강장,202601,14,13
성북구,4417. 성북청소년문화의집,202601,97,18
성북구,4418. 종암동 동덕여대 제2생활관 앞,202601,685,738
성북구,4419. 성북구 한예종 캠퍼스 본관,202601,110,87
성북구,4420. 성북구 한예종 캠퍼스 별관,202601,214,234
성북구,4421. 롯데캐슬클라시아 입구 앞,202601,100,115
성북구,4423.현대백화점 미아점,202601,386,388
성북구,4425. 하늘채코오롱아파트 앞,202601,442,464
성북구,4427. 동일하이빌뉴시티,202601,490,527
성북구,4428.돈암동부센트레빌상가,202601,179,166
송파구,1201. 가락시장역 3번 출구,202601,848,841
송파구,1203. 밀리아나2빌딩 앞,202601,535,583
송파구,1204. 거여역 3번출구,202601,636,657
송파구,1205. 종합운동장역 4번출구,202601,404,349
송파구,1206. 9호선종합운동장역 9번출구,202601,546,595
송파구,1207. 마천중앙시장,202601,171,174
송파구,1208. 풍납현대아파트쉼터,202601,1366,1381
송파구,1209. 잠실나루역 (2번 출구 쪽),202601,1410,1316
송파구,1210. 롯데월드타워(잠실역2번출구 쪽),202601,4389,4501
송파구,1212. 송파역 2번 출구앞,202601,703,790
송파구,1213. 백토공원 앞,202601,121,118
송파구,1214. 오금역 7번 출구 인근,202601,412,370
송파구,1215. 올림픽공원역 1번출구 앞,202601,1047,1108
송파구,1217. 송파파인타운 7단지,202601,413,393
송파구,1218. 방이역 4번출구,202601,1161,1178
송파구,1220. 잠실근린공원,202601,1113,1178
송파구,1221. 삼전역 4번출구,202601,842,829
송파구,1222. 잠실새내역 5번 출구 뒤,202601,1735,1805
송파구,1224. 아시아지하보도 2번 출구,202601,541,549
송파구,1226. 잠실4동 주민센터 옆,202601,1105,1190
송파구,1227. 거여역 8번출구 뒤,202601,607,601
송파구,1228. 마천사거리 ,202601,285,381
송파구,1229. 송파체육문화회관 앞,202601,528,525
송파구,1230. 송파중학교 정문,202601,215,179
송파구,1231. 잠실역 6번출구,202601,1458,1482
송파구,1232. 잠실주공 521동 건너편,202601,1253,1256
송파구,1233. 잠실3거리(갤러리아팰리스),202601,521,518
송파구,1235. 잠실트리지움310동 옆,202601,925,999
송파구,1239. 문정 법조단지3,202601,391,383
송파구,1240. 문정 법조단지4,202601,330,334
송파구,1241. 문정 법조단지5,202601,264,267
송파구,1242. 문정 법조단지6,202601,48,49
송파구,1243. 문정 법조단지7,202601,1212,1209
송파구,1244. 문정 법조단지8,202601,1138,1126
송파구,1245. 문정 법조단지9,202601,564,557
송파구,1246. 문정 법조단지10,202601,969,966
송파구,1247. 문정 법조단지11,202601,328,321
송파구,1248. 방이초등학교,202601,1148,878
송파구,1250.문정2동 주민센터,202601,64,57
송파구,1251. 석촌역 2번출구,202601,1350,1429
송파구,1253. 오금역 3번 출구 뒤,202601,289,277
송파구,1256. 문정현대아파트 교차로,202601,331,308
송파구,1258. 가락미륭아파트 앞,202601,117,98
송파구,1259. 방이역 1번출구,202601,744,861
송파구,1260. 방이동 한양3차아파트 옆,202601,760,709
송파구,1262. 송파여성문화회관 앞,202601,1005,1040
송파구,1263. 장지공영차고지,202601,160,165
송파구,1264. 천호역 10번 출구 앞,202601,1520,1522
송파구,1265. 문정동 근린공원,202601,737,843
송파구,1266. 문정동 글샘 공원,202601,272,231
송파구,1267. 올림픽공원 남2문 앞,202601,432,400
송파구,1268. 몽촌토성역 1번출구 옆,202601,292,295
송파구,1269. 리센츠아파트 ,202601,717,648
송파구,1271. 송파도서관,202601,551,545
송파구,1274. 영파여고 앞,202601,655,644
송파구,1275. 거여초등학교 옆,202601,208,324
송파구,1277. 성내7교,202601,460,453
송파구,1278. 송파구청 교차로,202601,441,495
송파구,1279. 마천금호어울림 1차아파트 건너편,202601,184,170
송파구,1282. 송파소방서 맞은편(성내4교),202601,579,704
송파구,1283. 오금공원 사거리,202601,63,38
송파구,1285. 위례별 유치원 뒤,202601,229,221
송파구,1286. 위례중앙푸르지오 1단지 앞,202601,424,433
송파구,1287. 위례아이파크 101동 맞은편,202601,295,301
송파구,1288. 문정중교 사거리,202601,622,470
송파구,1289. 풍납토성 서성벽터B,202601,370,371
송파구,1290. 위례송파꿈에그린아파트24단지 앞 성벽 다리 밑,202601,306,320
송파구,1291. 서울체육고등학교 앞,202601,685,765
송파구,1293. 석촌호수 서호 사거리,202601,1395,1402
송파구,1295. 잠실역 8번출구,202601,1385,1388
송파구,1296. 석촌호수교차로 (송파나루근린공원 앞),202601,257,254
송파구,1297. 석촌호수교차로(동호 팔각정 앞),202601,1269,1272
송파구,1299. 송파소방서 (방이119안전센터),202601,352,280
송파구,1300. 오륜사거리,202601,296,356
송파구,2601. 석촌호수 아뜰리에,202601,967,955
송파구,2603. 송파 글마루 도서관,202601,402,334
송파구,2604. 풍납토성 서성벽터A,202601,632,663
송파구,2605. 복정역 1번 출구 앞,202601,592,598
송파구,2608. 송파구청,202601,2801,2830
송파구,2609. 보성중고등학교 후문 앞,202601,108,117
송파구,2611. 송파지역자활센터 뒤,202601,1405,1437
송파구,2613. 잠실나들목,202601,391,401
송파구,2614. 가락고등학교 앞,202601,348,224
송파구,2615. 테라타워2,202601,1301,1339
송파구,2616. 거여동 사거리,202601,244,231
송파구,2617. 가락삼환아파트 앞,202601,123,120
송파구,2618. 삼전역 1번출구,202601,1014,1038
송파구,2619. 석촌고분역 4번출구,202601,896,876
송파구,2620. 송파나루역 4번 출구옆,202601,2180,2316
송파구,2621. 한성백제역 2번 출구,202601,1071,1118
송파구,2622. 올림픽공원역 3번출구,202601,2512,2508
송파구,2623.석촌동 주민센터,202601,1616,1443
송파구,2625.가락종합 사회복지관,202601,113,115
송파구,"2626.경찰병원역 1,2번 출구 사이",202601,236,237
송파구,2627.문정시영아파트 5동 앞 공원,202601,586,195
송파구,2628.문정역 1번출구,202601,1789,1917
송파구,2630.서울방이동 고분군,202601,895,796
송파구,2631.배명고등학교,202601,322,366
송파구,2632.석촌고분역 2번 출구,202601,1135,1139
송파구,2633.송파학사 옆,202601,303,279
송파구,2634.위례포레샤인아파트 정류장,202601,242,261
송파구,2635.잠실새내역 1번출구,202601,1055,1031
송파구,2637. 아시아지하보도 14번 출구,202601,1018,1174
송파구,2639.석촌역 8번출구,202601,1787,1747
송파구,2641.송파역 4번출구,202601,1043,1119
송파구,2642.마천동 성내천 쉼터,202601,352,354
송파구,2643.풍납중학교 측면,202601,255,178
송파구,2644. 성내5교,202601,441,432
송파구,2645.잠실나들목2(엘스아파트136동),202601,344,320
송파구,2646.레이크펠리스101동앞,202601,1753,1779
송파구,2647.잠실 자전거 수리센터 앞,202601,841,877
송파구,2648.헬리오시티 112동 앞,202601,439,357
송파구,2649.오금공원사거리2,202601,140,73
송파구,2650.위례22단지 2208동 다리앞,202601,229,222
송파구,2651.경찰병원역 3번출구 앞,202601,627,623
송파구,2652.송파 레미니스1단지 102동 앞,202601,329,255
송파구,2653.올림픽공원사거리(선수촌아파트),202601,621,612
송파구,2654.올림픽선수촌아파트 136동 앞,202601,420,297
송파구,2655.송이공원,202601,306,272
송파구,2656.풍납동 아이파크 107동 앞,202601,668,649
송파구,2657.송파 파인타운 11단지 ,202601,369,306
송파구,2658.가락몰 업무동,202601,805,824
송파구,2659.서울친환경유통센터,202601,113,113
송파구,4452. 삼성SDS,202601,1644,1701
송파구,4453. 위례중앙푸르지오 201동 앞,202601,516,505
송파구,4454. 위례 포레샤인 1809동 부근,202601,141,31
송파구,4457. 아산병원 기숙사 부근,202601,2557,2691
송파구,4458. 가락2동주민센터 인근,202601,264,227
송파구,4460. 올림픽훼미리아파트 112동 앞,202601,598,618
송파구,4461. 한양3차아파트 3동 앞,202601,105,70
송파구,4462. 가락중학교 앞,202601,347,327
송파구,4463. 방이역 2번 출구,202601,371,392
송파구,4464. 올림픽공원 북2문 A,202601,443,491
송파구,4465. 건영아파트앞 사거리,202601,724,709
송파구,4468. 가락1동주민센터 ,202601,572,534
송파구,4469. 거여동 어울림아파트  102동앞,202601,208,201
송파구,4472. 송파파크데일 1단지 115동 건너편,202601,157,157
송파구,4473. 마천금호어울림 1차 102동앞,202601,120,117
송파구,4474. 가락현대 1차 11동 앞,202601,230,156
송파구,4475. 송파파인타운 4단지 403동,202601,192,163
송파구,4478. 문정근린공원2,202601,467,480
송파구,4479. 문정중학교,202601,82,62
송파구,4480. 가락시장 남1문 사거리,202601,1138,1214
송파구,4481. 올림픽공원 북2문 B,202601,733,802
송파구,4483. 잠실나들목4,202601,448,439
송파구,4484. 잠실나루역4번출구뒤,202601,1037,1039
송파구,4485. 잠실나루역 고가하부,202601,340,250
송파구,4486. 홈플러스 잠실점,202601,1091,1125
송파구,"4488. 문현중,고등학교 사이",202601,104,97
송파구,4490. 송파파인타운 10단지 1005동,202601,130,86
송파구,4491. 장지역 1번출구,202601,685,691
송파구,4493. 마천사거리 2,202601,177,211
송파구,4496. 잠실 파크리오 120동 앞,202601,580,580
송파구,4497. 아시아선수촌아파트 교차로,202601,775,752
송파구,4499. 세양청마루 101동 앞,202601,418,179
송파구,4852. 서울복합물류 게이트 1,202601,1195,1284
송파구,4854. 가락시장역 2번 출구,202601,719,696
송파구,4855. 거여5단지 503동 앞,202601,242,236
송파구,4856. 올림픽공원 서1문 앞,202601,740,778
송파구,4857. 올림픽공원 장미광장,202601,210,211
송파구,4859. 잠실나루 나들목,202601,445,438
송파구,4860. 가락쌍용2차아파트 103동,202601,365,376
송파구,4862. 성내교 남단,202601,154,128
송파구,4863. 잠실나들목5,202601,189,197
송파구,4864. 송파사거리,202601,1108,1160
송파구,4865. 한성백제역 1번출구 뒤,202601,1338,1347
송파구,4867. 가락대림아파트 앞,202601,529,515
송파구,4868. 석촌호수 서호 남단,202601,1751,1753
송파구,4870. 몽촌토성역 3번 출구,202601,2379,2361
송파구,4871. 오금동 대림아파트 정문,202601,306,267
송파구,4872. 개롱역 3번 출구 뒤,202601,560,573
송파구,4873. 개롱역사거리 2번 출구,202601,464,470
송파구,4874. 탄천1교 하부보도,202601,260,288
송파구,4875. 위례포레샤인13단지,202601,135,134
송파구,4879. 마천청소년센터,202601,133,105
송파구,4880. 송파청소년센터,202601,407,413
송파구,4881. 거여동사거리 송파둘레길 입구,202601,89,89
송파구,4882. 위례포레샤인18단지 1802동,202601,76,74
송파구,4883. 위례포레샤인18단지 1812동,202601,67,5
송파구,4884. H비즈니스파크,202601,928,992
송파구,4885. 가든파이브 리빙관,202601,150,169
송파구,4886. 배명고등학교 건너편,202601,536,551
송파구,4887. 호돌이상가,202601,481,468
송파구,4888. 둔촌오륜역 2번출구,202601,282,161
송파구,4889. 마천역 1번 출구 인근②,202601,307,296
송파구,4891. 위례포레나송파,202601,280,263
송파구,4892. 성내유수지 체육공원,202601,182,93
송파구,4893. 문정법조단지12,202601,1486,1537
송파구,4895. 송파레이크힐 상가,202601,382,380
송파구,4896. 송파레이크힐,202601,88,49
송파구,4897. 잠실주공5단지1,202601,1860,1825
송파구,5751. 송파여성축구장,202601,168,146
송파구,5752. 풍납백제문화공원 옆 인근,202601,1219,1210
송파구,5753. 호반써밋,202601,410,429
송파구,5756. 극동아파트,202601,459,434
송파구,5758. 올림픽선수기자촌아파트 123동 근처,202601,432,259
송파구,5759. 풍납근린공원,202601,292,294
송파구,5760. 풍납사거리 성내유수지,202601,477,456
송파구,5761. 버섯분수대,202601,311,312
송파구,5763. 세륜초등학교 건너편,202601,94,55
송파구,5764. 한국체육대학교,202601,317,318
송파구,5765. 삼전동주민센터 건너편,202601,1159,1244
송파구,5766. 북위례1,202601,99,62
송파구,5767. 북위례2,202601,84,75
송파구,5768.방이삼거리,202601,2152,2541
송파구,5773. 송파시그니처롯데캐슬,202601,145,169
송파구,5774. 가락본동주민센터 인근,202601,600,652
송파구,5775. 가락시장역 5번출구,202601,389,417
송파구,5777. 호반써밋12단지,202601,343,334
송파구,5778. 북위례3,202601,231,103
송파구,5779. 나래교,202601,191,178
송파구,5780. 송파세무서,202601,129,135
송파구,5781. 올림픽공원 수영장,202601,2234,2322
송파구,5782. 오금현대 아파트 상가입구 앞,202601,289,284
송파구,5783.성내5교 2,202601,210,213
송파구,5784.한강버스 잠실 선착장,202601,714,644
송파구,5785.한림연예예술고등학교,202601,205,158
양천구,4507. 신정제일시장,202601,521,515
양천구,4508. 유원목동아파트 103동 앞,202601,1922,2062
양천구,4509. 서울영상고교 입구,202601,1641,1650
양천구,4510. 신정네거리역 교차로,202601,714,717
양천구,4512. 목동13_14단지 사거리,202601,602,433
양천구,4514. 목동성당 앞,202601,1631,1621
양천구,4515. 동문굿모닝탑,202601,1814,1844
양천구,4517. 성보하이드로빌딩,202601,538,523
양천구,4518. 청기와빌딩,202601,288,285
양천구,4519. 양원보도육교,202601,57,57
양천구,4520. 대성유니드아파트,202601,455,462
양천구,4522. 신곡시장,202601,649,830
양천구,4523. 구립양천어르신요양센터,202601,37,5
양천구,4526. 목동아파트2단지 222동 앞,202601,614,602
양천구,4527. 목동신시가지아파트6단지,202601,1095,1157
양천구,4528. 양천구청역 1번출구,202601,767,777
양천구,4530. 방아다리어린이공원,202601,417,391
양천구,4531. 목동아파트 613동 앞,202601,1938,1886
양천구,4532. 목동현대아파트 후문 앞,202601,868,775
양천구,4535. 목동12단지 아파트,202601,1399,1390
양천구,4536. 양천해누리체육공원,202601,330,369
양천구,4537. 서울남부지방검찰청 후문 ,202601,1035,760
양천구,4538. 양천공영차고지,202601,106,169
양천구,4539. 목동7단지아파트 A상가,202601,499,469
양천구,4540. 목동역 3번 출구,202601,1748,1977
양천구,4541. 갈산문화예술센터,202601,983,989
양천구,4542. 월정초 사거리,202601,352,432
양천구,4543. 오목교역 6번 출구,202601,2401,2641
양천구,4544.경창시장,202601,456,615
양천구,4545. 청소년음악센터,202601,318,316
양천구,4546. 목동운동장 주경기장,202601,272,305
양천구,4547. 목동역 2번 출구,202601,1715,1842
양천구,4548.신목동역1번출구,202601,313,291
양천구,4549.목동4단지아파트,202601,820,877
양천구,700. KB국민은행 염창역 지점 앞,202601,446,389
양천구,701. 목동사거리 부근,202601,920,916
양천구,702. 목4동주민센터 옆,202601,1068,980
양천구,703. 오목교역 7번출구 앞,202601,2131,2269
양천구,704. 남부법원검찰청 교차로,202601,1261,1233
양천구,706. 신정네거리역,202601,595,546
양천구,708. 서울출입국관리사무소 앞,202601,2408,2479
양천구,709. 신정3동 현장민원실 앞,202601,218,212
양천구,710. 금옥여고보도육교,202601,130,127
양천구,711. 신일해피트리아파트 앞,202601,599,163
양천구,712. 강월초교입구 사거리,202601,431,533
양천구,713. 양서중학교 옆,202601,385,336
양천구,714. 한국SGI 양천문화회관 앞,202601,394,328
양천구,716.신정6동 주민센터 인근,202601,845,918
양천구,719. 홍익병원앞 교차로,202601,858,840
양천구,720. 서울강월초등학교 앞,202601,380,140
양천구,722. 경서농협 버스정류장(우리은행신정동지점방향),202601,491,483
양천구,723. SBS방송국,202601,961,1079
양천구,724. 계남공원 입구 주출입구 좌측,202601,141,119
양천구,725. 양강중학교앞 교차로,202601,90,90
양천구,726. 목동3단지 시내버스정류장,202601,1996,2016
양천구,729. 서부식자재마트 건너편,202601,722,720
양천구,731. 서울시 도로환경관리센터,202601,1477,1585
양천구,733. 신정이펜하우스314동,202601,237,112
양천구,734. 신트리공원 입구,202601,1457,1460
양천구,735. 영도초등학교,202601,1261,1307
양천구,736. 오솔길공원,202601,470,469
양천구,737. 장수공원,202601,285,249
양천구,739. 신월사거리,202601,343,346
양천구,740. 으뜸공원,202601,430,535
양천구,741. 화곡로 입구 교차로,202601,169,157
양천구,742. 등촌역 5번 출구 뒤,202601,410,404
양천구,743. 현대6차아파트 101동 옆,202601,408,422
양천구,744. 신목동역 2번 출구,202601,1744,1593
양천구,745. 강서초등학교,202601,263,259
양천구,746. 목동2단지 상가,202601,1900,2062
양천구,747. 목동3단지 상가,202601,1216,1225
양천구,748. 목동운동장,202601,394,448
양천구,749. 이대목동병원보도육교,202601,839,989
양천구,750. 연의근린공원 건너편,202601,284,334
양천구,752. 성원2차 아파트,202601,523,456
양천구,754. 목동1단지아파트 118동 앞,202601,1125,1117
양천구,755. 목동1단지아파트 상가 앞,202601,1637,1618
양천구,756. 목동주차장,202601,713,822
양천구,757. 신정이펜하우스 1단지아파트 입구 사거리,202601,202,98
양천구,758. 한사랑교회 앞,202601,610,614
양천구,759. 보아스아파트 앞,202601,345,345
양천구,760. 잣절보도육교 아래,202601,211,189
양천구,762. 오목로 무중력지대 앞,202601,392,318
양천구,763. 목동11단지 아파트,202601,508,461
양천구,765. 오목교역 3번출구,202601,2926,3163
양천구,766. 신목동역 3번출구,202601,430,339
양천구,767.신정숲속마을아파트,202601,347,133
양천구,768.목동5단지아파트 501동,202601,1115,1168
양천구,769.CBS방송국 앞,202601,2649,2916
양천구,770.목동역5번출구,202601,2449,2659
양천구,771.목동아파트 703동 앞,202601,1326,1382
양천구,"773.염창역 3, 4번 출구 사이",202601,464,460
양천구,774.등촌역 4번 출구 ,202601,245,242
양천구,775.세종그랑시아 앞(102동),202601,412,273
양천구,776.목마공원,202601,293,333
양천구,777.신월6차보람아파트 앞,202601,558,560
양천구,779. 신정1동 주민센터 앞,202601,1860,1935
양천구,780.신정교 하부,202601,926,1057
양천구,781.신정보도육교 아래,202601,3059,2822
양천구,782.서남병원 후문,202601,393,222
양천구,"785.양천구청, 보건소 사잇길",202601,2847,3051
양천구,786.목동아파트 8단지 상가동 앞,202601,1290,1284
양천구,787.양천아파트 입구,202601,1984,1913
양천구,788.양천구청역 2번출구 옆,202601,1888,1880
양천구,791.현대하이페리온,202601,1553,1745
양천구,792.목동트라팰리스 웨스턴에비뉴,202601,2968,3014
양천구,793.목동5단지아파트 534동,202601,1591,1518
양천구,794.양천문화회관,202601,1533,1608
양천구,795.양천 해누리타운,202601,2064,2119
양천구,796.목동아파트 14단지 B상가 앞,202601,1317,1259
양천구,797.목동아파트 1422동 1434동 사잇길,202601,2382,2290
영등포구,200. 국회의원회관,202601,73,79
영등포구,201. 진미파라곤 앞,202601,426,482
영등포구,202. 국민일보 앞,202601,1585,1685
영등포구,203. 국회의사당역 3번출구 옆,202601,1153,1132
영등포구,204. 국회의사당역 5번출구 옆,202601,753,719
영등포구,205. 산업은행 앞,202601,554,582
영등포구,206. KBS 앞,202601,1136,1186
영등포구,207. 여의나루역 1번출구 앞,202601,983,819
영등포구,209. 유진투자증권빌딩 앞,202601,1516,1620
영등포구,211. 여의도역 4번출구 옆,202601,1,1
영등포구,213. KT앞,202601,1215,1030
영등포구,214. 금융감독원 앞,202601,787,729
영등포구,215. 여의도고교 앞,202601,391,383
영등포구,217. NH농협은행 앞,202601,1837,2051
영등포구,219. 롯데캐슬엠파이어 옆,202601,1290,1268
영등포구,220. 미성아파트 A동 앞,202601,713,662
영등포구,221. 여의도초교 앞,202601,757,732
영등포구,222. 시범아파트버스정류장 옆,202601,927,910
영등포구,223. 진주아파트상가 앞,202601,531,621
영등포구,224. 롯데캐슬 앞,202601,850,991
영등포구,225. 앙카라공원 앞,202601,916,805
영등포구,226. 샛강역 1번출구 앞,202601,1217,944
영등포구,227. 양평1나들목 보행통로 입구,202601,533,505
영등포구,228. 선유도역 3번출구 앞,202601,1177,1183
영등포구,229. 양평1 보행육교 앞,202601,846,835
영등포구,230. 영등포구청역 7번출구,202601,3915,3622
영등포구,231. 남부고용노동지청 남측,202601,1622,1668
영등포구,232. 양평우림 이비즈센타 앞,202601,1461,1509
영등포구,233. 양평1동 YP센터 앞,202601,716,840
영등포구,235. 신길동 우리은행 옆,202601,491,485
영등포구,236. 문래동자이아파트 앞,202601,1452,1718
영등포구,238. 제2구민체육센타 앞,202601,1259,1257
영등포구,239. 유스호스텔 앞,202601,662,689
영등포구,240. 문래역 4번출구 앞,202601,2390,2262
영등포구,241. 신길우성1차아파트 앞 공원,202601,585,537
영등포구,242. 신길선원가와인아파트 앞,202601,528,254
영등포구,243. 이앤씨드림타워 앞,202601,2152,2279
영등포구,244. 영등포삼환아파트 앞,202601,915,903
영등포구,245. 삼성생명 당산사옥 앞,202601,1987,2143
영등포구,247. 당산역 10번출구 앞,202601,2145,2221
영등포구,248. 초원아파트 앞,202601,233,243
영등포구,249. 여의도중학교 옆,202601,157,127
영등포구,250. 대림아파트 사거리,202601,255,225
영등포구,251. 서울지방병무청 버스정류장,202601,396,348
영등포구,252. 보라매역4번출구,202601,661,780
영등포구,254. 도림신협 앞,202601,861,877
영등포구,255. 도림사거리,202601,693,720
영등포구,256. 동아에코빌입구,202601,650,625
영등포구,258. 신길역3번출구,202601,943,939
영등포구,259. 대방역6번출구,202601,1506,1643
영등포구,260. 여의도 마리나선착장 앞,202601,98,92
영등포구,263. 근로자회관 사거리,202601,1968,2030
영등포구,264. 교보생명보험 앞,202601,991,881
영등포구,265. 영등포유통상가 사거리,202601,628,578
영등포구,266. 영등포청과시장 사거리,202601,704,729
영등포구,267. 삼성화재 사옥 옆,202601,763,744
영등포구,268. 그랜드컨벤션센터 앞,202601,1088,1074
영등포구,270. 증권거래소후문교차로,202601,731,736
영등포구,271. 샛강생태공원방문자센터 앞,202601,178,130
영등포구,272. 당산육갑문,202601,1357,1491
영등포구,275. 신동아아파트,202601,1594,1599
영등포구,276. 영등포로터리2,202601,379,388
영등포구,278. 쌍용플레티넘오피스텔,202601,1161,1001
영등포구,279. 영등포 푸르지오 아파트 B,202601,1128,928
영등포구,280. 양평동6차현대아파트 앞,202601,1663,1530
영등포구,281. 대림신동아아파트 앞,202601,535,506
영등포구,282. 신한은행 대림동지점,202601,421,491
영등포구,283. 아크로타워 스퀘어(영등포시장),202601,1322,1081
영등포구,284. 센트럴 푸르지오 시티 앞,202601,1234,1203
영등포구,285. 콤텍시스템 앞,202601,464,521
영등포구,286. 우성아파트 교차로,202601,490,530
영등포구,287. 영등포전화국사거리 (서강어린이공원),202601,1180,1121
영등포구,288. 쌍용예가(구청별관),202601,766,778
영등포구,289. 대림3동사거리,202601,593,630
영등포구,290. 새말소공원,202601,1649,1528
영등포구,291. 문래동 하이테크 시티,202601,1309,1315
영등포구,292. 영일 어린이공원,202601,895,816
영등포구,293. 충북 미래관,202601,1034,914
영등포구,295.영등포공원 분수대 앞,202601,160,145
영등포구,296.KT플라자 영등포점,202601,1420,1361
영등포구,297.국회3문,202601,59,36
영등포구,298.KBS 연구동 건너편,202601,225,179
영등포구,299.여의도 순복음교회,202601,87,83
영등포구,3201.당산skv1센터,202601,962,1018
영등포구,3202.당산롯데캐슬프레스티지,202601,1594,1540
영등포구,3203.도림동배드민턴체육관,202601,683,679
영등포구,3204.도림고가도로 밑,202601,716,518
영등포구,3205.문래현대2차,202601,802,675
영등포구,3206.문래동 주민센터,202601,673,634
영등포구,3207.양남사거리1,202601,420,409
영등포구,3211.신길 래미안 프레비뉴,202601,255,219
영등포구,3212.신풍역 6번출구,202601,581,591
영등포구,3214.영등포 푸르지오 아파트 A,202601,975,830
영등포구,3215.강변삼성래미안,202601,864,586
영등포구,3219.영등포역 1번출구,202601,2016,2414
영등포구,3220.래미안에스티움 앞 (신풍로),202601,482,462
영등포구,3221.서울특별시 남부교육지원청,202601,498,575
영등포구,4552. 코레일유통본사,202601,461,448
영등포구,4553. 당산삼성2차아파트,202601,1602,1478
영등포구,4555. 대림우성2차아파트,202601,269,261
영등포구,4556. 리버뷰신안인스빌1차 후문,202601,861,949
영등포구,4557. 리버뷰신안인스빌2차 후문,202601,857,851
영등포구,4558. 대영중고 후문,202601,493,563
영등포구,4559. 신길역 2번출구,202601,1091,751
영등포구,4560. 양평동성원아파트,202601,687,742
영등포구,4561. 양평역 1번출구,202601,2181,2175
영등포구,4563. 여의도 은하아파트,202601,357,374
영등포구,4564. 63스퀘어,202601,1191,1177
영등포구,4565. 영등포 신세계백화점,202601,2546,2543
영등포구,4566. 대림성원상떼빌아파트,202601,954,1024
영등포구,4567. 한림대학교 강남성심병원 신관,202601,844,908
영등포구,4569. 힐스테이트클래시안아파트,202601,540,522
영등포구,4571. 문래동롯데캐슬아파트,202601,2330,2161
영등포구,4573. 두산위브아파트,202601,469,422
영등포구,4574. 영등포시장역 포레나영등포,202601,2480,2495
영등포구,4575. 대림동 e편한세상영등포아델포레,202601,1118,1145
영등포구,4576.보라매sk뷰 108동 앞,202601,416,461
영등포구,4578.보라매sk뷰,202601,268,218
영등포구,4579. 국회의사당 본관,202601,322,173
영등포구,4580. 국회제2의원회관,202601,290,384
영등포구,4581. 국회소통관,202601,211,212
영등포구,4582. 국회도서관,202601,355,346
영등포구,4583. 의정관,202601,83,70
영등포구,4584. 국회2문,202601,61,54
영등포구,4585. 국회6문,202601,121,134
영등포구,4588.양남사거리2,202601,683,662
영등포구,4589. KRX한국거래소(1),202601,583,578
영등포구,4591. 신길자이아파트,202601,540,60
영등포구,4592. 신길우성4차아파트,202601,591,800
영등포구,4594. 양평교 영등포대여소,202601,1038,1098
영등포구,4598. 오목교 동측 지하보도,202601,971,950
영등포구,4599. 대림우성아파트 사거리,202601,285,288
영등포구,4600. 서울 영등포구 우체국,202601,1408,1461
영등포구,4601.양평역2번출구 뒤,202601,605,514
영등포구,5851. 도림천 건널목 위,202601,945,857
영등포구,5852. 대림동현대2차 201동 앞,202601,140,86
영등포구,5853. 여의도역2번출구 앞,202601,913,992
영등포구,5857. U레지던스 앞,202601,465,469
영등포구,5858. 영등포역5번출구,202601,2274,2708
영등포구,5859. 여의도 삼부아파트,202601,703,704
영등포구,5860. 어울림병원 앞,202601,585,640
영등포구,5861. 보라주유소 앞,202601,355,363
영등포구,5862. 당산역11번출구,202601,2451,2473
영등포구,5864.장훈고 앞,202601,355,444
영등포구,5865.더리브오피스텔 앞,202601,1042,825
영등포구,5866.포레나 당산,202601,1447,1354
영등포구,5867. H타워 앞,202601,1781,1494
영등포구,5868. 로프트시티오피스텔,202601,1065,1078
영등포구,5869. 영등포아트홀 앞,202601,594,615
영등포구,5870. LG트윈타워 앞,202601,1023,962
영등포구,5871. 건영상가 앞,202601,347,349
영등포구,5872. 서경팰리스 앞,202601,454,525
영등포구,5876. 에이스하이테크시티 4동 앞,202601,556,599
영등포구,5877. 문래동 꽃밭정원,202601,408,418
영등포구,5878. 우리은행 앞,202601,1087,1089
영등포구,5879. 국회도서관 2문 앞,202601,99,114
영등포구,5880. 국회박물관,202601,86,80
영등포구,5881. 세계청소년NGO교육문화원,202601,1155,1082
영등포구,5882. 휴젠느,202601,1656,1509
영등포구,5883. 영문초사거리,202601,1323,1380
영등포구,5884. GS강서타워,202601,1240,1405
영등포구,5885. 신정교하부(도림천역 방면),202601,640,426
영등포구,5886.신풍역 2번출구,202601,1070,1094
영등포구,5887.나루마을 마당공원,202601,1411,1250
영등포구,5888.여의도성당,202601,65,34
영등포구,5889.의원회관출입구 앞,202601,150,128
영등포구,5890.여의나루역 3번출구,202601,357,337
영등포구,5891.한강버스 여의도 선착장,202601,986,888
영등포구,5892.국회의사당본관 좌측,202601,171,145
영등포구,5893.한국산업은행,202601,830,851
영등포구,5894.영등포세무서,202601,548,539
영등포구,5895.생각공장당산,202601,964,1039
영등포구,5896.영등포구청역 6번출구,202601,973,846
용산구,4603. 한강GS에클라트 건너편 교통섬,202601,368,351
용산구,4604. 원효로다목적체육관 앞,202601,247,258
용산구,4607. 국립중앙박물관 -용산가족공원 앞,202601,73,44
용산구,4608. 국립중앙박물관 정문 앞,202601,62,53
용산구,4609. 파크타워 104동 앞,202601,132,146
용산구,4610. 한남나인원 105동 앞,202601,121,192
용산구,4611. 국제루터교회 앞,202601,64,51
용산구,4612. 이태원로 255,202601,51,39
용산구,4613. 서울갤러리아 앞,202601,94,79
용산구,4615. 크라운호텔앞 버스정류소,202601,184,233
용산구,4616. 신용산지하차도 앞,202601,384,496
용산구,4617. 동원베네스트 건너편,202601,90,94
용산구,4618. 풍전아파트 건너편,202601,564,554
용산구,4619. 한강트럼프월드3차 앞,202601,482,485
용산구,4620. 삼각지역 14번 출구 앞(교통섬),202601,385,397
용산구,4621. 남산도서관 앞,202601,351,43
용산구,4622. 한강중학교 앞 버스정류장,202601,108,130
용산구,4623. 라인프랜즈이태원점 앞,202601,90,25
용산구,4625. 용산공원갤러리앞,202601,187,178
용산구,4627. 효창공원앞역 5번출구 옆,202601,212,200
용산구,4629. 한강초교보도육교 앞,202601,234,378
용산구,4632. 용산 푸르지오 파크타운 1단지 앞,202601,168,65
용산구,4633. 센트럴파크타워 앞,202601,471,622
용산구,4634. 이태원역 3번 출구,202601,160,124
용산구,4636. 용산구꿈나무종합타운 앞,202601,360,373
용산구,4637. 용산시티파크 101동 앞,202601,149,189
용산구,4638. 청파동삼거리 앞,202601,354,376
용산구,4639. 동빙고근린공원,202601,194,206
용산구,4640. 원효로2가 교차로,202601,382,487
용산구,4641. 아메리칸센터,202601,218,264
용산구,4642. 용산더프라임아파트 101동 앞,202601,189,179
용산구,4643. 한가람아파트 앞,202601,314,342
용산구,800. 목월공원 앞,202601,461,417
용산구,802. 한강진역 2번 출구 앞,202601,136,89
용산구,805. 문배어린이공원 앞,202601,446,480
용산구,806. 전자랜드 본관 앞,202601,478,434
용산구,807. 서울역 12번 출구 앞,202601,415,479
용산구,808. 서빙고동 금호맨션 앞,202601,100,88
용산구,809. 한남 유수지 복개주차장,202601,195,245
용산구,810. 이태원지하보도,202601,262,275
용산구,811. 녹사평역1번출구,202601,374,116
용산구,813. 삼각지역 3번출구,202601,237,375
용산구,815. LIG강촌아파트 103동앞,202601,492,542
용산구,816. 신용산역 6번출구 앞,202601,636,816
용산구,817. 삼각지역 4번출구 앞,202601,356,346
용산구,818. 숙명여대 입구 교차로,202601,567,563
용산구,819. 선린인터넷 고등학교,202601,518,552
용산구,820. 청파동입구 교차로,202601,304,324
용산구,822. 이촌1동 마을공원,202601,235,224
용산구,823. 효창동주민센터 앞,202601,139,106
용산구,825. 서빙고동 주민센터 앞,202601,486,557
용산구,827. 국군복지단,202601,118,65
용산구,828. 숙대입구역 8번,202601,396,542
용산구,829. 한강대교 북단 교차로,202601,529,419
용산구,830. 강변삼성스위트아파트 앞,202601,147,128
용산구,832. 이촌1동 주민센터 뒤,202601,358,341
용산구,834. 효창공원앞역 3번출구 앞,202601,717,731
용산구,835. 남영역 건너편,202601,404,532
용산구,836. 현대자동차서비스 앞,202601,197,184
용산구,837. 한남나들목 입구,202601,292,263
용산구,838. 숙대입구역 4번출구,202601,465,609
용산구,839. 보광동 삼성리버빌아파트 앞,202601,152,141
용산구,840. 용산 파크타워 앞,202601,228,233
용산구,841. 신용산역 1번 출구,202601,479,547
용산구,843. 이태원관광특구 입구(용산구청방향),202601,297,99
용산구,844. 이촌2동 동원베네스트 아파트 앞,202601,468,578
용산구,845. 용산 선인상가,202601,307,311
용산구,846. 용산중학교,202601,474,398
용산구,848. 삼각지12번 출구,202601,252,376
용산구,849. 삼각지 자이아파트,202601,495,484
용산구,850.KCC용산웰츠(WELLTZ)타워,202601,157,175
용산구,851.효창 푸르지오 앞,202601,181,55
용산구,852. 청암자이아파트 앞,202601,394,251
용산구,853.용산역 맞은편,202601,1129,1152
용산구,854.HID 유족동지회 앞,202601,56,48
용산구,855.이촌역5번출구 앞,202601,84,67
용산구,857. 현대 안성타워,202601,165,61
용산구,858.녹사평역3번 출구,202601,170,60
용산구,859.남산공원 야외식물원 앞,202601,103,34
용산구,860.LG한강 자이아파트 앞,202601,379,373
용산구,863.이촌역2번 출구,202601,136,167
용산구,864.순천향대학병원(한남오거리),202601,214,220
용산구,866.브라운스톤 남산아파트,202601,356,152
용산구,867.서빙고역 광장(1번출구),202601,164,171
용산구,869.노들섬 동측 앞,202601,126,109
용산구,870.노들섬 서측 앞,202601,202,188
은평구,4652. 신사두산위브2차아파트 앞,202601,516,390
은평구,4653. 불광역 9번 출구 맞은편,202601,307,306
은평구,4657. 본 서부병원 교차로 사거리,202601,661,663
은평구,4658. 녹번역1번출구앞,202601,151,141
은평구,4659. 신진과학기술고등학교 버스정류장(응암시장 방면),202601,442,491
은평구,"4663. 불광역3,6호선 버스정류장(동명여고 방면)",202601,270,266
은평구,4665. 응암역3번 출구(서부경찰서 방면),202601,111,117
은평구,4667. 폭포동입구 교차로,202601,115,87
은평구,4668. 기자촌사거리 B,202601,112,26
은평구,4671. 청구성심병원 앞,202601,313,309
은평구,4672. 준빌딩 앞,202601,80,78
은평구,4674. 녹번역e편한세상 캐슬 정문 앞,202601,376,311
은평구,4676. 갈현1동 주민센터,202601,115,117
은평구,4677. 백련산 SK뷰 아이파크 해모로 아파트 앞,202601,536,552
은평구,4678. 백련산로 녹번센트레빌 ,202601,317,240
은평구,4681.박석고개(은평소방서) 앞,202601,51,51
은평구,4683. 은평 성모병원 사거리,202601,219,184
은평구,4684. 응암2동주민센터 버스정류장(영락중학교 방면),202601,241,54
은평구,4685. DMC역 5번 출구(수색역 방향),202601,711,718
은평구,4686. 우물골 근린공원,202601,249,243
은평구,4687. 역촌센트레빌아파트 101동 앞,202601,257,51
은평구,4689. 은평서해그랑블아파트앞,202601,510,285
은평구,4690.은평뉴타운폭포동 힐스테이트4단지,202601,59,36
은평구,4693. 수색감리교회,202601,670,663
은평구,900. 은평예술회관,202601,326,306
은평구,902. 진관동 은빛초등학교,202601,256,257
은평구,903. 은평뉴타운 아이파크,202601,327,339
은평구,904. 은평뉴타운 푸르지오,202601,262,291
은평구,905. 구파발역 2번출구,202601,882,1145
은평구,906. 연신내역 5번출구,202601,1072,1201
은평구,907. CJ 드림시티,202601,1132,1463
은평구,908. 구산역 4번출구,202601,493,508
은평구,909. 백련산 힐스테이트 3차,202601,327,111
은평구,911. 은평평화공원(역촌역4번출구),202601,721,695
은평구,912. 응암오거리,202601,951,1045
은평구,913. 이마트 버스정류장(서부경찰서 방면),202601,826,797
은평구,914. 새절역 2번출구,202601,794,947
은평구,915. 증산역 4번출구,202601,508,674
은평구,916. 평생학습관 앞,202601,406,404
은평구,917. 녹번역 3번출구,202601,701,700
은평구,919. 서울혁신파크,202601,173,173
은평구,921. 신도고등학교,202601,92,35
은평구,922. 연신내역 4번출구,202601,171,171
은평구,923. 국민은행 연서지점,202601,209,212
은평구,925. 불광역 2번출구,202601,393,393
은평구,927. 연신내역 3번출구 인근,202601,180,182
은평구,928. 은평역사한옥박물관,202601,92,49
은평구,930. 구 서부경찰서 건너편,202601,366,373
은평구,931. 역촌파출소,202601,1649,1672
은평구,932. 예일여중,202601,466,504
은평구,933. 역촌종합시장 버스정류장(예일여고 방면),202601,739,948
은평구,937. 상림마을 롯데캐슬2단지 옆,202601,23,32
은평구,938. 금암 문화공원,202601,73,70
은평구,939. 은평구청 교차로,202601,369,376
은평구,941. 은평뉴타운 도서관,202601,307,139
은평구,942. 상림마을 생태공원,202601,206,181
은평구,943. 은평구청 보건소,202601,804,864
은평구,945. 기자촌 사거리 A,202601,72,25
은평구,946. 독바위역 ,202601,144,146
은평구,947. 연신내 선일하이츠빌 정류소,202601,83,82
은평구,948. 디지털미디어 시티역 4번출구(DMC역),202601,440,457
은평구,949. 연신내역 1번 출구 ,202601,583,719
은평구,950. 구산역 2번 출구 예일여고 버스정류장,202601,295,390
은평구,952. 서울연신중학교,202601,313,270
은평구,953. 서울연신초등학교,202601,135,115
은평구,954. 은평뉴타운구파발9단지,202601,323,320
은평구,956. 응암시장교차로,202601,931,1120
은평구,958. 본 서부병원 버스정류장(은평 세무서 방면),202601,494,530
은평구,959. 구파발10단지 인근,202601,151,165
은평구,960. 구파발역 환승센터,202601,452,543
은평구,962. 은평뉴타운엘크루 앞,202601,361,374
은평구,963. 불광롯데캐슬아파트 앞,202601,237,239
은평구,964. 북한산힐스테이트 7차아파트,202601,184,114
은평구,965. 서울특별시 은평병원,202601,344,56
은평구,966. 서울혁신파크1,202601,44,37
은평구,967. 서울혁신파크2,202601,91,91
은평구,968. 은평뉴타운 상림마을 13단지,202601,70,65
은평구,969. 은평 지웰테라스,202601,31,31
은평구,971. 역촌 센트레빌 아파트,202601,363,65
은평구,973.제각말푸르지오 5-1단지 아파트,202601,63,40
은평구,974.연신초등학교옆 마을마당,202601,88,64
은평구,975.백련산 힐스테이트상가앞,202601,234,32
은평구,976.진관고등학교앞,202601,196,203
은평구,977.신도중학교앞,202601,114,38
은평구,978.녹번 힐스테이트상가앞,202601,98,97
은평구,979.원풍빌라앞,202601,276,208
은평구,982. 녹번초등학교(서오릉로),202601,374,354
은평구,984.상신초등학교앞 버스정류장,202601,388,368
은평구,985. 은평세무서 버스정류장(은평구청 방면),202601,596,603
은평구,989. 신응교(가좌로) 앞,202601,414,660
은평구,991.흥국사 정류장,202601,26,23
은평구,992.북한산입구 정류장,202601,37,44
은평구,993.은평뉴타운 은뜨락아파트앞,202601,232,79
은평구,994.북한산생태공원입구(교통섬),202601,99,90
은평구,995.은평다목적체육관,202601,223,222
은평구,996.응암역2번출구 국민은행 앞,202601,1572,2208
종로구,301. 경복궁역 7번출구 앞,202601,401,193
종로구,302. 경복궁역 6번출구 뒤,202601,1043,998
종로구,303. 광화문역 1번출구 앞,202601,1377,1452
종로구,305. 종로구청 옆,202601,1117,1123
종로구,307. 서울역사박물관 앞,202601,499,478
종로구,308. 광화문 S타워 앞,202601,1500,1537
종로구,309. 광화문역 6번출구 옆 B,202601,217,182
종로구,314. 국립현대미술관,202601,482,462
종로구,316. 종각역 1번출구 앞,202601,1049,1005
종로구,326. 안국역 5번출구 앞,202601,656,527
종로구,327. 낙원상가 옆,202601,586,583
종로구,328. 탑골공원 앞,202601,306,311
종로구,329. 청계2가 사거리 옆,202601,432,506
종로구,334. 종로3가역 2번출구 뒤,202601,630,632
종로구,335. 종로3가역 15번출구 뒤,202601,720,725
종로구,337. 창경궁 입구,202601,301,334
종로구,338. 세운스퀘어 앞,202601,369,354
종로구,339. 종로4가 사거리,202601,631,633
종로구,340. 혜화동 로터리,202601,432,426
종로구,3401.창신두산아파트,202601,42,38
종로구,3402.이화공영주차장,202601,286,229
종로구,3404.서울특별시 중부교육지원청,202601,27,33
종로구,3405.파크팰리스,202601,499,447
종로구,3407.안국동사거리(신),202601,611,555
종로구,3408.종로타워빌딩,202601,625,648
종로구,341. 혜화역 3번출구 뒤,202601,506,498
종로구,3410.종로3가역 8번출구,202601,1341,1339
종로구,3411.종묘,202601,544,568
종로구,3412.세운상가,202601,321,314
종로구,3413.종로플레이스,202601,1451,1575
종로구,3414.종로5가역 4번출구,202601,561,656
종로구,3415.동대문역6번출구,202601,647,794
종로구,3416.동묘앞역 6번출구,202601,852,887
종로구,3417.창신3동주민센터,202601,422,401
종로구,3418.창신역2번 출구,202601,94,58
종로구,3419.국립어린이과학관,202601,131,126
종로구,342. 대학로 마로니에공원,202601,787,835
종로구,3420. 성균관대입구 사거리 B,202601,299,312
종로구,3421.혜화역 1번출구,202601,737,802
종로구,3422.성균관대 정문,202601,681,581
종로구,3425.광화문 풍림스페이스본 1단지앞,202601,443,210
종로구,3426.독립문역 2번출구 뒤,202601,167,112
종로구,3427.인왕산 아이파크 정문,202601,121,97
종로구,3428.서울미술관,202601,81,54
종로구,3429.HW컨벤션센터 앞,202601,70,19
종로구,343. 힐스테이트창경궁 아파트 앞,202601,610,508
종로구,3431.로제우스 레포츠센터,202601,130,51
종로구,3432.종로2가 사거리,202601,555,472
종로구,344. 성균관대 E하우스 앞,202601,309,243
종로구,345. 서울보증보험본사 앞,202601,760,812
종로구,348. 독립문역 사거리,202601,609,431
종로구,349. 어린이도서관,202601,313,301
종로구,351. 청운초교 앞 삼거리,202601,247,189
종로구,352. 중앙고입구 삼거리,202601,153,49
종로구,353. 재동초교 앞 삼거리,202601,388,409
종로구,354. 포르투갈 대사관 앞,202601,636,329
종로구,355. 서울사대부설초등학교 앞,202601,587,612
종로구,356. KT혜화지사 앞,202601,597,599
종로구,358. 성균관대입구 사거리 A,202601,326,324
종로구,359. 원남동사거리,202601,494,575
종로구,361. 동묘앞역 1번출구 뒤,202601,1354,1474
종로구,362. 청계8가사거리 A,202601,946,951
종로구,363. 신설동역 11번출구 뒤,202601,946,969
종로구,364. 창신역 1번출구 앞,202601,206,170
종로구,367. 독립문역 3-1번출구 ,202601,703,411
종로구,368. SK 서린빌딩 앞,202601,649,704
종로구,385. 종각역 5번출구,202601,708,782
종로구,388. 동성중학교 앞,202601,154,149
종로구,393. 동대문역 8번 출구,202601,1045,1066
종로구,394. 경희궁 자이 3단지,202601,387,466
종로구,395. 경희궁 자이 2단지,202601,474,465
종로구,397. 종묘공영주차장 건너편,202601,130,134
종로구,446. 상명대입구,202601,172,140
종로구,447. 신영동삼거리,202601,74,72
종로구,449. 일성아파트,202601,96,23
종로구,450. 효자동 삼거리,202601,458,267
종로구,451. 청와대앞길,202601,80,34
종로구,452. 동대문 종합시장 버스정류장,202601,349,358
종로구,453. 종로오가 지하쇼핑센터 14번출구,202601,590,631
종로구,454. 종로2가 버스정류장 (종각방향),202601,479,516
종로구,455. 종로6가역 버스정류장(동대문 방향),202601,735,767
종로구,456. 숭인2동 주민센터 입구,202601,666,706
종로구,457. 종로꽃시장 입구 옆,202601,602,710
종로구,458. 광화문역 5번출구,202601,891,891
종로구,461. 서울경찰청,202601,438,426
종로구,464. 삼청동 골목,202601,446,390
종로구,465. 삼청공원 앞,202601,70,23
종로구,4703. 쌍용아파트2단지 정문,202601,258,13
종로구,4705. 웰니스센터(민방위교육장 앞),202601,692,664
종로구,4707. 청계3가 사거리,202601,480,429
종로구,4708. 조계사앞사거리,202601,636,677
종로구,4710. 자교교회 앞,202601,320,333
종로구,4711. 올림픽기념 국민생활관 로터리,202601,511,492
종로구,4713. 현대 뜨레비앙 아파트 앞,202601,590,580
종로구,4715. 돈의문 박물관 마을,202601,299,216
종로구,4718. 광화문역 6번출구 옆 A,202601,550,564
종로구,4719. 종로문화원 건너편,202601,445,412
종로구,4721. 통인시장 정자,202601,584,589
종로구,486. 평창동주민센터 앞,202601,49,34
중구,300. 정동사거리,202601,554,469
중구,3013.서울지방고용노동청 앞,202601,680,771
중구,310. 청계광장 옆,202601,652,672
중구,318. 광교사거리 남측,202601,352,399
중구,320. 을지로입구역 4번출구 앞,202601,736,754
중구,321. KEB 하나금융그룹 명동사옥 옆,202601,588,632
중구,322. 명동성당 앞,202601,344,307
중구,324. 신세계백화점 본점 앞,202601,294,354
중구,331. 을지로2가 사거리 북측,202601,564,622
중구,332. 을지로2가 사거리 남측,202601,379,380
중구,336. 충무로역 6번출구 앞,202601,718,611
중구,346. 맥스타일 앞,202601,401,448
중구,347. 동대문역사문화공원역 9번출구 앞,202601,316,323
중구,370. 시청역(2호선) 9번출구 뒤,202601,911,885
중구,371. 동대입구역 6번출구 뒤,202601,141,155
중구,372. 약수역 3번출구 뒤,202601,212,217
중구,374. 신당동주민센터앞,202601,555,566
중구,379. 서울역9번출구,202601,334,361
중구,380. CJ제일제당 앞,202601,611,691
중구,381. 장충체육관,202601,86,28
중구,382. 약수역 10번출구 앞,202601,134,138
중구,383. 신당역 12번 출구 뒤,202601,1134,1222
중구,384. 중림동삼거리,202601,184,180
중구,387. 훈련원공원주차장 앞,202601,342,369
중구,389. 을지로4가역 1번출구,202601,481,547
중구,390. 충무로역 1번출구,202601,392,350
중구,391. 시립미술관,202601,327,356
중구,398. 을지로3가역 3번출구,202601,867,891
중구,399. 서울역 센트럴 자이아파트,202601,513,298
중구,428. 명보사거리,202601,271,300
중구,429. 송도병원,202601,63,15
중구,430. 장충동먹자골목 앞,202601,358,437
중구,431. 청계천 영도교,202601,1522,1556
중구,433. 을지로입구역 2번출구,202601,890,896
중구,434. 신당 래미안 버스정류장,202601,286,13
중구,435. SK 남산빌딩,202601,178,131
중구,441.염천교사거리,202601,489,474
중구,442.서울역 서부,202601,117,138
중구,443.호암아트홀,202601,138,148
중구,445.대한상공회의소,202601,451,469
중구,466.롯데호텔,202601,215,183
중구,467.한국은행,202601,203,279
중구,468.웨스틴 조선호텔,202601,201,217
중구,469.회현역 1번출구,202601,227,217
중구,470.회현역 7번출구,202601,150,130
중구,471.회현사거리 남측,202601,219,214
중구,472.삼일교(시그니쳐 타워),202601,483,485
중구,473.을지로4가역 9번출구,202601,986,1039
중구,474.동대문역사문화공원역 1번출구 뒤편,202601,876,821
중구,475.DDP 패션몰,202601,609,601
중구,4752. 삼성사이버빌리지아파트,202601,133,78
중구,4753. 시청역 10번출구,202601,304,262
중구,476.광희문,202601,338,313
중구,4760. 서울역 7번출구,202601,50,56
중구,4761. 중부경찰서앞사거리 건너편,202601,180,170
중구,4762. 국제빌딩,202601,212,171
중구,4765. 동대문디자인플라자,202601,799,797
중구,4766. 서소문성지역사박물관,202601,333,277
중구,477.앰배서더 호텔 주변,202601,227,44
중구,4772. 중앙일보,202601,71,55
중구,4774. 을지로입구역 8번출구,202601,278,333
중구,4775. 을지로지하쇼핑센터,202601,279,328
중구,4776. 신세계면세점,202601,164,170
중구,4777. 약수동 주민센터,202601,43,38
중구,4781. 브라운스위트레지던스,202601,128,111
중구,4782. 서소문역사공원,202601,30,35
중구,4784. 중부경찰서앞 사거리,202601,232,263
중구,4785. 롯데시티호텔,202601,294,276
중구,479.동대입구역 3번 출구,202601,132,134
중구,4791. 명동역9번 출구,202601,334,305
중구,4792. 퇴계로4가 교차로(중구청),202601,563,545
중구,4793. 동대문역사문화공원역 5번출구,202601,406,357
중구,4794. 서울역 서부교차로(3),202601,682,927
중구,4796. 서울시청,202601,810,782
중구,4797. KG타워 앞,202601,365,415
중구,4798. 황학동롯데캐슬,202601,1100,1104
중구,480.약수역 6번 출구,202601,148,156
중구,4800. 필동 삼거리,202601,314,317
중구,4801. 충정로역 2호선(엘리베이터 앞),202601,263,35
중구,483.남산타운아파트 버스정류장,202601,180,96
중구,485.서울역5번출구,202601,294,319
중구,6053. 중부세무서 앞,202601,159,116
중구,6054.청구e편한세상아파트 113동 앞,202601,618,641
중구,6055. 한국경제,202601,201,220
중구,6057. 을지로5가(방산시장),202601,268,295
중구,6058. 시청역 2번출구,202601,1505,1646
중구,6059. 덕수중학교,202601,285,238
중구,6060. 신한은행 본점,202601,750,758
중구,6061.충무아트센터,202601,636,655
중구,6062.서울역파출소,202601,194,206
중구,6063.NH농협은행(신당역6번출구),202601,339,384
중구,826. 서울역 서부교차로2,202601,509,638
중랑구,1401. 극동늘푸른아파트,202601,536,641
중랑구,1402. 금란주차장 앞,202601,345,325
중랑구,1403. 중화빌딩 앞 (동부시장),202601,390,432
중랑구,1404. 동일로 지하차도,202601,776,777
중랑구,1405. 망우역 1번출구,202601,296,283
중랑구,1407. 먹골역 1번출구 뒤,202601,578,639
중랑구,1408. 먹골역 6번출구 앞,202601,379,510
중랑구,1410. 면목 대원칸타빌아파트,202601,84,14
중랑구,1411. 상봉시장앞 교차로 한성빌딩 앞,202601,580,536
중랑구,1414. 사가정역 2번출구,202601,1063,1125
중랑구,1416. 상봉역 3번출구,202601,835,930
중랑구,1418. 새솔초등학교,202601,43,24
중랑구,1420. 신내어울공원 앞,202601,254,302
중랑구,1421. 신내역 4번출구,202601,247,221
중랑구,1422. 신내우디안아파트 1단지,202601,107,16
중랑구,1424. 양원역 2번출구,202601,123,97
중랑구,1425. 신성미소지움아파트,202601,246,211
중랑구,1426. 면목도시개발아파트 1동 앞,202601,247,37
중랑구,1427. 용마산역 1번출구,202601,143,42
중랑구,1428. 원묵고등학교,202601,556,269
중랑구,1429. 장안중학교,202601,380,427
중랑구,1430. 중랑구청,202601,467,243
중랑구,1431. 중랑구청 사거리,202601,562,400
중랑구,1433. 중화역 2번출구,202601,608,718
중랑구,1435. 능산삼거리,202601,82,54
중랑구,1436. 동원베네스트 건물 앞,202601,213,102
중랑구,1437. 늘푸른공원 앞,202601,392,469
중랑구,1438. 홈플러스 신내점 앞,202601,805,869
중랑구,1440. 면목2동 사거리,202601,765,837
중랑구,1441. 신내능말공원,202601,219,105
중랑구,1442. 중랑구청 중화동 별관 앞,202601,1085,1113
중랑구,1444. 면목4치안센터,202601,490,713
중랑구,1445. 용마지구대 A,202601,109,120
중랑구,1446. 중랑전화국 교차로,202601,894,1037
중랑구,1447. 면목역 3번출구,202601,1036,1207
중랑구,1448. 코스트코 상봉점,202601,950,1008
중랑구,1449. 상봉역 1번출구,202601,1323,1344
중랑구,1450. 화랑대역 7번출구,202601,475,515
중랑구,1451. 중랑세무서,202601,874,997
중랑구,1452. 겸재교 진입부,202601,726,808
중랑구,1453. 중랑캠핑숲,202601,65,43
중랑구,1454. 한국전력공사(동대문 중랑지사),202601,361,370
중랑구,1455. 상봉역 2번 출구,202601,1007,1282
중랑구,1456. 상아빌딩(우림시장 교차로),202601,483,494
중랑구,1457. 동원사거리,202601,348,237
중랑구,1458. 상봉터미널2,202601,827,836
중랑구,1459. 용마한신아파트사거리,202601,64,64
중랑구,1461.동양엔파트 앞,202601,575,586
중랑구,1462.동부시장 북문 앞,202601,802,835
중랑구,1463.중랑구민회관,202601,151,185
중랑구,1464.중화역 4번출구,202601,389,478
중랑구,1466.두산대림아파트 삼거리,202601,83,130
중랑구,1467.sk신내 주유소앞(용마산로),202601,92,115
중랑구,1468.먹골역 7번 출구,202601,334,413
중랑구,1469.먹골역 4번출구,202601,353,361
중랑구,1470.중화동 우리은행 앞,202601,501,532
중랑구,1471.동양쇼핑 정류소 앞,202601,688,767
중랑구,1472.영성빌딩(PAT),202601,285,343
중랑구,1473.중랑역 1번 출구(중화문화복지센터),202601,508,535
중랑구,1474.서울중랑우체국,202601,294,289
중랑구,1477.면목삼익아파트 앞,202601,123,101
중랑구,1478.홈플러스 상봉점 앞,202601,654,646
중랑구,1479.면목 홈플러스 2 ,202601,162,177
중랑구,1480. 용마지구대 B,202601,180,174
중랑구,4802. 새우개마을,202601,166,156
중랑구,4803. 상봉2동 주민센터 앞,202601,461,486
중랑구,4804. 동서울농협 앞,202601,681,680
중랑구,4807. 라코지스테이 앞,202601,306,290
중랑구,4808. 신내2동 주민센터 앞,202601,403,302
중랑구,"4809. 동성1,2차 아파트 앞",202601,462,337
중랑구,4811. 한양수자인아파트 앞,202601,253,84
중랑구,4812. 묵동 이마트 앞,202601,568,606
중랑구,4813. 망우지구대,202601,722,820
중랑구,4815. 중랑데시앙플렉스 앞,202601,206,239
중랑구,4819. 면목동 새싹어린이공원 앞,202601,560,527
중랑구,4820. 망우역 2번 출구,202601,859,900
중랑구,4823. 방정환교육지원센터 옆,202601,480,524
중랑구,4824. 상봉신협 앞,202601,819,798
중랑구,4825. 신내동 벽산아파트 후문 앞,202601,557,395
중랑구,4826. 홈플러스 면목점,202601,348,329
중랑구,4827. 신내SK V1센터 앞,202601,121,94
중랑구,4828. 신내동 한살림 중랑지구 앞,202601,433,463
중랑구,4829. 신내동 한살림 중랑지구 건너편,202601,153,142
중랑구,4830. 신내 우디안 111동 앞,202601,111,52
중랑구,4834. 용마복지센터 앞,202601,162,71
중랑구,4835. 망우동 본죽 앞,202601,365,363
중랑구,4836. 양원역 1번 출구,202601,285,232
중랑구,4837. 양원지구 힐데스하임 앞,202601,183,101
중랑구,4838.동원사거리 행복오피스텔 앞,202601,275,168
중랑구,4840. 서울시 북부병원 앞,202601,152,181
중랑구,4841. 중화수경공원,202601,671,672
중랑구,4842. 면목라온프라이빗 아파트,202601,196,239
중랑구,4843. 봉화산역 4번 출구,202601,386,412
중랑구,4845. 신내역금강펜테리움센트럴파크,202601,102,78
중랑구,4846. 상봉동양엔파트 앞,202601,405,401
중랑구,4847. 신내역시티프라디움 앞,202601,301,277
강남구,2301. 현대고등학교 건너편,202602,258,271
강남구,2302. 교보타워 버스정류장(신논현역 3번출구 후면),202602,448,447
강남구,2303. 논현역 10번출구,202602,569,378
강남구,2304. 대현그린타워,202602,55,55
강남구,2305. MCM 본사 직영점 앞,202602,180,169
강남구,2306. 압구정역 2번 출구 옆,202602,845,835
강남구,2307. 압구정 한양 3차 아파트,202602,399,376
강남구,2308. 압구정파출소 앞,202602,541,536
강남구,2309. 청담역(우리들병원 앞),202602,78,58
강남구,2310. 청담동 맥도날드 옆(위치),202602,125,122
강남구,2311. 학동로 래미안 아파트 앞,202602,75,57
강남구,2312. 청담역 13번 출구 앞,202602,159,146
강남구,2313. 금원빌딩 앞,202602,232,236
강남구,2315. 봉은사역 5번출구 옆,202602,383,383
강남구,2317. 삼성도로공원,202602,289,292
강남구,2318. 삼성중앙역4번출구(문화센터더 리빌),202602,94,53
강남구,2319. 포스코사거리 서측(수협 삼성동 지점),202602,340,320
강남구,2320. 도곡역 대치지구대 방향,202602,322,424
강남구,2321. 학여울역 사거리,202602,162,148
강남구,2324. 천주교 대치 2동 교회 옆,202602,483,484
강남구,2325. 대치삼성아파트 앞 교차로,202602,402,388
강남구,2326. 대치동 삼성로,202602,300,197
강남구,2327. 뱅뱅사거리 랜드마크타워 앞,202602,562,632
강남구,2328. 르네상스 호텔 사거리 역삼지하보도 7번출구 앞,202602,296,214
강남구,2329. 르네상스호텔사거리 역삼지하보도 2번출구,202602,120,119
강남구,2330. 역삼월드메르디앙아파트 앞,202602,341,339
강남구,2331. 동영문화센터앞,202602,255,253
강남구,2332. 선릉역3번출구,202602,680,688
강남구,2333. 양재역 3번출구 주변,202602,626,305
강남구,2334. 삼호아파트 2동 ( 간선도로),202602,88,89
강남구,2335. 3호선 매봉역 3번출구앞,202602,1048,1168
강남구,2336. 강남세브란스교차로  래미안그레이튼 104동 앞,202602,275,276
강남구,2337. 대모산입구역 2번출구 앞,202602,278,221
강남구,2339. 현대아파트 정문 앞,202602,289,290
강남구,2340. 삼호물산버스정류장(23370) 옆,202602,1167,1212
강남구,2341. 일원역 4~5번 출구 사이,202602,353,192
강남구,2342. 대청역 1번출구  뒤,202602,682,674
강남구,2344. 리엔파크 2단지 앞,202602,242,299
강남구,2347. 두산건설 본사,202602,84,50
강남구,2348. 포스코사거리(기업은행),202602,825,827
강남구,2349. 역삼빌딩 앞(하나은행 옆),202602,141,96
강남구,2350. 래미안그레이튼102동앞,202602,132,111
강남구,2351. 청소년수련관(수영장)앞,202602,162,135
강남구,2352. 서울본부세관(건설회관 앞),202602,238,56
강남구,2353. 강남구청역 2번출구 뒤,202602,276,189
강남구,2354. 청담역 2번출구,202602,56,52
강남구,2356. 강남구청,202602,128,105
강남구,2357. 르네상스호텔사거리 역삼지하보도 3번출구 앞 (더 오번 빌딩 명동칼국수 앞),202602,146,149
강남구,2358. 구룡초사거리 (현대아파트10동 앞 ),202602,325,269
강남구,"2359. 국립국악중,고교 정문 맞은편",202602,534,617
강남구,2360. 도곡1동 주민센터 교차로,202602,263,265
강남구,2362. 신사동 가로수길 입구,202602,367,393
강남구,2363. 강남 을지병원 교차로,202602,166,155
강남구,2364. 도산공원교차로,202602,175,179
강남구,2365. K+ 타워 앞,202602,257,264
강남구,2368. 도곡동 경남아파트 건너편,202602,205,164
강남구,2369. KT선릉타워,202602,486,493
강남구,2370. 한티역 3번출구,202602,199,193
강남구,2371. 한국우편사업진흥원,202602,49,46
강남구,2372. 대치역 사거리,202602,456,582
강남구,2373. 개포동역 사거리,202602,166,142
강남구,2375. 수서역 1번출구 앞,202602,520,633
강남구,2376. 수서역 7번출구 앞,202602,474,537
강남구,2377. 수서역 5번출구,202602,1474,1516
강남구,2380. 봉은사로68길 북측,202602,225,216
강남구,2381. 언주역 4번출구,202602,268,266
강남구,2382. 역삼동 sk뷰 501동앞,202602,162,163
강남구,2383. 보금자리정원,202602,141,190
강남구,2384. 자곡사거리,202602,749,748
강남구,2385. 학동역,202602,285,289
강남구,2386. 크린랩 본사,202602,47,49
강남구,2387. 래미안강남힐즈 사거리,202602,412,386
강남구,2388. 강남구 도시관리공단,202602,177,95
강남구,2389. 경기여자고등학교 후문 (삼성로3길 입구),202602,329,339
강남구,2390. 구룡마을 입구 (래미안블레스티지 아파트),202602,456,456
강남구,2391. 구룡터널 입구(개포1단지아파트),202602,16,12
강남구,2392. 구룡산 입구 (구룡산 서울둘레길 입구),202602,25,20
강남구,2394. 개포래미안포레스트아파트 107동 앞,202602,373,312
강남구,2396. 영동3교 북단(우성캐릭터 앞 보도),202602,216,198
강남구,2398. 더라움,202602,59,58
강남구,2401. 밀알학교 입구 (삼성서울병원 입구),202602,166,109
강남구,2403. 공무원연금매점 교차로 (개포주공9단지 입구),202602,376,366
강남구,2404. 대모산입구역 4번 출구 앞,202602,690,723
강남구,2405. 청담공원앞 교차로,202602,180,141
강남구,2406. 논현동 광명빌딩 앞,202602,107,89
강남구,2407. 역삼서초삼성 세무서 앞 (역삼빌딩 앞),202602,763,749
강남구,2408. 강남한양수자인아파트,202602,540,543
강남구,2409. 역삼동 디오슈페리움 (우성아파트 사거리),202602,462,449
강남구,2410. 포스코피앤에스타워 (역삼역 3번출구 부근),202602,490,339
강남구,2411. 세곡동 성당,202602,501,467
강남구,2413.도곡역 1번 출구,202602,557,632
강남구,2414. 도곡역 아카데미스위트 앞,202602,626,713
강남구,2415.한티역 롯데백화점 앞,202602,454,452
강남구,2416.한티역 6번 출구,202602,296,288
강남구,"2417.선정릉 디캠프(D,CAMP)앞",202602,69,68
강남구,2418.봉은사역 7번 출구 ,202602,332,338
강남구,"2419.봉은사역 1,2번 출구 ",202602,333,329
강남구,2420.학여울역 사거리(LG베스트샵 앞),202602,467,374
강남구,2421. 신논현역 4번출구,202602,247,222
강남구,2422.수서동 성당 맞은편,202602,247,293
강남구,2423.영희초교 사거리(래미안개포루체하임),202602,555,603
강남구,2425.세곡동 사거리(대왕초등학교 정류장),202602,92,93
강남구,2426.강남한신휴플러스 6단지,202602,302,287
강남구,2427.개포고등학교 정문앞,202602,374,369
강남구,2430.강남파이낸스센터앞(역삼역2번출구),202602,289,231
강남구,2431.대치역 7번출구,202602,594,639
강남구,3602. 한국지역난방공사강남지사,202602,247,245
강남구,3604. 삼성중앙역 5번출구,202602,237,218
강남구,3605. 봉은사역6번출구(현대아이파크타워앞),202602,2,3
강남구,3606. 신사동주민센터 옆,202602,332,389
강남구,3609. 언주초등학교 입구,202602,250,275
강남구,3610. 윗반마을 입구,202602,79,83
강남구,3611. 방죽마을 입구,202602,212,214
강남구,3612. 은곡마을,202602,136,234
강남구,3614. 은마아파트 입구 사거리,202602,670,675
강남구,3615. 서울 논현동우체국 앞,202602,189,176
강남구,3616. 역삼중학교 앞(체육관 방향),202602,176,168
강남구,3618. 서울율현초교 삼거리,202602,336,433
강남구,3620. 청담역 11번 출구,202602,38,23
강남구,3622. 은마아파트입구 사거리(1),202602,152,155
강남구,3623. 일원에코파크 앞(개포로 방면),202602,226,239
강남구,3624. 대모산입구역 7번 출구 앞,202602,90,90
강남구,3627. 압구정나들목,202602,597,632
강남구,3628. 역삼1동 주민센터,202602,397,428
강남구,3629. 청담사거리(신한오피스텔빌딩 앞),202602,77,83
강남구,3630. 개포우성6차아파트 정문 앞,202602,226,176
강남구,3634. 국악고교 앞 교차로,202602,357,354
강남구,3636. 삼성중앙역·플래티넘아파트 정류소,202602,251,237
강남구,3637. 세곡데이케어센터,202602,144,142
강남구,3638. 신청담나들목,202602,157,176
강남구,3640. 일원1동주민센터앞 사거리,202602,553,608
강남구,3641. 대청역,202602,546,567
강남구,3642. 강남자곡힐스테이트,202602,332,98
강남구,3643. 더시그넘하우스 앞,202602,272,284
강남구,3644. 상록수아파트,202602,262,102
강남구,3646. 선정릉역 4번 출구,202602,131,127
강남구,3647. 구룡역 1번 출구,202602,275,228
강남구,3648. 구룡역 4번 출구,202602,100,93
강남구,3649. 구룡역 5번 출구,202602,241,248
강남구,3651. 개포동역 4번출구,202602,618,628
강남구,4902. 구역삼세무서 교차로,202602,365,370
강남구,4903. 신사스퀘어,202602,174,139
강남구,4905. 강남경찰서,202602,775,767
강남구,4906. 섬유센터 앞,202602,727,736
강남구,4907. 극동스포츠 앞,202602,297,266
강남구,4908. SB타워 앞,202602,122,122
강남구,4909. 노보텔 앰배서더 앞,202602,172,72
강남구,4913. 레베쌍트 빌딩 앞,202602,118,119
강남구,4914. 도심공항타워 앞,202602,450,452
강남구,4915. 영동중앙교회 버스정류장,202602,105,105
강남구,4916. 청담역 1번출구,202602,77,68
강남구,4917. 일원에코파크 주차장,202602,634,661
강남구,4918. 매봉역 1번출구,202602,423,438
강남구,4919. 학여울역사거리(은마아파트),202602,137,120
강남구,4923.수협대치동지점,202602,391,388
강남구,4924.논현동가구거리,202602,201,155
강남구,4925. 청담백영빌딩 앞,202602,107,105
강남구,4926. 대치우성아파트 사거리,202602,724,712
강남구,4928. 교수마을 입구,202602,152,144
강남구,4929. 투썸플레이스 강남청담점 앞,202602,216,238
강남구,4930. 학여울역 1번출구,202602,277,194
강남구,4931. 디에이치퍼스티어아이파크 124동 앞,202602,368,367
강남구,4932. 개포래미안포레스트 130동 맞은편,202602,159,157
강남구,4935. 도곡삼성래미안,202602,305,305
강남구,4936. SK텔레콤(T1) 인근,202602,60,58
강남구,4937.개포래미안포레스트 126동 앞,202602,131,118
강남구,4938.LH수서2단지 201동 앞,202602,726,750
강남구,4939.도산공원,202602,169,163
강남구,4940.한강버스 압구정 선착장,202602,1663,1489
강남구,4941.압구정로 11길,202602,284,286
강남구,4942.율현삼거리,202602,137,102
강동구,1001. 광진교 남단 사거리(천호공원 방면),202602,672,700
강동구,1002. 해공공원(천호동),202602,951,971
강동구,1003. 해공도서관앞,202602,589,617
강동구,1004. 삼성광나루아파트 버스정류장,202602,709,961
강동구,1006. 롯데캐슬 115동앞,202602,110,92
강동구,1007.암사동 선사유적지,202602,101,116
강동구,1008. 암사역 3번출구(국민은행앞),202602,1669,1871
강동구,1009. 천호역4번출구(현대백화점),202602,2309,2312
강동구,1010. 강동세무서,202602,1532,1538
강동구,1011. LIGA 아파트 앞,202602,1656,1657
강동구,1012. 천호역효성해링턴타워 앞,202602,1464,1436
강동구,1013. 강동구청역 1번 출입구,202602,1432,1448
강동구,1015. 샛마을 근린공원,202602,439,443
강동구,1016. 해뜨는 주유소옆 리엔파크 109동앞,202602,424,441
강동구,1017. 둔촌고교입구 교차로(길동주민센터 방면),202602,782,776
강동구,1018. 둔촌 주공 GS 맞은편,202602,1233,1325
강동구,1019. 다성이즈빌아파트(호원대 대각선 맞은편),202602,2083,2250
강동구,1020. 강동경찰서,202602,2170,2245
강동구,1021. 강일동 리슈빌 빌딩앞,202602,915,1062
강동구,1022. 길동 사거리(초소앞),202602,878,915
강동구,1023. 한국종합기술사옥 앞,202602,1115,1109
강동구,1024.  강동구청 앞,202602,1776,1960
강동구,1025. 상일초등학교,202602,255,248
강동구,1027. 프라자 아파트 앞,202602,571,539
강동구,1028. 포레스 주상복합 빌딩,202602,1038,1043
강동구,1029. 성내어울터,202602,1677,1711
강동구,1030. 미호 플랜트 앞,202602,778,747
강동구,1031. 올림픽로 836(아리수로),202602,243,271
강동구,1032. 선사고등학교,202602,230,243
강동구,1033. 고덕동 아남아파트,202602,1033,573
강동구,1034. 고덕동 래미안 힐스테이트,202602,223,193
강동구,1036. 고덕동 주양쇼핑,202602,540,539
강동구,1037. 강일리버파크 6단지,202602,106,102
강동구,1038. 강일 다솜 어린이 공원,202602,167,186
강동구,1039. 고덕초등학교,202602,114,106
강동구,1041. 묘곡초등학교,202602,337,338
강동구,1042. 강일리버파크 2~5단지,202602,243,300
강동구,1044. 굽은다리역,202602,1943,2103
강동구,1048. 둔촌어린이공원,202602,999,997
강동구,1049. 강일리버파크 10단지,202602,225,213
강동구,1050.  둔촌역 3번 출입구,202602,2406,2706
강동구,"1051. 강일중,선사고 버스정류장(신암중학교 방면)",202602,294,296
강동구,1053. 동명근린공원 진입로 (아리수로),202602,132,127
강동구,1056. 강일리버파크 7~11단지,202602,253,262
강동구,1057. 능골근린공원,202602,268,263
강동구,1058. 고덕숲 아이파크 1,202602,112,114
강동구,1059. 래미안 강동팰리스(102동),202602,680,490
강동구,1060. 천일초교 사거리,202602,405,363
강동구,1061. 천호초교 입구 사거리(일주빌딩),202602,545,548
강동구,1063.강동롯데캐슬퍼스트 아파트(관리동),202602,250,247
강동구,1064.중앙보훈병원역 1번출구,202602,267,220
강동구,1065.보훈병원 후문옆(더 원커피),202602,409,294
강동구,1066.생태공원앞 교차로(조명탑),202602,30,31
강동구,1067.한영중고앞사거리,202602,272,237
강동구,1068.명일파출소,202602,400,386
강동구,1070.(시립)고덕평생학습관,202602,561,389
강동구,1072.고덕역 5번출구,202602,860,805
강동구,1073. SSTS 몰 앞,202602,415,433
강동구,1074.대명초교입구 사거리,202602,601,603
강동구,1075.천동초교 삼거리,202602,991,991
강동구,1076. 천동초교입구사거리 버스정류장(십자성마을 방면),202602,1003,1078
강동구,1077.강동역 1번출구 앞,202602,1423,1391
강동구,1078.둔촌사거리,202602,1974,2170
강동구,1079.강일동입구교차로,202602,499,569
강동구,1080.천호지하주차장 5번 출입구,202602,1048,975
강동구,1081.트레빌빌딩,202602,913,763
강동구,1083.광문고교사거리(아이파크),202602,280,277
강동구,1084. 윤선생빌딩(JYP사옥),202602,1992,2202
강동구,1085.래미안 솔베뉴(고덕로),202602,563,335
강동구,1086.래미안 솔베뉴(구천면로),202602,291,285
강동구,1088.풍납사거리(강동),202602,990,965
강동구,1089.고덕 래미안힐스테이트(201동),202602,414,132
강동구,1090.상일동역 2번출구 앞,202602,947,985
강동구,3539. 서원마을,202602,90,96
강동구,3652. 한영외국어고등학교,202602,112,116
강동구,3653. 강동리버스트4단지아파트 404동 앞,202602,190,216
강동구,3654. 강동리버스트4단지아파트 405동 앞,202602,130,144
강동구,3655. 둔촌신성미소지움아파트,202602,495,351
강동구,3656. 둔촌푸르지오아파트,202602,904,905
강동구,3657. 서울천호동우체국,202602,1300,1343
강동구,3658. 프라이어팰리스아파트,202602,288,265
강동구,3659. 명일초등학교 옆,202602,106,80
강동구,3661. 명일동신동아아파트 앞,202602,113,117
강동구,3663. 암사정수센터교차로(강동롯데캐슬퍼스트아파트),202602,208,156
강동구,3664. 맥도날드 서울둔촌DT점 앞,202602,1283,1391
강동구,3665. 고덕센트럴 아이파크상가 앞,202602,395,364
강동구,3668. 성내삼성아파트,202602,2149,2213
강동구,3671. 둔촌동역교차로,202602,1264,1354
강동구,3673. 강동리버스트6단지,202602,165,156
강동구,3674. 강동리버스트7단지,202602,206,222
강동구,3675. 강동리버스트8단지,202602,326,332
강동구,3676. 강동리엔파크9단지,202602,281,284
강동구,3680. 강동역3번출구,202602,1808,1810
강동구,3681. 길동 마루빌딩,202602,2145,2264
강동구,3682. 길동 동호빌딩,202602,236,265
강동구,3683. KT&G강동지사,202602,498,522
강동구,3684. 고덕자이(105동 앞),202602,511,517
강동구,3685. 강동리엔파크14단지(1401동 앞),202602,302,320
강동구,3686. 고덕 래미안 힐스테이트(101동),202602,327,335
강동구,3688. 상일동산(동아아파트앞 교차로),202602,133,140
강동구,3689. 강일역 3번출구,202602,302,271
강동구,3690. 강일역 4번출구,202602,214,186
강동구,3691. 둔촌역 2번출구,202602,999,1056
강동구,3692. 둔촌오륜역 1번 출구,202602,924,775
강동구,3694. 강동리엔파크 13단지(1303동 앞),202602,366,357
강동구,3698. 명일역 3번출구 옆,202602,761,740
강동구,3699. 상일파출소 옆,202602,547,638
강동구,3700. 강변그대가리버뷰 입구 맞은편,202602,678,711
강동구,3701. 방아삼거리,202602,120,100
강동구,4951. 강동농협 버스정류소 앞(광채빌라),202602,361,352
강동구,4952.천호시장 버스정류소 옆,202602,772,769
강동구,4953. 세양청마루아파트 앞,202602,754,739
강동구,4954. 신명초등학교 건너편,202602,247,127
강동구,4956. 암사역사공원역 1번출구,202602,72,70
강동구,4957. 신명초교 교차로,202602,583,425
강동구,4958. 고덕래미안힐스테이트 아파트 211동,202602,367,155
강동구,4959. 암사역사공원역 3번출구,202602,77,132
강동구,4960.고덕비즈밸리 지식산업센터 A,202602,295,293
강동구,4962.고덕비즈밸리 디엠스퀘어 앞,202602,422,458
강동구,4964.암사역사공원역 1번출구 A,202602,728,1420
강동구,4965.고덕비즈밸리 쿠쿠강동빌딩,202602,545,544
강동구,4968.강동구 자원순환센터,202602,47,47
강북구,"1501. 미아역 3번,4번 출구 사이",202602,596,589
강북구,1503. 강북구청사거리(수유역 8번출구),202602,1130,1285
강북구,1504. 삼양시장오거리,202602,152,152
강북구,1506. 강북문화예술회관,202602,516,461
강북구,1509. 서울북부수도사업소,202602,238,237
강북구,1510. 번동주공5단지 관리사무소 앞,202602,243,248
강북구,1512. 강북중학교 앞,202602,719,736
강북구,1514. 강북구청 사거리 버스정류소 앞,202602,505,495
강북구,1515. 송천동 주민센터,202602,251,252
강북구,1516. 우이동길마을마당,202602,359,289
강북구,1518. 수유2동은행빌딩 앞,202602,439,424
강북구,1519. 장미원시장 건너편,202602,286,237
강북구,1520. 수유중앙시장,202602,619,723
강북구,1525. 미아동 복합청사,202602,168,165
강북구,1526. 강북종합시장 앞,202602,492,578
강북구,1527. 미아역 1번 출구 뒤,202602,371,344
강북구,1528. 삼각산동 주민센터,202602,370,173
강북구,1529. 미아동 한국전력공사,202602,658,662
강북구,1530. 광산사거리,202602,761,779
강북구,1531. 미아사거리 1번 출구,202602,1109,1234
강북구,1532. 번3동 주민센터 교차로,202602,411,423
강북구,"1533. 번동 주공3, 4단지 교차로",202602,476,503
강북구,1535. 효성인텔리안 앞,202602,1054,1080
강북구,1536. 번동 두산위브 101동 옆,202602,374,368
강북구,1537. 북한산 우이역,202602,218,143
강북구,1538. 솔밭공원역,202602,63,60
강북구,1539. 4.19민주묘지역,202602,224,231
강북구,1540. 가오리역,202602,437,432
강북구,1541. 삼양역,202602,104,86
강북구,1542. 삼양사거리역,202602,185,171
강북구,1543. 수유1동 주민센터,202602,207,197
강북구,1546. 송천동우체국,202602,150,251
강북구,1547. 꿈의숲 롯데캐슬,202602,254,91
강북구,1548. 북서울 꿈의숲 서문,202602,383,239
강북구,1550.삼각산아이원아파트(105동 옆),202602,47,1
강북구,1551.4.19탑 앞,202602,347,190
강북구,1552. 강북구청사거리,202602,779,753
강북구,1553.서울북부고용노동지청,202602,396,414
강북구,1554.번동사거리,202602,253,237
강북구,1557.신창교,202602,529,529
강북구,1558.강북문화정보도서관,202602,129,104
강북구,1560. 도봉세무서 앞,202602,427,448
강북구,1564.4.19민주묘지역 1번출구,202602,261,282
강북구,1565.수유사거리,202602,501,506
강북구,1568.4.19민주묘지 입구사거리,202602,330,333
강북구,1569.수유역2번출구,202602,1420,1411
강북구,1571.북서울 꿈의 숲 입구,202602,179,191
강북구,1572. 우이동 먹거리마을,202602,67,52
강북구,1573.현대성우아파트 옆,202602,109,76
강북구,1574.송중초등학교 옆,202602,197,212
강북구,3703. 삼양입구사거리,202602,142,155
강북구,3707. 드래곤타워 앞,202602,422,480
강북구,3714. 송천센트레빌,202602,54,50
강북구,3718. 번동3단지 버스정류장,202602,446,496
강북구,3724. 삼양동주민센터 앞,202602,199,185
강북구,3725. 강북 청소년 문화정보도서관 앞,202602,210,176
강북구,3726.삼양동사거리,202602,245,242
강서구,1101. 상사마을 버스정류장(아라대교방면),202602,87,94
강서구,1102. 방화사거리 마을버스 버스정류장,202602,1179,1272
강서구,1103. 방화역 4번출구앞,202602,1707,1421
강서구,1105. 방화근린공원,202602,178,133
강서구,1106. 신방화사거리,202602,1812,1791
강서구,1108. 공항시장역 2번출구 뒤,202602,763,708
강서구,1109. 공항시장역 4번출구,202602,315,312
강서구,1110. 공항중학교앞,202602,486,486
강서구,1111. 마곡엠밸리6_7단지 마곡중학교,202602,1539,1276
강서구,1112. 마곡엠밸리4단지 정문,202602,2565,2583
강서구,1113. 서남환경공원 버스정류장,202602,1596,1403
강서구,1117. 등촌5단지아파트 버스정류장,202602,1906,1907
강서구,1118. 증미역 3번출구뒤(등촌두산위브센티움오피스텔),202602,1502,1722
강서구,1119. 염창동 한마음아파트 앞,202602,512,491
강서구,1120. 대림경동아파트앞,202602,1051,998
강서구,1121. 가양레포츠센터 앞,202602,704,711
강서구,1124. 발산역 6번 출구 뒤,202602,3194,3216
강서구,1126. 우장산역 1번출구옆(우장산아이파크105동앞),202602,991,666
강서구,1127. 화곡역 버스정류장,202602,511,521
강서구,1128. 화곡역 6번출구,202602,752,745
강서구,1129. 화곡역 1번 출구 앞,202602,702,705
강서구,1130. 화곡본동시장 버스정류장,202602,244,249
강서구,1132. 등촌역 7번출구,202602,944,1064
강서구,1135. 강서구의회,202602,1072,882
강서구,1136. 등촌2파출소,202602,352,178
강서구,1137. 등촌2동주민센터,202602,124,76
강서구,1139. 용문사 버스정류장,202602,342,287
강서구,1140. 목동사거리 버스정류장,202602,1241,1279
강서구,1141. 곰달래 문화복지센터 A,202602,827,851
강서구,1145. 곰달래 문화복지센터 B,202602,405,491
강서구,1148. 볏골공원,202602,605,537
강서구,1149. 신방화역환승주차장,202602,1826,1849
강서구,1150. 송정역 1번출구,202602,1521,1586
강서구,1151. 마곡역1번출구,202602,2760,3208
강서구,1152. 마곡역교차로,202602,2642,2718
강서구,"1153. 발산역 1번, 9번 인근 대여소",202602,4557,4600
강서구,1155. 기쁜우리복지관,202602,970,958
강서구,1157. 강서구청,202602,1801,1849
강서구,1158. 가양역 8번출구,202602,2090,2207
강서구,1159. 서서울모터리움 앞,202602,398,334
강서구,1160. 양천향교역 7번출구앞,202602,2737,2736
강서구,1161. 강서면허시험장 앞,202602,229,155
강서구,1162. 공항초등학교건너편,202602,1515,1506
강서구,1163. 방화동강서기동대앞,202602,1628,1563
강서구,1165. 마곡중학교 후문,202602,916,525
강서구,1166. 강서구립등빛도서관,202602,2888,2840
강서구,1167. 마곡수명산파크3단지 교차로,202602,2266,2197
강서구,1168. 마곡엠밸리10단지 앞,202602,1193,1096
강서구,1169. 염창역 1번 출구,202602,1261,1316
강서구,1170. 강서구보건소,202602,470,321
강서구,1171. 염창동 새마을금고 건너편,202602,538,544
강서구,1172. 가양3동 주민센터,202602,742,801
강서구,1173. 강서구청사거리(SH타워),202602,1916,1768
강서구,1174. 강서구청사거리(부민병원),202602,958,977
강서구,1175. 대한항공 인력개발센터,202602,678,416
강서구,1177. 수명중․고교,202602,967,916
강서구,1178. 개화산역 2번 출구,202602,497,499
강서구,1180. 마곡엠밸리 15단지(1502동) 건너편,202602,1584,1575
강서구,1181. 농수산식품공사 (강서지사),202602,187,221
강서구,1182. KBS 스포츠월드,202602,1848,1851
강서구,1183. 강서대학교,202602,192,143
강서구,1184. 마곡13단지,202602,2453,2436
강서구,1185. 등촌9단지,202602,964,911
강서구,1186. 송정중학교,202602,613,649
강서구,1187. 강서수산물도매시장,202602,542,654
강서구,1188. 롯데중앙연구소,202602,134,150
강서구,1190. 마곡역 교차로(2번출구),202602,2414,2423
강서구,"1191. 마곡역 버스정류장(마곡나루역1번출구, 웰튼병원 방면)",202602,2033,2076
강서구,1192. 마곡수명산파크 209동 건너편,202602,1695,1473
강서구,1193. 마곡센트럴타워 1차,202602,1625,1667
강서구,1195. 코오롱One&Only타워,202602,1178,1216
강서구,1196. 서울식물원(문화센터) 건너편,202602,403,447
강서구,1197. 엠펠리체 호텔 건너편,202602,980,1076
강서구,1198. LG 사이언스파크,202602,1400,1442
강서구,1199. 우장산역 3번출구,202602,742,584
강서구,1200. 개화광역환승센터,202602,160,178
강서구,2701. 마곡나루역 5번출구 뒤편,202602,5128,5304
강서구,2702. 마곡 엠밸리2단지,202602,951,952
강서구,2703.서울도시가스 앞 ,202602,542,415
강서구,2704.홈플러스(강서점),202602,1458,1497
강서구,2706.강서공업고등학교 앞,202602,463,463
강서구,2707.한강아파트,202602,1663,1420
강서구,2708.강서한강자이타워 앞,202602,1309,1325
강서구,2709.강변아파트 310동 앞,202602,475,392
강서구,2710.라이품 공영주차장 앞,202602,638,500
강서구,2711.가로공원공영주차장 1번 출구,202602,561,657
강서구,2712.화곡터널입구교차로,202602,303,124
강서구,2713.우장초등학교 앞,202602,884,850
강서구,2715.마곡나루역 2번 출구 ,202602,7434,7549
강서구,2716.롯데 R&D 센터,202602,296,329
강서구,2717.LG유플러스 마곡사옥,202602,2713,3316
강서구,2718.마곡수명산파크1단지,202602,1574,1353
강서구,2719.마곡문화공원,202602,2097,2412
강서구,2720.힐스테이트에코,202602,1745,1728
강서구,2721.등촌1-10단지 교차로,202602,2617,2516
강서구,2723.마곡 필네이처,202602,1615,1750
강서구,2724.(재)FITI시험연구원,202602,1056,868
강서구,2725.서울식물원 식물문화센터,202602,606,518
강서구,2727.서울식물원 잔디마당 앞,202602,1274,1347
강서구,2728.마곡나루역 3번 출구,202602,5059,5321
강서구,2729.넥센 유니버시티 앞,202602,918,997
강서구,2730.마곡메가박스 앞,202602,1427,1519
강서구,2731.명덕고교,202602,777,945
강서구,2732.마곡수명산 1-2단지 ,202602,1432,1139
강서구,2733.마곡13단지 정문 앞,202602,3242,3098
강서구,2737.까치산역 3번 출구,202602,706,760
강서구,2739.수명산파크1단지교차로,202602,2309,2321
강서구,2740.마곡레포츠센터,202602,959,959
강서구,2741.마곡수명산파크5-6단지,202602,1158,959
강서구,2742.강서구민올림픽체육센터,202602,1365,1513
강서구,2744.강서세무서 앞,202602,1681,1518
강서구,2745.수명초등학교,202602,1648,1376
강서구,2746.수명산파크 4단지 411동 앞,202602,1201,1102
강서구,3753. 공항중학교 버스정류장,202602,437,374
강서구,3754. 신방화역 8번출구,202602,940,916
강서구,3756. 마곡힐스테이트 정문,202602,1143,965
강서구,3757. 신방화역 6번출구,202602,1169,1071
강서구,3758. 서울남부출입국관리소,202602,1499,875
강서구,3759. 이대서울병원,202602,1103,1271
강서구,3760. 발산역 8번 출구,202602,1327,1402
강서구,3761. 나이아가라관광호텔,202602,315,359
강서구,3762. 마곡9단지 907동앞,202602,845,771
강서구,3763. 등촌태영아파트,202602,600,671
강서구,3764. 관문주유소(GS칼택스) 앞,202602,1425,1378
강서구,3765. 문소빌딩,202602,214,205
강서구,3766. 강서문화센터,202602,126,114
강서구,3767. 대원빌딩,202602,750,732
강서구,3770. 남부순환로 205,202602,236,226
강서구,3772. 길성그랑프리텔아파트,202602,1677,1651
강서구,3774. 마곡9단지 910동 상가앞,202602,870,877
강서구,3775. 가양오토갤러리,202602,552,568
강서구,3776. 김포공항사거리,202602,275,303
강서구,3778. 김포공항입구 교차로,202602,738,729
강서구,3779. 유광사여성병원,202602,2,2
강서구,3780. 등촌서광아파트,202602,1937,1852
강서구,3781. 강서아동복지센터,202602,54,125
강서구,3782. 겸재정선미술관,202602,1199,1080
강서구,3783. 마곡금호어울림아파트,202602,836,742
강서구,3784. 벽산아파트,202602,1646,1408
강서구,3785. 마곡14단지 1408동앞,202602,1107,952
강서구,3786. 강서힐스테이트 상가 앞,202602,415,321
강서구,3788. 정곡나들목,202602,477,522
강서구,3789. 염창나들목,202602,1094,1294
강서구,3792. 화곡본동시장 입구,202602,278,270
강서구,3793. 더리브골드타워,202602,516,538
강서구,3794. 안양천합수부(현대3차아파트),202602,811,797
강서구,3796. 송정역 3번출구 앞,202602,924,750
강서구,3797. 마곡수명산파크7단지 710동 앞,202602,343,345
강서구,3798. 그랜드아이파크아파트 앞,202602,2700,2729
강서구,3799. 국립항공박물관,202602,281,283
강서구,3801. 이랜드글로벌R&D센터,202602,347,448
강서구,5052. 마곡역 7번출구,202602,3014,3302
강서구,5053. 신마곡벽산블루밍메트로오피스텔앞,202602,789,914
강서구,5055. 마곡역5번출구앞,202602,1061,1051
강서구,5057. 마곡역4번출구,202602,1022,1078
강서구,5059. 화곡2동주민센터,202602,547,561
강서구,5061. 우장산동 가곡어린이공원앞,202602,2021,2190
강서구,5064. 양천향교역8번출구,202602,1236,1373
강서구,5065. 허준박물관삼거리,202602,977,967
강서구,5066. 아망떼마곡전시장,202602,1000,1239
강서구,5067. 주원 리젠트 앞,202602,438,439
강서구,5070. 마곡13단지힐스테이트마스터 후문(1320동 앞),202602,2004,1983
강서구,5072. 김포공항입구 교통섬,202602,302,314
강서구,5073. 우장산역 헤링턴타워 앞,202602,801,707
강서구,"5074. 마곡엠밸리14단지 버스정류장(마곡엠밸리11,12단지상가방면)",202602,1808,1814
강서구,5075. 등촌역 1번출구,202602,601,594
강서구,5076. 메이필드호텔앞,202602,506,509
강서구,5078. 왈도강서캠퍼스 앞,202602,497,490
강서구,5080. 가양역 1번출구,202602,1775,2086
강서구,5082. 가양역 7번출구,202602,2573,3063
강서구,5084. 강서우체국,202602,806,656
강서구,5086. 가양테크노타운,202602,727,769
강서구,5087. 연세강서빌딩,202602,1182,1129
강서구,5088. 등촌역 센터스퀘어,202602,671,636
강서구,5089. LG사이언스파크 E10동,202602,984,972
강서구,5090. 대상연구소,202602,380,419
강서구,5091. 보타닉파크타워2,202602,888,891
강서구,5095. 원당근린공원,202602,1510,1497
강서구,5096. LG사이언스파크 E14동,202602,2131,2496
강서구,5097. LG사이언스파크 E2동,202602,773,780
강서구,5098. LG사이언스파크 W4동,202602,536,536
강서구,5099. LG사이언스파크 E7동,202602,980,1071
강서구,5100. 강서도로사업소,202602,209,218
강서구,6171. 월드빌딩 앞,202602,639,631
강서구,6172. 가양5단지아파트,202602,248,205
강서구,6173. 서울자동차운전전문학원,202602,171,167
강서구,6176. 유광사 여성병원 앞,202602,439,350
강서구,6177. 마곡롯데캐슬르웨스트,202602,1613,1533
강서구,6178. 마스터밸류에이스 지식산업센터,202602,426,415
강서구,6180.양천향교역 3번출구,202602,437,429
강서구,6182.오스템임플란트비전타워,202602,299,328
강서구,6183.K스퀘어 마곡,202602,1024,1082
강서구,6184. 한강버스 마곡 선착장,202602,491,463
강서구,6185.가양나들목,202602,84,97
강서구,6187.마곡119안전센터 맞은편,202602,308,318
강서구,6188.금호아파트,202602,539,543
강서구,6189.데시앙플렉스 지식산업센터,202602,408,411
강서구,6190.마곡광장(마곡나루역 6번출구),202602,1023,938
관악구,2102. 봉림교 교통섬,202602,2310,2583
관악구,2103. 신림동 우방아파트,202602,515,493
관악구,2104. 사당역 5번출구,202602,410,520
관악구,2105. 미성동 신림체육센터,202602,391,427
관악구,2106. 세이브마트,202602,570,700
관악구,2108. 은천치안센터,202602,643,642
관악구,2109. 은천로입구 가로공원,202602,1147,1107
관악구,2110. 조원동 미성아파트,202602,666,755
관악구,2111. 서울대입구역 1번출구,202602,446,450
관악구,2112. 서울대입구역 마에스트로,202602,244,293
관악구,2115. 관악구시설관리공단,202602,693,516
관악구,2116. 에이스에이존빌딩,202602,243,271
관악구,2119. 중앙동 동진빌딩,202602,304,302
관악구,2122. 낙성대로 입구,202602,200,189
관악구,2127. 난곡종점,202602,234,134
관악구,2128. 관악구청교차로,202602,172,168
관악구,2129. 낙성대 과학전시관,202602,142,73
관악구,2130. 영어마을 관악캠프,202602,47,23
관악구,2136. 신림역 8번출구,202602,1684,1805
관악구,2137. KT&G 관악지점,202602,279,275
관악구,2139. 서울신성초등학교,202602,289,270
관악구,2140. 신림1교 교차로,202602,779,740
관악구,2143. 서울산업정보학교,202602,92,88
관악구,2144. 난우길입구,202602,187,181
관악구,2145. 은천초등학교 육교,202602,223,228
관악구,2148. 낙성대역 3번출구 뒤,202602,300,300
관악구,2156. 신림푸르지오아파트,202602,388,390
관악구,2159. 인헌초교,202602,120,108
관악구,2164. 관악우체국,202602,418,401
관악구,2165. JK장평타워,202602,106,74
관악구,2167. 낙성대역 1번출구,202602,163,164
관악구,2169. 봉천역 2번출구,202602,623,693
관악구,2170. 조원동 강남힐병원,202602,369,388
관악구,2171. 서울대입구역 5번출구,202602,500,510
관악구,2172. 나들목공원,202602,266,210
관악구,2173. 당곡사거리,202602,1021,984
관악구,2174. 삼성디지털프라자관악점,202602,266,260
관악구,2175. 신림동걷고싶은문화의거리입구,202602,492,510
관악구,2176. 보라매공원 보도육교,202602,1525,1640
관악구,2178. 서울대학교 정문,202602,334,217
관악구,2179. 양녕로 입구,202602,404,449
관악구,2184. 구암초등학교 버스정류장,202602,151,22
관악구,2185. 대학동 고시촌,202602,423,365
관악구,2186. 낙성대입구삼거리,202602,188,161
관악구,2187. 현대시장사거리,202602,636,431
관악구,2189. 봉천역 4번출구,202602,512,557
관악구,2190.도원맨션,202602,194,167
관악구,2191.대학동주민센터 ,202602,430,435
관악구,2195.은천교회,202602,560,540
관악구,2196. 봉천역 3번출구,202602,288,308
관악구,2198.사랑의병원,202602,199,166
관악구,2199.신봉천주유소 A,202602,73,72
관악구,3310.영락고등학교,202602,89,42
관악구,3311.서울대입구역 4번 출구,202602,454,500
관악구,3802. 관악구민체육센터,202602,204,202
관악구,3803. 남서울중학교,202602,437,422
관악구,3804. 낙성대공원,202602,132,127
관악구,3806. 낙성대 교수아파트,202602,91,44
관악구,3807. 관악우체국 교차로,202602,155,144
관악구,3811.신사로입구,202602,812,745
관악구,3812. KT관악지점,202602,432,415
관악구,3813. 낙성대역 5번출구,202602,159,154
관악구,3814. 난곡사거리 ,202602,645,680
관악구,3815. 광일빌딩,202602,458,440
관악구,3816. 관악 GSfresh,202602,390,307
관악구,3818. 은천교회 앞,202602,648,647
관악구,3819. 서울대벤처타운역,202602,968,999
관악구,3820. 은천삼거리,202602,247,224
광진구,3500. 군자역2번출구,202602,1344,1343
광진구,3501. K&S빌딩 앞,202602,838,796
광진구,3502. 중곡역 1번출구,202602,557,512
광진구,3503. 광진유진스웰,202602,121,43
광진구,3504. 원일교회,202602,1558,1328
광진구,3505. 신양초교앞 교차로,202602,495,442
광진구,3506. 영동대교 북단,202602,910,882
광진구,3507. 어린이회관,202602,530,368
광진구,3508. 화양사거리,202602,491,470
광진구,3509. 세종사이버대학교,202602,1415,1418
광진구,3510. 중곡SK아파트앞,202602,362,194
광진구,3516. 구의아리수정수센터앞,202602,439,348
광진구,3517. 용마사거리,202602,771,900
광진구,3518. 군자역 7번출구뒤,202602,2453,2572
광진구,3521. 현대홈타운 뒷길,202602,211,150
광진구,3523. 건국대학교 과학관(이과대) 앞,202602,210,215
광진구,3528. 광진정보도서관,202602,548,698
광진구,3529. 어린이대공원정문,202602,332,279
광진구,3533. 건대입구역 사거리(롯데백화점),202602,2851,3307
광진구,3534. 건대입구역 5번출구 뒤,202602,2405,2668
광진구,3536. 중앙농협(자양동),202602,1557,1565
광진구,3537. 아차산 휴먼시아 아파트 옆,202602,300,126
광진구,3542. 래미안 구의파크 스위트,202602,1385,1374
광진구,3543. 세종대학교(학술정보원),202602,283,313
광진구,3563.구의7단지현대아파트,202602,141,158
광진구,3566.우성4차아파트,202602,973,880
광진구,3569.건대병원후문,202602,1965,2168
광진구,3570.구의역 리버비스타 오피스텔,202602,1388,1406
광진구,3571.화양 APT(횡단보도 옆),202602,2084,2056
광진구,3573.광나루안전체험관,202602,771,685
광진구,3575. 자양사거리(서원빌딩),202602,1937,1919
광진구,3579.광진 캠퍼스시티,202602,1152,1138
광진구,3581.광진광장,202602,1264,1075
광진구,3582.화양동 우체국,202602,1270,1164
광진구,3586.군자역 비채온 오피스텔,202602,829,832
광진구,3587.우성식품 앞,202602,495,511
광진구,3588.세종대학교(영실관),202602,224,223
광진구,3853. 어린이대공원역 2번출구,202602,554,421
광진구,3860. 건국대학교 정문 앞,202602,745,545
광진구,3863. 동일로58길 입구,202602,750,597
광진구,3864. 광진소방서 앞,202602,1113,724
광진구,3865. 이튼타워리버 2차,202602,899,906
광진구,3868. 자양한강도서관,202602,1500,1533
광진구,3873. 동서울우편집중국 앞,202602,641,634
광진구,3878. 장로회신학대학교 주기철 기념관,202602,30,25
광진구,3879. 중랑천 뚝방길 산책로 입구,202602,602,616
광진구,3880. 홍련봉 공원,202602,387,205
광진구,3881. 신자초교입구 교차로,202602,1923,1979
광진구,3882. 자양2동 주민센터,202602,1007,1014
광진구,3886.광진구 민방위교육센터,202602,947,869
광진구,3890. 웰츠타워 오피스텔,202602,1228,1218
광진구,3894. 노룬산시장 앞,202602,898,885
광진구,3899. 아차산역 2번출구,202602,656,633
광진구,3900. 건국대학교 신공학관,202602,666,841
광진구,500. 어린이대공원역 3번출구 앞,202602,1003,948
광진구,501. 광진문화예술회관 앞,202602,1202,1107
광진구,502. 자양(뚝섬한강공원)역 1번출구 앞,202602,3232,3505
광진구,505. 자양사거리 광진아크로텔 앞,202602,1050,954
광진구,515. 광양중학교 앞,202602,275,190
광진구,5151.진넥스베르디엠 앞,202602,808,906
광진구,5152.이스트폴 105동 방면 입구,202602,413,278
광진구,5153.한강버스 뚝섬 선착장,202602,2835,3098
광진구,5154.광진구청 앞,202602,1150,1135
광진구,5155.광진경찰서 앞,202602,1314,1293
광진구,516. 광진메디칼 앞,202602,864,818
광진구,539. 군자교교차로,202602,870,869
광진구,540. 군자역 7번출구 베스트샵 앞,202602,1018,1039
광진구,542. 강변역 4번출구 뒤,202602,741,758
광진구,543. 구의공원(테크노마트 앞),202602,1355,1459
광진구,544. 광남중학교,202602,405,427
광진구,546. 잠실대교북단 교차로,202602,939,934
광진구,548. 자양나들목,202602,1258,1224
광진구,549. 아차산역 3번출구,202602,1131,1098
광진구,551. 구의삼성쉐르빌 앞,202602,1101,1178
광진구,552. 대림아크로리버 앞,202602,481,508
광진구,553. 중곡 성원아파트 앞,202602,501,563
광진구,555. 구의3동주민센터,202602,239,211
광진구,571. 세종대학교 대양AI센터,202602,600,570
광진구,573. 구의문주차장 앞,202602,1092,1045
광진구,574. 아차산역4번출구,202602,1149,645
광진구,575. 대원중고교 입구(대하빌딩),202602,354,261
광진구,576. 광나루역 3번 출구,202602,1101,1205
광진구,577. 광진청소년수련관,202602,775,846
광진구,584. 광진광장 교통섬,202602,1610,1295
광진구,588. 뚝섬 유원지역,202602,905,901
광진구,590. 건국대학교 (입학정보관),202602,609,665
광진구,591. 건국대학교 (행정관),202602,184,185
광진구,592. 건국대학교 학생회관,202602,664,794
광진구,593.자양중앙나들목,202602,961,1013
구로구,1901. 신도림동주민센터 앞,202602,971,966
구로구,1904. 도림천역 1번 출구 앞,202602,1041,1049
구로구,1906. 신도림역 1번 출구 앞,202602,2365,2358
구로구,1907. 구일우성(아) 육교 밑,202602,882,817
구로구,1908. 해원리바파크 육교 밑,202602,1799,1820
구로구,1910. 낙원교회 맞은편,202602,218,193
구로구,1911. 구로디지털단지역 앞,202602,2884,2951
구로구,1912. 한신휴아파트 앞,202602,1066,1044
구로구,1914. 대림역4번출구,202602,1484,1466
구로구,1916. 구로중학교앞,202602,455,450
구로구,1920. 서울미래초등학교 사거리,202602,634,582
구로구,1924. 삼부르네상스파크빌,202602,679,300
구로구,1925. 동양미래대학교 정문 옆,202602,1807,1839
구로구,1928. 고척스카이돔구장 광장,202602,671,655
구로구,1929. 고척근린공원 고척도서관 앞,202602,598,487
구로구,1930. 개봉지구대 개봉치안센터,202602,356,358
구로구,1931. 개봉역2번출구 A,202602,648,854
구로구,1933. 개봉푸르지오아파트 상가,202602,969,1007
구로구,1936. 개봉역 1번 출구 자전거보관서쪽,202602,441,500
구로구,1937. 한진아파트 입구,202602,588,586
구로구,1941. 오류동역 2번출구,202602,555,722
구로구,1943. 온수역 북측,202602,152,141
구로구,1946. 구로역 광장,202602,1509,1599
구로구,1951. 천왕이펜하우스 4단지 후문,202602,142,83
구로구,1952. 천왕연지타운2단지 앞,202602,749,1099
구로구,1953. 천왕역 4번출구 뒤,202602,579,246
구로구,1955. 디지털입구 교차로,202602,1099,1116
구로구,1956. 동아1차APT105동 버스정류장(신도림중학교 방면),202602,1011,977
구로구,1957. 구일고등학교 정문 ,202602,1067,1067
구로구,1958. 강서수도사업소민원센터,202602,811,892
구로구,1959. 구로구의회 앞,202602,928,1028
구로구,1960. 구로거리공원 동측(신도림역 방면),202602,576,544
구로구,1962. 가리봉동주민센터,202602,805,758
구로구,1964. 원메디타운 앞,202602,1069,1089
구로구,1965. 삼환로즈빌아파트 105동 옆,202602,539,489
구로구,1966. 한마을아파트 정문상가,202602,653,643
구로구,1967. 참새공원(백곡경노당),202602,243,246
구로구,1969. 궁동생태공원,202602,28,50
구로구,1971. 오정초교 앞 보도육교,202602,59,45
구로구,1973. 오리로와 서해안도로 교차로 앞,202602,285,206
구로구,1974. 신도림2차e편한세상아파트 203동 앞,202602,600,607
구로구,1975. 대림역 1번 출입구 밑,202602,928,922
구로구,1976. 남구로역 5번 출입구 앞,202602,394,211
구로구,1977. 천왕역 1번 출입구 앞,202602,912,709
구로구,1979. 구로1동우체국 앞,202602,139,125
구로구,1981. 천왕지구삼거리 앞,202602,359,477
구로구,1983. 구로동롯데아파트,202602,552,534
구로구,1985. 구로도서관,202602,1797,1711
구로구,1986. 태평양물산,202602,1337,1534
구로구,1987. 개봉아이파크아파트 앞,202602,778,770
구로구,1988. 고척LIGA아파트 앞,202602,1048,1043
구로구,1991. 오류동역 맞은편,202602,665,778
구로구,1992. 구로구배드민턴실내체육관 앞,202602,199,203
구로구,1993. 금강수목원아파트 앞,202602,295,297
구로구,1994. 삼성전자 물류센터 앞,202602,985,967
구로구,1996. 구일역 1번 출입구 앞,202602,1012,1009
구로구,1998. 고척교 교차로,202602,204,163
구로구,1999. 수궁동 성당 주변,202602,162,157
구로구,2000. 신도림4차 e편한세상 아파트 1109동 앞,202602,727,632
구로구,2801. 대륭포스트타워1차,202602,941,940
구로구,2804.항동지구 6단지 602동 앞,202602,92,117
구로구,2805.구로자원순환센터 ,202602,50,44
구로구,2806.항동지구 4단지 입구,202602,72,38
구로구,2807.항동지구 1단지 105동 앞,202602,53,66
구로구,2808.항동지구 2단지 202동 앞,202602,69,66
구로구,2809.항동지구 11단지 1103동 앞,202602,56,70
구로구,2810.항동지구 3단지 311동 앞,202602,36,52
구로구,2812.항동프라자,202602,129,160
구로구,2813.항동지구 3단지 302동 앞,202602,36,34
구로구,2814.항동지구 10단지 1001동 앞,202602,68,57
구로구,2815.항동지구 7단지 정문,202602,185,187
구로구,2816.항동지구 8단지 803동옆(주차장입구),202602,34,22
구로구,2817.천왕이펜하우스5단지 앞,202602,115,92
구로구,2818.천왕이펜하우스3단지 앞,202602,192,41
구로구,2819.하늘숲초등학교 앞,202602,476,785
구로구,2820.신세기아파트 앞,202602,399,409
구로구,2821.청구아파트 앞,202602,580,501
구로구,2822.제니스스포츠 앞,202602,312,314
구로구,2823.중앙유통단지 앞,202602,445,457
구로구,2824.미래사랑어린이공원 앞,202602,1720,1741
구로구,2825.초롱타운 앞,202602,228,199
구로구,2826.가마산지하보도 옆,202602,266,280
구로구,3902. 항동지구5단지 501동 앞,202602,102,103
구로구,3903. 현대아파트 앞,202602,378,387
구로구,3904. 테크노마트 앞,202602,1272,1295
구로구,3905. 희훈타워빌 앞,202602,1005,944
구로구,3906. 천왕차량사업소 입구,202602,352,555
구로구,3907. 신도림7차e편한세상아파트 806동 앞,202602,604,508
구로구,3908. 오류동 다숲오피스텔 앞,202602,523,668
구로구,3910. 목양전원교회 앞 로터리,202602,142,139
구로구,3911. 항동하버리안2단지아파트 후문,202602,85,90
구로구,3912. 삼호아파트 앞,202602,395,382
구로구,3914. 신도림쌍용플래티넘노블아파트 앞,202602,1070,1005
구로구,3915. 동선아파트 앞,202602,114,114
구로구,3917. 성공회대학교,202602,179,133
구로구,3918. 이좋은집오피스텔 앞,202602,338,462
구로구,3919. 구로역·NC신구로점 버스정류장(구로역 방면),202602,945,952
구로구,3920. 개봉역2번출구 B,202602,206,229
구로구,3922. 서울남부교정시설 앞,202602,328,300
구로구,3923. 구로공구상가 앞,202602,141,140
구로구,3924. 오류동 계림웨스트밸리 앞,202602,73,71
구로구,3925. 중앙유통단지 앞 B,202602,307,308
구로구,3927. 구로월드아파트 앞,202602,805,902
구로구,3928.고척아이파크아파트 106동 앞,202602,560,565
구로구,3929. 고척아이파크아파트 205동 앞,202602,614,575
구로구,3930. 온수역 2번 출구 앞,202602,235,236
구로구,3931. 천왕역 3번 출구 뒤,202602,647,364
구로구,3932. 개봉센트레빌레우스아파트 앞,202602,135,102
구로구,3933. 오류동부골든아파트 후문 옆,202602,239,29
구로구,3934. 철도교통관제센터 정문 앞,202602,1427,1489
구로구,3935. 고대구로병원 앞,202602,627,613
구로구,3936. 힐스테이트 신도림역,202602,1089,1018
구로구,3937. 개봉역 신영지웰에스테이트,202602,57,56
구로구,3939.신도림역 3번출구,202602,3461,3757
금천구,1804. 독산역 2번출구 자전거주차장,202602,744,749
금천구,1805. 서울디지털운동장 앞,202602,532,526
금천구,1806. 에이스하이엔드타워9차 앞,202602,542,515
금천구,1808. 에이스하이엔드타워8차 앞,202602,593,604
금천구,1809. LG전자 별관동(호서대 벤처타워 맞은편),202602,605,656
금천구,1812. 갑을그레이트밸리 앞,202602,307,331
금천구,1814. 두산위브아파트 옆 상가건물 앞,202602,608,577
금천구,1819. 금천구청 앞 자전거거치대,202602,222,233
금천구,1820. 신한은행 시흥대로금융센터지점,202602,114,107
금천구,1821. 홈플러스 시흥점 맞은편 다비치안경 앞,202602,342,455
금천구,1823. W컨템포오피스텔앞,202602,142,79
금천구,1824. 독산근린공원 입구,202602,749,722
금천구,1825. 한신아파트 앞 육교 아래,202602,384,399
금천구,1826. 한신코아 앞,202602,198,227
금천구,1828. 독산동 한양수자인아파트 앞,202602,414,201
금천구,1829. 홈플러스 금천점 앞,202602,372,408
금천구,1830. 빅마켓 금천점 앞,202602,759,823
금천구,1831. 한국전력 구로금천지사 앞,202602,234,223
금천구,1833. 독산역 1번출구 A,202602,421,446
금천구,1834. 월드메르디앙 벤처센터 2차,202602,608,622
금천구,1835. STX V타워,202602,286,309
금천구,1836. 금천구립 독산도서관,202602,63,14
금천구,1839. 수출의 다리 아래,202602,335,395
금천구,1840. 솔브레인이엔지 뒤편,202602,308,302
금천구,1841. 가산동 주민센터,202602,742,722
금천구,1842. 한울중학교,202602,126,30
금천구,1843. 독산고등학교,202602,239,179
금천구,1845. 롯데캐슬골드파크1차 서문,202602,1,1
금천구,1846. 롯데캐슬골드파크1차 동문,202602,682,677
금천구,1847. 독산주공 14단지 버스정류소,202602,110,130
금천구,1848. 벽산 디지털밸리 5차,202602,608,722
금천구,1849. 대륭포스트타워5차,202602,309,307
금천구,1850. 코오롱테크노밸리,202602,174,272
금천구,1851. 가산디지털단지 9번출구 인근,202602,1158,1180
금천구,1853. 청년취업사관학교앞,202602,204,186
금천구,1854. 가산아네스트 오피스텔 앞,202602,321,104
금천구,1855. 성지아파트 옆 도로변,202602,53,63
금천구,1856. 모두의학교,202602,283,271
금천구,1857. 주공14단지,202602,102,81
금천구,"1858. 500번,507번 버스 종점 앞",202602,125,143
금천구,1859. 대륭테크노타운 18차,202602,291,279
금천구,1861.IBK기업은행 석수역 지점 앞,202602,86,81
금천구,1862.MD호텔 앞,202602,439,392
금천구,1863.위너스 스포츠클럽 골프연습장옆,202602,164,146
금천구,1864.산호시티빌 옆,202602,185,110
금천구,1865.금천구청앞(M빌딩),202602,250,276
금천구,1866.서울안천초등학교 옆,202602,118,118
금천구,1867.대륭포스트타워6차 앞,202602,2452,2647
금천구,1868.우리은행 시흥남자동화점 앞,202602,164,127
금천구,1869.롯데캐슬골드파크3차 301동 앞,202602,389,383
금천구,1870.독산3동주민센터 앞,202602,398,176
금천구,3956. 대륭테크노타운21차 앞,202602,362,364
금천구,3958. 롯데캐슬2차 마을버스 정류장(18804) 뒤편,202602,247,261
금천구,3959. 시흥사거리(시흥동 994-3 앞),202602,454,620
금천구,3963. 에이스 하드웨어(시흥대로 396) 앞,202602,442,466
금천구,3966. 독산역1번출구 B,202602,1139,1264
금천구,3967. 혜명양로원 담장 옆(2),202602,209,152
금천구,3969. 독산역 롯데캐슬 104동 앞,202602,583,531
금천구,3970. 시흥4동주민센터 앞,202602,64,62
금천구,3971. 순흥안씨묘 건너편,202602,32,13
금천구,3972. 산기슭공원 앞,202602,51,29
금천구,3973. 독산2동주민센터 앞,202602,155,85
금천구,3974.  안천중학교,202602,139,142
금천구,3975.현대시티아울렛 가산,202602,882,1041
금천구,3980. 금천현대홈타운 후문 서부샛길,202602,496,465
금천구,3983. 금천구청역 1번 출구,202602,707,757
금천구,3984. 가산롯데아이티캐슬,202602,647,650
금천구,3985. 디폴리스 지식산업센터,202602,461,472
금천구,3986.청년주택 독산동점,202602,288,271
금천구,3987. LG전자가산A와 가산테라타워 사이,202602,541,527
금천구,3988. 엘아르베뉴 102동 앞,202602,388,475
금천구,3989.가산디지털단지역 9번출구 앞,202602,755,742
노원구,1601. 석계역 문화광장 내 자전거 보관소,202602,1779,1967
노원구,1602. 광운대역 앞,202602,752,777
노원구,1605. 헬스케어,202602,588,614
노원구,1606. 태릉입구역 3번출구 ,202602,766,753
노원구,1608. 공릉역 1번 출구 앞,202602,1731,1925
노원구,1610. 화랑대역 2번출구 앞,202602,925,1061
노원구,1611. 과기대 입구(우),202602,1129,1119
노원구,1616. 하계2동 공항버스정류장 옆,202602,349,355
노원구,1617. 하계동 중평어린이공원 앞,202602,1333,1397
노원구,1619. 중계동 하나프라자빌딩 앞(중1-1),202602,1041,1033
노원구,1625. 상계역 3번출구,202602,2351,2335
노원구,1627. 수락산역 4번출구,202602,653,634
노원구,1628. 노일초등학교 앞,202602,330,328
노원구,1630. 수연빌딩 앞,202602,592,584
노원구,1634. 당고개공원 대여소,202602,216,211
노원구,"1635. 상계3,4동 주민센터 대여소",202602,119,106
노원구,1636. 상계주공2단지 버스정류장 옆,202602,1048,1037
노원구,1637. KT 전화국 버스정류장 옆,202602,2059,2132
노원구,1639. 희성오피앙,202602,343,364
노원구,1640. 한내근린공원 북측,202602,580,558
노원구,1641. 한내근린공원 남측,202602,375,378
노원구,1642. 서울여대 남문,202602,313,219
노원구,1643. 태릉입구역 8번출구,202602,993,1072
노원구,1646. 삼육대 입구,202602,96,122
노원구,1650. 중계근린공원내,202602,1940,2058
노원구,1651. 상계동 우방유쉘아파트 앞,202602,618,605
노원구,1652. 파르코 앞,202602,206,216
노원구,1653. 노원역1번출구,202602,2072,2055
노원구,1654. 당고개입구 오거리,202602,320,308
노원구,1655. 공릉1단지아파트,202602,1411,1420
노원구,1656. 중앙하이츠 아파트 입구,202602,1246,1241
노원구,1657. 노원구청 ,202602,1210,1242
노원구,1659. 중계동 을지중학교,202602,469,440
노원구,1660. 서울시립과학관,202602,237,180
노원구,1661. 당현천근린공원,202602,913,907
노원구,1662. 노원역7번출구,202602,1417,1495
노원구,1663. 동해문화예술관앞,202602,928,931
노원구,1664. 노해근린공원내,202602,573,561
노원구,1665. 양지근린공원앞,202602,667,549
노원구,1666. 노원소방서인근,202602,399,267
노원구,1667. 중계중학교,202602,931,877
노원구,1668. 중계역 6번출구,202602,1768,1845
노원구,1669. 중계역 3번출구,202602,1347,1334
노원구,1670. 노원경찰서교차로,202602,569,525
노원구,1671. 인덕대학교,202602,287,332
노원구,1672. 상계동수락리버시티,202602,277,275
노원구,1674. 서울북부고용센터앞,202602,1655,1659
노원구,1675. 월계문화체육센터,202602,82,57
노원구,1677. 육군사관학교  앞,202602,563,607
노원구,1679. 삼육대 도서관,202602,93,58
노원구,1680. 삼육대 제3과학관,202602,13,7
노원구,1681. 현대6차 아파트,202602,854,553
노원구,1682. 중계종합사회복지관 교차로,202602,364,364
노원구,1683. 노원문화예술회관,202602,916,917
노원구,1684. 태릉입구역 5번출구,202602,1661,1741
노원구,1685. 불암고등학교 앞 횡단보도,202602,591,582
노원구,1686. 상계주공10단지 종합상가 앞,202602,1025,1001
노원구,1688. 마들역 7번출구,202602,1297,1296
노원구,1689. 마들역 3번출구,202602,906,938
노원구,1690. 도봉운전면허시험장 버스정류장 옆,202602,499,499
노원구,1691. 노원정보도서관,202602,919,905
노원구,1692. 온곡초교 교차로,202602,805,591
노원구,1693. 원자력 병원,202602,262,109
노원구,1696.수락리버시티4단지,202602,272,270
노원구,1697.상계주공2단지 219동,202602,1017,1004
노원구,2901.공릉동풍림아파트 101동,202602,816,819
노원구,2902.공릉풍림아파트 108동,202602,682,656
노원구,2903.월계초안아파트 1단지,202602,281,291
노원구,2904.중계3차청구아파트,202602,716,705
노원구,2907. 월계중학교,202602,160,45
노원구,2908. 광운대학교 중앙도서관,202602,719,708
노원구,2909. 석계역 3번 출구,202602,617,710
노원구,2910.도깨비시장,202602,744,789
노원구,2911.상계역중앙시장,202602,722,712
노원구,2912.대진고등학교,202602,453,369
노원구,2913.상계8동 주민센터,202602,875,874
노원구,2914.서울과학기술대학교(미래관),202602,333,305
노원구,2915.서울과학기술대학교(어학교육원),202602,458,324
노원구,2917.신창중학교 후문 맞은편 버스정류장,202602,390,481
노원구,2919.등나무 근린공원(시립북서울미술관 앞) ,202602,1898,1933
노원구,2920.상계중학교(당현2교사거리),202602,566,558
노원구,2921.중계역 2번출구,202602,1226,1281
노원구,4002. 상계주공 14단지 상가 앞,202602,549,522
노원구,4004. 당고개입구오거리 당현천변,202602,720,715
노원구,4005. 중계2차 한화꿈에그린 101동 인근,202602,613,599
노원구,4007. 노원 을지대학교 병원,202602,790,879
노원구,4008. 하계 어린이 공원,202602,438,426
노원구,4009. 월계프라자,202602,315,84
노원구,4011. 월계 센트럴 아이파크,202602,471,730
노원구,4013. 중계 롯데마트,202602,1203,1160
노원구,4014. 불암산역 3번 출구,202602,325,323
노원구,4016. 노원 마들스타디움,202602,510,511
노원구,4017. 월계 청백1단지 아파트 정류장,202602,233,89
노원구,4018. 상계주공15단지 버스정류소,202602,446,450
노원구,4019. 상계주공10단지 버스정류소,202602,711,706
노원구,4020. 중계동 성모빌딩 앞 ,202602,933,927
노원구,4021. 중계본동 입구,202602,110,42
노원구,4023. 월계역 1번 출구,202602,492,589
노원구,4024. 꿈의숲 SK뷰 아파트,202602,649,611
노원구,4025. 한천교 동편,202602,412,438
노원구,4026. 상계주공1단지아파트,202602,1267,1257
노원구,4027. 한내 행복발전소 옆,202602,1506,1530
노원구,4028. 한일유앤아이아파트 105동 인근,202602,679,624
노원구,4029. 청소년수련관 후문,202602,1980,1994
노원구,4031. 청암예술학교 앞,202602,1053,1007
노원구,4032. 불암주유소 앞,202602,863,851
노원구,4033. 녹천역 4번 출구 옆,202602,200,211
노원구,4035. 휴플러스 수락한신아파트 101동 앞,202602,371,314
노원구,4036. 하계역 6번출구,202602,988,1114
노원구,4037. 물넘이교,202602,1571,1543
노원구,4039. 서울시 북부여성발전센터,202602,455,465
노원구,4040. 공릉로 26길,202602,314,344
노원구,4041. 공릉역3번출구,202602,1023,1126
노원구,4042. 상계문화정보도서관,202602,587,610
노원구,4043. 상계주공13단지 1301동,202602,188,87
노원구,4044. 공릉산 백세문 입구,202602,38,37
노원구,4045. 은하수 공원,202602,281,272
노원구,5301. 상계주공1단지 버스정류장 옆(대원빌딩 앞),202602,1254,1262
노원구,5305. 대륜E&S 서울지사 앞,202602,269,275
노원구,5308. 상계신동아아파트,202602,38,22
노원구,5309. 월계 롯데캐슬아파트 뒤,202602,501,524
노원구,5310. 목련아파트,202602,375,374
노원구,5311. 주공601동 상가 노원지하보도 앞,202602,1513,1524
노원구,5313. 중계주공2단지 앞,202602,367,369
노원구,5314. 월계1동주민센터 앞,202602,396,420
노원구,5315. 불암산역 앞,202602,166,154
노원구,5317. 공릉동 신도1차 아파트 뒤,202602,613,630
노원구,5318. 극동의 푸른별 아파트 뒤(중계4동주민센터 앞),202602,414,366
노원구,5319. 연해피빌 앞,202602,582,591
노원구,5320. 국제 스케이트장,202602,42,26
노원구,5321.불암아파트 앞,202602,283,277
노원구,5322.노원성당 앞,202602,343,367
노원구,5323. 하계역 4번출구 앞,202602,658,691
노원구,5325.상계주공7단지 아파트 앞,202602,563,497
노원구,5326. 대진고교앞 교차로,202602,726,707
노원구,5327. 태릉선수촌 앞,202602,25,21
노원구,5328.롯데캐슬시그니처아파트 앞,202602,472,382
노원구,5329. 상계주공15단지 1509동 앞,202602,430,409
노원구,5330. 구립수락노인종합복지관,202602,455,499
노원구,5331. 공릉동 풍림아파트 112동 앞,202602,101,106
노원구,5332. 마들역 4번출구,202602,430,431
노원구,5333. 노원역9번-10번 출구 앞,202602,1650,1785
노원구,5334. 화랑대역 3번출구,202602,125,126
노원구,5335. 하계역 1번 출구,202602,387,404
노원구,5336. 월계 고등학교 앞,202602,113,77
노원구,5337. 태강릉 앞,202602,46,42
노원구,5338. 상계초교 입구 교차로,202602,632,636
노원구,5339. 은빛1단지 아파트 앞,202602,89,91
노원구,5341.공릉동효성아파트 앞,202602,500,439
노원구,5342. 상계공원 입구,202602,446,511
도봉구,1702. 녹천역 1번출구 앞,202602,345,434
도봉구,1703. 도봉산광역환승센터앞 ,202602,161,126
도봉구,1705. 도봉구청 정문앞,202602,742,760
도봉구,1706. 방학동우체국 건너편,202602,547,561
도봉구,1707. 도봉구민회관,202602,649,584
도봉구,1708. 도봉보건소사거리,202602,821,851
도봉구,1709. 쌍문역4번출구 주변,202602,540,505
도봉구,1713. 쌍문동 이안아파트 앞,202602,365,113
도봉구,1714. 도봉문화정보도서관 삼거리,202602,302,105
도봉구,1715. 서울특별시교육청도봉도서관,202602,321,299
도봉구,1716. 창동역 1번출구 건너편,202602,1620,1752
도봉구,1719. 신도봉사거리 버스정류장,202602,569,571
도봉구,1720. 도봉구청 옆(중랑천변),202602,902,884
도봉구,1722. 창동청소년수련관,202602,236,218
도봉구,1725. 창1동주민센터,202602,243,258
도봉구,1726. 삼익세라믹아파트교차로,202602,579,570
도봉구,1727. 서울도봉초등학교인근,202602,464,406
도봉구,1728. 서울북부지방법원,202602,153,154
도봉구,1729. 도봉한신아파트 버스정류장,202602,552,596
도봉구,1730. 도봉산역 교차로 앞,202602,83,102
도봉구,1731. 도봉고등학교 맞은편,202602,129,55
도봉구,1732. 방학역사거리,202602,351,383
도봉구,1733. 방학사거리 (봄마당 앞),202602,280,277
도봉구,1734. 쌍문현대1차아파트 108동 앞,202602,429,316
도봉구,"1735. 도봉역 1,2번 출구사이 건너편",202602,392,384
도봉구,1736. 버스정류장 앞,202602,223,166
도봉구,1737. 신창시장,202602,994,1028
도봉구,1738. 창동주공17단지 상가앞,202602,679,687
도봉구,1741. 제일강산수산입구,202602,541,438
도봉구,1742. 북한산 코오롱 하늘채,202602,619,630
도봉구,1743.창동19단지아파트 관리사무소앞,202602,535,518
도봉구,1744.도봉소방서 옆,202602,1076,1093
도봉구,1749. ESA아파트 상가 앞,202602,568,561
도봉구,1750. 창포원 남쪽 입구,202602,352,390
도봉구,1751. 창원초등학교 교차로,202602,314,306
도봉구,1752. 창동 주공 4단지 입구 옆,202602,334,394
도봉구,1754. 창동시장입구 사거리,202602,355,346
도봉구,1756.서울북부광역등기국,202602,144,161
도봉구,1757.솔밭공원역 1번출구 앞,202602,150,159
도봉구,1758.솔밭공원역 1번출구 주변,202602,272,220
도봉구,1759.서울북부지방법원 앞,202602,244,249
도봉구,1761.방학중학교 앞,202602,145,113
도봉구,1762.북한산 한신휴플러스APT앞,202602,908,741
도봉구,1765.쌍문역 1번출구 주변,202602,520,501
도봉구,1767.방학초등학교 앞,202602,667,760
도봉구,1768.신동아타워 버스정류소,202602,374,383
도봉구,1770.도봉한신아파트 주변,202602,357,357
도봉구,1771.성원APT버스정류소,202602,558,308
도봉구,1772.시립도봉노인복지관 버스정류소,202602,266,252
도봉구,1774.정의여중고 버스정류소,202602,206,218
도봉구,1775.신원리베르텔 앞,202602,487,514
도봉구,4054. 창동한신아파트 버스정류소,202602,347,203
도봉구,4058. 다락원체육공원 전망대 입구,202602,235,256
도봉구,4062. 평화도봉공원 주변,202602,418,437
도봉구,4064. 신창아파트 입구 앞,202602,225,217
도봉구,4073.방아골종합사회복지관,202602,361,302
도봉구,4074. 도봉구육아종합지원센터(창동),202602,512,662
도봉구,4076. 도봉통합복지센터 뒤 중랑천 변,202602,706,722
도봉구,4077. 도봉제1교,202602,677,696
도봉구,4078. 원당공원 앞,202602,432,474
도봉구,4080. 창동주공19단지앞 ,202602,856,852
도봉구,4083.도봉아이나라도서관 앞,202602,379,389
도봉구,4084. 도봉동실내스포츠센터,202602,372,374
도봉구,4086. 도봉로 534,202602,204,138
도봉구,4087. 우이교 교차로,202602,703,728
도봉구,4088. 김근태도서관,202602,122,98
도봉구,4089. 동부센트레빌 앞,202602,689,723
도봉구,4090. 녹천교 앞 사거리,202602,519,512
도봉구,4091. 방학역2번출구,202602,880,962
도봉구,4092. 도봉경찰서 교차로,202602,483,480
도봉구,4094.도봉여성센터,202602,207,218
도봉구,4095. 방학브라운스톤아파트,202602,382,372
도봉구,4096.창동역2번출구 하나은행365 앞,202602,1432,2052
도봉구,4097.숭미파출소 사거리,202602,318,323
동대문구,4102. 휘경1동주민센터 앞,202602,562,562
동대문구,4103. 휘경sk뷰아파트 앞,202602,162,146
동대문구,4104. 외대앞역 교차로,202602,378,366
동대문구,4105. 서울교통공사사거리 교통섬,202602,528,440
동대문구,4107. 장안동근린공원 입구,202602,305,390
동대문구,4108. 답십리파크자이아파트 앞,202602,1712,1667
동대문구,4110. 용두롯데캐슬리치아파트 앞,202602,495,417
동대문구,4113. 한국국방연구원 앞,202602,520,547
동대문구,4114. 휘경여중고삼거리,202602,634,682
동대문구,4116. 이문e편한세상아파트 앞,202602,355,408
동대문구,4117. 휘경119안전센터 앞,202602,371,412
동대문구,4121. 서울문화재단 앞,202602,679,655
동대문구,4122. 청계9가교차로 앞,202602,1194,1215
동대문구,4123. 배봉초교 교차로,202602,387,402
동대문구,4128.  종암초등학교 뒤(새울센스빌),202602,346,305
동대문구,4131. 베네스트 오피스텔 앞,202602,988,943
동대문구,4132. 이문삼익아파트 앞,202602,155,126
동대문구,4133.래미안허브리츠아파트 앞,202602,414,331
동대문구,4134. 제기동 현대아파트 앞,202602,296,283
동대문구,4135. 삼성생명 앞,202602,1452,1569
동대문구,4136. 롯데캐슬SKY-L65 D동 앞,202602,825,935
동대문구,4137. 답십리역 4번출구,202602,2121,2426
동대문구,4138. 조일빌딩 앞,202602,416,411
동대문구,4139. 답십리 사거리,202602,548,606
동대문구,4140. 신설동역 4번출구,202602,731,833
동대문구,4141. 우리은행장안지점 앞,202602,976,1010
동대문구,4142. 현대썬앤빌 앞,202602,1179,1413
동대문구,4143.서울동물복지지원센터 동대문,202602,619,695
동대문구,4144.시립대학교 박물관 앞,202602,188,94
동대문구,4145.청량리동 주민센터,202602,440,501
동대문구,4146.이삭어린이공원,202602,524,410
동대문구,4147.청량리역광장,202602,623,616
동대문구,600. 휘경2동 주민센터,202602,110,102
동대문구,602. 장안동 사거리,202602,1626,1829
동대문구,605. 신설동역8번출구,202602,626,701
동대문구,606. 서울반도체고 앞,202602,157,199
동대문구,607. 신이문역 2번출구,202602,358,360
동대문구,608. 전농삼성아파트,202602,150,147
동대문구,609. 제기2교,202602,576,583
동대문구,610. 동대문중 교차로,202602,647,569
동대문구,612. 시립동부병원 앞 사거리,202602,1182,1239
동대문구,613. 신설동역 10번출구 앞,202602,879,932
동대문구,614. 용두동 사거리,202602,1065,1055
동대문구,615. 용두동 래미안허브리츠아파트 앞,202602,1073,1185
동대문구,616. 서울시립대 정문 앞 A,202602,140,59
동대문구,617. 청솔우성아파트 앞,202602,462,461
동대문구,621. 전농초등학교 건너편,202602,359,254
동대문구,622. 전농사거리 교통섬,202602,471,636
동대문구,623. 서울시립대 정문 앞 B,202602,734,395
동대문구,624. 전농동 동아아파트 앞,202602,866,924
동대문구,626. 군자교 서측 녹지대,202602,915,837
동대문구,627. 장안동삼거리 교통섬,202602,619,635
동대문구,628. 휘봉고등학교 앞,202602,319,336
동대문구,630. 동대문구 보건소,202602,1172,1229
동대문구,631. 답십리역 1번출구,202602,1884,2328
동대문구,633. 청량리 기업은행 앞,202602,800,980
동대문구,634. 외국어대 정문 앞,202602,799,833
동대문구,635. 시조사 앞,202602,609,617
동대문구,636. 세종대왕기념관 교차로,202602,246,275
동대문구,637. KAIST 경영대학 앞,202602,501,365
동대문구,638. 서울시립대 정보기술관,202602,223,185
동대문구,639. 서울시립대 후문,202602,344,269
동대문구,640. 동대문경찰서 교차로,202602,481,592
동대문구,641. 용두역 4번출구,202602,778,815
동대문구,642. 신답역 사거리,202602,1064,1047
동대문구,643. 동대문구민체육센터 (육교아래),202602,1097,1151
동대문구,648. 장안동위더스빌옆,202602,1589,1584
동대문구,650. 중랑교사거리,202602,610,494
동대문구,652. 답십리 래미안엘파인아파트 입구,202602,379,358
동대문구,654. 전농동 텃골공원,202602,373,201
동대문구,656. 영휘원 교차로,202602,441,515
동대문구,657. 동대문롯데캐슬아파트 앞,202602,812,878
동대문구,661. 경희대학교 청운관,202602,366,347
동대문구,663. 외대앞역 3번출구,202602,1001,1119
동대문구,664. 서울시립대 건설공학관,202602,160,118
동대문구,665.이문동 쌍용아파트 정문,202602,415,478
동대문구,666.이문대성유니드아파트 앞,202602,326,342
동대문구,667.청량차도 육교 밑,202602,313,161
동대문구,669.청계한신휴플러스앞 삼거리,202602,808,778
동대문구,670.삼육서울병원 버스정류장,202602,1389,1497
동대문구,671.대광빌딩,202602,179,216
동대문구,672.대광고등학교,202602,413,449
동대문구,673.안암골벽산아파트(후문),202602,462,403
동대문구,674.고대앞사거리 교통섬,202602,441,447
동대문구,676.FITI시험연구원 앞,202602,360,322
동대문구,678.장안힐스테이트(아) 앞,202602,745,894
동대문구,679.전농SK아파트 앞,202602,178,173
동대문구,680.꿈마루어린이도서관 앞,202602,577,569
동대문구,681.서울특별시 동부교육지원청(육교),202602,42,46
동작구,2002. 노들역 1번출구,202602,1163,1349
동작구,2003. 사육신공원앞,202602,482,513
동작구,2008. 노량진근린공원 대방공원,202602,180,99
동작구,2009. 보라매역 8번출구,202602,374,357
동작구,2012. 대림사거리(동작상떼빌아파트),202602,413,485
동작구,2013. 장승배기역 5번출구,202602,493,390
동작구,2015. 신대방삼거리역 6번출구쪽,202602,943,966
동작구,2016. 신대방삼거리역 3번출구쪽,202602,411,455
동작구,2020. 장승배기역2번출구뒷편쪽,202602,280,325
동작구,2024. 상도역 1번출구,202602,149,160
동작구,2025. 흑석역 1번출구,202602,747,908
동작구,2026. 흑석역 4번출구,202602,205,259
동작구,2027. 중앙대학교 정문 1,202602,124,216
동작구,2032. 이수역 11번출구쪽,202602,823,1250
동작구,2033. 사당동 아르테스 웨딩앞,202602,491,520
동작구,2034. 사당역 7번출구쪽,202602,313,367
동작구,2036. 정금마을 마을버스정류장,202602,372,393
동작구,2037. 동작역 5번출구 동작주차공원,202602,0,1
동작구,2038. 동작역 7번출구,202602,378,398
동작구,2040. 비계 버스정류소,202602,101,72
동작구,2041. 사당중학교 버스정류소,202602,91,85
동작구,2048. 삼일초등학교 인근,202602,422,154
동작구,2050. 노량진역 5번출구,202602,873,1123
동작구,2054. 삼익아파트,202602,629,571
동작구,2056. 동작구민 체육센터,202602,683,583
동작구,2057. 상도 아이파크 아파트,202602,221,66
동작구,2058. 동작경찰서,202602,700,868
동작구,2059. 보라매공원 정문,202602,663,680
동작구,2060. 남성역3번출구 뒤,202602,624,688
동작구,2062. 사당새마을금고,202602,134,144
동작구,2064. 흑석한강푸르지오 106동앞,202602,21,15
동작구,2065. 서울시여성가족재단,202602,131,122
동작구,2066. 양문교회 앞,202602,652,779
동작구,2067. 보라매역․동작세무서 버스정류장(강남중학교방면),202602,699,749
동작구,2068. 총신대 앞(육교),202602,106,37
동작구,2069. 숭실대 입구역3번 출구 앞,202602,208,187
동작구,2070. 노량진역 2번 출구 앞,202602,493,623
동작구,2071. 대림아파트 후문 상가 옆,202602,447,53
동작구,2077.노들역 3번출구,202602,443,494
동작구,2078.흑석 아크로리버하임(103동),202602,62,11
동작구,2079.중앙대학교 중앙광장,202602,81,95
동작구,2080. 대방지하보도(대방동경남아너스빌아파트),202602,475,503
동작구,2082.7호선 이수역7번출구,202602,452,475
동작구,2083.흑석롯데캐슬에듀포레(107동),202602,200,209
동작구,2084.e편한세상 상도노빌리티 앞,202602,345,242
동작구,2085.강남중학교 앞,202602,454,408
동작구,2086.삼일수영장 앞,202602,541,373
동작구,2088.상도중앙하이츠빌 입구,202602,113,77
동작구,2089.사당역10번출구(금강빌딩),202602,326,518
동작구,2090.기아자동차 사당점 앞,202602,416,439
동작구,2091. 이수역9번출구,202602,442,565
동작구,2092.흑석한강푸르지오(110동),202602,168,32
동작구,2093.상도SH빌아파트 입구,202602,120,22
동작구,2094.숭실대학교(중문) ,202602,184,39
동작구,2095.경문고등학교 앞,202602,340,345
동작구,2096.서울특별시 동작관악교육지원청,202602,38,14
동작구,237. 보라매 두산위브 건너편,202602,981,996
동작구,4152. 상도효성해링턴플레이스,202602,216,120
동작구,4153. 흑석동효사정앞,202602,131,78
동작구,4158. 노량진근린공원,202602,51,25
동작구,4162. 노량진1동 청소년독서실,202602,119,19
동작구,4167. 구로교 아래,202602,594,431
동작구,4169. 신대방삼거리,202602,519,528
동작구,4173. 중대후문 마을버스정류장,202602,230,187
동작구,4175. 대방역2번출구,202602,338,387
동작구,4177. 롯데캐슬 101동 앞,202602,142,68
동작구,4178. 이수성결교회 옆,202602,79,74
동작구,4179. 보라매병원역 1번출구,202602,1099,1114
동작구,4180. 흑석동주민센터 입구,202602,83,121
동작구,4181. 보라매공원역 2번출구,202602,560,553
동작구,4182.보라매병원역 2번출구,202602,1173,1200
마포구,102. 망원역 1번출구 앞,202602,1576,1829
마포구,103. 망원역 2번출구 앞,202602,1003,1274
마포구,104. 합정역 1번출구 앞,202602,810,640
마포구,105. 합정역 5번출구 앞,202602,421,263
마포구,106. 합정역 7번출구 앞,202602,1021,991
마포구,107. 수협 연남동지점,202602,639,714
마포구,108. 서교동 사거리,202602,584,656
마포구,111. 상수역 2번출구 앞,202602,648,680
마포구,113. 홍대입구역 2번출구 앞,202602,2707,3546
마포구,114. 홍대입구역 8번출구 앞,202602,700,822
마포구,118. 광흥창역 2번출구 앞,202602,322,331
마포구,119. 서강나루 공원,202602,732,817
마포구,120. 신수동 사거리,202602,239,236
마포구,121. 마포소방서 앞,202602,355,367
마포구,122. 신성기사식당 앞,202602,346,346
마포구,124. 서강대 정문 건너편,202602,610,555
마포구,126. 서강대 후문 옆,202602,269,245
마포구,127. 현대벤처빌 앞,202602,126,91
마포구,129. 신촌역(2호선) 6번출구 옆,202602,296,333
마포구,130. 신촌역(2호선) 7번출구 앞,202602,890,941
마포구,142. 아현역 4번출구 앞,202602,330,318
마포구,143. 공덕역 2번출구,202602,523,752
마포구,145. 공덕역 5번출구,202602,624,1060
마포구,146. 마포역 2번출구 뒤,202602,877,990
마포구,147. 마포역 4번출구 뒤,202602,1198,1549
마포구,148. 용강동 주민센터 앞,202602,560,564
마포구,150. 서강대역 2번출구 앞,202602,499,516
마포구,153. 성산2교 사거리,202602,1068,1136
마포구,154. 마포구청역 ,202602,1149,1483
마포구,155. 가좌역1 번출구 앞,202602,888,790
마포구,156. 서울서부지방법원 앞,202602,455,592
마포구,157. 애오개역 4번출구 앞,202602,675,827
마포구,181. 망원초록길 입구,202602,385,352
마포구,182. 망원2빗물펌프장 앞,202602,423,370
마포구,183. 하늘채코오롱아파트 건너편,202602,1375,1199
마포구,184.망원우체국사거리 인근,202602,1226,1457
마포구,185. 마포 신수공원 앞,202602,515,364
마포구,186. 월드컵공원,202602,1227,1238
마포구,199. 서울 월드컵 경기장,202602,448,316
마포구,3002.벽산상암스마트큐브 ,202602,1047,1029
마포구,3003.래미안신공덕3차아파트,202602,81,37
마포구,3005.마포구청 청사내,202602,183,166
마포구,3006. 상암월드컵파크5단지(상암중학교),202602,252,242
마포구,3007.MBC 앞,202602,366,414
마포구,3008.DMC역7번출구,202602,395,260
마포구,3009. 홍대입구역 사거리,202602,756,759
마포구,3010.홍대입구역 3번출구,202602,1543,1738
마포구,400. 상암한화오벨리스크 1차 앞,202602,572,579
마포구,401. 상암월드컵파크 10단지 앞,202602,555,546
마포구,402. 상암월드컵파크 9단지 앞,202602,376,357
마포구,403. 부엉이공원 앞,202602,596,203
마포구,405. DMC빌 앞,202602,288,288
마포구,406. 상암월드컵파크 7단지 앞,202602,296,289
마포구,407. 마포구 육아종합지원센터,202602,611,667
마포구,408. LG CNS앞,202602,454,434
마포구,409. 누리꿈스퀘어 옆,202602,1046,1054
마포구,410. 상암중학교 옆,202602,104,51
마포구,411. DMC홍보관,202602,628,627
마포구,412. DMC산학협력연구센터 앞,202602,783,784
마포구,413. 상암월드컵파크 3단지 후문,202602,285,254
마포구,414. 상암동주민센터 옆,202602,1066,1200
마포구,415. DMC역 9번출구 앞,202602,1495,1493
마포구,416. 상암월드컵파크 1단지 교차로,202602,345,158
마포구,417. DMC역 2번출구 옆,202602,838,841
마포구,418. 월드컵경기장역 3번출구 옆,202602,274,242
마포구,419. 홈플러스 마포점 앞,202602,1920,1683
마포구,420. 서울시 공공자전거 상암센터,202602,465,431
마포구,4202. 프런트원(공덕역4번출구 앞),202602,391,418
마포구,4206. 광흥창역5번출구,202602,262,244
마포구,4207. 아만티호텔 앞,202602,636,802
마포구,4208. 스타벅스(동교동) 앞,202602,513,555
마포구,421. 마포구청 앞,202602,1056,1056
마포구,4210. 가좌행복주택 앞,202602,618,591
마포구,4211. 시석빌딩 앞,202602,406,403
마포구,4212. 한화오벨리스크 앞,202602,413,376
마포구,4213. 마포구중앙도서관 정문 앞,202602,1498,1402
마포구,4214. JTBC 앞,202602,613,619
마포구,4216. 망원정 앞,202602,396,401
마포구,4217. 한강공원 망원나들목,202602,1926,2212
마포구,4218. 디지털매직스페이스,202602,933,1043
마포구,422. 문화비축기지,202602,137,143
마포구,4220. 신촌 청년주택,202602,673,706
마포구,4221. 솔리스타오피스텔(공덕동주민센터),202602,404,41
마포구,4222. 서울디자인고등학교 앞,202602,559,687
마포구,4224. 서부운전면허시험장,202602,418,466
마포구,4226. 마포프레스티지자이 1,202602,607,529
마포구,4233. 코오롱아파트사거리,202602,1772,1884
마포구,4234. 에스테반,202602,266,84
마포구,4238. 상암한샘빌딩앞,202602,509,510
마포구,424. 롯데하이마트 (상암월드컵점) ,202602,153,131
마포구,4240. 아현문화건강센터,202602,152,24
마포구,4244. 당인리발전소 공원 앞,202602,710,744
마포구,4246. 상수역새마을금고,202602,311,297
마포구,4247. 서울서부지방법원등기국앞,202602,156,168
마포구,4248. 신촌 교보빌딩,202602,154,149
마포구,425. DMC첨단산업센터,202602,169,156
마포구,426. 서울신용보증재단,202602,620,727
마포구,427. 성산시영아파트,202602,662,727
마포구,432. 마포중앙도서관,202602,104,45
마포구,436. 이대역 5번출구,202602,457,75
마포구,437. 대흥역 1번출구,202602,508,555
마포구,438. 성산2-1 공영주차장,202602,819,663
마포구,440. 하늘공원 입구,202602,264,226
마포구,488.푸르메병원,202602,801,818
마포구,489.구룡근린공원,202602,219,166
마포구,490.가온문화공원,202602,812,819
마포구,491.월드컵파크 4단지,202602,155,135
마포구,493.홍대입구역 6번출구,202602,741,752
마포구,494.신수동주민센터,202602,250,229
마포구,495.염리초등학교 앞,202602,503,616
마포구,497.합정동주민센터 앞,202602,1160,806
마포구,498.연남동주민센터 앞,202602,1131,1241
마포구,5503. 마포아트센터 앞,202602,831,841
마포구,5504.아현교회,202602,147,26
마포구,5506. 월드컵참누리아파트,202602,469,450
마포구,5507. 아현래미안푸르지오아파트 104동 앞,202602,168,41
마포구,5508. 성산유수지공원,202602,686,690
마포구,5509.신석초교 앞,202602,511,610
마포구,5513. 마포음식문화거리,202602,485,536
마포구,5514.공덕역 1번출구,202602,654,859
마포구,5515.한강버스 망원 선착장,202602,4142,4189
서대문구,115. 마스타 빌딩 앞,202602,437,347
서대문구,117. 홍은사거리,202602,1235,1230
서대문구,123. 문화촌 공원,202602,860,858
서대문구,128. 신촌역(2호선) 1번출구 옆,202602,453,551
서대문구,131. 증산2교,202602,835,919
서대문구,133. 해담는다리,202602,951,1037
서대문구,134. 연세로 명물길,202602,276,345
서대문구,135. 명물길 원형무대 앞,202602,267,295
서대문구,137. 신촌기차역입구 교차로,202602,220,131
서대문구,138. 신촌동 제1공영주차장 앞,202602,237,240
서대문구,139. 연세대 정문 건너편,202602,195,97
서대문구,140. 이화여대 후문,202602,290,288
서대문구,141. 연대 대운동장 옆,202602,261,196
서대문구,159. 이대역 4번 출구,202602,212,125
서대문구,160. 북아현동 가구거리,202602,275,201
서대문구,161. 무악재역1번 출구,202602,113,106
서대문구,162. 봉원고가차도 밑,202602,403,91
서대문구,163. 명지전문대학교 정문 앞,202602,250,222
서대문구,164. 북가좌1동 주민센터 ,202602,254,182
서대문구,165. 중앙근린공원,202602,646,537
서대문구,166. 가재울 초등학교,202602,711,691
서대문구,167. 연가초등학교 옆,202602,305,42
서대문구,169. 북가좌 삼거리,202602,265,226
서대문구,170. DMC파크뷰자이아파트 302동 앞,202602,418,425
서대문구,171. 임광빌딩 앞,202602,255,254
서대문구,173. 서대문역 8번출구 앞,202602,155,153
서대문구,175. 홍연2교옆,202602,522,518
서대문구,176. 명지대학교 도서관,202602,751,772
서대문구,177. 북가좌 초등학교,202602,361,395
서대문구,178. 증산3교 앞,202602,786,774
서대문구,179. 가좌역 4번출구 앞,202602,972,994
서대문구,180. 충정로역 7번출구 아래,202602,317,218
서대문구,188. 홍은동 정원여중 입구,202602,390,390
서대문구,191. 서우빌딩,202602,448,603
서대문구,192. 연서어린이공원,202602,294,287
서대문구,194. 증산교 앞,202602,736,738
서대문구,195. 모래내고가차도 ,202602,458,377
서대문구,196. 연희교차로 인근,202602,199,150
서대문구,198. 충정2교,202602,224,201
서대문구,3100. 북성초교,202602,113,111
서대문구,3101. 서대문구청,202602,167,123
서대문구,3102. 연희삼거리,202602,506,489
서대문구,3103. 홍제삼거리 북측,202602,479,469
서대문구,3104. e편한세상 신촌4단지 앞,202602,323,355
서대문구,3105. 홍은센트레빌 아파트 앞,202602,191,69
서대문구,3109.북한산더샾 106동 앞,202602,139,112
서대문구,3110.홍은 현대아이파크 아파트 202동 앞,202602,280,287
서대문구,3111.무악재역 4번 출구,202602,132,134
서대문구,3113. 독립문 앞,202602,372,307
서대문구,3114.충정로역 3번 출구,202602,293,197
서대문구,3115.북아현 치안센터 인근,202602,364,284
서대문구,3116.신촌역 4번출구,202602,355,350
서대문구,3117.이화여대 인문관 인근,202602,94,100
서대문구,3119.연희 브라운스톤 아파트 앞,202602,642,655
서대문구,3120.DMC엘가아파트 앞,202602,638,594
서대문구,3121.가좌삼거리,202602,703,703
서대문구,3122.북가좌삼거리2,202602,354,347
서대문구,3123.DMC파크뷰자이1단지 110동 앞,202602,415,424
서대문구,3125.연희파크푸르지오아파트 앞,202602,642,652
서대문구,3127.홍은2파출소 옆,202602,286,278
서대문구,3128.동신병원 맞은편,202602,620,619
서대문구,3129.DMC래미안e편한세상203동옆,202602,443,421
서대문구,3130.가재울사거리,202602,364,210
서대문구,3131.연가교 교차로,202602,706,589
서대문구,3132.홍제교,202602,300,293
서대문구,3134.SK리쳄블(서울아리수본부),202602,185,168
서대문구,4253. 홍은도담도서관,202602,362,333
서대문구,4255. 래미안 루센티아 아파트 108동 앞,202602,560,333
서대문구,4264. 홍남교 버스정류장,202602,298,308
서대문구,4266.국민연금공단충정로사옥,202602,219,173
서대문구,4267. 서대문역 2번 출구,202602,633,651
서대문구,4269. 연희IC 남측,202602,405,404
서대문구,4270. 우국한마음 아파트 맞은편,202602,645,637
서대문구,4271. 충정로역 1번 출구,202602,133,83
서대문구,4272. 홍남교 사거리,202602,605,635
서대문구,4273. 홍연2교 사거리,202602,319,315
서대문구,4274. 신촌 파랑고래 입구,202602,418,456
서대문구,4275.농협생명본사빌딩 서관,202602,318,364
서대문구,4277. 서대문우체국 정류소 옆,202602,191,141
서대문구,4278. 홍은2동주민센터,202602,229,229
서대문구,4280.북가좌2동 주민센터,202602,366,358
서대문구,4281.명지대사거리,202602,451,406
서초구,2202.청계산입구역 1번출구,202602,731,716
서초구,2203. 청계산입구역 2번출구,202602,156,87
서초구,2205. 내곡3단지 어린이공원 앞,202602,319,296
서초구,2206. 언남초등학교 앞,202602,415,424
서초구,2207. 내곡파출소 뒤 정자,202602,86,69
서초구,2210. 반포1동 주민센터 앞,202602,164,132
서초구,2211. 서초구립반포도서관 앞,202602,803,815
서초구,2212.서초현대4차아파트 201동 맞은편,202602,463,436
서초구,2213. 고속터미널역 5번출구 앞,202602,528,474
서초구,2214. 신반포역 2번출구 앞,202602,563,636
서초구,2215. 반포종합운동장 입구,202602,317,355
서초구,2217.아크로리버뷰 부지 앞,202602,1145,1307
서초구,"2219. 고속터미널역 8-1번, 8-2번 출구 사이",202602,1701,1727
서초구,2221. 방일초교 마을버스 정류장,202602,524,559
서초구,2222.사당역 12번출구 뒤,202602,821,1038
서초구,2223. 방배래미안 정문 앞,202602,123,135
서초구,2225.백석예술대학교 제3캠퍼스 앞,202602,51,40
서초구,2226. 신동아럭스빌아파트 앞,202602,143,13
서초구,2227.방배열린문화센터 앞,202602,360,359
서초구,2228.뒷벌공원 옆,202602,989,1023
서초구,2229.로고스교회 맞은 편,202602,294,301
서초구,2230.이수역 4번 출구,202602,799,866
서초구,2231. 삼성타운(삼성생명) A동 맞은편,202602,778,859
서초구,2233. 서초신동아1차아파트 옆,202602,287,282
서초구,2235.KT 서초지사 앞,202602,106,54
서초구,2237.서울남부터미널 대합실 입구,202602,339,305
서초구,2239.교대역 6번출구,202602,345,347
서초구,2241.양재전화국 사거리,202602,359,293
서초구,2242.양재역 10번 출구 앞,202602,349,348
서초구,2243.서울가정법원,202602,194,134
서초구,2244. 말죽거리공원 사거리,202602,518,536
서초구,2245.양재초등학교 맞은편,202602,382,418
서초구,2246. 서울시 품질시험소 앞,202602,321,315
서초구,2247.섬들근린공원,202602,503,517
서초구,2248. 서초리슈빌S 글로벌 앞,202602,158,146
서초구,2249. 우솔초등학교 맞은편,202602,93,82
서초구,2250. 서초유치원 맞은편,202602,424,413
서초구,2251. 더케이호텔 입구(양재2) ,202602,389,375
서초구,2252. 잔디마을 마을버스 정류장,202602,689,634
서초구,2255. 양재시민의숲역 1번출구,202602,945,1025
서초구,2256.양재동 꽃시장 입구,202602,184,179
서초구,2257. 청계산 입구 삼거리,202602,100,110
서초구,2258.구룡사 삼거리,202602,210,90
서초구,2259. 잠원역 3번-4번 출구사이 ,202602,810,980
서초구,2263. 바우뫼문화복지회관,202602,337,355
서초구,2264. 이수역 1번출구,202602,1113,1245
서초구,2265. 이수고가차도 남단,202602,680,742
서초구,2266. 서초역 3번출구,202602,318,317
서초구,2269. 주홍교 하부,202602,106,58
서초구,2270. 서초포레스타 7단지,202602,163,153
서초구,2271. 내방역 8번출구 앞,202602,299,341
서초구,2272. 교대입구 교차로,202602,230,229
서초구,2273. 일동제약 사거리,202602,253,325
서초구,2274. 양재시민의숲역 3번출구,202602,799,800
서초구,2276. 영동1교 (양재천근린공원),202602,416,423
서초구,2277. 길마중4교 하부,202602,439,490
서초구,2279. 교대역 5번출구뒤,202602,570,706
서초구,2280. 서울서초고용센터앞,202602,217,175
서초구,2281. 서울교통공사 사당별관 건너편,202602,149,139
서초구,2283. 그룹한빌딩옆,202602,153,47
서초구,2284. CJ오쇼핑앞,202602,143,47
서초구,2285. LH서초3단지 301동 맞은편,202602,157,153
서초구,2286. 탑성마을입구,202602,12,4
서초구,2287. 능안마을입구,202602,14,8
서초구,2288. 안골마을입구,202602,32,22
서초구,2289. 남태령역 2번출구,202602,69,20
서초구,2293. SPC 앞,202602,363,359
서초구,2294. 두상빌딩 앞,202602,652,658
서초구,2297. 남부터미널역 1번출구,202602,316,254
서초구,2299. 한전아트센터 앞,202602,341,319
서초구,2501. 서초 포레스타5단지,202602,256,259
서초구,2502. 서초역1번출구 앞,202602,270,220
서초구,2503. 반포1동 서초빌딩 앞,202602,434,447
서초구,2504. 신사역 4번출구 뒤,202602,506,409
서초구,2505. 우성아파트사거리 (기업은행앞),202602,451,499
서초구,2506. LG유플러스 (방배사옥),202602,54,23
서초구,2509. 심산기념문화센터,202602,307,292
서초구,2510. JW타워,202602,228,136
서초구,2511. 이수역 6번출구 앞,202602,414,448
서초구,2514.사평역 2번출구,202602,404,335
서초구,2515.서초초등학교 후문,202602,580,584
서초구,2516.본마을 노인복지센터 앞,202602,91,149
서초구,2517. 서초그랑자이 앞,202602,245,255
서초구,2518. 서초동 현대아파트 앞,202602,306,319
서초구,2519.서초2교(사임당로 방면),202602,148,102
서초구,2520.서초1교 (진흥아파트 방면),202602,212,214
서초구,2521.서초 크로바타워 앞,202602,338,375
서초구,2523.뉴코아 킴스클럽 앞,202602,515,526
서초구,2524.반포쇼핑타운 8동 앞,202602,414,391
서초구,2525.반포쇼핑타운 2동 앞,202602,1025,1387
서초구,2529.우리은행 방배동지점 앞,202602,401,406
서초구,2530.삼호3차아파트 앞,202602,482,485
서초구,2531.멤피스아파트 앞,202602,809,816
서초구,2532.국립국악원 앞,202602,72,17
서초구,2533.한가람미술관 앞,202602,119,115
서초구,2535.신반포역 3번출구 뒤,202602,210,208
서초구,2536.서초AICT 우수기업센터 앞,202602,98,84
서초구,2537.양재역 8번출구 앞,202602,625,485
서초구,2538.사평리근린공원,202602,343,395
서초구,2539.대한무역투자진흥공사 KOTRA 앞,202602,477,470
서초구,2540.반포천 앞,202602,593,604
서초구,2541.옛골 입구,202602,50,15
서초구,2542.신논현타워 앞,202602,483,461
서초구,2545.국립중앙도서관(국제회의장옆),202602,168,65
서초구,2547. 반포래미안 리오센트,202602,378,405
서초구,2548.반포1동 자율방범초소 옆,202602,202,91
서초구,2549.호반써밋서초파크 403동,202602,202,215
서초구,2550.양재동 꽃시장 건너편,202602,432,438
서초구,4303. 매헌역 2번출구앞광역버스 정류장앞(22-297),202602,492,509
서초구,4304. 서울고앞,202602,109,80
서초구,4305. 서일스포츠센터,202602,70,74
서초구,4306. 서래공원 앞,202602,310,298
서초구,4307. 고투몰 gate 15옆,202602,458,518
서초구,4309. 서초케이타운앞,202602,66,51
서초구,4310. 염곡동(염통골) 입구,202602,90,88
서초구,4312. 반포미도2차아파트 옆,202602,312,306
서초구,4313. 반포종합운동장,202602,253,254
서초구,4315. 이투스교육 앞,202602,183,171
서초구,4316. 고속터미널역 3번출구,202602,379,245
서초구,4317. 양재근린공원,202602,678,717
서초구,4318. 방배역 2번 출구,202602,352,424
서초구,4319. 삼성전자R&D어린이집 뒤,202602,165,80
서초구,4320. 비석공원,202602,365,445
서초구,4322.서울추모공원 입구,202602,42,17
서초구,4323. 내곡도서관,202602,65,73
서초구,4324. 세화고등학교,202602,78,85
서초구,4327. 몽마르뜨공원입구,202602,124,18
서초구,4329. SC제일은행 양재동지점 앞,202602,341,230
서초구,4332. 이수교차로,202602,653,677
서초구,4333. 서울고등학교 건너편,202602,90,88
서초구,4334. 인재개발원 데이터센터,202602,82,24
서초구,4336. 서울교육청 교육연수원 앞,202602,99,23
서초구,4337. 우면산등산로 입구,202602,53,2
서초구,4338.새정이마을버스정류장 앞,202602,24,13
서초구,4340. 방배래미안아트힐아파트 앞,202602,125,12
서초구,4341. 영동1교 북단,202602,278,275
서초구,4343. 헌인릉 입구,202602,25,17
서초구,4344. 양재대로(구룡지하차도 앞),202602,190,135
서초구,4345. 반포역 4번출구,202602,340,385
서초구,4346.장학재단빌딩 앞,202602,252,67
서초구,4347. 논현지하보도,202602,585,602
서초구,4348. 사당역 1번출구,202602,37,160
서초구,4349.삼성화재서초타워,202602,656,730
서초구,4350.누리숲어린이공원 앞,202602,521,539
서초구,4351.서울AI허브 앞,202602,209,189
서초구,5601.감정평가사회관앞,202602,86,49
서초구,5602.래미안신반포리오센트 후문,202602,323,388
성동구,3511. 응봉역 1번출구,202602,1292,1510
성동구,3513. 상왕십리역 1번출구,202602,1179,626
성동구,3514. 왕십리교회옆,202602,1174,1182
성동구,3515. 서울숲 관리사무소,202602,562,552
성동구,3525. 금호스포츠센터앞,202602,304,409
성동구,3527. 왕십리 자이아파트(101동 앞),202602,33,6
성동구,3530. 왕십리자이아파트 후문(삼거리),202602,176,115
성동구,3531. 논골사거리(금호도서관 입구),202602,171,22
성동구,3532. 왕십리KCC스위첸아파트,202602,168,118
성동구,3544.한양대역 3번 출구,202602,614,584
성동구,3545.한양대역 1번출구,202602,258,225
성동구,3547.상왕십리역 6번 출입구,202602,387,262
성동구,3548.뚝섬역 6번출구,202602,1190,1117
성동구,3549.건영아파트 앞,202602,931,950
성동구,3550.금호나들목,202602,520,563
성동구,3551.성동도로사업소,202602,562,551
성동구,3552.서울숲 공영주차장앞,202602,354,339
성동구,3553.마장역3번출구,202602,319,377
성동구,3555.양지사거리(센트라스APT 115동앞),202602,77,77
성동구,3556.신금호파크자이APT앞,202602,186,19
성동구,3557.서울숲리버뷰자이APT105동 앞,202602,369,343
성동구,3558.마장동 금호어울림APT앞,202602,535,326
성동구,3559.성동구민종합체육센터 앞,202602,693,871
성동구,3560.성동구 견인차량 보관소 앞,202602,921,822
성동구,3561.행당동 삼부APT후문,202602,116,93
성동구,3600.사근빗물펌프장 건너편,202602,1230,1300
성동구,4353. 코오롱디지털타워 3차앞,202602,941,967
성동구,4360. 르노삼성자동차 성수사업소 앞,202602,520,482
성동구,4362. 행당중학교 후문,202602,211,218
성동구,4363. 신금호역 2번출구 앞,202602,24,22
성동구,4367. kt 행당빌딩 앞,202602,376,549
성동구,4370. 성동교 사거리,202602,377,298
성동구,4373. 서울숲 지식산업센터,202602,1245,1302
성동구,4377. 우영테크노센터 앞,202602,1101,1250
성동구,4381. 더스페이스타워 앞,202602,555,566
성동구,4382. 페코텍글로벌허브빌딩 앞,202602,1488,1701
성동구,4383. 푸조비즈타워 앞,202602,1294,1674
성동구,4385. 용답동 우체국 주변,202602,829,832
성동구,4386. 현대자동차 동부서비스센터 주변,202602,605,535
성동구,4387. 성수역 1번출구 주변,202602,850,917
성동구,4389. 서울숲역3번출구,202602,170,158
성동구,4390. 신답역 1번출구,202602,263,289
성동구,4393. 상원삼거리 장안철교 아래,202602,630,637
성동구,4394.서울시립24시간게스트하우스,202602,578,653
성동구,4396. 마장축산물시장 서문 인근,202602,252,264
성동구,4397. 마장축산물시장 북문 건너편,202602,635,703
성동구,4398. 유원지식산업센터 앞,202602,874,810
성동구,4399. 더리브 세종타워 앞,202602,1005,1055
성동구,4401.뚝섬유수지 공영주차장,202602,320,319
성동구,506. 금호 어울림 아파트 앞,202602,524,533
성동구,508. 성수아카데미타워 앞,202602,2835,2655
성동구,510. 뚝도아리수정수센터 버스정류소 옆,202602,369,477
성동구,511. 서울숲역 5번 출구 옆,202602,556,565
성동구,512. 뚝섬역 1번 출구 옆,202602,1173,1116
성동구,513. 뚝섬역 5번 출구 정류소 옆,202602,641,606
성동구,514. 성수사거리 버스정류장 앞,202602,1498,1619
성동구,518. 청계천 박물관 앞,202602,367,338
성동구,519. 양지사거리,202602,435,392
성동구,520. 상왕십리역 4번 출구 앞,202602,398,374
성동구,521. 왕십리역 11번 출구 앞,202602,665,669
성동구,522. 금호역 1번출구 앞,202602,103,96
성동구,523. 옥수동성당 옆,202602,67,37
성동구,524. 래미안금호하이리버 아파트 102동 옆,202602,132,108
성동구,525. 한양대병원사거리,202602,560,464
성동구,526. 용답토속공원 앞,202602,488,489
성동구,529. 장한평역 8번 출구 앞,202602,2652,2559
성동구,530. 청계벽산아파트 앞,202602,750,759
성동구,533. 금남시장 교차로,202602,142,219
성동구,534. 금호사거리,202602,132,118
성동구,535. 응봉삼거리,202602,367,140
성동구,536. 행당역 2번출구 앞,202602,306,357
성동구,537. 한양대후문역 부근,202602,414,410
성동구,550. 서울시설공단 앞,202602,789,784
성동구,556. 달맞이공원,202602,40,32
성동구,557. 도선동 주민센터 앞,202602,732,809
성동구,558. 성동광진 교육지원청 앞,202602,706,705
성동구,559. 왕십리역 4번 출구 건너편,202602,931,907
성동구,560. 비전교회 앞,202602,1136,1127
성동구,561. 서울숲역 2번출구 앞,202602,803,881
성동구,563. 성동세무서 건너편,202602,902,944
성동구,564. 금호역 3번출구,202602,93,50
성동구,565. 옥수역 3번출구,202602,1191,1168
성동구,5651.한강버스 옥수 선착장,202602,1933,2112
성동구,568. 청계8가 사거리 B,202602,1076,1126
성동구,569. 응봉현대아파트 정류소,202602,148,85
성동구,578. 성동세무서 부근,202602,786,790
성동구,579. 마장역 4번출구,202602,535,558
성동구,582. 경일중학교 앞,202602,989,1011
성동구,583. 청계천 생태교실 앞,202602,1949,1987
성동구,585. 성수2가1동 공영주차장 인근,202602,2297,2406
성동구,586. 마장동 주민센터,202602,480,486
성동구,587. 유니베라 앞,202602,723,769
성동구,589. 성수역3번출구,202602,1392,1407
성동구,594. 중랑물재생센터(서울새활용플라자),202602,513,605
성북구,1302. 한성대입구역6번출구 뒤,202602,467,488
성북구,1303. 돈암초교 입구,202602,268,248
성북구,1304. 만해공원,202602,171,28
성북구,1305. 성북구청,202602,633,619
성북구,1306. 한성대입구역2번출구,202602,551,545
성북구,1308. 안암로터리 버스정류장 앞,202602,1305,1451
성북구,1314. 정릉꿈에그린1단지 201동 앞,202602,152,149
성북구,1315. 고려사대부속중고 정문,202602,92,64
성북구,1316. 고려사대부속중고 건너편 ,202602,113,91
성북구,1318. 길음역 3번출구 뒤,202602,484,474
성북구,1319. 종암박스파크,202602,677,742
성북구,1321. 국민은행 종암동지점 앞,202602,778,917
성북구,1322. 래미안라센트아파트 103동 앞,202602,354,347
성북구,1325. 상월곡역 4번출구,202602,277,201
성북구,1326. 상월곡역 1번출구,202602,295,290
성북구,1327. 상월곡역 3번출구,202602,543,551
성북구,1328. 월곡역 3번출구,202602,1197,1316
성북구,1332. 석계역 5번출구 건너편,202602,524,568
성북구,1333. 석관초등학교 앞,202602,889,1030
성북구,1334. 석관동주민센터 앞,202602,563,568
성북구,1336. 성북3교 위,202602,321,320
성북구,1337. 돈암성당 옆,202602,801,872
성북구,1338. 용문2교 옆,202602,930,899
성북구,1339. 삼성전자서비스 성북센터,202602,441,459
성북구,1340. 광운초등학교 앞,202602,339,315
성북구,1342. 성북쉼터 앞,202602,125,42
성북구,1343. 한성대7번출구 앞,202602,224,246
성북구,1344. 아리랑시네센터 앞,202602,159,96
성북구,1346. 길음8골어린이공원 옆,202602,333,284
성북구,1347. 길음래미안아파트817동 상가 앞,202602,132,134
성북구,1348. 성북제일새마을금고 본점 앞,202602,223,238
성북구,1349. 월계2교 버스정류장 앞,202602,230,291
성북구,1351. 안암2교 옆,202602,813,842
성북구,1352. e 편한세상 보문아파트 내,202602,113,91
성북구,1353. 금호어울림센터힐 내,202602,155,169
성북구,1354. 고려대학교 2번출구,202602,564,555
성북구,1357. 북한산보국문역,202602,111,98
성북구,1358. 정릉도서관 앞,202602,188,177
성북구,1360. 정릉역,202602,240,246
성북구,1361. 홍익중고 입구,202602,507,327
성북구,1362. 보문역6번출구 앞,202602,5,8
성북구,1363. 보문4교 인근,202602,1067,1069
성북구,1364. 성북동 치안센터 앞,202602,334,317
성북구,1365. 선잠단지 앞,202602,135,88
성북구,1366. 일신초등학교 옆,202602,141,136
성북구,1367. 길음문화복합미디어센터,202602,358,409
성북구,1368. 성신여대입구 교차로,202602,252,338
성북구,1370. 복자사랑 피정의 집,202602,155,72
성북구,1372. KEB은행 고대점,202602,422,325
성북구,1373. 성북구보건소 건너편,202602,501,498
성북구,1375. 생명의 전화 종합복지관 앞 교차로,202602,601,534
성북구,1376. 한국과학기술연구원 중문,202602,153,129
성북구,1377. 한국과학기술연구원 북문,202602,120,82
성북구,1379.길음뉴타운푸르지오아파트 3단지,202602,137,3
성북구,1380.월곡역 5번출구 앞,202602,796,859
성북구,1381.석계역 4번출구 뒤,202602,965,957
성북구,1382.래미안월곡아파트 입구,202602,601,544
성북구,1384.성신여대입구역 5번출구,202602,573,660
성북구,1385.성신여대입구역 3번출구 앞,202602,730,780
성북구,1386.동선고가차도 초입,202602,142,139
성북구,1388. 돈암초교입구 버스정류장(한성대입구역 방면),202602,293,289
성북구,1390.석관래미안아트리치,202602,675,705
성북구,1391.성북청소년센터,202602,339,325
성북구,1392.돈암삼성풍림아파트,202602,96,13
성북구,1393.돈암육교 하단,202602,151,29
성북구,1394.길음뉴타운 래미안9단지,202602,312,285
성북구,1395.래미안장위포레카운티(102동),202602,362,345
성북구,1396.래미안장위퍼스트하이(513동),202602,355,371
성북구,4406. 장곡초등학교 앞,202602,348,314
성북구,4411. 동산어린이공원 앞,202602,548,548
성북구,4414. 안암역 3번 출구,202602,298,275
성북구,4415. 미아초교버스승강장,202602,26,25
성북구,4417. 성북청소년문화의집,202602,113,27
성북구,4418. 종암동 동덕여대 제2생활관 앞,202602,759,799
성북구,4419. 성북구 한예종 캠퍼스 본관,202602,95,90
성북구,4420. 성북구 한예종 캠퍼스 별관,202602,226,244
성북구,4421. 롯데캐슬클라시아 입구 앞,202602,109,116
성북구,4423.현대백화점 미아점,202602,403,425
성북구,4425. 하늘채코오롱아파트 앞,202602,516,554
성북구,4427. 동일하이빌뉴시티,202602,456,487
성북구,4428.돈암동부센트레빌상가,202602,196,179
송파구,1201. 가락시장역 3번 출구,202602,922,921
송파구,1203. 밀리아나2빌딩 앞,202602,635,644
송파구,1204. 거여역 3번출구,202602,700,749
송파구,1205. 종합운동장역 4번출구,202602,543,399
송파구,1206. 9호선종합운동장역 9번출구,202602,621,623
송파구,1207. 마천중앙시장,202602,221,218
송파구,1208. 풍납현대아파트쉼터,202602,1349,1368
송파구,1209. 잠실나루역 (2번 출구 쪽),202602,1733,1640
송파구,1210. 롯데월드타워(잠실역2번출구 쪽),202602,5197,5114
송파구,1212. 송파역 2번 출구앞,202602,757,765
송파구,1213. 백토공원 앞,202602,198,167
송파구,1214. 오금역 7번 출구 인근,202602,344,334
송파구,1215. 올림픽공원역 1번출구 앞,202602,1134,1103
송파구,1217. 송파파인타운 7단지,202602,424,423
송파구,1218. 방이역 4번출구,202602,1236,1231
송파구,1220. 잠실근린공원,202602,1230,1313
송파구,1221. 삼전역 4번출구,202602,920,947
송파구,1222. 잠실새내역 5번 출구 뒤,202602,2235,2345
송파구,1224. 아시아지하보도 2번 출구,202602,675,697
송파구,1226. 잠실4동 주민센터 옆,202602,1299,1438
송파구,1227. 거여역 8번출구 뒤,202602,569,571
송파구,1228. 마천사거리 ,202602,374,467
송파구,1229. 송파체육문화회관 앞,202602,600,589
송파구,1230. 송파중학교 정문,202602,248,229
송파구,1231. 잠실역 6번출구,202602,1733,1796
송파구,1232. 잠실주공 521동 건너편,202602,1496,1495
송파구,1233. 잠실3거리(갤러리아팰리스),202602,569,541
송파구,1235. 잠실트리지움310동 옆,202602,1121,1220
송파구,1239. 문정 법조단지3,202602,373,376
송파구,1240. 문정 법조단지4,202602,347,357
송파구,1241. 문정 법조단지5,202602,234,228
송파구,1242. 문정 법조단지6,202602,73,61
송파구,1243. 문정 법조단지7,202602,1165,1182
송파구,1244. 문정 법조단지8,202602,1189,1182
송파구,1245. 문정 법조단지9,202602,638,629
송파구,1246. 문정 법조단지10,202602,963,963
송파구,1247. 문정 법조단지11,202602,343,336
송파구,1248. 방이초등학교,202602,1274,950
송파구,1250.문정2동 주민센터,202602,79,93
송파구,1251. 석촌역 2번출구,202602,1403,1500
송파구,1253. 오금역 3번 출구 뒤,202602,310,297
송파구,1256. 문정현대아파트 교차로,202602,321,313
송파구,1258. 가락미륭아파트 앞,202602,123,102
송파구,1259. 방이역 1번출구,202602,900,914
송파구,1260. 방이동 한양3차아파트 옆,202602,697,703
송파구,1262. 송파여성문화회관 앞,202602,1133,1174
송파구,1263. 장지공영차고지,202602,183,201
송파구,1264. 천호역 10번 출구 앞,202602,1603,1613
송파구,1265. 문정동 근린공원,202602,771,781
송파구,1266. 문정동 글샘 공원,202602,266,272
송파구,1267. 올림픽공원 남2문 앞,202602,668,603
송파구,1268. 몽촌토성역 1번출구 옆,202602,380,391
송파구,1269. 리센츠아파트 ,202602,922,807
송파구,1271. 송파도서관,202602,577,566
송파구,1274. 영파여고 앞,202602,688,661
송파구,1275. 거여초등학교 옆,202602,275,338
송파구,1277. 성내7교,202602,542,569
송파구,1278. 송파구청 교차로,202602,1092,1146
송파구,1279. 마천금호어울림 1차아파트 건너편,202602,171,158
송파구,1282. 송파소방서 맞은편(성내4교),202602,619,825
송파구,1283. 오금공원 사거리,202602,50,49
송파구,1285. 위례별 유치원 뒤,202602,238,239
송파구,1286. 위례중앙푸르지오 1단지 앞,202602,534,533
송파구,1287. 위례아이파크 101동 맞은편,202602,314,320
송파구,1288. 문정중교 사거리,202602,616,520
송파구,1289. 풍납토성 서성벽터B,202602,442,426
송파구,1290. 위례송파꿈에그린아파트24단지 앞 성벽 다리 밑,202602,349,351
송파구,1291. 서울체육고등학교 앞,202602,793,807
송파구,1293. 석촌호수 서호 사거리,202602,1553,1571
송파구,1295. 잠실역 8번출구,202602,1993,1985
송파구,1296. 석촌호수교차로 (송파나루근린공원 앞),202602,318,321
송파구,1297. 석촌호수교차로(동호 팔각정 앞),202602,1450,1416
송파구,1299. 송파소방서 (방이119안전센터),202602,394,321
송파구,1300. 오륜사거리,202602,339,426
송파구,2601. 석촌호수 아뜰리에,202602,1057,1057
송파구,2603. 송파 글마루 도서관,202602,471,397
송파구,2604. 풍납토성 서성벽터A,202602,783,755
송파구,2605. 복정역 1번 출구 앞,202602,628,622
송파구,2608. 송파구청,202602,2869,2910
송파구,2609. 보성중고등학교 후문 앞,202602,78,71
송파구,2611. 송파지역자활센터 뒤,202602,1455,1476
송파구,2613. 잠실나들목,202602,704,706
송파구,2614. 가락고등학교 앞,202602,299,257
송파구,2615. 테라타워2,202602,1220,1148
송파구,2616. 거여동 사거리,202602,183,181
송파구,2617. 가락삼환아파트 앞,202602,197,147
송파구,2618. 삼전역 1번출구,202602,971,1031
송파구,2619. 석촌고분역 4번출구,202602,1001,996
송파구,2620. 송파나루역 4번 출구옆,202602,2330,2558
송파구,2621. 한성백제역 2번 출구,202602,1520,1568
송파구,2622. 올림픽공원역 3번출구,202602,2919,2909
송파구,2623.석촌동 주민센터,202602,1632,1472
송파구,2625.가락종합 사회복지관,202602,138,99
송파구,"2626.경찰병원역 1,2번 출구 사이",202602,251,249
송파구,2627.문정시영아파트 5동 앞 공원,202602,388,205
송파구,2628.문정역 1번출구,202602,1813,1799
송파구,2630.서울방이동 고분군,202602,1026,969
송파구,2631.배명고등학교,202602,300,320
송파구,2632.석촌고분역 2번 출구,202602,1304,1305
송파구,2633.송파학사 옆,202602,497,437
송파구,2634.위례포레샤인아파트 정류장,202602,331,335
송파구,2635.잠실새내역 1번출구,202602,1232,1218
송파구,2637. 아시아지하보도 14번 출구,202602,1358,1388
송파구,2639.석촌역 8번출구,202602,1938,1914
송파구,2641.송파역 4번출구,202602,1365,1359
송파구,2642.마천동 성내천 쉼터,202602,467,471
송파구,2643.풍납중학교 측면,202602,220,183
송파구,2644. 성내5교,202602,473,486
송파구,2645.잠실나들목2(엘스아파트136동),202602,404,383
송파구,2646.레이크펠리스101동앞,202602,1800,1843
송파구,2647.잠실 자전거 수리센터 앞,202602,892,913
송파구,2648.헬리오시티 112동 앞,202602,528,519
송파구,2649.오금공원사거리2,202602,99,87
송파구,2650.위례22단지 2208동 다리앞,202602,267,266
송파구,2651.경찰병원역 3번출구 앞,202602,625,626
송파구,2652.송파 레미니스1단지 102동 앞,202602,352,318
송파구,2653.올림픽공원사거리(선수촌아파트),202602,702,700
송파구,2654.올림픽선수촌아파트 136동 앞,202602,427,315
송파구,2655.송이공원,202602,302,286
송파구,2656.풍납동 아이파크 107동 앞,202602,730,735
송파구,2657.송파 파인타운 11단지 ,202602,410,384
송파구,2658.가락몰 업무동,202602,853,841
송파구,2659.서울친환경유통센터,202602,110,109
송파구,4452. 삼성SDS,202602,1813,1876
송파구,4453. 위례중앙푸르지오 201동 앞,202602,648,654
송파구,4454. 위례 포레샤인 1809동 부근,202602,104,33
송파구,4457. 아산병원 기숙사 부근,202602,3052,3030
송파구,4458. 가락2동주민센터 인근,202602,282,284
송파구,4460. 올림픽훼미리아파트 112동 앞,202602,649,622
송파구,4461. 한양3차아파트 3동 앞,202602,106,103
송파구,4462. 가락중학교 앞,202602,360,348
송파구,4463. 방이역 2번 출구,202602,484,511
송파구,4464. 올림픽공원 북2문 A,202602,523,510
송파구,4465. 건영아파트앞 사거리,202602,721,724
송파구,4468. 가락1동주민센터 ,202602,695,692
송파구,4469. 거여동 어울림아파트  102동앞,202602,200,199
송파구,4472. 송파파크데일 1단지 115동 건너편,202602,165,166
송파구,4473. 마천금호어울림 1차 102동앞,202602,110,94
송파구,4474. 가락현대 1차 11동 앞,202602,211,188
송파구,4475. 송파파인타운 4단지 403동,202602,204,198
송파구,4478. 문정근린공원2,202602,480,463
송파구,4479. 문정중학교,202602,88,85
송파구,4480. 가락시장 남1문 사거리,202602,1086,1172
송파구,4481. 올림픽공원 북2문 B,202602,971,1019
송파구,4483. 잠실나들목4,202602,494,462
송파구,4484. 잠실나루역4번출구뒤,202602,1238,1230
송파구,4485. 잠실나루역 고가하부,202602,459,320
송파구,4486. 홈플러스 잠실점,202602,1217,1225
송파구,"4488. 문현중,고등학교 사이",202602,128,126
송파구,4490. 송파파인타운 10단지 1005동,202602,133,123
송파구,4491. 장지역 1번출구,202602,720,708
송파구,4493. 마천사거리 2,202602,171,209
송파구,4496. 잠실 파크리오 120동 앞,202602,776,765
송파구,4497. 아시아선수촌아파트 교차로,202602,749,730
송파구,4499. 세양청마루 101동 앞,202602,453,185
송파구,4852. 서울복합물류 게이트 1,202602,1081,1140
송파구,4854. 가락시장역 2번 출구,202602,768,779
송파구,4855. 거여5단지 503동 앞,202602,298,295
송파구,4856. 올림픽공원 서1문 앞,202602,875,923
송파구,4857. 올림픽공원 장미광장,202602,349,324
송파구,4859. 잠실나루 나들목,202602,583,582
송파구,4860. 가락쌍용2차아파트 103동,202602,406,381
송파구,4862. 성내교 남단,202602,220,157
송파구,4863. 잠실나들목5,202602,239,253
송파구,4864. 송파사거리,202602,1266,1260
송파구,4865. 한성백제역 1번출구 뒤,202602,1493,1492
송파구,4867. 가락대림아파트 앞,202602,500,497
송파구,4868. 석촌호수 서호 남단,202602,1648,1675
송파구,4870. 몽촌토성역 3번 출구,202602,2644,2623
송파구,4871. 오금동 대림아파트 정문,202602,374,291
송파구,4872. 개롱역 3번 출구 뒤,202602,565,558
송파구,4873. 개롱역사거리 2번 출구,202602,416,407
송파구,4874. 탄천1교 하부보도,202602,284,260
송파구,4875. 위례포레샤인13단지,202602,169,161
송파구,4879. 마천청소년센터,202602,97,88
송파구,4880. 송파청소년센터,202602,478,515
송파구,4881. 거여동사거리 송파둘레길 입구,202602,86,86
송파구,4882. 위례포레샤인18단지 1802동,202602,129,115
송파구,4883. 위례포레샤인18단지 1812동,202602,132,16
송파구,4884. H비즈니스파크,202602,950,955
송파구,4885. 가든파이브 리빙관,202602,207,195
송파구,4886. 배명고등학교 건너편,202602,535,533
송파구,4887. 호돌이상가,202602,520,513
송파구,4888. 둔촌오륜역 2번출구,202602,270,174
송파구,4889. 마천역 1번 출구 인근②,202602,404,374
송파구,4891. 위례포레나송파,202602,306,307
송파구,4892. 성내유수지 체육공원,202602,229,85
송파구,4893. 문정법조단지12,202602,1312,1379
송파구,4895. 송파레이크힐 상가,202602,405,401
송파구,4896. 송파레이크힐,202602,53,58
송파구,4897. 잠실주공5단지1,202602,1864,1903
송파구,5751. 송파여성축구장,202602,179,168
송파구,5752. 풍납백제문화공원 옆 인근,202602,1445,1458
송파구,5753. 호반써밋,202602,498,482
송파구,5756. 극동아파트,202602,495,490
송파구,5758. 올림픽선수기자촌아파트 123동 근처,202602,390,235
송파구,5759. 풍납근린공원,202602,379,386
송파구,5760. 풍납사거리 성내유수지,202602,534,512
송파구,5761. 버섯분수대,202602,453,449
송파구,5763. 세륜초등학교 건너편,202602,132,72
송파구,5764. 한국체육대학교,202602,422,404
송파구,5765. 삼전동주민센터 건너편,202602,1193,1339
송파구,5766. 북위례1,202602,172,104
송파구,5767. 북위례2,202602,160,123
송파구,5768.방이삼거리,202602,2536,3058
송파구,5773. 송파시그니처롯데캐슬,202602,180,201
송파구,5774. 가락본동주민센터 인근,202602,698,705
송파구,5775. 가락시장역 5번출구,202602,415,465
송파구,5777. 호반써밋12단지,202602,306,304
송파구,5778. 북위례3,202602,222,142
송파구,5779. 나래교,202602,156,150
송파구,5780. 송파세무서,202602,160,152
송파구,5781. 올림픽공원 수영장,202602,2165,2184
송파구,5782. 오금현대 아파트 상가입구 앞,202602,398,397
송파구,5783.성내5교 2,202602,278,296
송파구,5784.한강버스 잠실 선착장,202602,1976,1960
송파구,5785.한림연예예술고등학교,202602,260,188
양천구,4507. 신정제일시장,202602,549,560
양천구,4508. 유원목동아파트 103동 앞,202602,2035,2101
양천구,4509. 서울영상고교 입구,202602,1835,1872
양천구,4510. 신정네거리역 교차로,202602,824,805
양천구,4512. 목동13_14단지 사거리,202602,636,447
양천구,4514. 목동성당 앞,202602,1708,1623
양천구,4515. 동문굿모닝탑,202602,1904,1930
양천구,4517. 성보하이드로빌딩,202602,571,576
양천구,4518. 청기와빌딩,202602,376,386
양천구,4519. 양원보도육교,202602,61,61
양천구,4520. 대성유니드아파트,202602,500,521
양천구,4522. 신곡시장,202602,767,1054
양천구,4523. 구립양천어르신요양센터,202602,52,6
양천구,4526. 목동아파트2단지 222동 앞,202602,637,647
양천구,4527. 목동신시가지아파트6단지,202602,1266,1226
양천구,4528. 양천구청역 1번출구,202602,753,746
양천구,4530. 방아다리어린이공원,202602,495,466
양천구,4531. 목동아파트 613동 앞,202602,1958,1937
양천구,4532. 목동현대아파트 후문 앞,202602,1024,954
양천구,4535. 목동12단지 아파트,202602,1552,1519
양천구,4536. 양천해누리체육공원,202602,448,463
양천구,4537. 서울남부지방검찰청 후문 ,202602,989,703
양천구,4538. 양천공영차고지,202602,105,114
양천구,4539. 목동7단지아파트 A상가,202602,565,566
양천구,4540. 목동역 3번 출구,202602,1692,1928
양천구,4541. 갈산문화예술센터,202602,1104,1122
양천구,4542. 월정초 사거리,202602,396,452
양천구,4543. 오목교역 6번 출구,202602,2432,2822
양천구,4544.경창시장,202602,465,631
양천구,4545. 청소년음악센터,202602,338,323
양천구,4546. 목동운동장 주경기장,202602,334,354
양천구,4547. 목동역 2번 출구,202602,1873,1901
양천구,4548.신목동역1번출구,202602,367,339
양천구,4549.목동4단지아파트,202602,912,889
양천구,700. KB국민은행 염창역 지점 앞,202602,569,490
양천구,701. 목동사거리 부근,202602,939,946
양천구,702. 목4동주민센터 옆,202602,1103,1072
양천구,703. 오목교역 7번출구 앞,202602,1955,2083
양천구,704. 남부법원검찰청 교차로,202602,1285,1219
양천구,706. 신정네거리역,202602,622,569
양천구,708. 서울출입국관리사무소 앞,202602,2314,2333
양천구,709. 신정3동 현장민원실 앞,202602,232,223
양천구,710. 금옥여고보도육교,202602,162,163
양천구,711. 신일해피트리아파트 앞,202602,674,207
양천구,712. 강월초교입구 사거리,202602,482,592
양천구,713. 양서중학교 옆,202602,416,381
양천구,714. 한국SGI 양천문화회관 앞,202602,393,332
양천구,716.신정6동 주민센터 인근,202602,860,827
양천구,719. 홍익병원앞 교차로,202602,808,827
양천구,720. 서울강월초등학교 앞,202602,331,145
양천구,722. 경서농협 버스정류장(우리은행신정동지점방향),202602,526,527
양천구,723. SBS방송국,202602,1088,1108
양천구,724. 계남공원 입구 주출입구 좌측,202602,181,146
양천구,725. 양강중학교앞 교차로,202602,93,93
양천구,726. 목동3단지 시내버스정류장,202602,2088,2153
양천구,729. 서부식자재마트 건너편,202602,880,923
양천구,731. 서울시 도로환경관리센터,202602,1778,1853
양천구,733. 신정이펜하우스314동,202602,282,170
양천구,734. 신트리공원 입구,202602,1434,1430
양천구,735. 영도초등학교,202602,1297,1439
양천구,736. 오솔길공원,202602,529,542
양천구,737. 장수공원,202602,280,235
양천구,739. 신월사거리,202602,391,385
양천구,740. 으뜸공원,202602,503,603
양천구,741. 화곡로 입구 교차로,202602,161,162
양천구,742. 등촌역 5번 출구 뒤,202602,466,469
양천구,743. 현대6차아파트 101동 옆,202602,368,425
양천구,744. 신목동역 2번 출구,202602,1484,1443
양천구,745. 강서초등학교,202602,340,358
양천구,746. 목동2단지 상가,202602,2078,2144
양천구,747. 목동3단지 상가,202602,1248,1232
양천구,748. 목동운동장,202602,394,437
양천구,749. 이대목동병원보도육교,202602,882,992
양천구,750. 연의근린공원 건너편,202602,329,372
양천구,752. 성원2차 아파트,202602,543,486
양천구,754. 목동1단지아파트 118동 앞,202602,1149,1168
양천구,755. 목동1단지아파트 상가 앞,202602,1550,1569
양천구,756. 목동주차장,202602,819,946
양천구,757. 신정이펜하우스 1단지아파트 입구 사거리,202602,181,92
양천구,758. 한사랑교회 앞,202602,687,683
양천구,759. 보아스아파트 앞,202602,408,426
양천구,760. 잣절보도육교 아래,202602,264,220
양천구,762. 오목로 무중력지대 앞,202602,434,428
양천구,763. 목동11단지 아파트,202602,615,538
양천구,765. 오목교역 3번출구,202602,3335,3483
양천구,766. 신목동역 3번출구,202602,585,574
양천구,767.신정숲속마을아파트,202602,344,120
양천구,768.목동5단지아파트 501동,202602,1219,1275
양천구,769.CBS방송국 앞,202602,3166,3482
양천구,770.목동역5번출구,202602,2236,2420
양천구,771.목동아파트 703동 앞,202602,1346,1353
양천구,"773.염창역 3, 4번 출구 사이",202602,669,671
양천구,774.등촌역 4번 출구 ,202602,317,321
양천구,775.세종그랑시아 앞(102동),202602,347,293
양천구,776.목마공원,202602,359,343
양천구,777.신월6차보람아파트 앞,202602,587,584
양천구,779. 신정1동 주민센터 앞,202602,1903,1984
양천구,780.신정교 하부,202602,1534,1642
양천구,781.신정보도육교 아래,202602,3025,2860
양천구,782.서남병원 후문,202602,354,196
양천구,"785.양천구청, 보건소 사잇길",202602,2926,3135
양천구,786.목동아파트 8단지 상가동 앞,202602,1450,1435
양천구,787.양천아파트 입구,202602,2031,1952
양천구,788.양천구청역 2번출구 옆,202602,1825,1903
양천구,791.현대하이페리온,202602,1570,1680
양천구,792.목동트라팰리스 웨스턴에비뉴,202602,3425,3348
양천구,793.목동5단지아파트 534동,202602,1616,1634
양천구,794.양천문화회관,202602,1666,1733
양천구,795.양천 해누리타운,202602,2093,2128
양천구,796.목동아파트 14단지 B상가 앞,202602,1483,1414
양천구,797.목동아파트 1422동 1434동 사잇길,202602,2309,2325
영등포구,200. 국회의원회관,202602,67,62
영등포구,201. 진미파라곤 앞,202602,596,586
영등포구,202. 국민일보 앞,202602,1886,1900
영등포구,203. 국회의사당역 3번출구 옆,202602,1202,1196
영등포구,204. 국회의사당역 5번출구 옆,202602,841,826
영등포구,205. 산업은행 앞,202602,872,895
영등포구,206. KBS 앞,202602,1353,1467
영등포구,207. 여의나루역 1번출구 앞,202602,1406,1347
영등포구,209. 유진투자증권빌딩 앞,202602,1844,2041
영등포구,213. KT앞,202602,1253,1051
영등포구,214. 금융감독원 앞,202602,832,730
영등포구,215. 여의도고교 앞,202602,449,479
영등포구,217. NH농협은행 앞,202602,1873,2014
영등포구,219. 롯데캐슬엠파이어 옆,202602,1243,1229
영등포구,220. 미성아파트 A동 앞,202602,756,702
영등포구,221. 여의도초교 앞,202602,800,739
영등포구,222. 시범아파트버스정류장 옆,202602,843,868
영등포구,223. 진주아파트상가 앞,202602,605,616
영등포구,224. 롯데캐슬 앞,202602,1023,1108
영등포구,225. 앙카라공원 앞,202602,903,795
영등포구,226. 샛강역 1번출구 앞,202602,1187,1022
영등포구,227. 양평1나들목 보행통로 입구,202602,813,792
영등포구,228. 선유도역 3번출구 앞,202602,1509,1527
영등포구,229. 양평1 보행육교 앞,202602,1125,1084
영등포구,230. 영등포구청역 7번출구,202602,3796,3563
영등포구,231. 남부고용노동지청 남측,202602,1460,1474
영등포구,232. 양평우림 이비즈센타 앞,202602,1535,1532
영등포구,233. 양평1동 YP센터 앞,202602,610,648
영등포구,235. 신길동 우리은행 옆,202602,508,507
영등포구,236. 문래동자이아파트 앞,202602,1515,1717
영등포구,238. 제2구민체육센타 앞,202602,1170,1098
영등포구,239. 유스호스텔 앞,202602,665,697
영등포구,240. 문래역 4번출구 앞,202602,2403,2264
영등포구,241. 신길우성1차아파트 앞 공원,202602,576,518
영등포구,242. 신길선원가와인아파트 앞,202602,560,247
영등포구,243. 이앤씨드림타워 앞,202602,2333,2395
영등포구,244. 영등포삼환아파트 앞,202602,1055,1051
영등포구,245. 삼성생명 당산사옥 앞,202602,1879,2079
영등포구,247. 당산역 10번출구 앞,202602,2501,2530
영등포구,248. 초원아파트 앞,202602,488,477
영등포구,249. 여의도중학교 옆,202602,469,598
영등포구,250. 대림아파트 사거리,202602,286,278
영등포구,251. 서울지방병무청 버스정류장,202602,470,421
영등포구,252. 보라매역4번출구,202602,740,862
영등포구,253. 신풍역 5번출구 인근,202602,1,1
영등포구,254. 도림신협 앞,202602,888,911
영등포구,255. 도림사거리,202602,745,739
영등포구,256. 동아에코빌입구,202602,658,651
영등포구,258. 신길역3번출구,202602,962,1038
영등포구,259. 대방역6번출구,202602,1584,1739
영등포구,260. 여의도 마리나선착장 앞,202602,186,173
영등포구,263. 근로자회관 사거리,202602,2051,2111
영등포구,264. 교보생명보험 앞,202602,946,867
영등포구,265. 영등포유통상가 사거리,202602,640,542
영등포구,266. 영등포청과시장 사거리,202602,793,748
영등포구,267. 삼성화재 사옥 옆,202602,983,921
영등포구,268. 그랜드컨벤션센터 앞,202602,1142,1151
영등포구,270. 증권거래소후문교차로,202602,753,734
영등포구,271. 샛강생태공원방문자센터 앞,202602,285,192
영등포구,272. 당산육갑문,202602,2119,2458
영등포구,275. 신동아아파트,202602,1647,1752
영등포구,276. 영등포로터리2,202602,496,523
영등포구,278. 쌍용플레티넘오피스텔,202602,1419,1342
영등포구,279. 영등포 푸르지오 아파트 B,202602,1172,969
영등포구,280. 양평동6차현대아파트 앞,202602,1775,1601
영등포구,281. 대림신동아아파트 앞,202602,655,631
영등포구,282. 신한은행 대림동지점,202602,411,478
영등포구,283. 아크로타워 스퀘어(영등포시장),202602,1490,1323
영등포구,284. 센트럴 푸르지오 시티 앞,202602,1408,1308
영등포구,285. 콤텍시스템 앞,202602,434,474
영등포구,286. 우성아파트 교차로,202602,583,576
영등포구,287. 영등포전화국사거리 (서강어린이공원),202602,1179,1111
영등포구,288. 쌍용예가(구청별관),202602,843,873
영등포구,289. 대림3동사거리,202602,669,681
영등포구,290. 새말소공원,202602,1591,1489
영등포구,291. 문래동 하이테크 시티,202602,1364,1377
영등포구,292. 영일 어린이공원,202602,961,896
영등포구,293. 충북 미래관,202602,1182,1026
영등포구,295.영등포공원 분수대 앞,202602,184,189
영등포구,296.KT플라자 영등포점,202602,1441,1366
영등포구,297.국회3문,202602,78,66
영등포구,298.KBS 연구동 건너편,202602,270,241
영등포구,299.여의도 순복음교회,202602,241,243
영등포구,3201.당산skv1센터,202602,979,986
영등포구,3202.당산롯데캐슬프레스티지,202602,1632,1582
영등포구,3203.도림동배드민턴체육관,202602,692,691
영등포구,3204.도림고가도로 밑,202602,703,608
영등포구,3205.문래현대2차,202602,1003,891
영등포구,3206.문래동 주민센터,202602,667,602
영등포구,3207.양남사거리1,202602,466,373
영등포구,3211.신길 래미안 프레비뉴,202602,311,233
영등포구,3212.신풍역 6번출구,202602,560,620
영등포구,3214.영등포 푸르지오 아파트 A,202602,1054,872
영등포구,3215.강변삼성래미안,202602,881,633
영등포구,3219.영등포역 1번출구,202602,2138,2510
영등포구,3220.래미안에스티움 앞 (신풍로),202602,561,556
영등포구,3221.서울특별시 남부교육지원청,202602,503,562
영등포구,4552. 코레일유통본사,202602,483,451
영등포구,4553. 당산삼성2차아파트,202602,1579,1539
영등포구,4555. 대림우성2차아파트,202602,293,324
영등포구,4556. 리버뷰신안인스빌1차 후문,202602,886,939
영등포구,4557. 리버뷰신안인스빌2차 후문,202602,897,868
영등포구,4558. 대영중고 후문,202602,518,538
영등포구,4559. 신길역 2번출구,202602,1145,814
영등포구,4560. 양평동성원아파트,202602,676,732
영등포구,4561. 양평역 1번출구,202602,2265,2271
영등포구,4563. 여의도 은하아파트,202602,378,370
영등포구,4564. 63스퀘어,202602,1234,1235
영등포구,4565. 영등포 신세계백화점,202602,2902,2889
영등포구,4566. 대림성원상떼빌아파트,202602,922,1051
영등포구,4567. 한림대학교 강남성심병원 신관,202602,737,813
영등포구,4569. 힐스테이트클래시안아파트,202602,527,511
영등포구,4571. 문래동롯데캐슬아파트,202602,2349,2245
영등포구,4573. 두산위브아파트,202602,419,392
영등포구,4574. 영등포시장역 포레나영등포,202602,2522,2517
영등포구,4575. 대림동 e편한세상영등포아델포레,202602,1012,1025
영등포구,4576.보라매sk뷰 108동 앞,202602,433,515
영등포구,4578.보라매sk뷰,202602,249,222
영등포구,4579. 국회의사당 본관,202602,330,172
영등포구,4580. 국회제2의원회관,202602,329,370
영등포구,4581. 국회소통관,202602,157,155
영등포구,4582. 국회도서관,202602,318,298
영등포구,4583. 의정관,202602,90,88
영등포구,4584. 국회2문,202602,76,68
영등포구,4585. 국회6문,202602,195,181
영등포구,4588.양남사거리2,202602,652,622
영등포구,4589. KRX한국거래소(1),202602,629,613
영등포구,4591. 신길자이아파트,202602,722,94
영등포구,4592. 신길우성4차아파트,202602,655,880
영등포구,4594. 양평교 영등포대여소,202602,1086,1125
영등포구,4598. 오목교 동측 지하보도,202602,1137,1075
영등포구,4599. 대림우성아파트 사거리,202602,295,309
영등포구,4600. 서울 영등포구 우체국,202602,1291,1286
영등포구,4601.양평역2번출구 뒤,202602,617,532
영등포구,5851. 도림천 건널목 위,202602,1011,944
영등포구,5852. 대림동현대2차 201동 앞,202602,127,96
영등포구,5853. 여의도역2번출구 앞,202602,937,981
영등포구,5857. U레지던스 앞,202602,493,535
영등포구,5858. 영등포역5번출구,202602,2422,2902
영등포구,5859. 여의도 삼부아파트,202602,929,946
영등포구,5860. 어울림병원 앞,202602,574,589
영등포구,5861. 보라주유소 앞,202602,400,413
영등포구,5862. 당산역11번출구,202602,2423,2425
영등포구,5864.장훈고 앞,202602,370,459
영등포구,5865.더리브오피스텔 앞,202602,1132,952
영등포구,5866.포레나 당산,202602,1753,1609
영등포구,5867. H타워 앞,202602,1798,1642
영등포구,5868. 로프트시티오피스텔,202602,1073,1141
영등포구,5869. 영등포아트홀 앞,202602,544,553
영등포구,5870. LG트윈타워 앞,202602,1408,1334
영등포구,5871. 건영상가 앞,202602,305,303
영등포구,5872. 서경팰리스 앞,202602,447,531
영등포구,5876. 에이스하이테크시티 4동 앞,202602,435,444
영등포구,5877. 문래동 꽃밭정원,202602,467,436
영등포구,5878. 우리은행 앞,202602,1377,1399
영등포구,5879. 국회도서관 2문 앞,202602,173,161
영등포구,5880. 국회박물관,202602,75,57
영등포구,5881. 세계청소년NGO교육문화원,202602,1128,1066
영등포구,5882. 휴젠느,202602,1776,1627
영등포구,5883. 영문초사거리,202602,1398,1524
영등포구,5884. GS강서타워,202602,1247,1409
영등포구,5885. 신정교하부(도림천역 방면),202602,740,548
영등포구,5886.신풍역 2번출구,202602,1139,1174
영등포구,5887.나루마을 마당공원,202602,1386,1287
영등포구,5888.여의도성당,202602,90,40
영등포구,5889.의원회관출입구 앞,202602,150,131
영등포구,5890.여의나루역 3번출구,202602,742,728
영등포구,5891.한강버스 여의도 선착장,202602,3569,3363
영등포구,5892.국회의사당본관 좌측,202602,178,146
영등포구,5893.한국산업은행,202602,943,936
영등포구,5894.영등포세무서,202602,536,596
영등포구,5895.생각공장당산,202602,998,1043
영등포구,5896.영등포구청역 6번출구,202602,1001,915
용산구,4603. 한강GS에클라트 건너편 교통섬,202602,384,360
용산구,4604. 원효로다목적체육관 앞,202602,248,267
용산구,4607. 국립중앙박물관 -용산가족공원 앞,202602,170,138
용산구,4608. 국립중앙박물관 정문 앞,202602,129,83
용산구,4609. 파크타워 104동 앞,202602,164,155
용산구,4610. 한남나인원 105동 앞,202602,141,182
용산구,4611. 국제루터교회 앞,202602,71,78
용산구,4612. 이태원로 255,202602,67,50
용산구,4613. 서울갤러리아 앞,202602,101,89
용산구,4615. 크라운호텔앞 버스정류소,202602,223,275
용산구,4616. 신용산지하차도 앞,202602,328,502
용산구,4617. 동원베네스트 건너편,202602,75,79
용산구,4618. 풍전아파트 건너편,202602,539,527
용산구,4619. 한강트럼프월드3차 앞,202602,630,665
용산구,4620. 삼각지역 14번 출구 앞(교통섬),202602,512,505
용산구,4621. 남산도서관 앞,202602,432,73
용산구,4622. 한강중학교 앞 버스정류장,202602,181,220
용산구,4623. 라인프랜즈이태원점 앞,202602,56,36
용산구,4625. 용산공원갤러리앞,202602,170,166
용산구,4627. 효창공원앞역 5번출구 옆,202602,213,187
용산구,4629. 한강초교보도육교 앞,202602,376,502
용산구,4632. 용산 푸르지오 파크타운 1단지 앞,202602,198,94
용산구,4633. 센트럴파크타워 앞,202602,677,838
용산구,4634. 이태원역 3번 출구,202602,250,199
용산구,4636. 용산구꿈나무종합타운 앞,202602,355,387
용산구,4637. 용산시티파크 101동 앞,202602,203,228
용산구,4638. 청파동삼거리 앞,202602,363,390
용산구,4639. 동빙고근린공원,202602,318,343
용산구,4640. 원효로2가 교차로,202602,379,536
용산구,4641. 아메리칸센터,202602,274,306
용산구,4642. 용산더프라임아파트 101동 앞,202602,220,210
용산구,4643. 한가람아파트 앞,202602,481,484
용산구,800. 목월공원 앞,202602,520,455
용산구,802. 한강진역 2번 출구 앞,202602,200,102
용산구,805. 문배어린이공원 앞,202602,532,537
용산구,806. 전자랜드 본관 앞,202602,569,491
용산구,807. 서울역 12번 출구 앞,202602,464,485
용산구,808. 서빙고동 금호맨션 앞,202602,161,157
용산구,809. 한남 유수지 복개주차장,202602,318,335
용산구,810. 이태원지하보도,202602,372,338
용산구,811. 녹사평역1번출구,202602,399,147
용산구,813. 삼각지역 3번출구,202602,352,481
용산구,815. LIG강촌아파트 103동앞,202602,573,615
용산구,816. 신용산역 6번출구 앞,202602,835,1003
용산구,817. 삼각지역 4번출구 앞,202602,388,383
용산구,818. 숙명여대 입구 교차로,202602,621,670
용산구,819. 선린인터넷 고등학교,202602,604,644
용산구,820. 청파동입구 교차로,202602,317,347
용산구,822. 이촌1동 마을공원,202602,229,226
용산구,823. 효창동주민센터 앞,202602,152,107
용산구,825. 서빙고동 주민센터 앞,202602,832,1076
용산구,827. 국군복지단,202602,134,39
용산구,828. 숙대입구역 8번,202602,408,558
용산구,829. 한강대교 북단 교차로,202602,845,769
용산구,830. 강변삼성스위트아파트 앞,202602,162,148
용산구,832. 이촌1동 주민센터 뒤,202602,400,409
용산구,834. 효창공원앞역 3번출구 앞,202602,693,730
용산구,835. 남영역 건너편,202602,476,588
용산구,836. 현대자동차서비스 앞,202602,359,307
용산구,837. 한남나들목 입구,202602,433,433
용산구,838. 숙대입구역 4번출구,202602,444,669
용산구,839. 보광동 삼성리버빌아파트 앞,202602,222,224
용산구,840. 용산 파크타워 앞,202602,268,272
용산구,841. 신용산역 1번 출구,202602,689,743
용산구,843. 이태원관광특구 입구(용산구청방향),202602,277,138
용산구,844. 이촌2동 동원베네스트 아파트 앞,202602,553,633
용산구,845. 용산 선인상가,202602,325,378
용산구,846. 용산중학교,202602,512,450
용산구,848. 삼각지12번 출구,202602,343,362
용산구,849. 삼각지 자이아파트,202602,567,570
용산구,850.KCC용산웰츠(WELLTZ)타워,202602,187,206
용산구,851.효창 푸르지오 앞,202602,276,79
용산구,852. 청암자이아파트 앞,202602,528,368
용산구,853.용산역 맞은편,202602,1554,1597
용산구,854.HID 유족동지회 앞,202602,66,36
용산구,855.이촌역5번출구 앞,202602,69,66
용산구,857. 현대 안성타워,202602,133,45
용산구,858.녹사평역3번 출구,202602,253,124
용산구,859.남산공원 야외식물원 앞,202602,93,26
용산구,860.LG한강 자이아파트 앞,202602,518,491
용산구,863.이촌역2번 출구,202602,364,320
용산구,864.순천향대학병원(한남오거리),202602,313,329
용산구,866.브라운스톤 남산아파트,202602,444,249
용산구,867.서빙고역 광장(1번출구),202602,177,195
용산구,869.노들섬 동측 앞,202602,233,223
용산구,870.노들섬 서측 앞,202602,544,537
은평구,4652. 신사두산위브2차아파트 앞,202602,573,429
은평구,4653. 불광역 9번 출구 맞은편,202602,391,390
은평구,4657. 본 서부병원 교차로 사거리,202602,696,702
은평구,4658. 녹번역1번출구앞,202602,188,159
은평구,4659. 신진과학기술고등학교 버스정류장(응암시장 방면),202602,475,543
은평구,"4663. 불광역3,6호선 버스정류장(동명여고 방면)",202602,364,369
은평구,4665. 응암역3번 출구(서부경찰서 방면),202602,175,188
은평구,4667. 폭포동입구 교차로,202602,145,113
은평구,4668. 기자촌사거리 B,202602,116,43
은평구,4671. 청구성심병원 앞,202602,375,389
은평구,4672. 준빌딩 앞,202602,91,88
은평구,4674. 녹번역e편한세상 캐슬 정문 앞,202602,454,384
은평구,4676. 갈현1동 주민센터,202602,162,158
은평구,4677. 백련산 SK뷰 아이파크 해모로 아파트 앞,202602,603,604
은평구,4678. 백련산로 녹번센트레빌 ,202602,324,277
은평구,4681.박석고개(은평소방서) 앞,202602,73,48
은평구,4683. 은평 성모병원 사거리,202602,268,223
은평구,4684. 응암2동주민센터 버스정류장(영락중학교 방면),202602,310,58
은평구,4685. DMC역 5번 출구(수색역 방향),202602,855,843
은평구,4686. 우물골 근린공원,202602,256,246
은평구,4687. 역촌센트레빌아파트 101동 앞,202602,275,79
은평구,4689. 은평서해그랑블아파트앞,202602,451,286
은평구,4690.은평뉴타운폭포동 힐스테이트4단지,202602,44,44
은평구,4693. 수색감리교회,202602,786,790
은평구,900. 은평예술회관,202602,333,351
은평구,902. 진관동 은빛초등학교,202602,246,244
은평구,903. 은평뉴타운 아이파크,202602,365,366
은평구,904. 은평뉴타운 푸르지오,202602,338,372
은평구,905. 구파발역 2번출구,202602,942,1206
은평구,906. 연신내역 5번출구,202602,1252,1407
은평구,907. CJ 드림시티,202602,1505,1932
은평구,908. 구산역 4번출구,202602,537,557
은평구,909. 백련산 힐스테이트 3차,202602,346,107
은평구,911. 은평평화공원(역촌역4번출구),202602,868,873
은평구,912. 응암오거리,202602,1028,1196
은평구,913. 이마트 버스정류장(서부경찰서 방면),202602,950,945
은평구,914. 새절역 2번출구,202602,994,1204
은평구,915. 증산역 4번출구,202602,657,769
은평구,916. 평생학습관 앞,202602,563,598
은평구,917. 녹번역 3번출구,202602,709,714
은평구,919. 서울혁신파크,202602,210,207
은평구,921. 신도고등학교,202602,79,35
은평구,922. 연신내역 4번출구,202602,238,238
은평구,923. 국민은행 연서지점,202602,269,265
은평구,925. 불광역 2번출구,202602,405,400
은평구,927. 연신내역 3번출구 인근,202602,217,228
은평구,928. 은평역사한옥박물관,202602,144,71
은평구,930. 구 서부경찰서 건너편,202602,403,398
은평구,931. 역촌파출소,202602,1794,1931
은평구,932. 예일여중,202602,596,595
은평구,933. 역촌종합시장 버스정류장(예일여고 방면),202602,858,960
은평구,937. 상림마을 롯데캐슬2단지 옆,202602,43,49
은평구,938. 금암 문화공원,202602,67,76
은평구,939. 은평구청 교차로,202602,401,418
은평구,941. 은평뉴타운 도서관,202602,267,91
은평구,942. 상림마을 생태공원,202602,197,173
은평구,943. 은평구청 보건소,202602,859,903
은평구,945. 기자촌 사거리 A,202602,45,24
은평구,946. 독바위역 ,202602,226,225
은평구,947. 연신내 선일하이츠빌 정류소,202602,93,93
은평구,948. 디지털미디어 시티역 4번출구(DMC역),202602,499,481
은평구,949. 연신내역 1번 출구 ,202602,571,780
은평구,950. 구산역 2번 출구 예일여고 버스정류장,202602,352,463
은평구,952. 서울연신중학교,202602,329,208
은평구,953. 서울연신초등학교,202602,195,163
은평구,954. 은평뉴타운구파발9단지,202602,351,357
은평구,956. 응암시장교차로,202602,1028,1283
은평구,958. 본 서부병원 버스정류장(은평 세무서 방면),202602,527,580
은평구,959. 구파발10단지 인근,202602,185,176
은평구,960. 구파발역 환승센터,202602,429,536
은평구,962. 은평뉴타운엘크루 앞,202602,443,479
은평구,963. 불광롯데캐슬아파트 앞,202602,245,235
은평구,964. 북한산힐스테이트 7차아파트,202602,206,156
은평구,965. 서울특별시 은평병원,202602,254,58
은평구,966. 서울혁신파크1,202602,69,61
은평구,967. 서울혁신파크2,202602,137,137
은평구,968. 은평뉴타운 상림마을 13단지,202602,86,72
은평구,969. 은평 지웰테라스,202602,35,35
은평구,971. 역촌 센트레빌 아파트,202602,405,71
은평구,973.제각말푸르지오 5-1단지 아파트,202602,75,48
은평구,974.연신초등학교옆 마을마당,202602,102,61
은평구,975.백련산 힐스테이트상가앞,202602,269,43
은평구,976.진관고등학교앞,202602,211,180
은평구,977.신도중학교앞,202602,117,23
은평구,978.녹번 힐스테이트상가앞,202602,200,129
은평구,979.원풍빌라앞,202602,371,273
은평구,982. 녹번초등학교(서오릉로),202602,388,386
은평구,984.상신초등학교앞 버스정류장,202602,448,454
은평구,985. 은평세무서 버스정류장(은평구청 방면),202602,657,684
은평구,989. 신응교(가좌로) 앞,202602,557,795
은평구,991.흥국사 정류장,202602,50,57
은평구,992.북한산입구 정류장,202602,55,45
은평구,993.은평뉴타운 은뜨락아파트앞,202602,233,98
은평구,994.북한산생태공원입구(교통섬),202602,89,91
은평구,995.은평다목적체육관,202602,232,215
은평구,996.응암역2번출구 국민은행 앞,202602,1812,2422
종로구,301. 경복궁역 7번출구 앞,202602,424,250
종로구,302. 경복궁역 6번출구 뒤,202602,1228,1158
종로구,303. 광화문역 1번출구 앞,202602,1401,1433
종로구,305. 종로구청 옆,202602,1246,1224
종로구,307. 서울역사박물관 앞,202602,496,478
종로구,308. 광화문 S타워 앞,202602,1339,1345
종로구,309. 광화문역 6번출구 옆 B,202602,274,218
종로구,314. 국립현대미술관,202602,668,657
종로구,316. 종각역 1번출구 앞,202602,1090,1059
종로구,326. 안국역 5번출구 앞,202602,755,598
종로구,327. 낙원상가 옆,202602,622,629
종로구,328. 탑골공원 앞,202602,391,369
종로구,329. 청계2가 사거리 옆,202602,548,575
종로구,334. 종로3가역 2번출구 뒤,202602,708,714
종로구,335. 종로3가역 15번출구 뒤,202602,704,699
종로구,337. 창경궁 입구,202602,327,350
종로구,338. 세운스퀘어 앞,202602,354,340
종로구,339. 종로4가 사거리,202602,709,661
종로구,340. 혜화동 로터리,202602,469,465
종로구,3401.창신두산아파트,202602,62,64
종로구,3402.이화공영주차장,202602,196,196
종로구,3404.서울특별시 중부교육지원청,202602,42,52
종로구,3405.파크팰리스,202602,519,427
종로구,3407.안국동사거리(신),202602,817,821
종로구,3408.종로타워빌딩,202602,602,627
종로구,341. 혜화역 3번출구 뒤,202602,454,503
종로구,3410.종로3가역 8번출구,202602,1374,1444
종로구,3411.종묘,202602,636,660
종로구,3412.세운상가,202602,350,337
종로구,3413.종로플레이스,202602,1419,1475
종로구,3414.종로5가역 4번출구,202602,620,749
종로구,3415.동대문역6번출구,202602,642,807
종로구,3416.동묘앞역 6번출구,202602,961,1016
종로구,3417.창신3동주민센터,202602,353,357
종로구,3418.창신역2번 출구,202602,57,49
종로구,3419.국립어린이과학관,202602,150,148
종로구,342. 대학로 마로니에공원,202602,1057,1051
종로구,3420. 성균관대입구 사거리 B,202602,328,354
종로구,3421.혜화역 1번출구,202602,798,802
종로구,3422.성균관대 정문,202602,645,605
종로구,3425.광화문 풍림스페이스본 1단지앞,202602,409,199
종로구,3426.독립문역 2번출구 뒤,202602,158,111
종로구,3427.인왕산 아이파크 정문,202602,153,107
종로구,3428.서울미술관,202602,73,50
종로구,3429.HW컨벤션센터 앞,202602,77,26
종로구,343. 힐스테이트창경궁 아파트 앞,202602,777,619
종로구,3431.로제우스 레포츠센터,202602,127,39
종로구,3432.종로2가 사거리,202602,613,488
종로구,344. 성균관대 E하우스 앞,202602,298,280
종로구,345. 서울보증보험본사 앞,202602,763,836
종로구,348. 독립문역 사거리,202602,558,423
종로구,349. 어린이도서관,202602,355,345
종로구,351. 청운초교 앞 삼거리,202602,233,233
종로구,352. 중앙고입구 삼거리,202602,187,67
종로구,353. 재동초교 앞 삼거리,202602,440,476
종로구,354. 포르투갈 대사관 앞,202602,679,348
종로구,355. 서울사대부설초등학교 앞,202602,591,610
종로구,356. KT혜화지사 앞,202602,569,556
종로구,358. 성균관대입구 사거리 A,202602,378,401
종로구,359. 원남동사거리,202602,545,602
종로구,361. 동묘앞역 1번출구 뒤,202602,1375,1448
종로구,362. 청계8가사거리 A,202602,1064,1123
종로구,363. 신설동역 11번출구 뒤,202602,920,953
종로구,364. 창신역 1번출구 앞,202602,212,202
종로구,367. 독립문역 3-1번출구 ,202602,690,454
종로구,368. SK 서린빌딩 앞,202602,788,817
종로구,385. 종각역 5번출구,202602,798,878
종로구,388. 동성중학교 앞,202602,161,161
종로구,393. 동대문역 8번 출구,202602,1030,1091
종로구,394. 경희궁 자이 3단지,202602,396,438
종로구,395. 경희궁 자이 2단지,202602,471,470
종로구,397. 종묘공영주차장 건너편,202602,167,164
종로구,446. 상명대입구,202602,174,123
종로구,447. 신영동삼거리,202602,58,49
종로구,449. 일성아파트,202602,86,25
종로구,450. 효자동 삼거리,202602,521,335
종로구,451. 청와대앞길,202602,120,52
종로구,452. 동대문 종합시장 버스정류장,202602,380,379
종로구,453. 종로오가 지하쇼핑센터 14번출구,202602,649,710
종로구,454. 종로2가 버스정류장 (종각방향),202602,572,564
종로구,455. 종로6가역 버스정류장(동대문 방향),202602,774,786
종로구,456. 숭인2동 주민센터 입구,202602,674,757
종로구,457. 종로꽃시장 입구 옆,202602,637,692
종로구,458. 광화문역 5번출구,202602,1134,1139
종로구,461. 서울경찰청,202602,400,379
종로구,464. 삼청동 골목,202602,460,417
종로구,465. 삼청공원 앞,202602,71,37
종로구,4703. 쌍용아파트2단지 정문,202602,253,12
종로구,4705. 웰니스센터(민방위교육장 앞),202602,692,676
종로구,4707. 청계3가 사거리,202602,589,567
종로구,4708. 조계사앞사거리,202602,730,787
종로구,4710. 자교교회 앞,202602,409,406
종로구,4711. 올림픽기념 국민생활관 로터리,202602,507,479
종로구,4713. 현대 뜨레비앙 아파트 앞,202602,662,659
종로구,4715. 돈의문 박물관 마을,202602,271,181
종로구,4718. 광화문역 6번출구 옆 A,202602,495,480
종로구,4719. 종로문화원 건너편,202602,556,518
종로구,4721. 통인시장 정자,202602,714,712
종로구,486. 평창동주민센터 앞,202602,43,20
중구,300. 정동사거리,202602,512,442
중구,3013.서울지방고용노동청 앞,202602,774,809
중구,310. 청계광장 옆,202602,762,730
중구,318. 광교사거리 남측,202602,486,481
중구,320. 을지로입구역 4번출구 앞,202602,762,748
중구,321. KEB 하나금융그룹 명동사옥 옆,202602,613,655
중구,322. 명동성당 앞,202602,429,431
중구,324. 신세계백화점 본점 앞,202602,340,390
중구,331. 을지로2가 사거리 북측,202602,546,585
중구,332. 을지로2가 사거리 남측,202602,437,429
중구,336. 충무로역 6번출구 앞,202602,745,681
중구,346. 맥스타일 앞,202602,434,481
중구,347. 동대문역사문화공원역 9번출구 앞,202602,325,340
중구,370. 시청역(2호선) 9번출구 뒤,202602,890,802
중구,371. 동대입구역 6번출구 뒤,202602,186,215
중구,372. 약수역 3번출구 뒤,202602,260,264
중구,374. 신당동주민센터앞,202602,506,531
중구,379. 서울역9번출구,202602,429,437
중구,380. CJ제일제당 앞,202602,598,677
중구,381. 장충체육관,202602,62,41
중구,382. 약수역 10번출구 앞,202602,177,176
중구,383. 신당역 12번 출구 뒤,202602,1124,1173
중구,384. 중림동삼거리,202602,181,178
중구,387. 훈련원공원주차장 앞,202602,380,404
중구,389. 을지로4가역 1번출구,202602,564,546
중구,390. 충무로역 1번출구,202602,417,389
중구,391. 시립미술관,202602,446,447
중구,398. 을지로3가역 3번출구,202602,929,978
중구,399. 서울역 센트럴 자이아파트,202602,516,279
중구,428. 명보사거리,202602,303,324
중구,429. 송도병원,202602,58,35
중구,430. 장충동먹자골목 앞,202602,348,386
중구,431. 청계천 영도교,202602,1666,1598
중구,433. 을지로입구역 2번출구,202602,944,937
중구,434. 신당 래미안 버스정류장,202602,340,20
중구,435. SK 남산빌딩,202602,215,143
중구,441.염천교사거리,202602,495,484
중구,442.서울역 서부,202602,128,144
중구,443.호암아트홀,202602,139,139
중구,445.대한상공회의소,202602,443,407
중구,466.롯데호텔,202602,214,198
중구,467.한국은행,202602,221,284
중구,468.웨스틴 조선호텔,202602,174,210
중구,469.회현역 1번출구,202602,195,186
중구,470.회현역 7번출구,202602,182,168
중구,471.회현사거리 남측,202602,291,283
중구,472.삼일교(시그니쳐 타워),202602,602,575
중구,473.을지로4가역 9번출구,202602,984,919
중구,474.동대문역사문화공원역 1번출구 뒤편,202602,973,896
중구,475.DDP 패션몰,202602,605,576
중구,4752. 삼성사이버빌리지아파트,202602,240,101
중구,4753. 시청역 10번출구,202602,327,280
중구,476.광희문,202602,342,309
중구,4760. 서울역 7번출구,202602,83,80
중구,4761. 중부경찰서앞사거리 건너편,202602,192,163
중구,4762. 국제빌딩,202602,190,190
중구,4765. 동대문디자인플라자,202602,844,856
중구,4766. 서소문성지역사박물관,202602,272,211
중구,477.앰배서더 호텔 주변,202602,203,55
중구,4772. 중앙일보,202602,67,52
중구,4774. 을지로입구역 8번출구,202602,318,283
중구,4775. 을지로지하쇼핑센터,202602,338,381
중구,4776. 신세계면세점,202602,199,190
중구,4777. 약수동 주민센터,202602,53,46
중구,4781. 브라운스위트레지던스,202602,141,126
중구,4782. 서소문역사공원,202602,38,34
중구,4784. 중부경찰서앞 사거리,202602,233,218
중구,4785. 롯데시티호텔,202602,248,253
중구,479.동대입구역 3번 출구,202602,148,150
중구,4791. 명동역9번 출구,202602,441,446
중구,4792. 퇴계로4가 교차로(중구청),202602,657,663
중구,4793. 동대문역사문화공원역 5번출구,202602,424,412
중구,4794. 서울역 서부교차로(3),202602,672,865
중구,4796. 서울시청,202602,831,809
중구,4797. KG타워 앞,202602,343,391
중구,4798. 황학동롯데캐슬,202602,1130,1152
중구,480.약수역 6번 출구,202602,150,172
중구,4800. 필동 삼거리,202602,338,318
중구,4801. 충정로역 2호선(엘리베이터 앞),202602,209,39
중구,483.남산타운아파트 버스정류장,202602,139,69
중구,485.서울역5번출구,202602,340,421
중구,6053. 중부세무서 앞,202602,127,110
중구,6054.청구e편한세상아파트 113동 앞,202602,658,654
중구,6055. 한국경제,202602,271,276
중구,6057. 을지로5가(방산시장),202602,293,324
중구,6058. 시청역 2번출구,202602,1619,1692
중구,6059. 덕수중학교,202602,353,293
중구,6060. 신한은행 본점,202602,723,716
중구,6061.충무아트센터,202602,646,652
중구,6062.서울역파출소,202602,210,252
중구,6063.NH농협은행(신당역6번출구),202602,359,416
중구,826. 서울역 서부교차로2,202602,514,695
중랑구,1401. 극동늘푸른아파트,202602,620,812
중랑구,1402. 금란주차장 앞,202602,378,344
중랑구,1403. 중화빌딩 앞 (동부시장),202602,467,493
중랑구,1404. 동일로 지하차도,202602,831,824
중랑구,1405. 망우역 1번출구,202602,293,296
중랑구,1407. 먹골역 1번출구 뒤,202602,552,590
중랑구,1408. 먹골역 6번출구 앞,202602,464,586
중랑구,1410. 면목 대원칸타빌아파트,202602,106,35
중랑구,1411. 상봉시장앞 교차로 한성빌딩 앞,202602,634,591
중랑구,1414. 사가정역 2번출구,202602,1133,1207
중랑구,1416. 상봉역 3번출구,202602,917,998
중랑구,1418. 새솔초등학교,202602,70,41
중랑구,1420. 신내어울공원 앞,202602,315,321
중랑구,1421. 신내역 4번출구,202602,263,254
중랑구,1422. 신내우디안아파트 1단지,202602,112,28
중랑구,1424. 양원역 2번출구,202602,130,101
중랑구,1425. 신성미소지움아파트,202602,347,220
중랑구,1426. 면목도시개발아파트 1동 앞,202602,248,76
중랑구,1427. 용마산역 1번출구,202602,158,84
중랑구,1428. 원묵고등학교,202602,598,291
중랑구,1429. 장안중학교,202602,355,379
중랑구,1430. 중랑구청,202602,537,305
중랑구,1431. 중랑구청 사거리,202602,553,380
중랑구,1433. 중화역 2번출구,202602,739,827
중랑구,1435. 능산삼거리,202602,96,65
중랑구,1436. 동원베네스트 건물 앞,202602,222,94
중랑구,1437. 늘푸른공원 앞,202602,412,520
중랑구,1438. 홈플러스 신내점 앞,202602,833,952
중랑구,1440. 면목2동 사거리,202602,768,825
중랑구,1441. 신내능말공원,202602,264,118
중랑구,1442. 중랑구청 중화동 별관 앞,202602,1266,1278
중랑구,1444. 면목4치안센터,202602,520,730
중랑구,1445. 용마지구대 A,202602,106,154
중랑구,1446. 중랑전화국 교차로,202602,912,1032
중랑구,1447. 면목역 3번출구,202602,1120,1322
중랑구,1448. 코스트코 상봉점,202602,1176,1209
중랑구,1449. 상봉역 1번출구,202602,1359,1349
중랑구,1450. 화랑대역 7번출구,202602,611,706
중랑구,1451. 중랑세무서,202602,1189,1336
중랑구,1452. 겸재교 진입부,202602,1038,1140
중랑구,1453. 중랑캠핑숲,202602,73,65
중랑구,1454. 한국전력공사(동대문 중랑지사),202602,353,380
중랑구,1455. 상봉역 2번 출구,202602,1169,1378
중랑구,1456. 상아빌딩(우림시장 교차로),202602,573,636
중랑구,1457. 동원사거리,202602,391,268
중랑구,1458. 상봉터미널2,202602,929,929
중랑구,1459. 용마한신아파트사거리,202602,67,54
중랑구,1461.동양엔파트 앞,202602,582,611
중랑구,1462.동부시장 북문 앞,202602,1044,1059
중랑구,1463.중랑구민회관,202602,138,161
중랑구,1464.중화역 4번출구,202602,445,561
중랑구,1466.두산대림아파트 삼거리,202602,105,156
중랑구,1467.sk신내 주유소앞(용마산로),202602,104,134
중랑구,1468.먹골역 7번 출구,202602,454,481
중랑구,1469.먹골역 4번출구,202602,386,376
중랑구,1470.중화동 우리은행 앞,202602,602,618
중랑구,1471.동양쇼핑 정류소 앞,202602,679,889
중랑구,1472.영성빌딩(PAT),202602,350,396
중랑구,1473.중랑역 1번 출구(중화문화복지센터),202602,597,689
중랑구,1474.서울중랑우체국,202602,333,334
중랑구,1477.면목삼익아파트 앞,202602,172,196
중랑구,1478.홈플러스 상봉점 앞,202602,758,777
중랑구,1479.면목 홈플러스 2 ,202602,176,170
중랑구,1480. 용마지구대 B,202602,284,278
중랑구,4802. 새우개마을,202602,138,129
중랑구,4803. 상봉2동 주민센터 앞,202602,506,514
중랑구,4804. 동서울농협 앞,202602,746,793
중랑구,4807. 라코지스테이 앞,202602,279,276
중랑구,4808. 신내2동 주민센터 앞,202602,357,288
중랑구,"4809. 동성1,2차 아파트 앞",202602,485,333
중랑구,4811. 한양수자인아파트 앞,202602,343,115
중랑구,4812. 묵동 이마트 앞,202602,778,792
중랑구,4813. 망우지구대,202602,881,926
중랑구,4815. 중랑데시앙플렉스 앞,202602,211,205
중랑구,4819. 면목동 새싹어린이공원 앞,202602,603,589
중랑구,4820. 망우역 2번 출구,202602,894,933
중랑구,4823. 방정환교육지원센터 옆,202602,539,611
중랑구,4824. 상봉신협 앞,202602,780,753
중랑구,4825. 신내동 벽산아파트 후문 앞,202602,579,449
중랑구,4826. 홈플러스 면목점,202602,395,479
중랑구,4827. 신내SK V1센터 앞,202602,124,73
중랑구,4828. 신내동 한살림 중랑지구 앞,202602,546,547
중랑구,4829. 신내동 한살림 중랑지구 건너편,202602,180,171
중랑구,4830. 신내 우디안 111동 앞,202602,150,81
중랑구,4834. 용마복지센터 앞,202602,217,87
중랑구,4835. 망우동 본죽 앞,202602,400,401
중랑구,4836. 양원역 1번 출구,202602,275,242
중랑구,4837. 양원지구 힐데스하임 앞,202602,176,132
중랑구,4838.동원사거리 행복오피스텔 앞,202602,301,184
중랑구,4840. 서울시 북부병원 앞,202602,176,176
중랑구,4841. 중화수경공원,202602,908,884
중랑구,4842. 면목라온프라이빗 아파트,202602,294,344
중랑구,4843. 봉화산역 4번 출구,202602,462,494
중랑구,4845. 신내역금강펜테리움센트럴파크,202602,100,85
중랑구,4846. 상봉동양엔파트 앞,202602,428,432
중랑구,4847. 신내역시티프라디움 앞,202602,320,305
강남구,2301. 현대고등학교 건너편,202603,532,527
강남구,2302. 교보타워 버스정류장(신논현역 3번출구 후면),202603,663,674
강남구,2303. 논현역 10번출구,202603,853,631
강남구,2304. 대현그린타워,202603,214,98
강남구,2305. MCM 본사 직영점 앞,202603,284,303
강남구,2306. 압구정역 2번 출구 옆,202603,1319,1295
강남구,2307. 압구정 한양 3차 아파트,202603,727,714
강남구,2308. 압구정파출소 앞,202603,783,781
강남구,2309. 청담역(우리들병원 앞),202603,260,123
강남구,2310. 청담동 맥도날드 옆(위치),202603,216,212
강남구,2311. 학동로 래미안 아파트 앞,202603,248,110
강남구,2312. 청담역 13번 출구 앞,202603,323,327
강남구,2313. 금원빌딩 앞,202603,380,375
강남구,2315. 봉은사역 5번출구 옆,202603,688,663
강남구,2317. 삼성도로공원,202603,661,663
강남구,2318. 삼성중앙역4번출구(문화센터더 리빌),202603,188,140
강남구,2319. 포스코사거리 서측(수협 삼성동 지점),202603,558,551
강남구,2320. 도곡역 대치지구대 방향,202603,542,685
강남구,2321. 학여울역 사거리,202603,269,271
강남구,2322. 삼성역 3번 출구,202603,3,3
강남구,2324. 천주교 대치 2동 교회 옆,202603,755,751
강남구,2325. 대치삼성아파트 앞 교차로,202603,524,528
강남구,2326. 대치동 삼성로,202603,391,310
강남구,2327. 뱅뱅사거리 랜드마크타워 앞,202603,928,1000
강남구,2328. 르네상스 호텔 사거리 역삼지하보도 7번출구 앞,202603,452,388
강남구,2329. 르네상스호텔사거리 역삼지하보도 2번출구,202603,246,217
강남구,2330. 역삼월드메르디앙아파트 앞,202603,488,485
강남구,2331. 동영문화센터앞,202603,414,412
강남구,2332. 선릉역3번출구,202603,1085,1073
강남구,2333. 양재역 3번출구 주변,202603,837,515
강남구,2334. 삼호아파트 2동 ( 간선도로),202603,137,135
강남구,2335. 3호선 매봉역 3번출구앞,202603,1766,1862
강남구,2336. 강남세브란스교차로  래미안그레이튼 104동 앞,202603,418,416
강남구,2337. 대모산입구역 2번출구 앞,202603,442,350
강남구,2339. 현대아파트 정문 앞,202603,460,471
강남구,2340. 삼호물산버스정류장(23370) 옆,202603,1773,1871
강남구,2341. 일원역 4~5번 출구 사이,202603,404,257
강남구,2342. 대청역 1번출구  뒤,202603,1116,1094
강남구,2344. 리엔파크 2단지 앞,202603,410,407
강남구,2347. 두산건설 본사,202603,215,79
강남구,2348. 포스코사거리(기업은행),202603,1434,1457
강남구,2349. 역삼빌딩 앞(하나은행 옆),202603,300,186
강남구,2350. 래미안그레이튼102동앞,202603,197,196
강남구,2351. 청소년수련관(수영장)앞,202603,331,229
강남구,2352. 서울본부세관(건설회관 앞),202603,322,106
강남구,2353. 강남구청역 2번출구 뒤,202603,543,325
강남구,2354. 청담역 2번출구,202603,130,98
강남구,2356. 강남구청,202603,264,219
강남구,2357. 르네상스호텔사거리 역삼지하보도 3번출구 앞 (더 오번 빌딩 명동칼국수 앞),202603,359,324
강남구,2358. 구룡초사거리 (현대아파트10동 앞 ),202603,400,373
강남구,"2359. 국립국악중,고교 정문 맞은편",202603,917,969
강남구,2360. 도곡1동 주민센터 교차로,202603,471,473
강남구,2362. 신사동 가로수길 입구,202603,590,569
강남구,2363. 강남 을지병원 교차로,202603,257,243
강남구,2364. 도산공원교차로,202603,342,341
강남구,2365. K+ 타워 앞,202603,466,465
강남구,2368. 도곡동 경남아파트 건너편,202603,283,258
강남구,2369. KT선릉타워,202603,898,883
강남구,2370. 한티역 3번출구,202603,338,322
강남구,2371. 한국우편사업진흥원,202603,185,83
강남구,2372. 대치역 사거리,202603,780,1004
강남구,2373. 개포동역 사거리,202603,302,301
강남구,2375. 수서역 1번출구 앞,202603,928,1072
강남구,2376. 수서역 7번출구 앞,202603,842,1006
강남구,2377. 수서역 5번출구,202603,2437,2657
강남구,2380. 봉은사로68길 북측,202603,299,295
강남구,2381. 언주역 4번출구,202603,411,411
강남구,2382. 역삼동 sk뷰 501동앞,202603,243,239
강남구,2383. 보금자리정원,202603,204,243
강남구,2384. 자곡사거리,202603,1358,1437
강남구,2385. 학동역,202603,475,469
강남구,2386. 크린랩 본사,202603,136,100
강남구,2387. 래미안강남힐즈 사거리,202603,731,730
강남구,2388. 강남구 도시관리공단,202603,393,218
강남구,2389. 경기여자고등학교 후문 (삼성로3길 입구),202603,643,613
강남구,2390. 구룡마을 입구 (래미안블레스티지 아파트),202603,685,674
강남구,2391. 구룡터널 입구(개포1단지아파트),202603,22,16
강남구,2392. 구룡산 입구 (구룡산 서울둘레길 입구),202603,46,44
강남구,2394. 개포래미안포레스트아파트 107동 앞,202603,507,440
강남구,2396. 영동3교 북단(우성캐릭터 앞 보도),202603,437,446
강남구,2398. 더라움,202603,181,134
강남구,2401. 밀알학교 입구 (삼성서울병원 입구),202603,190,149
강남구,2403. 공무원연금매점 교차로 (개포주공9단지 입구),202603,812,774
강남구,2404. 대모산입구역 4번 출구 앞,202603,1152,1229
강남구,2405. 청담공원앞 교차로,202603,406,221
강남구,2406. 논현동 광명빌딩 앞,202603,201,180
강남구,2407. 역삼서초삼성 세무서 앞 (역삼빌딩 앞),202603,1132,1080
강남구,2408. 강남한양수자인아파트,202603,862,864
강남구,2409. 역삼동 디오슈페리움 (우성아파트 사거리),202603,669,667
강남구,2410. 포스코피앤에스타워 (역삼역 3번출구 부근),202603,585,454
강남구,2411. 세곡동 성당,202603,790,825
강남구,2413.도곡역 1번 출구,202603,1126,1150
강남구,2414. 도곡역 아카데미스위트 앞,202603,1201,1213
강남구,2415.한티역 롯데백화점 앞,202603,675,673
강남구,2416.한티역 6번 출구,202603,427,404
강남구,"2417.선정릉 디캠프(D,CAMP)앞",202603,141,140
강남구,2418.봉은사역 7번 출구 ,202603,593,580
강남구,"2419.봉은사역 1,2번 출구 ",202603,651,650
강남구,2420.학여울역 사거리(LG베스트샵 앞),202603,693,622
강남구,2421. 신논현역 4번출구,202603,503,436
강남구,2422.수서동 성당 맞은편,202603,500,460
강남구,2423.영희초교 사거리(래미안개포루체하임),202603,872,879
강남구,2425.세곡동 사거리(대왕초등학교 정류장),202603,222,246
강남구,2426.강남한신휴플러스 6단지,202603,474,453
강남구,2427.개포고등학교 정문앞,202603,606,594
강남구,2430.강남파이낸스센터앞(역삼역2번출구),202603,405,322
강남구,2431.대치역 7번출구,202603,1078,1122
강남구,3602. 한국지역난방공사강남지사,202603,368,362
강남구,3604. 삼성중앙역 5번출구,202603,382,335
강남구,3606. 신사동주민센터 옆,202603,565,564
강남구,3609. 언주초등학교 입구,202603,454,447
강남구,3610. 윗반마을 입구,202603,138,143
강남구,3611. 방죽마을 입구,202603,351,344
강남구,3612. 은곡마을,202603,277,325
강남구,3614. 은마아파트 입구 사거리,202603,976,985
강남구,3615. 서울 논현동우체국 앞,202603,295,281
강남구,3616. 역삼중학교 앞(체육관 방향),202603,299,279
강남구,3618. 서울율현초교 삼거리,202603,570,719
강남구,3620. 청담역 11번 출구,202603,203,56
강남구,3621. 휘문고교 사거리,202603,1,1
강남구,3622. 은마아파트입구 사거리(1),202603,274,250
강남구,3623. 일원에코파크 앞(개포로 방면),202603,479,477
강남구,3624. 대모산입구역 7번 출구 앞,202603,217,172
강남구,3627. 압구정나들목,202603,1177,1163
강남구,3628. 역삼1동 주민센터,202603,737,786
강남구,3629. 청담사거리(신한오피스텔빌딩 앞),202603,144,153
강남구,3630. 개포우성6차아파트 정문 앞,202603,343,291
강남구,3634. 국악고교 앞 교차로,202603,470,460
강남구,3636. 삼성중앙역·플래티넘아파트 정류소,202603,397,387
강남구,3637. 세곡데이케어센터,202603,167,149
강남구,3638. 신청담나들목,202603,364,376
강남구,3640. 일원1동주민센터앞 사거리,202603,984,955
강남구,3641. 대청역,202603,827,816
강남구,3642. 강남자곡힐스테이트,202603,406,158
강남구,3643. 더시그넘하우스 앞,202603,537,553
강남구,3644. 상록수아파트,202603,250,179
강남구,3646. 선정릉역 4번 출구,202603,330,242
강남구,3647. 구룡역 1번 출구,202603,370,331
강남구,3648. 구룡역 4번 출구,202603,108,104
강남구,3649. 구룡역 5번 출구,202603,299,287
강남구,3651. 개포동역 4번출구,202603,921,954
강남구,4902. 구역삼세무서 교차로,202603,508,506
강남구,4903. 신사스퀘어,202603,300,261
강남구,4905. 강남경찰서,202603,1368,1429
강남구,4906. 섬유센터 앞,202603,1285,1257
강남구,4907. 극동스포츠 앞,202603,543,419
강남구,4908. SB타워 앞,202603,229,237
강남구,4909. 노보텔 앰배서더 앞,202603,248,102
강남구,4913. 레베쌍트 빌딩 앞,202603,248,252
강남구,4914. 도심공항타워 앞,202603,736,722
강남구,4915. 영동중앙교회 버스정류장,202603,201,190
강남구,4916. 청담역 1번출구,202603,148,151
강남구,4917. 일원에코파크 주차장,202603,939,999
강남구,4918. 매봉역 1번출구,202603,614,626
강남구,4919. 학여울역사거리(은마아파트),202603,197,196
강남구,4923.수협대치동지점,202603,575,543
강남구,4924.논현동가구거리,202603,364,314
강남구,4925. 청담백영빌딩 앞,202603,211,215
강남구,4926. 대치우성아파트 사거리,202603,1233,1244
강남구,4928. 교수마을 입구,202603,262,233
강남구,4929. 투썸플레이스 강남청담점 앞,202603,348,364
강남구,4930. 학여울역 1번출구,202603,346,237
강남구,4931. 디에이치퍼스티어아이파크 124동 앞,202603,568,583
강남구,4932. 개포래미안포레스트 130동 맞은편,202603,303,281
강남구,4935. 도곡삼성래미안,202603,493,463
강남구,4936. SK텔레콤(T1) 인근,202603,69,56
강남구,4937.개포래미안포레스트 126동 앞,202603,271,240
강남구,4938.LH수서2단지 201동 앞,202603,1430,1458
강남구,4939.도산공원,202603,296,296
강남구,4940.한강버스 압구정 선착장,202603,3494,3298
강남구,4941.압구정로 11길,202603,458,487
강남구,4942.율현삼거리,202603,222,180
강동구,1001. 광진교 남단 사거리(천호공원 방면),202603,1129,1251
강동구,1002. 해공공원(천호동),202603,1626,1665
강동구,1003. 해공도서관앞,202603,1004,1021
강동구,1004. 삼성광나루아파트 버스정류장,202603,1204,1646
강동구,1006. 롯데캐슬 115동앞,202603,154,146
강동구,1007.암사동 선사유적지,202603,226,229
강동구,1008. 암사역 3번출구(국민은행앞),202603,2578,3009
강동구,1009. 천호역4번출구(현대백화점),202603,3848,3826
강동구,1010. 강동세무서,202603,2435,2461
강동구,1011. LIGA 아파트 앞,202603,2767,2824
강동구,1012. 천호역효성해링턴타워 앞,202603,2245,2211
강동구,1013. 강동구청역 1번 출입구,202603,2232,2204
강동구,1015. 샛마을 근린공원,202603,76,69
강동구,1016. 해뜨는 주유소옆 리엔파크 109동앞,202603,678,697
강동구,1017. 둔촌고교입구 교차로(길동주민센터 방면),202603,1267,1275
강동구,1018. 둔촌 주공 GS 맞은편,202603,2049,2110
강동구,1019. 다성이즈빌아파트(호원대 대각선 맞은편),202603,3378,3528
강동구,1020. 강동경찰서,202603,3205,3246
강동구,1021. 강일동 리슈빌 빌딩앞,202603,1499,1677
강동구,1022. 길동 사거리(초소앞),202603,1408,1412
강동구,1023. 한국종합기술사옥 앞,202603,1938,1930
강동구,1024.  강동구청 앞,202603,2966,3105
강동구,1025. 상일초등학교,202603,513,493
강동구,1027. 프라자 아파트 앞,202603,762,737
강동구,1028. 포레스 주상복합 빌딩,202603,1572,1534
강동구,1029. 성내어울터,202603,2430,2393
강동구,1030. 미호 플랜트 앞,202603,1292,1264
강동구,1031. 올림픽로 836(아리수로),202603,424,450
강동구,1032. 선사고등학교,202603,458,464
강동구,1033. 고덕동 아남아파트,202603,1268,925
강동구,1034. 고덕동 래미안 힐스테이트,202603,422,313
강동구,1036. 고덕동 주양쇼핑,202603,799,774
강동구,1037. 강일리버파크 6단지,202603,172,172
강동구,1038. 강일 다솜 어린이 공원,202603,274,324
강동구,1039. 고덕초등학교,202603,176,194
강동구,1041. 묘곡초등학교,202603,509,513
강동구,1042. 강일리버파크 2~5단지,202603,392,466
강동구,1044. 굽은다리역,202603,2967,3004
강동구,1048. 둔촌어린이공원,202603,1576,1580
강동구,1049. 강일리버파크 10단지,202603,400,417
강동구,1050.  둔촌역 3번 출입구,202603,3819,4134
강동구,"1051. 강일중,선사고 버스정류장(신암중학교 방면)",202603,506,495
강동구,1053. 동명근린공원 진입로 (아리수로),202603,246,241
강동구,1056. 강일리버파크 7~11단지,202603,481,536
강동구,1057. 능골근린공원,202603,516,528
강동구,1058. 고덕숲 아이파크 1,202603,256,227
강동구,1059. 래미안 강동팰리스(102동),202603,1354,919
강동구,1060. 천일초교 사거리,202603,585,522
강동구,1061. 천호초교 입구 사거리(일주빌딩),202603,805,803
강동구,1063.강동롯데캐슬퍼스트 아파트(관리동),202603,377,365
강동구,1064.중앙보훈병원역 1번출구,202603,338,321
강동구,1065.보훈병원 후문옆(더 원커피),202603,505,490
강동구,1066.생태공원앞 교차로(조명탑),202603,71,71
강동구,1067.한영중고앞사거리,202603,438,386
강동구,1068.명일파출소,202603,721,659
강동구,1070.(시립)고덕평생학습관,202603,789,660
강동구,1072.고덕역 5번출구,202603,1333,1246
강동구,1073. SSTS 몰 앞,202603,655,686
강동구,1074.대명초교입구 사거리,202603,1079,1088
강동구,1075.천동초교 삼거리,202603,1368,1427
강동구,1076. 천동초교입구사거리 버스정류장(십자성마을 방면),202603,1556,1666
강동구,1077.강동역 1번출구 앞,202603,2218,2153
강동구,1078.둔촌사거리,202603,3514,3556
강동구,1079.강일동입구교차로,202603,766,853
강동구,1080.천호지하주차장 5번 출입구,202603,1592,1548
강동구,1081.트레빌빌딩,202603,1358,1093
강동구,1083.광문고교사거리(아이파크),202603,484,488
강동구,1084. 윤선생빌딩(JYP사옥),202603,3277,3549
강동구,1085.래미안 솔베뉴(고덕로),202603,870,599
강동구,1086.래미안 솔베뉴(구천면로),202603,766,799
강동구,1088.풍납사거리(강동),202603,1591,1543
강동구,1089.고덕 래미안힐스테이트(201동),202603,597,232
강동구,1090.상일동역 2번출구 앞,202603,1578,1556
강동구,3539. 서원마을,202603,138,147
강동구,3652. 한영외국어고등학교,202603,227,223
강동구,3653. 강동리버스트4단지아파트 404동 앞,202603,391,393
강동구,3654. 강동리버스트4단지아파트 405동 앞,202603,267,278
강동구,3655. 둔촌신성미소지움아파트,202603,661,585
강동구,3656. 둔촌푸르지오아파트,202603,1326,1318
강동구,3657. 서울천호동우체국,202603,1989,2104
강동구,3658. 프라이어팰리스아파트,202603,455,442
강동구,3659. 명일초등학교 옆,202603,179,114
강동구,3661. 명일동신동아아파트 앞,202603,251,234
강동구,3663. 암사정수센터교차로(강동롯데캐슬퍼스트아파트),202603,441,286
강동구,3664. 맥도날드 서울둔촌DT점 앞,202603,2087,2165
강동구,3665. 고덕센트럴 아이파크상가 앞,202603,699,703
강동구,3668. 성내삼성아파트,202603,3204,3299
강동구,3671. 둔촌동역교차로,202603,1861,1939
강동구,3673. 강동리버스트6단지,202603,270,269
강동구,3674. 강동리버스트7단지,202603,298,302
강동구,3675. 강동리버스트8단지,202603,487,572
강동구,3676. 강동리엔파크9단지,202603,474,487
강동구,3680. 강동역3번출구,202603,2820,2832
강동구,3681. 길동 마루빌딩,202603,3199,3503
강동구,3682. 길동 동호빌딩,202603,367,400
강동구,3683. KT&G강동지사,202603,842,896
강동구,3684. 고덕자이(105동 앞),202603,893,894
강동구,3685. 강동리엔파크14단지(1401동 앞),202603,418,467
강동구,3686. 고덕 래미안 힐스테이트(101동),202603,573,598
강동구,3688. 상일동산(동아아파트앞 교차로),202603,280,274
강동구,3689. 강일역 3번출구,202603,461,383
강동구,3690. 강일역 4번출구,202603,383,281
강동구,3691. 둔촌역 2번출구,202603,1895,1909
강동구,3692. 둔촌오륜역 1번 출구,202603,1543,1497
강동구,3694. 강동리엔파크 13단지(1303동 앞),202603,553,557
강동구,3698. 명일역 3번출구 옆,202603,1088,1101
강동구,3699. 상일파출소 옆,202603,934,944
강동구,3700. 강변그대가리버뷰 입구 맞은편,202603,1322,1383
강동구,3701. 방아삼거리,202603,183,169
강동구,4951. 강동농협 버스정류소 앞(광채빌라),202603,524,526
강동구,4952.천호시장 버스정류소 옆,202603,1253,1257
강동구,4953. 세양청마루아파트 앞,202603,1269,1242
강동구,4954. 신명초등학교 건너편,202603,341,196
강동구,4956. 암사역사공원역 1번출구,202603,164,162
강동구,4957. 신명초교 교차로,202603,906,720
강동구,4958. 고덕래미안힐스테이트 아파트 211동,202603,513,278
강동구,4959. 암사역사공원역 3번출구,202603,164,247
강동구,4960.고덕비즈밸리 지식산업센터 A,202603,545,558
강동구,4962.고덕비즈밸리 디엠스퀘어 앞,202603,806,845
강동구,4964.암사역사공원역 1번출구 A,202603,1437,2107
강동구,4965.고덕비즈밸리 쿠쿠강동빌딩,202603,937,948
강동구,4968.강동구 자원순환센터,202603,66,64
강북구,"1501. 미아역 3번,4번 출구 사이",202603,927,886
강북구,1503. 강북구청사거리(수유역 8번출구),202603,1589,1761
강북구,1504. 삼양시장오거리,202603,182,181
강북구,1506. 강북문화예술회관,202603,752,756
강북구,1509. 서울북부수도사업소,202603,363,377
강북구,1510. 번동주공5단지 관리사무소 앞,202603,337,350
강북구,1512. 강북중학교 앞,202603,1356,1399
강북구,1514. 강북구청 사거리 버스정류소 앞,202603,700,708
강북구,1515. 송천동 주민센터,202603,345,348
강북구,1516. 우이동길마을마당,202603,549,402
강북구,1518. 수유2동은행빌딩 앞,202603,611,611
강북구,1519. 장미원시장 건너편,202603,436,389
강북구,1520. 수유중앙시장,202603,926,1017
강북구,1525. 미아동 복합청사,202603,322,281
강북구,1526. 강북종합시장 앞,202603,830,852
강북구,1527. 미아역 1번 출구 뒤,202603,642,637
강북구,1528. 삼각산동 주민센터,202603,413,176
강북구,1529. 미아동 한국전력공사,202603,1062,1063
강북구,1530. 광산사거리,202603,1264,1272
강북구,1531. 미아사거리 1번 출구,202603,1653,1797
강북구,1532. 번3동 주민센터 교차로,202603,672,686
강북구,"1533. 번동 주공3, 4단지 교차로",202603,769,853
강북구,1535. 효성인텔리안 앞,202603,1552,1579
강북구,1536. 번동 두산위브 101동 옆,202603,528,523
강북구,1537. 북한산 우이역,202603,358,249
강북구,1538. 솔밭공원역,202603,93,101
강북구,1539. 4.19민주묘지역,202603,354,331
강북구,1540. 가오리역,202603,693,689
강북구,1541. 삼양역,202603,156,130
강북구,1542. 삼양사거리역,202603,219,204
강북구,1543. 수유1동 주민센터,202603,430,427
강북구,1546. 송천동우체국,202603,288,393
강북구,1547. 꿈의숲 롯데캐슬,202603,414,207
강북구,1548. 북서울 꿈의숲 서문,202603,602,352
강북구,1550.삼각산아이원아파트(105동 옆),202603,77,7
강북구,1551.4.19탑 앞,202603,367,318
강북구,1552. 강북구청사거리,202603,1154,1150
강북구,1553.서울북부고용노동지청,202603,633,638
강북구,1554.번동사거리,202603,422,428
강북구,1557.신창교,202603,895,970
강북구,1558.강북문화정보도서관,202603,300,205
강북구,1560. 도봉세무서 앞,202603,575,619
강북구,1564.4.19민주묘지역 1번출구,202603,552,564
강북구,1565.수유사거리,202603,716,703
강북구,1568.4.19민주묘지 입구사거리,202603,524,513
강북구,1569.수유역2번출구,202603,2225,2259
강북구,1571.북서울 꿈의 숲 입구,202603,299,306
강북구,1572. 우이동 먹거리마을,202603,96,84
강북구,1573.현대성우아파트 옆,202603,122,93
강북구,1574.송중초등학교 옆,202603,292,325
강북구,3703. 삼양입구사거리,202603,204,225
강북구,3707. 드래곤타워 앞,202603,609,630
강북구,3714. 송천센트레빌,202603,103,85
강북구,3718. 번동3단지 버스정류장,202603,798,913
강북구,3724. 삼양동주민센터 앞,202603,296,218
강북구,3725. 강북 청소년 문화정보도서관 앞,202603,261,262
강북구,3726.삼양동사거리,202603,409,436
강서구,1101. 상사마을 버스정류장(아라대교방면),202603,135,145
강서구,1102. 방화사거리 마을버스 버스정류장,202603,1772,2027
강서구,1103. 방화역 4번출구앞,202603,2455,2167
강서구,1105. 방화근린공원,202603,439,266
강서구,1106. 신방화사거리,202603,2513,2637
강서구,1108. 공항시장역 2번출구 뒤,202603,1095,1065
강서구,1109. 공항시장역 4번출구,202603,561,568
강서구,1110. 공항중학교앞,202603,800,843
강서구,1111. 마곡엠밸리6_7단지 마곡중학교,202603,2288,1977
강서구,1112. 마곡엠밸리4단지 정문,202603,3510,3453
강서구,1113. 서남환경공원 버스정류장,202603,2487,2216
강서구,1117. 등촌5단지아파트 버스정류장,202603,2871,2874
강서구,1118. 증미역 3번출구뒤(등촌두산위브센티움오피스텔),202603,2515,2876
강서구,1119. 염창동 한마음아파트 앞,202603,947,925
강서구,1120. 대림경동아파트앞,202603,1496,1454
강서구,1121. 가양레포츠센터 앞,202603,1241,1289
강서구,1124. 발산역 6번 출구 뒤,202603,4699,4845
강서구,1126. 우장산역 1번출구옆(우장산아이파크105동앞),202603,1717,1183
강서구,1127. 화곡역 버스정류장,202603,828,823
강서구,1128. 화곡역 6번출구,202603,1107,1116
강서구,1129. 화곡역 1번 출구 앞,202603,1209,1200
강서구,1130. 화곡본동시장 버스정류장,202603,372,334
강서구,1132. 등촌역 7번출구,202603,1581,1820
강서구,1135. 강서구의회,202603,1770,1514
강서구,1136. 등촌2파출소,202603,520,232
강서구,1137. 등촌2동주민센터,202603,289,164
강서구,1139. 용문사 버스정류장,202603,679,570
강서구,1140. 목동사거리 버스정류장,202603,1908,1878
강서구,1141. 곰달래 문화복지센터 A,202603,1198,1320
강서구,1145. 곰달래 문화복지센터 B,202603,640,776
강서구,1148. 볏골공원,202603,867,808
강서구,1149. 신방화역환승주차장,202603,2773,2765
강서구,1150. 송정역 1번출구,202603,2239,2322
강서구,1151. 마곡역1번출구,202603,4020,4408
강서구,1152. 마곡역교차로,202603,3746,3985
강서구,"1153. 발산역 1번, 9번 인근 대여소",202603,6234,6339
강서구,1155. 기쁜우리복지관,202603,1880,1819
강서구,1157. 강서구청,202603,2980,3224
강서구,1158. 가양역 8번출구,202603,3285,3439
강서구,1159. 서서울모터리움 앞,202603,585,526
강서구,1160. 양천향교역 7번출구앞,202603,4220,4234
강서구,1161. 강서면허시험장 앞,202603,352,229
강서구,1162. 공항초등학교건너편,202603,2239,2237
강서구,1163. 방화동강서기동대앞,202603,2458,2440
강서구,1165. 마곡중학교 후문,202603,1306,801
강서구,1166. 강서구립등빛도서관,202603,4352,4182
강서구,1167. 마곡수명산파크3단지 교차로,202603,3191,3056
강서구,1168. 마곡엠밸리10단지 앞,202603,1527,1395
강서구,1169. 염창역 1번 출구,202603,1801,2048
강서구,1170. 강서구보건소,202603,802,529
강서구,1171. 염창동 새마을금고 건너편,202603,826,839
강서구,1172. 가양3동 주민센터,202603,1327,1464
강서구,1173. 강서구청사거리(SH타워),202603,3012,2760
강서구,1174. 강서구청사거리(부민병원),202603,1471,1465
강서구,1175. 대한항공 인력개발센터,202603,1078,678
강서구,1177. 수명중․고교,202603,1808,1717
강서구,1178. 개화산역 2번 출구,202603,720,708
강서구,1180. 마곡엠밸리 15단지(1502동) 건너편,202603,2362,2295
강서구,1181. 농수산식품공사 (강서지사),202603,338,351
강서구,1182. KBS 스포츠월드,202603,2890,2872
강서구,1183. 강서대학교,202603,405,298
강서구,1184. 마곡13단지,202603,3368,3343
강서구,1185. 등촌9단지,202603,1618,1453
강서구,1186. 송정중학교,202603,909,919
강서구,1187. 강서수산물도매시장,202603,769,879
강서구,1188. 롯데중앙연구소,202603,235,238
강서구,1190. 마곡역 교차로(2번출구),202603,3649,3706
강서구,"1191. 마곡역 버스정류장(마곡나루역1번출구, 웰튼병원 방면)",202603,2929,2903
강서구,1192. 마곡수명산파크 209동 건너편,202603,2319,1833
강서구,1193. 마곡센트럴타워 1차,202603,2213,2379
강서구,1195. 코오롱One&Only타워,202603,1705,1868
강서구,1196. 서울식물원(문화센터) 건너편,202603,685,735
강서구,1197. 엠펠리체 호텔 건너편,202603,1454,1503
강서구,1198. LG 사이언스파크,202603,2062,2230
강서구,1199. 우장산역 3번출구,202603,1065,790
강서구,1200. 개화광역환승센터,202603,284,249
강서구,2701. 마곡나루역 5번출구 뒤편,202603,7974,8336
강서구,2702. 마곡 엠밸리2단지,202603,1522,1536
강서구,2703.서울도시가스 앞 ,202603,922,688
강서구,2704.홈플러스(강서점),202603,2444,2543
강서구,2706.강서공업고등학교 앞,202603,696,704
강서구,2707.한강아파트,202603,2462,2118
강서구,2708.강서한강자이타워 앞,202603,1907,1897
강서구,2709.강변아파트 310동 앞,202603,823,801
강서구,2710.라이품 공영주차장 앞,202603,1212,834
강서구,2711.가로공원공영주차장 1번 출구,202603,905,936
강서구,2712.화곡터널입구교차로,202603,513,235
강서구,2713.우장초등학교 앞,202603,1566,1541
강서구,2715.마곡나루역 2번 출구 ,202603,11021,11351
강서구,2716.롯데 R&D 센터,202603,542,573
강서구,2717.LG유플러스 마곡사옥,202603,3692,4930
강서구,2718.마곡수명산파크1단지,202603,2429,2084
강서구,2719.마곡문화공원,202603,2865,3361
강서구,2720.힐스테이트에코,202603,2518,2515
강서구,2721.등촌1-10단지 교차로,202603,3849,3655
강서구,2723.마곡 필네이처,202603,2510,2617
강서구,2724.(재)FITI시험연구원,202603,1755,1377
강서구,2725.서울식물원 식물문화센터,202603,1099,974
강서구,2727.서울식물원 잔디마당 앞,202603,1941,2184
강서구,2728.마곡나루역 3번 출구,202603,7819,7925
강서구,2729.넥센 유니버시티 앞,202603,1308,1487
강서구,2730.마곡메가박스 앞,202603,1901,1925
강서구,2731.명덕고교,202603,1587,1849
강서구,2732.마곡수명산 1-2단지 ,202603,2116,1625
강서구,2733.마곡13단지 정문 앞,202603,4010,4006
강서구,2737.까치산역 3번 출구,202603,1055,1269
강서구,2739.수명산파크1단지교차로,202603,3376,3434
강서구,2740.마곡레포츠센터,202603,1436,1432
강서구,2741.마곡수명산파크5-6단지,202603,1632,1284
강서구,2742.강서구민올림픽체육센터,202603,2055,2202
강서구,2744.강서세무서 앞,202603,2547,2356
강서구,2745.수명초등학교,202603,2558,2244
강서구,2746.수명산파크 4단지 411동 앞,202603,1842,1651
강서구,3753. 공항중학교 버스정류장,202603,711,590
강서구,3754. 신방화역 8번출구,202603,1265,1199
강서구,3756. 마곡힐스테이트 정문,202603,1655,1399
강서구,3757. 신방화역 6번출구,202603,1653,1553
강서구,3758. 서울남부출입국관리소,202603,2118,1278
강서구,3759. 이대서울병원,202603,1596,1951
강서구,3760. 발산역 8번 출구,202603,1902,1938
강서구,3761. 나이아가라관광호텔,202603,534,537
강서구,3762. 마곡9단지 907동앞,202603,1259,1117
강서구,3763. 등촌태영아파트,202603,851,917
강서구,3764. 관문주유소(GS칼택스) 앞,202603,2459,2271
강서구,3765. 문소빌딩,202603,443,437
강서구,3767. 대원빌딩,202603,1414,1448
강서구,3770. 남부순환로 205,202603,398,334
강서구,3772. 길성그랑프리텔아파트,202603,2498,2425
강서구,3774. 마곡9단지 910동 상가앞,202603,1329,1365
강서구,3775. 가양오토갤러리,202603,925,925
강서구,3776. 김포공항사거리,202603,388,424
강서구,3778. 김포공항입구 교차로,202603,1280,1262
강서구,3780. 등촌서광아파트,202603,2902,2944
강서구,3781. 강서아동복지센터,202603,68,159
강서구,3782. 겸재정선미술관,202603,1917,1663
강서구,3783. 마곡금호어울림아파트,202603,1273,1046
강서구,3784. 벽산아파트,202603,2608,2334
강서구,3785. 마곡14단지 1408동앞,202603,1575,1413
강서구,3786. 강서힐스테이트 상가 앞,202603,773,594
강서구,3788. 정곡나들목,202603,959,1049
강서구,3789. 염창나들목,202603,2295,2566
강서구,3792. 화곡본동시장 입구,202603,633,561
강서구,3793. 더리브골드타워,202603,806,838
강서구,3794. 안양천합수부(현대3차아파트),202603,1669,1583
강서구,3796. 송정역 3번출구 앞,202603,1293,1141
강서구,3797. 마곡수명산파크7단지 710동 앞,202603,534,480
강서구,3798. 그랜드아이파크아파트 앞,202603,4187,4266
강서구,3799. 국립항공박물관,202603,381,389
강서구,3801. 이랜드글로벌R&D센터,202603,663,748
강서구,5052. 마곡역 7번출구,202603,4181,4479
강서구,5053. 신마곡벽산블루밍메트로오피스텔앞,202603,1260,1365
강서구,5055. 마곡역5번출구앞,202603,1431,1448
강서구,5057. 마곡역4번출구,202603,1502,1565
강서구,5059. 화곡2동주민센터,202603,808,951
강서구,5061. 우장산동 가곡어린이공원앞,202603,3193,3406
강서구,5064. 양천향교역8번출구,202603,1919,1999
강서구,5065. 허준박물관삼거리,202603,1627,1577
강서구,5066. 아망떼마곡전시장,202603,1480,1910
강서구,5067. 주원 리젠트 앞,202603,654,671
강서구,5070. 마곡13단지힐스테이트마스터 후문(1320동 앞),202603,2643,2659
강서구,5072. 김포공항입구 교통섬,202603,484,483
강서구,5073. 우장산역 헤링턴타워 앞,202603,1215,976
강서구,"5074. 마곡엠밸리14단지 버스정류장(마곡엠밸리11,12단지상가방면)",202603,2714,2702
강서구,5075. 등촌역 1번출구,202603,1030,1055
강서구,5076. 메이필드호텔앞,202603,839,793
강서구,5078. 왈도강서캠퍼스 앞,202603,929,953
강서구,5080. 가양역 1번출구,202603,2652,3154
강서구,5082. 가양역 7번출구,202603,4145,4795
강서구,5084. 강서우체국,202603,1364,1149
강서구,5086. 가양테크노타운,202603,1350,1491
강서구,5087. 연세강서빌딩,202603,1793,1721
강서구,5088. 등촌역 센터스퀘어,202603,1023,1006
강서구,5089. LG사이언스파크 E10동,202603,1420,1395
강서구,5090. 대상연구소,202603,648,676
강서구,5091. 보타닉파크타워2,202603,1327,1350
강서구,5095. 원당근린공원,202603,2288,2308
강서구,5096. LG사이언스파크 E14동,202603,2838,3963
강서구,5097. LG사이언스파크 E2동,202603,1166,1244
강서구,5098. LG사이언스파크 W4동,202603,941,952
강서구,5099. LG사이언스파크 E7동,202603,1507,1651
강서구,5100. 강서도로사업소,202603,259,287
강서구,6171. 월드빌딩 앞,202603,971,964
강서구,6172. 가양5단지아파트,202603,373,329
강서구,6173. 서울자동차운전전문학원,202603,252,265
강서구,6176. 유광사 여성병원 앞,202603,746,552
강서구,6177. 마곡롯데캐슬르웨스트,202603,2273,2206
강서구,6178. 마스터밸류에이스 지식산업센터,202603,659,658
강서구,6180.양천향교역 3번출구,202603,693,695
강서구,6182.오스템임플란트비전타워,202603,510,570
강서구,6183.K스퀘어 마곡,202603,1737,1771
강서구,6184. 한강버스 마곡 선착장,202603,986,950
강서구,6185.가양나들목,202603,208,212
강서구,6187.마곡119안전센터 맞은편,202603,436,404
강서구,6188.금호아파트,202603,1042,1059
강서구,6189.데시앙플렉스 지식산업센터,202603,692,691
강서구,6190.마곡광장(마곡나루역 6번출구),202603,1418,1376
관악구,2102. 봉림교 교통섬,202603,4172,4488
관악구,2103. 신림동 우방아파트,202603,691,691
관악구,2104. 사당역 5번출구,202603,699,839
관악구,2105. 미성동 신림체육센터,202603,628,735
관악구,2106. 세이브마트,202603,984,1224
관악구,2108. 은천치안센터,202603,916,958
관악구,2109. 은천로입구 가로공원,202603,1745,1675
관악구,2110. 조원동 미성아파트,202603,1027,1224
관악구,2111. 서울대입구역 1번출구,202603,722,703
관악구,2112. 서울대입구역 마에스트로,202603,485,505
관악구,2115. 관악구시설관리공단,202603,1041,755
관악구,2116. 에이스에이존빌딩,202603,382,384
관악구,2119. 중앙동 동진빌딩,202603,466,468
관악구,2122. 낙성대로 입구,202603,374,372
관악구,2127. 난곡종점,202603,358,183
관악구,2128. 관악구청교차로,202603,320,302
관악구,2129. 낙성대 과학전시관,202603,234,124
관악구,2130. 영어마을 관악캠프,202603,94,53
관악구,2135. 신림역 5번출구,202603,1,1
관악구,2136. 신림역 8번출구,202603,2571,2900
관악구,2137. KT&G 관악지점,202603,451,406
관악구,2139. 서울신성초등학교,202603,485,466
관악구,2140. 신림1교 교차로,202603,1365,1271
관악구,2143. 서울산업정보학교,202603,185,187
관악구,2144. 난우길입구,202603,273,341
관악구,2145. 은천초등학교 육교,202603,455,408
관악구,2148. 낙성대역 3번출구 뒤,202603,528,523
관악구,2156. 신림푸르지오아파트,202603,496,482
관악구,2159. 인헌초교,202603,208,218
관악구,2164. 관악우체국,202603,574,574
관악구,2165. JK장평타워,202603,84,82
관악구,2167. 낙성대역 1번출구,202603,245,238
관악구,2169. 봉천역 2번출구,202603,948,1018
관악구,2170. 조원동 강남힐병원,202603,562,611
관악구,2171. 서울대입구역 5번출구,202603,839,846
관악구,2172. 나들목공원,202603,560,443
관악구,2173. 당곡사거리,202603,1527,1534
관악구,2174. 삼성디지털프라자관악점,202603,368,376
관악구,2175. 신림동걷고싶은문화의거리입구,202603,712,771
관악구,2176. 보라매공원 보도육교,202603,2454,2703
관악구,2178. 서울대학교 정문,202603,707,397
관악구,2179. 양녕로 입구,202603,687,741
관악구,2184. 구암초등학교 버스정류장,202603,215,62
관악구,2185. 대학동 고시촌,202603,761,699
관악구,2186. 낙성대입구삼거리,202603,249,218
관악구,2187. 현대시장사거리,202603,1031,676
관악구,2189. 봉천역 4번출구,202603,879,896
관악구,2190.도원맨션,202603,314,320
관악구,2191.대학동주민센터 ,202603,800,793
관악구,2195.은천교회,202603,772,758
관악구,2196. 봉천역 3번출구,202603,387,433
관악구,2198.사랑의병원,202603,313,292
관악구,2199.신봉천주유소 A,202603,115,103
관악구,3305.낙성대역 8번 출구,202603,1,3
관악구,3310.영락고등학교,202603,240,92
관악구,3311.서울대입구역 4번 출구,202603,646,673
관악구,3802. 관악구민체육센터,202603,300,304
관악구,3803. 남서울중학교,202603,699,700
관악구,3804. 낙성대공원,202603,255,244
관악구,3806. 낙성대 교수아파트,202603,195,68
관악구,3807. 관악우체국 교차로,202603,261,221
관악구,3811.신사로입구,202603,1187,1071
관악구,3812. KT관악지점,202603,593,593
관악구,3813. 낙성대역 5번출구,202603,214,201
관악구,3814. 난곡사거리 ,202603,949,998
관악구,3815. 광일빌딩,202603,609,567
관악구,3816. 관악 GSfresh,202603,630,547
관악구,3818. 은천교회 앞,202603,814,861
관악구,3819. 서울대벤처타운역,202603,1933,1997
관악구,3820. 은천삼거리,202603,384,309
광진구,3500. 군자역2번출구,202603,2278,2273
광진구,3501. K&S빌딩 앞,202603,1357,1259
광진구,3502. 중곡역 1번출구,202603,924,945
광진구,3503. 광진유진스웰,202603,241,63
광진구,3504. 원일교회,202603,2402,2053
광진구,3505. 신양초교앞 교차로,202603,662,667
광진구,3506. 영동대교 북단,202603,1298,1292
광진구,3507. 어린이회관,202603,997,689
광진구,3508. 화양사거리,202603,906,792
광진구,3509. 세종사이버대학교,202603,2638,2719
광진구,3510. 중곡SK아파트앞,202603,487,311
광진구,3516. 구의아리수정수센터앞,202603,801,644
광진구,3517. 용마사거리,202603,1388,1514
광진구,3518. 군자역 7번출구뒤,202603,3971,4129
광진구,3521. 현대홈타운 뒷길,202603,308,205
광진구,3523. 건국대학교 과학관(이과대) 앞,202603,691,736
광진구,3528. 광진정보도서관,202603,862,1076
광진구,3529. 어린이대공원정문,202603,823,593
광진구,3533. 건대입구역 사거리(롯데백화점),202603,4825,5532
광진구,3534. 건대입구역 5번출구 뒤,202603,3802,4022
광진구,3536. 중앙농협(자양동),202603,2328,2430
광진구,3537. 아차산 휴먼시아 아파트 옆,202603,588,252
광진구,3542. 래미안 구의파크 스위트,202603,2219,2231
광진구,3543. 세종대학교(학술정보원),202603,636,617
광진구,3563.구의7단지현대아파트,202603,177,193
광진구,3566.우성4차아파트,202603,1547,1397
광진구,3569.건대병원후문,202603,3866,4163
광진구,3570.구의역 리버비스타 오피스텔,202603,2124,2158
광진구,3571.화양 APT(횡단보도 옆),202603,3186,3073
광진구,3573.광나루안전체험관,202603,1273,1117
광진구,3575. 자양사거리(서원빌딩),202603,2949,2932
광진구,3579.광진 캠퍼스시티,202603,1941,1762
광진구,3581.광진광장,202603,2460,2027
광진구,3582.화양동 우체국,202603,1986,1868
광진구,3586.군자역 비채온 오피스텔,202603,1492,1576
광진구,3587.우성식품 앞,202603,802,782
광진구,3588.세종대학교(영실관),202603,562,575
광진구,3853. 어린이대공원역 2번출구,202603,1223,906
광진구,3860. 건국대학교 정문 앞,202603,1552,1151
광진구,3863. 동일로58길 입구,202603,1125,979
광진구,3864. 광진소방서 앞,202603,1795,1242
광진구,3865. 이튼타워리버 2차,202603,1443,1448
광진구,3868. 자양한강도서관,202603,2318,2369
광진구,3873. 동서울우편집중국 앞,202603,958,940
광진구,3878. 장로회신학대학교 주기철 기념관,202603,66,46
광진구,3879. 중랑천 뚝방길 산책로 입구,202603,1050,1105
광진구,3880. 홍련봉 공원,202603,655,394
광진구,3881. 신자초교입구 교차로,202603,2975,2999
광진구,3882. 자양2동 주민센터,202603,1531,1554
광진구,3886.광진구 민방위교육센터,202603,1662,1516
광진구,3890. 웰츠타워 오피스텔,202603,1903,1927
광진구,3894. 노룬산시장 앞,202603,1538,1517
광진구,3899. 아차산역 2번출구,202603,1187,1168
광진구,3900. 건국대학교 신공학관,202603,1388,1901
광진구,500. 어린이대공원역 3번출구 앞,202603,2046,1806
광진구,501. 광진문화예술회관 앞,202603,1892,1750
광진구,502. 자양(뚝섬한강공원)역 1번출구 앞,202603,5430,6145
광진구,505. 자양사거리 광진아크로텔 앞,202603,1736,1546
광진구,515. 광양중학교 앞,202603,549,424
광진구,5151.진넥스베르디엠 앞,202603,1315,1392
광진구,5152.이스트폴 105동 방면 입구,202603,719,441
광진구,5153.한강버스 뚝섬 선착장,202603,5626,5924
광진구,5154.광진구청 앞,202603,1843,1828
광진구,5155.광진경찰서 앞,202603,2050,1989
광진구,516. 광진메디칼 앞,202603,1433,1408
광진구,539. 군자교교차로,202603,1620,1619
광진구,540. 군자역 7번출구 베스트샵 앞,202603,1958,1965
광진구,542. 강변역 4번출구 뒤,202603,1268,1268
광진구,543. 구의공원(테크노마트 앞),202603,2225,2419
광진구,544. 광남중학교,202603,819,852
광진구,546. 잠실대교북단 교차로,202603,1482,1484
광진구,548. 자양나들목,202603,2105,2014
광진구,549. 아차산역 3번출구,202603,1967,1889
광진구,551. 구의삼성쉐르빌 앞,202603,1548,1666
광진구,552. 대림아크로리버 앞,202603,648,652
광진구,553. 중곡 성원아파트 앞,202603,831,900
광진구,555. 구의3동주민센터,202603,403,389
광진구,571. 세종대학교 대양AI센터,202603,1482,1445
광진구,573. 구의문주차장 앞,202603,1962,1929
광진구,574. 아차산역4번출구,202603,1975,1253
광진구,575. 대원중고교 입구(대하빌딩),202603,557,440
광진구,576. 광나루역 3번 출구,202603,1681,1923
광진구,577. 광진청소년수련관,202603,1372,1469
광진구,584. 광진광장 교통섬,202603,2791,2301
광진구,588. 뚝섬 유원지역,202603,1521,1514
광진구,590. 건국대학교 (입학정보관),202603,1760,1819
광진구,591. 건국대학교 (행정관),202603,812,825
광진구,592. 건국대학교 학생회관,202603,2745,3381
광진구,593.자양중앙나들목,202603,1625,1782
구로구,1901. 신도림동주민센터 앞,202603,1668,1638
구로구,1904. 도림천역 1번 출구 앞,202603,1970,1918
구로구,1906. 신도림역 1번 출구 앞,202603,4122,4113
구로구,1907. 구일우성(아) 육교 밑,202603,1259,1281
구로구,1908. 해원리바파크 육교 밑,202603,2609,2547
구로구,1910. 낙원교회 맞은편,202603,379,320
구로구,1911. 구로디지털단지역 앞,202603,4834,4916
구로구,1912. 한신휴아파트 앞,202603,1765,1718
구로구,1914. 대림역4번출구,202603,2319,2340
구로구,1916. 구로중학교앞,202603,635,713
구로구,1920. 서울미래초등학교 사거리,202603,1036,960
구로구,1924. 삼부르네상스파크빌,202603,1040,438
구로구,1925. 동양미래대학교 정문 옆,202603,3846,3805
구로구,1928. 고척스카이돔구장 광장,202603,1072,1041
구로구,1929. 고척근린공원 고척도서관 앞,202603,1098,857
구로구,1930. 개봉지구대 개봉치안센터,202603,579,581
구로구,1931. 개봉역2번출구 A,202603,1023,1482
구로구,1933. 개봉푸르지오아파트 상가,202603,1540,1571
구로구,1936. 개봉역 1번 출구 자전거보관서쪽,202603,586,770
구로구,1937. 한진아파트 입구,202603,818,815
구로구,1941. 오류동역 2번출구,202603,823,1140
구로구,1943. 온수역 북측,202603,272,214
구로구,1946. 구로역 광장,202603,2533,2534
구로구,1951. 천왕이펜하우스 4단지 후문,202603,250,126
구로구,1952. 천왕연지타운2단지 앞,202603,1110,1631
구로구,1953. 천왕역 4번출구 뒤,202603,779,418
구로구,1955. 디지털입구 교차로,202603,1663,1769
구로구,1956. 동아1차APT105동 버스정류장(신도림중학교 방면),202603,1528,1565
구로구,1957. 구일고등학교 정문 ,202603,1756,1755
구로구,1958. 강서수도사업소민원센터,202603,1156,1206
구로구,1959. 구로구의회 앞,202603,1315,1323
구로구,1960. 구로거리공원 동측(신도림역 방면),202603,836,752
구로구,1962. 가리봉동주민센터,202603,1372,1250
구로구,1964. 원메디타운 앞,202603,1837,1878
구로구,1965. 삼환로즈빌아파트 105동 옆,202603,820,799
구로구,1966. 한마을아파트 정문상가,202603,1127,1212
구로구,1967. 참새공원(백곡경노당),202603,399,383
구로구,1969. 궁동생태공원,202603,125,119
구로구,1971. 오정초교 앞 보도육교,202603,102,78
구로구,1973. 오리로와 서해안도로 교차로 앞,202603,434,332
구로구,1974. 신도림2차e편한세상아파트 203동 앞,202603,953,902
구로구,1975. 대림역 1번 출입구 밑,202603,1463,1450
구로구,1976. 남구로역 5번 출입구 앞,202603,623,314
구로구,1977. 천왕역 1번 출입구 앞,202603,1469,1270
구로구,1979. 구로1동우체국 앞,202603,245,213
구로구,1981. 천왕지구삼거리 앞,202603,631,859
구로구,1983. 구로동롯데아파트,202603,940,840
구로구,1985. 구로도서관,202603,2907,2811
구로구,1986. 태평양물산,202603,2143,2398
구로구,1987. 개봉아이파크아파트 앞,202603,1216,1286
구로구,1988. 고척LIGA아파트 앞,202603,1733,1742
구로구,1991. 오류동역 맞은편,202603,1013,1423
구로구,1992. 구로구배드민턴실내체육관 앞,202603,323,326
구로구,1993. 금강수목원아파트 앞,202603,517,508
구로구,1994. 삼성전자 물류센터 앞,202603,1393,1395
구로구,1996. 구일역 1번 출입구 앞,202603,1783,1806
구로구,1998. 고척교 교차로,202603,463,316
구로구,1999. 수궁동 성당 주변,202603,351,329
구로구,2000. 신도림4차 e편한세상 아파트 1109동 앞,202603,1356,1200
구로구,2801. 대륭포스트타워1차,202603,1617,1615
구로구,2804.항동지구 6단지 602동 앞,202603,180,185
구로구,2805.구로자원순환센터 ,202603,90,73
구로구,2806.항동지구 4단지 입구,202603,123,47
구로구,2807.항동지구 1단지 105동 앞,202603,122,133
구로구,2808.항동지구 2단지 202동 앞,202603,123,118
구로구,2809.항동지구 11단지 1103동 앞,202603,93,123
구로구,2810.항동지구 3단지 311동 앞,202603,73,95
구로구,2812.항동프라자,202603,272,364
구로구,2813.항동지구 3단지 302동 앞,202603,71,62
구로구,2814.항동지구 10단지 1001동 앞,202603,138,122
구로구,2815.항동지구 7단지 정문,202603,309,300
구로구,2816.항동지구 8단지 803동옆(주차장입구),202603,63,19
구로구,2817.천왕이펜하우스5단지 앞,202603,192,119
구로구,2818.천왕이펜하우스3단지 앞,202603,299,58
구로구,2819.하늘숲초등학교 앞,202603,684,1178
구로구,2820.신세기아파트 앞,202603,529,551
구로구,2821.청구아파트 앞,202603,1018,970
구로구,2822.제니스스포츠 앞,202603,571,533
구로구,2823.중앙유통단지 앞,202603,838,832
구로구,2824.미래사랑어린이공원 앞,202603,2718,2750
구로구,2825.초롱타운 앞,202603,312,278
구로구,2826.가마산지하보도 옆,202603,490,484
구로구,3902. 항동지구5단지 501동 앞,202603,212,249
구로구,3903. 현대아파트 앞,202603,582,631
구로구,3904. 테크노마트 앞,202603,1929,1923
구로구,3905. 희훈타워빌 앞,202603,1461,1388
구로구,3906. 천왕차량사업소 입구,202603,481,740
구로구,3907. 신도림7차e편한세상아파트 806동 앞,202603,1005,850
구로구,3908. 오류동 다숲오피스텔 앞,202603,850,1064
구로구,3910. 목양전원교회 앞 로터리,202603,216,222
구로구,3911. 항동하버리안2단지아파트 후문,202603,139,156
구로구,3912. 삼호아파트 앞,202603,616,589
구로구,3914. 신도림쌍용플래티넘노블아파트 앞,202603,1737,1648
구로구,3915. 동선아파트 앞,202603,165,185
구로구,3917. 성공회대학교,202603,437,324
구로구,3918. 이좋은집오피스텔 앞,202603,476,666
구로구,3919. 구로역·NC신구로점 버스정류장(구로역 방면),202603,1436,1422
구로구,3920. 개봉역2번출구 B,202603,338,324
구로구,3922. 서울남부교정시설 앞,202603,495,450
구로구,3923. 구로공구상가 앞,202603,246,250
구로구,3924. 오류동 계림웨스트밸리 앞,202603,148,136
구로구,3925. 중앙유통단지 앞 B,202603,909,911
구로구,3927. 구로월드아파트 앞,202603,1358,1559
구로구,3928.고척아이파크아파트 106동 앞,202603,939,1004
구로구,3929. 고척아이파크아파트 205동 앞,202603,1132,1053
구로구,3930. 온수역 2번 출구 앞,202603,478,452
구로구,3931. 천왕역 3번 출구 뒤,202603,1014,568
구로구,3932. 개봉센트레빌레우스아파트 앞,202603,275,213
구로구,3933. 오류동부골든아파트 후문 옆,202603,361,29
구로구,3934. 철도교통관제센터 정문 앞,202603,1821,1816
구로구,3935. 고대구로병원 앞,202603,1034,1024
구로구,3936. 힐스테이트 신도림역,202603,1865,1759
구로구,3937. 개봉역 신영지웰에스테이트,202603,78,62
구로구,3939.신도림역 3번출구,202603,5180,5778
금천구,1804. 독산역 2번출구 자전거주차장,202603,1152,1172
금천구,1805. 서울디지털운동장 앞,202603,896,894
금천구,1806. 에이스하이엔드타워9차 앞,202603,846,838
금천구,1808. 에이스하이엔드타워8차 앞,202603,842,856
금천구,1809. LG전자 별관동(호서대 벤처타워 맞은편),202603,925,963
금천구,1812. 갑을그레이트밸리 앞,202603,475,520
금천구,1814. 두산위브아파트 옆 상가건물 앞,202603,788,776
금천구,1819. 금천구청 앞 자전거거치대,202603,260,259
금천구,1820. 신한은행 시흥대로금융센터지점,202603,232,240
금천구,1821. 홈플러스 시흥점 맞은편 다비치안경 앞,202603,501,607
금천구,1823. W컨템포오피스텔앞,202603,236,111
금천구,1824. 독산근린공원 입구,202603,1426,1424
금천구,1825. 한신아파트 앞 육교 아래,202603,447,495
금천구,1826. 한신코아 앞,202603,271,314
금천구,1827. 독산보도육교 앞 자전거 보관소,202603,1070,1110
금천구,1828. 독산동 한양수자인아파트 앞,202603,672,350
금천구,1829. 홈플러스 금천점 앞,202603,550,652
금천구,1830. 빅마켓 금천점 앞,202603,1192,1258
금천구,1831. 한국전력 구로금천지사 앞,202603,345,355
금천구,1833. 독산역 1번출구 A,202603,655,661
금천구,1834. 월드메르디앙 벤처센터 2차,202603,1175,1202
금천구,1835. STX V타워,202603,495,476
금천구,1836. 금천구립 독산도서관,202603,124,50
금천구,1839. 수출의 다리 아래,202603,565,601
금천구,1840. 솔브레인이엔지 뒤편,202603,429,450
금천구,1841. 가산동 주민센터,202603,1148,1089
금천구,1842. 한울중학교,202603,212,46
금천구,1843. 독산고등학교,202603,358,232
금천구,1846. 롯데캐슬골드파크1차 동문,202603,1053,1074
금천구,1847. 독산주공 14단지 버스정류소,202603,191,206
금천구,1848. 벽산 디지털밸리 5차,202603,961,1071
금천구,1849. 대륭포스트타워5차,202603,432,444
금천구,1850. 코오롱테크노밸리,202603,267,312
금천구,1851. 가산디지털단지 9번출구 인근,202603,1687,1642
금천구,1853. 청년취업사관학교앞,202603,314,301
금천구,1854. 가산아네스트 오피스텔 앞,202603,657,239
금천구,1855. 성지아파트 옆 도로변,202603,125,138
금천구,1856. 모두의학교,202603,455,423
금천구,1857. 주공14단지,202603,154,151
금천구,"1858. 500번,507번 버스 종점 앞",202603,231,248
금천구,1859. 대륭테크노타운 18차,202603,506,490
금천구,1861.IBK기업은행 석수역 지점 앞,202603,126,123
금천구,1862.MD호텔 앞,202603,651,603
금천구,1863.위너스 스포츠클럽 골프연습장옆,202603,267,229
금천구,1864.산호시티빌 옆,202603,316,207
금천구,1865.금천구청앞(M빌딩),202603,328,370
금천구,1866.서울안천초등학교 옆,202603,171,184
금천구,1867.대륭포스트타워6차 앞,202603,3628,4185
금천구,1868.우리은행 시흥남자동화점 앞,202603,282,219
금천구,1869.롯데캐슬골드파크3차 301동 앞,202603,629,636
금천구,1870.독산3동주민센터 앞,202603,556,214
금천구,3956. 대륭테크노타운21차 앞,202603,652,687
금천구,3958. 롯데캐슬2차 마을버스 정류장(18804) 뒤편,202603,354,322
금천구,3959. 시흥사거리(시흥동 994-3 앞),202603,824,997
금천구,3963. 에이스 하드웨어(시흥대로 396) 앞,202603,614,665
금천구,3966. 독산역1번출구 B,202603,1637,1865
금천구,3967. 혜명양로원 담장 옆(2),202603,305,242
금천구,3969. 독산역 롯데캐슬 104동 앞,202603,837,803
금천구,3970. 시흥4동주민센터 앞,202603,147,151
금천구,3971. 순흥안씨묘 건너편,202603,22,16
금천구,3972. 산기슭공원 앞,202603,94,66
금천구,3973. 독산2동주민센터 앞,202603,201,106
금천구,3974.  안천중학교,202603,270,289
금천구,3975.현대시티아울렛 가산,202603,1330,1390
금천구,3980. 금천현대홈타운 후문 서부샛길,202603,745,712
금천구,3983. 금천구청역 1번 출구,202603,1101,1165
금천구,3984. 가산롯데아이티캐슬,202603,1025,1020
금천구,3985. 디폴리스 지식산업센터,202603,772,795
금천구,3986.청년주택 독산동점,202603,476,470
금천구,3987. LG전자가산A와 가산테라타워 사이,202603,713,683
금천구,3988. 엘아르베뉴 102동 앞,202603,753,794
금천구,3989.가산디지털단지역 9번출구 앞,202603,1267,1185
노원구,1601. 석계역 문화광장 내 자전거 보관소,202603,3269,3525
노원구,1602. 광운대역 앞,202603,1283,1291
노원구,1605. 헬스케어,202603,997,1082
노원구,1606. 태릉입구역 3번출구 ,202603,1232,1236
노원구,1608. 공릉역 1번 출구 앞,202603,3112,3322
노원구,1610. 화랑대역 2번출구 앞,202603,1626,1895
노원구,1611. 과기대 입구(우),202603,2421,2525
노원구,1616. 하계2동 공항버스정류장 옆,202603,524,504
노원구,1617. 하계동 중평어린이공원 앞,202603,2230,2419
노원구,1619. 중계동 하나프라자빌딩 앞(중1-1),202603,1612,1605
노원구,1620. 중계구민체육센터,202603,2,2
노원구,1625. 상계역 3번출구,202603,3796,3796
노원구,1627. 수락산역 4번출구,202603,1017,1001
노원구,1628. 노일초등학교 앞,202603,582,504
노원구,1630. 수연빌딩 앞,202603,895,899
노원구,1634. 당고개공원 대여소,202603,337,331
노원구,"1635. 상계3,4동 주민센터 대여소",202603,162,157
노원구,1636. 상계주공2단지 버스정류장 옆,202603,1707,1707
노원구,1637. KT 전화국 버스정류장 옆,202603,2785,2883
노원구,1639. 희성오피앙,202603,684,678
노원구,1640. 한내근린공원 북측,202603,980,994
노원구,1641. 한내근린공원 남측,202603,643,692
노원구,1642. 서울여대 남문,202603,667,469
노원구,1643. 태릉입구역 8번출구,202603,1937,1917
노원구,1646. 삼육대 입구,202603,282,240
노원구,1650. 중계근린공원내,202603,2444,2614
노원구,1651. 상계동 우방유쉘아파트 앞,202603,905,946
노원구,1652. 파르코 앞,202603,334,349
노원구,1653. 노원역1번출구,202603,2575,2577
노원구,1654. 당고개입구 오거리,202603,388,378
노원구,1655. 공릉1단지아파트,202603,2269,2294
노원구,1656. 중앙하이츠 아파트 입구,202603,1974,1961
노원구,1657. 노원구청 ,202603,2081,2101
노원구,1659. 중계동 을지중학교,202603,694,625
노원구,1660. 서울시립과학관,202603,427,308
노원구,1661. 당현천근린공원,202603,1478,1458
노원구,1662. 노원역7번출구,202603,2136,2244
노원구,1663. 동해문화예술관앞,202603,2160,2197
노원구,1664. 노해근린공원내,202603,1084,1040
노원구,1665. 양지근린공원앞,202603,1070,809
노원구,1666. 노원소방서인근,202603,549,436
노원구,1667. 중계중학교,202603,1474,1363
노원구,1668. 중계역 6번출구,202603,2467,2647
노원구,1669. 중계역 3번출구,202603,2165,2205
노원구,1670. 노원경찰서교차로,202603,1129,1078
노원구,1671. 인덕대학교,202603,710,785
노원구,1672. 상계동수락리버시티,202603,475,489
노원구,1674. 서울북부고용센터앞,202603,2497,2543
노원구,1675. 월계문화체육센터,202603,229,157
노원구,1677. 육군사관학교  앞,202603,1182,1297
노원구,1679. 삼육대 도서관,202603,341,239
노원구,1680. 삼육대 제3과학관,202603,96,28
노원구,1681. 현대6차 아파트,202603,1231,864
노원구,1682. 중계종합사회복지관 교차로,202603,531,526
노원구,1683. 노원문화예술회관,202603,1468,1475
노원구,1684. 태릉입구역 5번출구,202603,2905,3026
노원구,1685. 불암고등학교 앞 횡단보도,202603,854,872
노원구,1686. 상계주공10단지 종합상가 앞,202603,1520,1516
노원구,1688. 마들역 7번출구,202603,1959,1961
노원구,1689. 마들역 3번출구,202603,1313,1310
노원구,1690. 도봉운전면허시험장 버스정류장 옆,202603,906,905
노원구,1691. 노원정보도서관,202603,1390,1375
노원구,1692. 온곡초교 교차로,202603,1126,920
노원구,1693. 원자력 병원,202603,388,174
노원구,1696.수락리버시티4단지,202603,453,464
노원구,1697.상계주공2단지 219동,202603,1490,1476
노원구,2901.공릉동풍림아파트 101동,202603,1197,1236
노원구,2902.공릉풍림아파트 108동,202603,1090,1111
노원구,2903.월계초안아파트 1단지,202603,427,426
노원구,2904.중계3차청구아파트,202603,1141,1116
노원구,2907. 월계중학교,202603,256,72
노원구,2908. 광운대학교 중앙도서관,202603,1375,1352
노원구,2909. 석계역 3번 출구,202603,1211,1230
노원구,2910.도깨비시장,202603,1304,1369
노원구,2911.상계역중앙시장,202603,1111,1118
노원구,2912.대진고등학교,202603,736,567
노원구,2913.상계8동 주민센터,202603,1309,1324
노원구,2914.서울과학기술대학교(미래관),202603,914,1081
노원구,2915.서울과학기술대학교(어학교육원),202603,1870,1474
노원구,2917.신창중학교 후문 맞은편 버스정류장,202603,822,943
노원구,2919.등나무 근린공원(시립북서울미술관 앞) ,202603,2812,2872
노원구,2920.상계중학교(당현2교사거리),202603,787,776
노원구,2921.중계역 2번출구,202603,1950,2264
노원구,4002. 상계주공 14단지 상가 앞,202603,752,740
노원구,4004. 당고개입구오거리 당현천변,202603,1104,1100
노원구,4005. 중계2차 한화꿈에그린 101동 인근,202603,878,787
노원구,4007. 노원 을지대학교 병원,202603,1393,1492
노원구,4008. 하계 어린이 공원,202603,745,660
노원구,4009. 월계프라자,202603,470,125
노원구,4011. 월계 센트럴 아이파크,202603,942,1215
노원구,4013. 중계 롯데마트,202603,1813,1771
노원구,4014. 불암산역 3번 출구,202603,489,486
노원구,4016. 노원 마들스타디움,202603,907,922
노원구,4017. 월계 청백1단지 아파트 정류장,202603,346,146
노원구,4018. 상계주공15단지 버스정류소,202603,781,791
노원구,4019. 상계주공10단지 버스정류소,202603,1051,1024
노원구,4020. 중계동 성모빌딩 앞 ,202603,1247,1242
노원구,4021. 중계본동 입구,202603,160,67
노원구,4023. 월계역 1번 출구,202603,978,1084
노원구,4024. 꿈의숲 SK뷰 아파트,202603,1285,1190
노원구,4025. 한천교 동편,202603,907,1004
노원구,4026. 상계주공1단지아파트,202603,1968,1926
노원구,4027. 한내 행복발전소 옆,202603,1964,2022
노원구,4028. 한일유앤아이아파트 105동 인근,202603,880,798
노원구,4029. 청소년수련관 후문,202603,3092,3135
노원구,4031. 청암예술학교 앞,202603,1341,1319
노원구,4032. 불암주유소 앞,202603,1231,1222
노원구,4033. 녹천역 4번 출구 옆,202603,365,384
노원구,4035. 휴플러스 수락한신아파트 101동 앞,202603,525,429
노원구,4036. 하계역 6번출구,202603,1534,1705
노원구,4037. 물넘이교,202603,2167,2145
노원구,4039. 서울시 북부여성발전센터,202603,749,731
노원구,4040. 공릉로 26길,202603,604,669
노원구,4041. 공릉역3번출구,202603,1790,1853
노원구,4042. 상계문화정보도서관,202603,903,943
노원구,4043. 상계주공13단지 1301동,202603,260,156
노원구,4044. 공릉산 백세문 입구,202603,108,70
노원구,5301. 상계주공1단지 버스정류장 옆(대원빌딩 앞),202603,1852,1831
노원구,5305. 대륜E&S 서울지사 앞,202603,499,491
노원구,5308. 상계신동아아파트,202603,66,52
노원구,5309. 월계 롯데캐슬아파트 뒤,202603,976,1054
노원구,5310. 목련아파트,202603,695,664
노원구,5311. 주공601동 상가 노원지하보도 앞,202603,2227,2233
노원구,5313. 중계주공2단지 앞,202603,607,611
노원구,5314. 월계1동주민센터 앞,202603,772,822
노원구,5315. 불암산역 앞,202603,241,241
노원구,5317. 공릉동 신도1차 아파트 뒤,202603,975,1049
노원구,5318. 극동의 푸른별 아파트 뒤(중계4동주민센터 앞),202603,636,588
노원구,5319. 연해피빌 앞,202603,1097,1144
노원구,5320. 국제 스케이트장,202603,112,64
노원구,5321.불암아파트 앞,202603,470,474
노원구,5322.노원성당 앞,202603,508,553
노원구,5323. 하계역 4번출구 앞,202603,963,958
노원구,5325.상계주공7단지 아파트 앞,202603,927,821
노원구,5326. 대진고교앞 교차로,202603,1175,1153
노원구,5327. 태릉선수촌 앞,202603,69,44
노원구,5328.롯데캐슬시그니처아파트 앞,202603,694,556
노원구,5329. 상계주공15단지 1509동 앞,202603,739,707
노원구,5330. 구립수락노인종합복지관,202603,781,805
노원구,5331. 공릉동 풍림아파트 112동 앞,202603,185,176
노원구,5332. 마들역 4번출구,202603,886,899
노원구,5333. 노원역9번-10번 출구 앞,202603,2325,2486
노원구,5334. 화랑대역 3번출구,202603,196,198
노원구,5335. 하계역 1번 출구,202603,747,729
노원구,5336. 월계 고등학교 앞,202603,279,201
노원구,5337. 태강릉 앞,202603,81,61
노원구,5338. 상계초교 입구 교차로,202603,942,933
노원구,5339. 은빛1단지 아파트 앞,202603,143,136
노원구,5341.공릉동효성아파트 앞,202603,810,746
노원구,5342. 상계공원 입구,202603,658,714
도봉구,1702. 녹천역 1번출구 앞,202603,536,639
도봉구,1703. 도봉산광역환승센터앞 ,202603,277,216
도봉구,1705. 도봉구청 정문앞,202603,1144,1157
도봉구,1706. 방학동우체국 건너편,202603,879,893
도봉구,1707. 도봉구민회관,202603,1011,897
도봉구,1708. 도봉보건소사거리,202603,1201,1190
도봉구,1709. 쌍문역4번출구 주변,202603,836,814
도봉구,1713. 쌍문동 이안아파트 앞,202603,572,161
도봉구,1714. 도봉문화정보도서관 삼거리,202603,413,120
도봉구,1715. 서울특별시교육청도봉도서관,202603,537,474
도봉구,1716. 창동역 1번출구 건너편,202603,2332,2508
도봉구,1719. 신도봉사거리 버스정류장,202603,734,774
도봉구,1720. 도봉구청 옆(중랑천변),202603,1622,1619
도봉구,1722. 창동청소년수련관,202603,773,705
도봉구,1723. 방학동학마을도서관,202603,208,184
도봉구,1725. 창1동주민센터,202603,319,355
도봉구,1726. 삼익세라믹아파트교차로,202603,967,973
도봉구,1727. 서울도봉초등학교인근,202603,688,604
도봉구,1728. 서울북부지방법원,202603,323,290
도봉구,1729. 도봉한신아파트 버스정류장,202603,851,885
도봉구,1730. 도봉산역 교차로 앞,202603,122,152
도봉구,1731. 도봉고등학교 맞은편,202603,181,85
도봉구,1732. 방학역사거리,202603,556,581
도봉구,1733. 방학사거리 (봄마당 앞),202603,445,444
도봉구,1734. 쌍문현대1차아파트 108동 앞,202603,781,577
도봉구,"1735. 도봉역 1,2번 출구사이 건너편",202603,676,705
도봉구,1736. 버스정류장 앞,202603,388,378
도봉구,1737. 신창시장,202603,1467,1597
도봉구,1738. 창동주공17단지 상가앞,202603,1113,1162
도봉구,1741. 제일강산수산입구,202603,823,661
도봉구,1742. 북한산 코오롱 하늘채,202603,1301,1326
도봉구,1743.창동19단지아파트 관리사무소앞,202603,747,737
도봉구,1744.도봉소방서 옆,202603,1520,1591
도봉구,1749. ESA아파트 상가 앞,202603,917,941
도봉구,1750. 창포원 남쪽 입구,202603,698,733
도봉구,1751. 창원초등학교 교차로,202603,514,509
도봉구,1752. 창동 주공 4단지 입구 옆,202603,477,530
도봉구,1754. 창동시장입구 사거리,202603,643,628
도봉구,1756.서울북부광역등기국,202603,249,283
도봉구,1757.솔밭공원역 1번출구 앞,202603,307,307
도봉구,1758.솔밭공원역 1번출구 주변,202603,384,327
도봉구,1759.서울북부지방법원 앞,202603,433,418
도봉구,1761.방학중학교 앞,202603,256,170
도봉구,1762.북한산 한신휴플러스APT앞,202603,1415,1171
도봉구,1765.쌍문역 1번출구 주변,202603,827,812
도봉구,1767.방학초등학교 앞,202603,1000,1278
도봉구,1768.신동아타워 버스정류소,202603,559,596
도봉구,1770.도봉한신아파트 주변,202603,959,946
도봉구,1771.성원APT버스정류소,202603,860,458
도봉구,1772.시립도봉노인복지관 버스정류소,202603,457,450
도봉구,1774.정의여중고 버스정류소,202603,412,416
도봉구,1775.신원리베르텔 앞,202603,814,822
도봉구,4054. 창동한신아파트 버스정류소,202603,591,351
도봉구,4058. 다락원체육공원 전망대 입구,202603,448,428
도봉구,4062. 평화도봉공원 주변,202603,700,735
도봉구,4064. 신창아파트 입구 앞,202603,378,353
도봉구,4073.방아골종합사회복지관,202603,575,521
도봉구,4074. 도봉구육아종합지원센터(창동),202603,811,1018
도봉구,4076. 도봉통합복지센터 뒤 중랑천 변,202603,1064,1118
도봉구,4077. 도봉제1교,202603,717,775
도봉구,4078. 원당공원 앞,202603,862,895
도봉구,4080. 창동주공19단지앞 ,202603,1260,1245
도봉구,4083.도봉아이나라도서관 앞,202603,786,919
도봉구,4084. 도봉동실내스포츠센터,202603,800,758
도봉구,4086. 도봉로 534,202603,295,199
도봉구,4087. 우이교 교차로,202603,1322,1384
도봉구,4088. 김근태도서관,202603,192,162
도봉구,4089. 동부센트레빌 앞,202603,1071,1173
도봉구,4090. 녹천교 앞 사거리,202603,880,878
도봉구,4091. 방학역2번출구,202603,1372,1517
도봉구,4092. 도봉경찰서 교차로,202603,1148,1151
도봉구,4094.도봉여성센터,202603,426,423
도봉구,4095. 방학브라운스톤아파트,202603,550,574
도봉구,4096.창동역2번출구 하나은행365 앞,202603,2188,3139
도봉구,4097.숭미파출소 사거리,202603,502,512
동대문구,4102. 휘경1동주민센터 앞,202603,962,963
동대문구,4103. 휘경sk뷰아파트 앞,202603,240,200
동대문구,4104. 외대앞역 교차로,202603,634,617
동대문구,4105. 서울교통공사사거리 교통섬,202603,728,671
동대문구,4107. 장안동근린공원 입구,202603,452,562
동대문구,4108. 답십리파크자이아파트 앞,202603,2598,2623
동대문구,4110. 용두롯데캐슬리치아파트 앞,202603,815,680
동대문구,4113. 한국국방연구원 앞,202603,1000,1065
동대문구,4114. 휘경여중고삼거리,202603,976,1061
동대문구,4116. 이문e편한세상아파트 앞,202603,651,722
동대문구,4117. 휘경119안전센터 앞,202603,727,703
동대문구,4121. 서울문화재단 앞,202603,1112,1092
동대문구,4122. 청계9가교차로 앞,202603,2069,2235
동대문구,4123. 배봉초교 교차로,202603,626,714
동대문구,4128.  종암초등학교 뒤(새울센스빌),202603,494,466
동대문구,4131. 베네스트 오피스텔 앞,202603,1492,1459
동대문구,4132. 이문삼익아파트 앞,202603,225,200
동대문구,4133.래미안허브리츠아파트 앞,202603,702,627
동대문구,4134. 제기동 현대아파트 앞,202603,458,429
동대문구,4135. 삼성생명 앞,202603,2422,2666
동대문구,4136. 롯데캐슬SKY-L65 D동 앞,202603,1348,1484
동대문구,4137. 답십리역 4번출구,202603,3638,4189
동대문구,4138. 조일빌딩 앞,202603,683,703
동대문구,4139. 답십리 사거리,202603,838,877
동대문구,4140. 신설동역 4번출구,202603,1204,1327
동대문구,4141. 우리은행장안지점 앞,202603,1551,1650
동대문구,4142. 현대썬앤빌 앞,202603,1897,2104
동대문구,4143.서울동물복지지원센터 동대문,202603,1061,1300
동대문구,4144.시립대학교 박물관 앞,202603,442,276
동대문구,4145.청량리동 주민센터,202603,828,857
동대문구,4146.이삭어린이공원,202603,991,821
동대문구,4147.청량리역광장,202603,1136,1133
동대문구,600. 휘경2동 주민센터,202603,218,206
동대문구,602. 장안동 사거리,202603,2709,3016
동대문구,605. 신설동역8번출구,202603,1018,1101
동대문구,606. 서울반도체고 앞,202603,307,325
동대문구,607. 신이문역 2번출구,202603,622,597
동대문구,608. 전농삼성아파트,202603,235,210
동대문구,609. 제기2교,202603,996,993
동대문구,610. 동대문중 교차로,202603,986,855
동대문구,612. 시립동부병원 앞 사거리,202603,1879,1891
동대문구,613. 신설동역 10번출구 앞,202603,1430,1438
동대문구,614. 용두동 사거리,202603,2101,2108
동대문구,615. 용두동 래미안허브리츠아파트 앞,202603,1815,1974
동대문구,616. 서울시립대 정문 앞 A,202603,296,107
동대문구,617. 청솔우성아파트 앞,202603,667,716
동대문구,621. 전농초등학교 건너편,202603,508,417
동대문구,622. 전농사거리 교통섬,202603,856,1065
동대문구,623. 서울시립대 정문 앞 B,202603,1338,852
동대문구,624. 전농동 동아아파트 앞,202603,1462,1577
동대문구,626. 군자교 서측 녹지대,202603,1679,1596
동대문구,627. 장안동삼거리 교통섬,202603,914,955
동대문구,628. 휘봉고등학교 앞,202603,629,686
동대문구,630. 동대문구 보건소,202603,2019,2010
동대문구,631. 답십리역 1번출구,202603,2807,3354
동대문구,633. 청량리 기업은행 앞,202603,1306,1427
동대문구,634. 외국어대 정문 앞,202603,1690,1697
동대문구,635. 시조사 앞,202603,1068,1063
동대문구,636. 세종대왕기념관 교차로,202603,396,393
동대문구,637. KAIST 경영대학 앞,202603,940,709
동대문구,638. 서울시립대 정보기술관,202603,511,478
동대문구,639. 서울시립대 후문,202603,607,484
동대문구,640. 동대문경찰서 교차로,202603,698,925
동대문구,641. 용두역 4번출구,202603,1342,1384
동대문구,642. 신답역 사거리,202603,1691,1617
동대문구,643. 동대문구민체육센터 (육교아래),202603,1721,1932
동대문구,648. 장안동위더스빌옆,202603,2368,2414
동대문구,650. 중랑교사거리,202603,1159,1053
동대문구,652. 답십리 래미안엘파인아파트 입구,202603,542,543
동대문구,654. 전농동 텃골공원,202603,503,322
동대문구,656. 영휘원 교차로,202603,822,917
동대문구,657. 동대문롯데캐슬아파트 앞,202603,1287,1390
동대문구,661. 경희대학교 청운관,202603,892,895
동대문구,663. 외대앞역 3번출구,202603,2042,2191
동대문구,664. 서울시립대 건설공학관,202603,435,328
동대문구,665.이문동 쌍용아파트 정문,202603,682,733
동대문구,666.이문대성유니드아파트 앞,202603,593,551
동대문구,667.청량차도 육교 밑,202603,427,248
동대문구,669.청계한신휴플러스앞 삼거리,202603,1215,1174
동대문구,670.삼육서울병원 버스정류장,202603,2396,2631
동대문구,671.대광빌딩,202603,407,359
동대문구,672.대광고등학교,202603,914,910
동대문구,673.안암골벽산아파트(후문),202603,877,743
동대문구,674.고대앞사거리 교통섬,202603,962,1000
동대문구,676.FITI시험연구원 앞,202603,666,624
동대문구,678.장안힐스테이트(아) 앞,202603,1366,1564
동대문구,679.전농SK아파트 앞,202603,308,302
동대문구,680.꿈마루어린이도서관 앞,202603,1162,1129
동대문구,681.서울특별시 동부교육지원청(육교),202603,123,108
동작구,2002. 노들역 1번출구,202603,2162,2590
동작구,2003. 사육신공원앞,202603,804,834
동작구,2008. 노량진근린공원 대방공원,202603,430,242
동작구,2009. 보라매역 8번출구,202603,574,655
동작구,2012. 대림사거리(동작상떼빌아파트),202603,661,704
동작구,2013. 장승배기역 5번출구,202603,957,739
동작구,2015. 신대방삼거리역 6번출구쪽,202603,1597,1630
동작구,2016. 신대방삼거리역 3번출구쪽,202603,729,805
동작구,2020. 장승배기역2번출구뒷편쪽,202603,528,522
동작구,2024. 상도역 1번출구,202603,297,324
동작구,2025. 흑석역 1번출구,202603,1839,2063
동작구,2026. 흑석역 4번출구,202603,450,421
동작구,2027. 중앙대학교 정문 1,202603,360,552
동작구,2032. 이수역 11번출구쪽,202603,1360,1891
동작구,2033. 사당동 아르테스 웨딩앞,202603,739,748
동작구,2034. 사당역 7번출구쪽,202603,527,544
동작구,2036. 정금마을 마을버스정류장,202603,513,581
동작구,2037. 동작역 5번출구 동작주차공원,202603,3,3
동작구,2038. 동작역 7번출구,202603,656,648
동작구,2040. 비계 버스정류소,202603,143,101
동작구,2041. 사당중학교 버스정류소,202603,152,141
동작구,2048. 삼일초등학교 인근,202603,487,217
동작구,2050. 노량진역 5번출구,202603,1448,1934
동작구,2054. 삼익아파트,202603,995,904
동작구,2056. 동작구민 체육센터,202603,1150,981
동작구,2057. 상도 아이파크 아파트,202603,310,123
동작구,2058. 동작경찰서,202603,1102,1444
동작구,2059. 보라매공원 정문,202603,1106,1153
동작구,2060. 남성역3번출구 뒤,202603,1067,1197
동작구,2062. 사당새마을금고,202603,278,256
동작구,2064. 흑석한강푸르지오 106동앞,202603,49,31
동작구,2065. 서울시여성가족재단,202603,252,253
동작구,2066. 양문교회 앞,202603,1008,1115
동작구,2067. 보라매역․동작세무서 버스정류장(강남중학교방면),202603,1217,1281
동작구,2068. 총신대 앞(육교),202603,167,49
동작구,2069. 숭실대 입구역3번 출구 앞,202603,496,360
동작구,2070. 노량진역 2번 출구 앞,202603,851,1089
동작구,2071. 대림아파트 후문 상가 옆,202603,585,92
동작구,2077.노들역 3번출구,202603,946,952
동작구,2078.흑석 아크로리버하임(103동),202603,143,35
동작구,2079.중앙대학교 중앙광장,202603,168,152
동작구,2080. 대방지하보도(대방동경남아너스빌아파트),202603,897,921
동작구,2082.7호선 이수역7번출구,202603,658,657
동작구,2083.흑석롯데캐슬에듀포레(107동),202603,364,343
동작구,2084.e편한세상 상도노빌리티 앞,202603,546,404
동작구,2085.강남중학교 앞,202603,795,713
동작구,2086.삼일수영장 앞,202603,873,599
동작구,2088.상도중앙하이츠빌 입구,202603,279,220
동작구,2089.사당역10번출구(금강빌딩),202603,630,791
동작구,2090.기아자동차 사당점 앞,202603,709,773
동작구,2091. 이수역9번출구,202603,711,870
동작구,2092.흑석한강푸르지오(110동),202603,256,45
동작구,2093.상도SH빌아파트 입구,202603,193,36
동작구,2094.숭실대학교(중문) ,202603,329,46
동작구,2095.경문고등학교 앞,202603,629,632
동작구,2096.서울특별시 동작관악교육지원청,202603,63,41
동작구,237. 보라매 두산위브 건너편,202603,1443,1494
동작구,4152. 상도효성해링턴플레이스,202603,356,251
동작구,4153. 흑석동효사정앞,202603,312,170
동작구,4158. 노량진근린공원,202603,114,45
동작구,4162. 노량진1동 청소년독서실,202603,216,66
동작구,4167. 구로교 아래,202603,815,604
동작구,4169. 신대방삼거리,202603,925,923
동작구,4173. 중대후문 마을버스정류장,202603,499,417
동작구,4175. 대방역2번출구,202603,594,656
동작구,4177. 롯데캐슬 101동 앞,202603,217,117
동작구,4178. 이수성결교회 옆,202603,94,94
동작구,4179. 보라매병원역 1번출구,202603,1793,1856
동작구,4180. 흑석동주민센터 입구,202603,175,240
동작구,4181. 보라매공원역 2번출구,202603,908,853
동작구,4182.보라매병원역 2번출구,202603,1735,1770
마포구,102. 망원역 1번출구 앞,202603,2559,2831
마포구,103. 망원역 2번출구 앞,202603,1745,2186
마포구,104. 합정역 1번출구 앞,202603,1350,1044
마포구,105. 합정역 5번출구 앞,202603,842,541
마포구,106. 합정역 7번출구 앞,202603,1901,1820
마포구,107. 수협 연남동지점,202603,983,1170
마포구,108. 서교동 사거리,202603,1013,1099
마포구,111. 상수역 2번출구 앞,202603,1406,1408
마포구,113. 홍대입구역 2번출구 앞,202603,4304,5508
마포구,114. 홍대입구역 8번출구 앞,202603,1203,1358
마포구,118. 광흥창역 2번출구 앞,202603,506,531
마포구,119. 서강나루 공원,202603,1333,1507
마포구,120. 신수동 사거리,202603,466,452
마포구,121. 마포소방서 앞,202603,633,677
마포구,122. 신성기사식당 앞,202603,695,699
마포구,124. 서강대 정문 건너편,202603,1126,948
마포구,126. 서강대 후문 옆,202603,679,675
마포구,127. 현대벤처빌 앞,202603,214,150
마포구,129. 신촌역(2호선) 6번출구 옆,202603,530,585
마포구,130. 신촌역(2호선) 7번출구 앞,202603,1499,1515
마포구,142. 아현역 4번출구 앞,202603,576,582
마포구,143. 공덕역 2번출구,202603,923,1196
마포구,145. 공덕역 5번출구,202603,1019,1675
마포구,146. 마포역 2번출구 뒤,202603,1768,1865
마포구,147. 마포역 4번출구 뒤,202603,2452,3014
마포구,148. 용강동 주민센터 앞,202603,921,975
마포구,150. 서강대역 2번출구 앞,202603,926,977
마포구,153. 성산2교 사거리,202603,1606,1736
마포구,154. 마포구청역 ,202603,1934,2482
마포구,155. 가좌역1 번출구 앞,202603,1284,1165
마포구,156. 서울서부지방법원 앞,202603,715,957
마포구,157. 애오개역 4번출구 앞,202603,1170,1346
마포구,181. 망원초록길 입구,202603,891,867
마포구,182. 망원2빗물펌프장 앞,202603,742,717
마포구,183. 하늘채코오롱아파트 건너편,202603,2148,1958
마포구,184.망원우체국사거리 인근,202603,1825,2158
마포구,185. 마포 신수공원 앞,202603,928,693
마포구,186. 월드컵공원,202603,2246,2257
마포구,199. 서울 월드컵 경기장,202603,672,470
마포구,3002.벽산상암스마트큐브 ,202603,1777,1742
마포구,3003.래미안신공덕3차아파트,202603,160,54
마포구,3005.마포구청 청사내,202603,213,210
마포구,3006. 상암월드컵파크5단지(상암중학교),202603,447,432
마포구,3007.MBC 앞,202603,580,578
마포구,3008.DMC역7번출구,202603,717,474
마포구,3009. 홍대입구역 사거리,202603,1247,1348
마포구,3010.홍대입구역 3번출구,202603,2546,2614
마포구,400. 상암한화오벨리스크 1차 앞,202603,869,931
마포구,401. 상암월드컵파크 10단지 앞,202603,764,783
마포구,402. 상암월드컵파크 9단지 앞,202603,517,483
마포구,403. 부엉이공원 앞,202603,977,370
마포구,405. DMC빌 앞,202603,433,404
마포구,406. 상암월드컵파크 7단지 앞,202603,447,469
마포구,407. 마포구 육아종합지원센터,202603,957,1052
마포구,408. LG CNS앞,202603,665,637
마포구,409. 누리꿈스퀘어 옆,202603,1821,1819
마포구,410. 상암중학교 옆,202603,184,110
마포구,411. DMC홍보관,202603,1145,1176
마포구,412. DMC산학협력연구센터 앞,202603,1192,1166
마포구,413. 상암월드컵파크 3단지 후문,202603,507,456
마포구,414. 상암동주민센터 옆,202603,1478,1658
마포구,415. DMC역 9번출구 앞,202603,2433,2302
마포구,416. 상암월드컵파크 1단지 교차로,202603,589,273
마포구,417. DMC역 2번출구 옆,202603,1330,1346
마포구,418. 월드컵경기장역 3번출구 옆,202603,542,500
마포구,419. 홈플러스 마포점 앞,202603,3016,2823
마포구,420. 서울시 공공자전거 상암센터,202603,901,775
마포구,4202. 프런트원(공덕역4번출구 앞),202603,596,742
마포구,4206. 광흥창역5번출구,202603,472,463
마포구,4207. 아만티호텔 앞,202603,1069,1230
마포구,4208. 스타벅스(동교동) 앞,202603,791,932
마포구,421. 마포구청 앞,202603,1843,1802
마포구,4210. 가좌행복주택 앞,202603,1029,983
마포구,4211. 시석빌딩 앞,202603,813,830
마포구,4212. 한화오벨리스크 앞,202603,691,647
마포구,4213. 마포구중앙도서관 정문 앞,202603,2389,2258
마포구,4214. JTBC 앞,202603,1033,1049
마포구,4216. 망원정 앞,202603,613,678
마포구,4217. 한강공원 망원나들목,202603,3448,3859
마포구,4218. 디지털매직스페이스,202603,1579,1657
마포구,422. 문화비축기지,202603,230,208
마포구,4220. 신촌 청년주택,202603,1235,1296
마포구,4221. 솔리스타오피스텔(공덕동주민센터),202603,623,80
마포구,4222. 서울디자인고등학교 앞,202603,981,1155
마포구,4224. 서부운전면허시험장,202603,631,701
마포구,4226. 마포프레스티지자이 1,202603,841,792
마포구,4233. 코오롱아파트사거리,202603,2610,2889
마포구,4234. 에스테반,202603,468,159
마포구,4238. 상암한샘빌딩앞,202603,1097,1025
마포구,424. 롯데하이마트 (상암월드컵점) ,202603,221,222
마포구,4240. 아현문화건강센터,202603,342,41
마포구,4244. 당인리발전소 공원 앞,202603,1470,1516
마포구,4246. 상수역새마을금고,202603,702,670
마포구,4247. 서울서부지방법원등기국앞,202603,283,300
마포구,4248. 신촌 교보빌딩,202603,269,223
마포구,425. DMC첨단산업센터,202603,378,346
마포구,426. 서울신용보증재단,202603,1071,1181
마포구,427. 성산시영아파트,202603,1113,1183
마포구,432. 마포중앙도서관,202603,190,59
마포구,436. 이대역 5번출구,202603,787,164
마포구,437. 대흥역 1번출구,202603,853,975
마포구,438. 성산2-1 공영주차장,202603,1372,1162
마포구,440. 하늘공원 입구,202603,615,536
마포구,488.푸르메병원,202603,1185,1213
마포구,489.구룡근린공원,202603,402,276
마포구,490.가온문화공원,202603,1315,1234
마포구,491.월드컵파크 4단지,202603,394,339
마포구,493.홍대입구역 6번출구,202603,1166,1160
마포구,494.신수동주민센터,202603,400,382
마포구,495.염리초등학교 앞,202603,854,950
마포구,497.합정동주민센터 앞,202603,1997,1531
마포구,498.연남동주민센터 앞,202603,1681,1859
마포구,5503. 마포아트센터 앞,202603,1338,1362
마포구,5504.아현교회,202603,288,72
마포구,5506. 월드컵참누리아파트,202603,726,706
마포구,5507. 아현래미안푸르지오아파트 104동 앞,202603,353,72
마포구,5508. 성산유수지공원,202603,909,995
마포구,5509.신석초교 앞,202603,1030,1160
마포구,5513. 마포음식문화거리,202603,859,1007
마포구,5514.공덕역 1번출구,202603,1299,1554
마포구,5515.한강버스 망원 선착장,202603,8888,8789
서대문구,115. 마스타 빌딩 앞,202603,759,586
서대문구,117. 홍은사거리,202603,2320,2318
서대문구,123. 문화촌 공원,202603,1341,1349
서대문구,128. 신촌역(2호선) 1번출구 옆,202603,748,823
서대문구,131. 증산2교,202603,1535,1682
서대문구,133. 해담는다리,202603,1653,1979
서대문구,134. 연세로 명물길,202603,491,556
서대문구,135. 명물길 원형무대 앞,202603,499,480
서대문구,137. 신촌기차역입구 교차로,202603,435,235
서대문구,138. 신촌동 제1공영주차장 앞,202603,462,476
서대문구,139. 연세대 정문 건너편,202603,292,212
서대문구,140. 이화여대 후문,202603,552,531
서대문구,141. 연대 대운동장 옆,202603,385,307
서대문구,159. 이대역 4번 출구,202603,351,173
서대문구,160. 북아현동 가구거리,202603,535,358
서대문구,161. 무악재역1번 출구,202603,158,165
서대문구,162. 봉원고가차도 밑,202603,646,221
서대문구,163. 명지전문대학교 정문 앞,202603,548,484
서대문구,164. 북가좌1동 주민센터 ,202603,415,283
서대문구,165. 중앙근린공원,202603,1075,871
서대문구,166. 가재울 초등학교,202603,1362,1342
서대문구,167. 연가초등학교 옆,202603,539,73
서대문구,169. 북가좌 삼거리,202603,439,354
서대문구,170. DMC파크뷰자이아파트 302동 앞,202603,698,721
서대문구,171. 임광빌딩 앞,202603,456,456
서대문구,173. 서대문역 8번출구 앞,202603,273,278
서대문구,175. 홍연2교옆,202603,884,862
서대문구,176. 명지대학교 도서관,202603,1497,1482
서대문구,177. 북가좌 초등학교,202603,569,633
서대문구,178. 증산3교 앞,202603,1300,1313
서대문구,179. 가좌역 4번출구 앞,202603,1580,1733
서대문구,180. 충정로역 7번출구 아래,202603,601,405
서대문구,188. 홍은동 정원여중 입구,202603,551,550
서대문구,191. 서우빌딩,202603,681,876
서대문구,192. 연서어린이공원,202603,437,409
서대문구,194. 증산교 앞,202603,1281,1361
서대문구,195. 모래내고가차도 ,202603,763,646
서대문구,196. 연희교차로 인근,202603,193,139
서대문구,198. 충정2교,202603,351,334
서대문구,3100. 북성초교,202603,190,174
서대문구,3101. 서대문구청,202603,388,244
서대문구,3102. 연희삼거리,202603,841,792
서대문구,3103. 홍제삼거리 북측,202603,634,624
서대문구,3104. e편한세상 신촌4단지 앞,202603,593,618
서대문구,3105. 홍은센트레빌 아파트 앞,202603,368,124
서대문구,3109.북한산더샾 106동 앞,202603,234,225
서대문구,3110.홍은 현대아이파크 아파트 202동 앞,202603,484,485
서대문구,3111.무악재역 4번 출구,202603,219,217
서대문구,3113. 독립문 앞,202603,603,530
서대문구,3114.충정로역 3번 출구,202603,318,264
서대문구,3115.북아현 치안센터 인근,202603,663,549
서대문구,3116.신촌역 4번출구,202603,560,549
서대문구,3117.이화여대 인문관 인근,202603,225,198
서대문구,3119.연희 브라운스톤 아파트 앞,202603,1139,1116
서대문구,3120.DMC엘가아파트 앞,202603,1024,979
서대문구,3121.가좌삼거리,202603,1095,1073
서대문구,3122.북가좌삼거리2,202603,593,569
서대문구,3123.DMC파크뷰자이1단지 110동 앞,202603,724,717
서대문구,3125.연희파크푸르지오아파트 앞,202603,1032,1042
서대문구,3127.홍은2파출소 옆,202603,582,587
서대문구,3128.동신병원 맞은편,202603,1116,1109
서대문구,3129.DMC래미안e편한세상203동옆,202603,691,670
서대문구,3130.가재울사거리,202603,670,425
서대문구,3131.연가교 교차로,202603,999,900
서대문구,3132.홍제교,202603,449,448
서대문구,3134.SK리쳄블(서울아리수본부),202603,255,216
서대문구,4253. 홍은도담도서관,202603,508,499
서대문구,4255. 래미안 루센티아 아파트 108동 앞,202603,938,600
서대문구,4264. 홍남교 버스정류장,202603,471,477
서대문구,4266.국민연금공단충정로사옥,202603,291,251
서대문구,4267. 서대문역 2번 출구,202603,1124,1137
서대문구,4269. 연희IC 남측,202603,619,615
서대문구,4270. 우국한마음 아파트 맞은편,202603,1101,1114
서대문구,4271. 충정로역 1번 출구,202603,188,118
서대문구,4272. 홍남교 사거리,202603,1117,1141
서대문구,4273. 홍연2교 사거리,202603,510,520
서대문구,4274. 신촌 파랑고래 입구,202603,654,685
서대문구,4275.농협생명본사빌딩 서관,202603,544,573
서대문구,4277. 서대문우체국 정류소 옆,202603,260,219
서대문구,4278. 홍은2동주민센터,202603,447,446
서대문구,4280.북가좌2동 주민센터,202603,604,621
서대문구,4281.명지대사거리,202603,814,686
서초구,2202.청계산입구역 1번출구,202603,1122,1103
서초구,2203. 청계산입구역 2번출구,202603,240,127
서초구,2205. 내곡3단지 어린이공원 앞,202603,421,416
서초구,2206. 언남초등학교 앞,202603,762,769
서초구,2207. 내곡파출소 뒤 정자,202603,139,110
서초구,2210. 반포1동 주민센터 앞,202603,289,213
서초구,2211. 서초구립반포도서관 앞,202603,1240,1269
서초구,2212.서초현대4차아파트 201동 맞은편,202603,778,766
서초구,2213. 고속터미널역 5번출구 앞,202603,847,688
서초구,2214. 신반포역 2번출구 앞,202603,1109,1306
서초구,2215. 반포종합운동장 입구,202603,603,626
서초구,2217.아크로리버뷰 부지 앞,202603,2113,2565
서초구,"2219. 고속터미널역 8-1번, 8-2번 출구 사이",202603,2854,2886
서초구,2221. 방일초교 마을버스 정류장,202603,781,872
서초구,2222.사당역 12번출구 뒤,202603,1515,1842
서초구,2223. 방배래미안 정문 앞,202603,163,166
서초구,2225.백석예술대학교 제3캠퍼스 앞,202603,114,67
서초구,2226. 신동아럭스빌아파트 앞,202603,194,39
서초구,2227.방배열린문화센터 앞,202603,538,548
서초구,2228.뒷벌공원 옆,202603,1590,1671
서초구,2229.로고스교회 맞은 편,202603,423,539
서초구,2230.이수역 4번 출구,202603,1344,1497
서초구,2231. 삼성타운(삼성생명) A동 맞은편,202603,1340,1391
서초구,2233. 서초신동아1차아파트 옆,202603,506,492
서초구,2235.KT 서초지사 앞,202603,220,123
서초구,2237.서울남부터미널 대합실 입구,202603,546,470
서초구,2239.교대역 6번출구,202603,548,564
서초구,2241.양재전화국 사거리,202603,565,511
서초구,2242.양재역 10번 출구 앞,202603,581,576
서초구,2243.서울가정법원,202603,441,267
서초구,2244. 말죽거리공원 사거리,202603,874,884
서초구,2245.양재초등학교 맞은편,202603,583,638
서초구,2246. 서울시 품질시험소 앞,202603,385,437
서초구,2247.섬들근린공원,202603,984,1030
서초구,2248. 서초리슈빌S 글로벌 앞,202603,203,168
서초구,2249. 우솔초등학교 맞은편,202603,185,173
서초구,2250. 서초유치원 맞은편,202603,662,678
서초구,2251. 더케이호텔 입구(양재2) ,202603,556,553
서초구,2252. 잔디마을 마을버스 정류장,202603,1081,1007
서초구,2255. 양재시민의숲역 1번출구,202603,1714,1689
서초구,2256.양재동 꽃시장 입구,202603,275,270
서초구,2257. 청계산 입구 삼거리,202603,187,200
서초구,2258.구룡사 삼거리,202603,266,132
서초구,2259. 잠원역 3번-4번 출구사이 ,202603,1321,1543
서초구,2263. 바우뫼문화복지회관,202603,490,486
서초구,2264. 이수역 1번출구,202603,1771,2054
서초구,2265. 이수고가차도 남단,202603,1164,1270
서초구,2266. 서초역 3번출구,202603,551,531
서초구,2269. 주홍교 하부,202603,192,122
서초구,2270. 서초포레스타 7단지,202603,257,230
서초구,2271. 내방역 8번출구 앞,202603,701,733
서초구,2272. 교대입구 교차로,202603,465,463
서초구,2273. 일동제약 사거리,202603,492,506
서초구,2274. 양재시민의숲역 3번출구,202603,1264,1258
서초구,2276. 영동1교 (양재천근린공원),202603,824,860
서초구,2277. 길마중4교 하부,202603,782,852
서초구,2279. 교대역 5번출구뒤,202603,1144,1216
서초구,2280. 서울서초고용센터앞,202603,338,294
서초구,2281. 서울교통공사 사당별관 건너편,202603,260,267
서초구,2283. 그룹한빌딩옆,202603,306,110
서초구,2284. CJ오쇼핑앞,202603,152,60
서초구,2285. LH서초3단지 301동 맞은편,202603,247,243
서초구,2286. 탑성마을입구,202603,13,9
서초구,2287. 능안마을입구,202603,33,14
서초구,2288. 안골마을입구,202603,72,34
서초구,2289. 남태령역 2번출구,202603,108,47
서초구,2293. SPC 앞,202603,560,512
서초구,2294. 두상빌딩 앞,202603,985,1002
서초구,2297. 남부터미널역 1번출구,202603,510,436
서초구,2299. 한전아트센터 앞,202603,529,517
서초구,2501. 서초 포레스타5단지,202603,368,345
서초구,2502. 서초역1번출구 앞,202603,462,382
서초구,2503. 반포1동 서초빌딩 앞,202603,712,711
서초구,2504. 신사역 4번출구 뒤,202603,931,707
서초구,2505. 우성아파트사거리 (기업은행앞),202603,756,799
서초구,2506. LG유플러스 (방배사옥),202603,91,34
서초구,2509. 심산기념문화센터,202603,519,491
서초구,2510. JW타워,202603,321,204
서초구,2511. 이수역 6번출구 앞,202603,705,722
서초구,2514.사평역 2번출구,202603,720,640
서초구,2515.서초초등학교 후문,202603,959,945
서초구,2516.본마을 노인복지센터 앞,202603,211,266
서초구,2517. 서초그랑자이 앞,202603,398,410
서초구,2518. 서초동 현대아파트 앞,202603,438,449
서초구,2519.서초2교(사임당로 방면),202603,185,163
서초구,2520.서초1교 (진흥아파트 방면),202603,378,349
서초구,2521.서초 크로바타워 앞,202603,510,546
서초구,2523.뉴코아 킴스클럽 앞,202603,810,876
서초구,2524.반포쇼핑타운 8동 앞,202603,589,613
서초구,2525.반포쇼핑타운 2동 앞,202603,2019,2507
서초구,2529.우리은행 방배동지점 앞,202603,714,740
서초구,2530.삼호3차아파트 앞,202603,937,996
서초구,2531.멤피스아파트 앞,202603,1382,1448
서초구,2532.국립국악원 앞,202603,180,45
서초구,2533.한가람미술관 앞,202603,227,162
서초구,2535.신반포역 3번출구 뒤,202603,329,355
서초구,2536.서초AICT 우수기업센터 앞,202603,132,122
서초구,2537.양재역 8번출구 앞,202603,917,763
서초구,2538.사평리근린공원,202603,591,638
서초구,2539.대한무역투자진흥공사 KOTRA 앞,202603,922,917
서초구,2540.반포천 앞,202603,867,882
서초구,2541.옛골 입구,202603,55,14
서초구,2542.신논현타워 앞,202603,783,770
서초구,2545.국립중앙도서관(국제회의장옆),202603,328,112
서초구,2547. 반포래미안 리오센트,202603,612,634
서초구,2548.반포1동 자율방범초소 옆,202603,377,186
서초구,2549.호반써밋서초파크 403동,202603,396,379
서초구,2550.양재동 꽃시장 건너편,202603,641,629
서초구,4303. 매헌역 2번출구앞광역버스 정류장앞(22-297),202603,832,829
서초구,4304. 서울고앞,202603,139,137
서초구,4305. 서일스포츠센터,202603,138,120
서초구,4306. 서래공원 앞,202603,631,625
서초구,4307. 고투몰 gate 15옆,202603,708,794
서초구,4309. 서초케이타운앞,202603,94,81
서초구,4310. 염곡동(염통골) 입구,202603,160,162
서초구,4312. 반포미도2차아파트 옆,202603,440,446
서초구,4313. 반포종합운동장,202603,510,542
서초구,4315. 이투스교육 앞,202603,259,250
서초구,4316. 고속터미널역 3번출구,202603,609,396
서초구,4317. 양재근린공원,202603,1082,1122
서초구,4318. 방배역 2번 출구,202603,626,722
서초구,4319. 삼성전자R&D어린이집 뒤,202603,225,136
서초구,4320. 비석공원,202603,627,728
서초구,4322.서울추모공원 입구,202603,57,28
서초구,4323. 내곡도서관,202603,133,139
서초구,4324. 세화고등학교,202603,178,169
서초구,4327. 몽마르뜨공원입구,202603,203,34
서초구,4329. SC제일은행 양재동지점 앞,202603,566,383
서초구,4332. 이수교차로,202603,1325,1367
서초구,4333. 서울고등학교 건너편,202603,177,169
서초구,4334. 인재개발원 데이터센터,202603,104,32
서초구,4336. 서울교육청 교육연수원 앞,202603,92,25
서초구,4337. 우면산등산로 입구,202603,90,4
서초구,4338.새정이마을버스정류장 앞,202603,21,12
서초구,4340. 방배래미안아트힐아파트 앞,202603,228,18
서초구,4341. 영동1교 북단,202603,598,626
서초구,4343. 헌인릉 입구,202603,43,25
서초구,4344. 양재대로(구룡지하차도 앞),202603,214,196
서초구,4345. 반포역 4번출구,202603,591,668
서초구,4346.장학재단빌딩 앞,202603,473,168
서초구,4347. 논현지하보도,202603,905,929
서초구,4348. 사당역 1번출구,202603,59,226
서초구,4349.삼성화재서초타워,202603,1186,1226
서초구,4350.누리숲어린이공원 앞,202603,861,859
서초구,4351.서울AI허브 앞,202603,297,302
서초구,5601.감정평가사회관앞,202603,160,106
서초구,5602.래미안신반포리오센트 후문,202603,591,685
성동구,3511. 응봉역 1번출구,202603,3039,3355
성동구,3513. 상왕십리역 1번출구,202603,1892,1028
성동구,3514. 왕십리교회옆,202603,1984,2009
성동구,3515. 서울숲 관리사무소,202603,10,14
성동구,3525. 금호스포츠센터앞,202603,564,695
성동구,3527. 왕십리 자이아파트(101동 앞),202603,46,18
성동구,3530. 왕십리자이아파트 후문(삼거리),202603,285,208
성동구,3531. 논골사거리(금호도서관 입구),202603,261,20
성동구,3532. 왕십리KCC스위첸아파트,202603,276,214
성동구,3544.한양대역 3번 출구,202603,1479,1439
성동구,3545.한양대역 1번출구,202603,654,617
성동구,3547.상왕십리역 6번 출입구,202603,705,433
성동구,3548.뚝섬역 6번출구,202603,1995,1771
성동구,3549.건영아파트 앞,202603,1594,1583
성동구,3550.금호나들목,202603,1012,1133
성동구,3551.성동도로사업소,202603,743,775
성동구,3552.서울숲 공영주차장앞,202603,782,759
성동구,3553.마장역3번출구,202603,479,481
성동구,3555.양지사거리(센트라스APT 115동앞),202603,185,133
성동구,3556.신금호파크자이APT앞,202603,321,35
성동구,3557.서울숲리버뷰자이APT105동 앞,202603,536,553
성동구,3558.마장동 금호어울림APT앞,202603,896,503
성동구,3559.성동구민종합체육센터 앞,202603,1422,1612
성동구,3560.성동구 견인차량 보관소 앞,202603,1556,1444
성동구,3561.행당동 삼부APT후문,202603,223,154
성동구,3600.사근빗물펌프장 건너편,202603,2674,2891
성동구,4353. 코오롱디지털타워 3차앞,202603,1492,1558
성동구,4360. 르노삼성자동차 성수사업소 앞,202603,959,868
성동구,4362. 행당중학교 후문,202603,512,529
성동구,4363. 신금호역 2번출구 앞,202603,31,30
성동구,4367. kt 행당빌딩 앞,202603,648,838
성동구,4370. 성동교 사거리,202603,766,594
성동구,4373. 서울숲 지식산업센터,202603,2011,2073
성동구,4377. 우영테크노센터 앞,202603,1639,1849
성동구,4381. 더스페이스타워 앞,202603,1022,1055
성동구,4382. 페코텍글로벌허브빌딩 앞,202603,2277,2768
성동구,4383. 푸조비즈타워 앞,202603,1777,2570
성동구,4385. 용답동 우체국 주변,202603,1336,1319
성동구,4386. 현대자동차 동부서비스센터 주변,202603,1197,943
성동구,4387. 성수역 1번출구 주변,202603,1293,1330
성동구,4389. 서울숲역3번출구,202603,480,497
성동구,4390. 신답역 1번출구,202603,488,460
성동구,4393. 상원삼거리 장안철교 아래,202603,1152,1195
성동구,4394.서울시립24시간게스트하우스,202603,754,887
성동구,4396. 마장축산물시장 서문 인근,202603,363,394
성동구,4397. 마장축산물시장 북문 건너편,202603,1056,1086
성동구,4398. 유원지식산업센터 앞,202603,1248,1247
성동구,4399. 더리브 세종타워 앞,202603,1684,1692
성동구,4401.뚝섬유수지 공영주차장,202603,614,664
성동구,506. 금호 어울림 아파트 앞,202603,824,856
성동구,508. 성수아카데미타워 앞,202603,4369,3861
성동구,510. 뚝도아리수정수센터 버스정류소 옆,202603,764,806
성동구,511. 서울숲역 5번 출구 옆,202603,771,767
성동구,512. 뚝섬역 1번 출구 옆,202603,2143,2134
성동구,513. 뚝섬역 5번 출구 정류소 옆,202603,1013,1013
성동구,514. 성수사거리 버스정류장 앞,202603,2304,2456
성동구,518. 청계천 박물관 앞,202603,588,564
성동구,519. 양지사거리,202603,782,687
성동구,520. 상왕십리역 4번 출구 앞,202603,651,584
성동구,521. 왕십리역 11번 출구 앞,202603,1121,1106
성동구,522. 금호역 1번출구 앞,202603,184,176
성동구,523. 옥수동성당 옆,202603,95,27
성동구,524. 래미안금호하이리버 아파트 102동 옆,202603,254,203
성동구,525. 한양대병원사거리,202603,1025,810
성동구,526. 용답토속공원 앞,202603,661,686
성동구,529. 장한평역 8번 출구 앞,202603,4126,3965
성동구,530. 청계벽산아파트 앞,202603,1185,1280
성동구,533. 금남시장 교차로,202603,275,401
성동구,534. 금호사거리,202603,236,273
성동구,535. 응봉삼거리,202603,605,248
성동구,536. 행당역 2번출구 앞,202603,471,535
성동구,537. 한양대후문역 부근,202603,910,920
성동구,550. 서울시설공단 앞,202603,1144,1102
성동구,556. 달맞이공원,202603,65,64
성동구,557. 도선동 주민센터 앞,202603,1139,1190
성동구,558. 성동광진 교육지원청 앞,202603,1217,1183
성동구,559. 왕십리역 4번 출구 건너편,202603,1563,1618
성동구,560. 비전교회 앞,202603,1994,1973
성동구,561. 서울숲역 2번출구 앞,202603,1363,1482
성동구,563. 성동세무서 건너편,202603,1281,1450
성동구,564. 금호역 3번출구,202603,137,61
성동구,565. 옥수역 3번출구,202603,2076,2065
성동구,5651.한강버스 옥수 선착장,202603,4530,4639
성동구,568. 청계8가 사거리 B,202603,1856,1958
성동구,569. 응봉현대아파트 정류소,202603,266,204
성동구,578. 성동세무서 부근,202603,1243,1243
성동구,579. 마장역 4번출구,202603,893,916
성동구,582. 경일중학교 앞,202603,1472,1580
성동구,583. 청계천 생태교실 앞,202603,4107,4342
성동구,585. 성수2가1동 공영주차장 인근,202603,3686,3848
성동구,586. 마장동 주민센터,202603,790,826
성동구,587. 유니베라 앞,202603,1281,1334
성동구,589. 성수역3번출구,202603,2243,2260
성동구,594. 중랑물재생센터(서울새활용플라자),202603,816,912
성북구,1302. 한성대입구역6번출구 뒤,202603,781,783
성북구,1303. 돈암초교 입구,202603,504,509
성북구,1304. 만해공원,202603,187,46
성북구,1305. 성북구청,202603,1143,1175
성북구,1306. 한성대입구역2번출구,202603,1034,1021
성북구,1308. 안암로터리 버스정류장 앞,202603,2320,2589
성북구,1314. 정릉꿈에그린1단지 201동 앞,202603,244,248
성북구,1315. 고려사대부속중고 정문,202603,161,117
성북구,1316. 고려사대부속중고 건너편 ,202603,261,138
성북구,1318. 길음역 3번출구 뒤,202603,855,885
성북구,1319. 종암박스파크,202603,1359,1390
성북구,1321. 국민은행 종암동지점 앞,202603,1354,1607
성북구,1322. 래미안라센트아파트 103동 앞,202603,677,721
성북구,1325. 상월곡역 4번출구,202603,407,313
성북구,1326. 상월곡역 1번출구,202603,610,558
성북구,1327. 상월곡역 3번출구,202603,932,1026
성북구,1328. 월곡역 3번출구,202603,1856,1963
성북구,1332. 석계역 5번출구 건너편,202603,879,931
성북구,1333. 석관초등학교 앞,202603,1566,1867
성북구,1334. 석관동주민센터 앞,202603,1051,1056
성북구,1336. 성북3교 위,202603,672,701
성북구,1337. 돈암성당 옆,202603,1494,1570
성북구,1338. 용문2교 옆,202603,1727,1714
성북구,1339. 삼성전자서비스 성북센터,202603,701,743
성북구,1340. 광운초등학교 앞,202603,608,563
성북구,1342. 성북쉼터 앞,202603,245,63
성북구,1343. 한성대7번출구 앞,202603,320,317
성북구,1344. 아리랑시네센터 앞,202603,234,163
성북구,1346. 길음8골어린이공원 옆,202603,646,572
성북구,1347. 길음래미안아파트817동 상가 앞,202603,316,296
성북구,1348. 성북제일새마을금고 본점 앞,202603,356,398
성북구,1349. 월계2교 버스정류장 앞,202603,359,429
성북구,1351. 안암2교 옆,202603,1255,1312
성북구,1352. e 편한세상 보문아파트 내,202603,223,173
성북구,1353. 금호어울림센터힐 내,202603,158,156
성북구,1354. 고려대학교 2번출구,202603,1292,1328
성북구,1357. 북한산보국문역,202603,201,211
성북구,1358. 정릉도서관 앞,202603,350,370
성북구,1360. 정릉역,202603,376,395
성북구,1361. 홍익중고 입구,202603,891,604
성북구,1362. 보문역6번출구 앞,202603,3,5
성북구,1363. 보문4교 인근,202603,2073,2052
성북구,1364. 성북동 치안센터 앞,202603,531,509
성북구,1365. 선잠단지 앞,202603,239,145
성북구,1366. 일신초등학교 옆,202603,242,273
성북구,1367. 길음문화복합미디어센터,202603,561,745
성북구,1368. 성신여대입구 교차로,202603,557,624
성북구,1370. 복자사랑 피정의 집,202603,145,85
성북구,1372. KEB은행 고대점,202603,943,691
성북구,1373. 성북구보건소 건너편,202603,822,908
성북구,1375. 생명의 전화 종합복지관 앞 교차로,202603,745,723
성북구,1376. 한국과학기술연구원 중문,202603,271,210
성북구,1377. 한국과학기술연구원 북문,202603,210,131
성북구,1379.길음뉴타운푸르지오아파트 3단지,202603,211,20
성북구,1380.월곡역 5번출구 앞,202603,1266,1422
성북구,1381.석계역 4번출구 뒤,202603,1823,1835
성북구,1382.래미안월곡아파트 입구,202603,905,897
성북구,1384.성신여대입구역 5번출구,202603,927,953
성북구,1385.성신여대입구역 3번출구 앞,202603,1242,1261
성북구,1386.동선고가차도 초입,202603,276,274
성북구,1388. 돈암초교입구 버스정류장(한성대입구역 방면),202603,522,508
성북구,1390.석관래미안아트리치,202603,1123,1239
성북구,1391.성북청소년센터,202603,666,632
성북구,1392.돈암삼성풍림아파트,202603,188,18
성북구,1393.돈암육교 하단,202603,260,63
성북구,1394.길음뉴타운 래미안9단지,202603,476,468
성북구,1395.래미안장위포레카운티(102동),202603,674,660
성북구,1396.래미안장위퍼스트하이(513동),202603,781,821
성북구,4406. 장곡초등학교 앞,202603,700,570
성북구,4411. 동산어린이공원 앞,202603,817,811
성북구,4414. 안암역 3번 출구,202603,569,521
성북구,4415. 미아초교버스승강장,202603,51,30
성북구,4417. 성북청소년문화의집,202603,185,46
성북구,4418. 종암동 동덕여대 제2생활관 앞,202603,1252,1393
성북구,4419. 성북구 한예종 캠퍼스 본관,202603,547,458
성북구,4420. 성북구 한예종 캠퍼스 별관,202603,687,787
성북구,4421. 롯데캐슬클라시아 입구 앞,202603,135,126
성북구,4423.현대백화점 미아점,202603,631,640
성북구,4425. 하늘채코오롱아파트 앞,202603,859,970
성북구,4427. 동일하이빌뉴시티,202603,738,763
성북구,4428.돈암동부센트레빌상가,202603,391,432
송파구,1201. 가락시장역 3번 출구,202603,1472,1479
송파구,1203. 밀리아나2빌딩 앞,202603,924,937
송파구,1204. 거여역 3번출구,202603,1146,1213
송파구,1205. 종합운동장역 4번출구,202603,872,778
송파구,1206. 9호선종합운동장역 9번출구,202603,1079,1042
송파구,1207. 마천중앙시장,202603,357,407
송파구,1208. 풍납현대아파트쉼터,202603,2085,2045
송파구,1209. 잠실나루역 (2번 출구 쪽),202603,3026,2967
송파구,1210. 롯데월드타워(잠실역2번출구 쪽),202603,8147,8123
송파구,1212. 송파역 2번 출구앞,202603,1327,1378
송파구,1213. 백토공원 앞,202603,318,287
송파구,1214. 오금역 7번 출구 인근,202603,695,619
송파구,1215. 올림픽공원역 1번출구 앞,202603,1780,1781
송파구,1217. 송파파인타운 7단지,202603,764,723
송파구,1218. 방이역 4번출구,202603,2129,2112
송파구,1220. 잠실근린공원,202603,1926,2053
송파구,1221. 삼전역 4번출구,202603,1488,1529
송파구,1222. 잠실새내역 5번 출구 뒤,202603,3919,3948
송파구,1224. 아시아지하보도 2번 출구,202603,1384,1386
송파구,1226. 잠실4동 주민센터 옆,202603,2424,2559
송파구,1227. 거여역 8번출구 뒤,202603,911,944
송파구,1228. 마천사거리 ,202603,606,782
송파구,1229. 송파체육문화회관 앞,202603,984,990
송파구,1230. 송파중학교 정문,202603,524,460
송파구,1231. 잠실역 6번출구,202603,2749,3106
송파구,1232. 잠실주공 521동 건너편,202603,2361,2381
송파구,1233. 잠실3거리(갤러리아팰리스),202603,837,836
송파구,1235. 잠실트리지움310동 옆,202603,1829,2032
송파구,1239. 문정 법조단지3,202603,675,660
송파구,1240. 문정 법조단지4,202603,531,514
송파구,1241. 문정 법조단지5,202603,461,435
송파구,1242. 문정 법조단지6,202603,82,80
송파구,1243. 문정 법조단지7,202603,1959,1934
송파구,1244. 문정 법조단지8,202603,1892,1891
송파구,1245. 문정 법조단지9,202603,1134,1130
송파구,1246. 문정 법조단지10,202603,1611,1615
송파구,1247. 문정 법조단지11,202603,644,644
송파구,1248. 방이초등학교,202603,1933,1645
송파구,1250.문정2동 주민센터,202603,147,122
송파구,1251. 석촌역 2번출구,202603,2326,2303
송파구,1253. 오금역 3번 출구 뒤,202603,600,570
송파구,1256. 문정현대아파트 교차로,202603,458,452
송파구,1258. 가락미륭아파트 앞,202603,302,197
송파구,1259. 방이역 1번출구,202603,1507,1562
송파구,1260. 방이동 한양3차아파트 옆,202603,1110,1096
송파구,1262. 송파여성문화회관 앞,202603,1783,1780
송파구,1263. 장지공영차고지,202603,282,286
송파구,1264. 천호역 10번 출구 앞,202603,2890,2872
송파구,1265. 문정동 근린공원,202603,1145,1219
송파구,1266. 문정동 글샘 공원,202603,547,527
송파구,1267. 올림픽공원 남2문 앞,202603,1109,1031
송파구,1268. 몽촌토성역 1번출구 옆,202603,804,790
송파구,1269. 리센츠아파트 ,202603,1561,1483
송파구,1271. 송파도서관,202603,915,920
송파구,1274. 영파여고 앞,202603,1239,1190
송파구,1275. 거여초등학교 옆,202603,395,548
송파구,1277. 성내7교,202603,927,965
송파구,1278. 송파구청 교차로,202603,1978,1969
송파구,1279. 마천금호어울림 1차아파트 건너편,202603,380,378
송파구,1282. 송파소방서 맞은편(성내4교),202603,1164,1415
송파구,1283. 오금공원 사거리,202603,126,70
송파구,1285. 위례별 유치원 뒤,202603,406,408
송파구,1286. 위례중앙푸르지오 1단지 앞,202603,908,910
송파구,1287. 위례아이파크 101동 맞은편,202603,548,569
송파구,1288. 문정중교 사거리,202603,1174,933
송파구,1289. 풍납토성 서성벽터B,202603,756,751
송파구,1290. 위례송파꿈에그린아파트24단지 앞 성벽 다리 밑,202603,621,681
송파구,1291. 서울체육고등학교 앞,202603,2160,2452
송파구,1293. 석촌호수 서호 사거리,202603,2721,2733
송파구,1295. 잠실역 8번출구,202603,3483,3458
송파구,1296. 석촌호수교차로 (송파나루근린공원 앞),202603,626,624
송파구,1297. 석촌호수교차로(동호 팔각정 앞),202603,2730,2733
송파구,1299. 송파소방서 (방이119안전센터),202603,566,446
송파구,1300. 오륜사거리,202603,579,658
송파구,2601. 석촌호수 아뜰리에,202603,1845,1821
송파구,2603. 송파 글마루 도서관,202603,717,713
송파구,2604. 풍납토성 서성벽터A,202603,1328,1310
송파구,2605. 복정역 1번 출구 앞,202603,1082,1090
송파구,2608. 송파구청,202603,5261,5431
송파구,2609. 보성중고등학교 후문 앞,202603,246,239
송파구,2611. 송파지역자활센터 뒤,202603,2191,2410
송파구,2613. 잠실나들목,202603,1464,1485
송파구,2614. 가락고등학교 앞,202603,460,404
송파구,2615. 테라타워2,202603,2103,2088
송파구,2616. 거여동 사거리,202603,354,358
송파구,2617. 가락삼환아파트 앞,202603,295,265
송파구,2618. 삼전역 1번출구,202603,1607,1622
송파구,2619. 석촌고분역 4번출구,202603,1726,1704
송파구,2620. 송파나루역 4번 출구옆,202603,3886,4286
송파구,2621. 한성백제역 2번 출구,202603,2724,2727
송파구,2622. 올림픽공원역 3번출구,202603,5285,5270
송파구,2623.석촌동 주민센터,202603,2690,2604
송파구,2625.가락종합 사회복지관,202603,155,154
송파구,"2626.경찰병원역 1,2번 출구 사이",202603,429,427
송파구,2627.문정시영아파트 5동 앞 공원,202603,975,380
송파구,2628.문정역 1번출구,202603,2933,3014
송파구,2630.서울방이동 고분군,202603,1561,1486
송파구,2631.배명고등학교,202603,587,610
송파구,2632.석촌고분역 2번 출구,202603,2186,2215
송파구,2633.송파학사 옆,202603,756,732
송파구,2634.위례포레샤인아파트 정류장,202603,615,658
송파구,2635.잠실새내역 1번출구,202603,2114,2045
송파구,2637. 아시아지하보도 14번 출구,202603,2247,2227
송파구,2639.석촌역 8번출구,202603,2827,2840
송파구,2641.송파역 4번출구,202603,2365,2393
송파구,2642.마천동 성내천 쉼터,202603,838,871
송파구,2643.풍납중학교 측면,202603,325,263
송파구,2644. 성내5교,202603,792,855
송파구,2645.잠실나들목2(엘스아파트136동),202603,731,735
송파구,2646.레이크펠리스101동앞,202603,2836,2940
송파구,2647.잠실 자전거 수리센터 앞,202603,1638,1680
송파구,2648.헬리오시티 112동 앞,202603,876,856
송파구,2649.오금공원사거리2,202603,246,168
송파구,2650.위례22단지 2208동 다리앞,202603,439,471
송파구,2651.경찰병원역 3번출구 앞,202603,1012,1023
송파구,2652.송파 레미니스1단지 102동 앞,202603,699,591
송파구,2653.올림픽공원사거리(선수촌아파트),202603,1243,1246
송파구,2654.올림픽선수촌아파트 136동 앞,202603,687,519
송파구,2655.송이공원,202603,693,498
송파구,2656.풍납동 아이파크 107동 앞,202603,1868,1948
송파구,2657.송파 파인타운 11단지 ,202603,688,628
송파구,2658.가락몰 업무동,202603,1249,1258
송파구,2659.서울친환경유통센터,202603,263,263
송파구,4452. 삼성SDS,202603,3185,3239
송파구,4453. 위례중앙푸르지오 201동 앞,202603,1109,1087
송파구,4454. 위례 포레샤인 1809동 부근,202603,198,64
송파구,4457. 아산병원 기숙사 부근,202603,3188,3268
송파구,4458. 가락2동주민센터 인근,202603,470,406
송파구,4460. 올림픽훼미리아파트 112동 앞,202603,933,931
송파구,4461. 한양3차아파트 3동 앞,202603,202,186
송파구,4462. 가락중학교 앞,202603,566,533
송파구,4463. 방이역 2번 출구,202603,757,760
송파구,4464. 올림픽공원 북2문 A,202603,1058,1044
송파구,4465. 건영아파트앞 사거리,202603,1242,1254
송파구,4468. 가락1동주민센터 ,202603,1177,1143
송파구,4469. 거여동 어울림아파트  102동앞,202603,395,377
송파구,4472. 송파파크데일 1단지 115동 건너편,202603,429,425
송파구,4473. 마천금호어울림 1차 102동앞,202603,167,166
송파구,4474. 가락현대 1차 11동 앞,202603,399,305
송파구,4475. 송파파인타운 4단지 403동,202603,287,273
송파구,4478. 문정근린공원2,202603,740,749
송파구,4479. 문정중학교,202603,183,152
송파구,4480. 가락시장 남1문 사거리,202603,1795,1815
송파구,4481. 올림픽공원 북2문 B,202603,1795,1810
송파구,4483. 잠실나들목4,202603,840,862
송파구,4484. 잠실나루역4번출구뒤,202603,2040,2045
송파구,4485. 잠실나루역 고가하부,202603,628,487
송파구,4486. 홈플러스 잠실점,202603,1964,1949
송파구,"4488. 문현중,고등학교 사이",202603,169,144
송파구,4490. 송파파인타운 10단지 1005동,202603,229,212
송파구,4491. 장지역 1번출구,202603,1240,1241
송파구,4493. 마천사거리 2,202603,338,359
송파구,4496. 잠실 파크리오 120동 앞,202603,1511,1521
송파구,4497. 아시아선수촌아파트 교차로,202603,1242,1235
송파구,4499. 세양청마루 101동 앞,202603,811,311
송파구,4852. 서울복합물류 게이트 1,202603,1421,1519
송파구,4854. 가락시장역 2번 출구,202603,1180,1181
송파구,4855. 거여5단지 503동 앞,202603,419,407
송파구,4856. 올림픽공원 서1문 앞,202603,1727,1719
송파구,4857. 올림픽공원 장미광장,202603,502,479
송파구,4859. 잠실나루 나들목,202603,1432,1448
송파구,4860. 가락쌍용2차아파트 103동,202603,714,716
송파구,4862. 성내교 남단,202603,431,389
송파구,4863. 잠실나들목5,202603,489,506
송파구,4864. 송파사거리,202603,1973,1987
송파구,4865. 한성백제역 1번출구 뒤,202603,2523,2519
송파구,4867. 가락대림아파트 앞,202603,779,766
송파구,4868. 석촌호수 서호 남단,202603,2543,2529
송파구,4870. 몽촌토성역 3번 출구,202603,4534,4511
송파구,4871. 오금동 대림아파트 정문,202603,588,503
송파구,4872. 개롱역 3번 출구 뒤,202603,958,968
송파구,4873. 개롱역사거리 2번 출구,202603,852,909
송파구,4874. 탄천1교 하부보도,202603,515,555
송파구,4875. 위례포레샤인13단지,202603,279,260
송파구,4879. 마천청소년센터,202603,121,128
송파구,4880. 송파청소년센터,202603,821,838
송파구,4881. 거여동사거리 송파둘레길 입구,202603,173,176
송파구,4882. 위례포레샤인18단지 1802동,202603,256,184
송파구,4883. 위례포레샤인18단지 1812동,202603,202,58
송파구,4884. H비즈니스파크,202603,1507,1664
송파구,4885. 가든파이브 리빙관,202603,334,355
송파구,4886. 배명고등학교 건너편,202603,858,885
송파구,4887. 호돌이상가,202603,833,823
송파구,4888. 둔촌오륜역 2번출구,202603,522,397
송파구,4889. 마천역 1번 출구 인근②,202603,634,557
송파구,4891. 위례포레나송파,202603,553,528
송파구,4892. 성내유수지 체육공원,202603,325,204
송파구,4893. 문정법조단지12,202603,2054,2276
송파구,4895. 송파레이크힐 상가,202603,732,726
송파구,4896. 송파레이크힐,202603,104,84
송파구,4897. 잠실주공5단지1,202603,2886,2928
송파구,5751. 송파여성축구장,202603,425,414
송파구,5752. 풍납백제문화공원 옆 인근,202603,2211,2271
송파구,5753. 호반써밋,202603,854,851
송파구,5756. 극동아파트,202603,775,752
송파구,5758. 올림픽선수기자촌아파트 123동 근처,202603,704,416
송파구,5759. 풍납근린공원,202603,748,757
송파구,5760. 풍납사거리 성내유수지,202603,813,803
송파구,5761. 버섯분수대,202603,804,816
송파구,5763. 세륜초등학교 건너편,202603,446,328
송파구,5764. 한국체육대학교,202603,710,711
송파구,5765. 삼전동주민센터 건너편,202603,1939,2212
송파구,5766. 북위례1,202603,331,160
송파구,5767. 북위례2,202603,227,237
송파구,5768.방이삼거리,202603,4243,5096
송파구,5773. 송파시그니처롯데캐슬,202603,236,276
송파구,5774. 가락본동주민센터 인근,202603,1097,1091
송파구,5775. 가락시장역 5번출구,202603,760,826
송파구,5777. 호반써밋12단지,202603,477,456
송파구,5778. 북위례3,202603,447,205
송파구,5779. 나래교,202603,363,343
송파구,5780. 송파세무서,202603,477,476
송파구,5781. 올림픽공원 수영장,202603,3522,3508
송파구,5782. 오금현대 아파트 상가입구 앞,202603,656,642
송파구,5783.성내5교 2,202603,524,572
송파구,5784.한강버스 잠실 선착장,202603,4612,4494
송파구,5785.한림연예예술고등학교,202603,354,324
양천구,4507. 신정제일시장,202603,790,834
양천구,4508. 유원목동아파트 103동 앞,202603,3092,3383
양천구,4509. 서울영상고교 입구,202603,2864,3025
양천구,4510. 신정네거리역 교차로,202603,1210,1205
양천구,4512. 목동13_14단지 사거리,202603,1076,757
양천구,4514. 목동성당 앞,202603,2657,2767
양천구,4515. 동문굿모닝탑,202603,2466,2546
양천구,4517. 성보하이드로빌딩,202603,1031,1036
양천구,4518. 청기와빌딩,202603,599,649
양천구,4519. 양원보도육교,202603,190,188
양천구,4520. 대성유니드아파트,202603,698,835
양천구,4522. 신곡시장,202603,1077,1471
양천구,4523. 구립양천어르신요양센터,202603,105,27
양천구,4526. 목동아파트2단지 222동 앞,202603,1172,1205
양천구,4527. 목동신시가지아파트6단지,202603,2154,2158
양천구,4528. 양천구청역 1번출구,202603,1268,1279
양천구,4530. 방아다리어린이공원,202603,665,639
양천구,4531. 목동아파트 613동 앞,202603,3128,3172
양천구,4532. 목동현대아파트 후문 앞,202603,1295,1270
양천구,4535. 목동12단지 아파트,202603,2502,2485
양천구,4536. 양천해누리체육공원,202603,1165,1510
양천구,4537. 서울남부지방검찰청 후문 ,202603,1845,1408
양천구,4538. 양천공영차고지,202603,179,171
양천구,4539. 목동7단지아파트 A상가,202603,813,819
양천구,4540. 목동역 3번 출구,202603,2707,3021
양천구,4541. 갈산문화예술센터,202603,1871,1868
양천구,4542. 월정초 사거리,202603,563,642
양천구,4543. 오목교역 6번 출구,202603,4073,4347
양천구,4544.경창시장,202603,579,1045
양천구,4545. 청소년음악센터,202603,655,572
양천구,4546. 목동운동장 주경기장,202603,449,478
양천구,4547. 목동역 2번 출구,202603,2597,2678
양천구,4548.신목동역1번출구,202603,649,637
양천구,4549.목동4단지아파트,202603,1447,1494
양천구,700. KB국민은행 염창역 지점 앞,202603,971,814
양천구,701. 목동사거리 부근,202603,1409,1491
양천구,702. 목4동주민센터 옆,202603,1661,1604
양천구,703. 오목교역 7번출구 앞,202603,2901,3063
양천구,704. 남부법원검찰청 교차로,202603,2056,1902
양천구,706. 신정네거리역,202603,856,787
양천구,708. 서울출입국관리사무소 앞,202603,3410,3530
양천구,709. 신정3동 현장민원실 앞,202603,466,413
양천구,710. 금옥여고보도육교,202603,376,363
양천구,711. 신일해피트리아파트 앞,202603,965,255
양천구,712. 강월초교입구 사거리,202603,660,951
양천구,713. 양서중학교 옆,202603,678,615
양천구,714. 한국SGI 양천문화회관 앞,202603,664,520
양천구,716.신정6동 주민센터 인근,202603,1337,1329
양천구,719. 홍익병원앞 교차로,202603,1238,1258
양천구,720. 서울강월초등학교 앞,202603,577,250
양천구,722. 경서농협 버스정류장(우리은행신정동지점방향),202603,826,835
양천구,723. SBS방송국,202603,1654,1670
양천구,724. 계남공원 입구 주출입구 좌측,202603,243,170
양천구,725. 양강중학교앞 교차로,202603,208,190
양천구,726. 목동3단지 시내버스정류장,202603,3735,3818
양천구,729. 서부식자재마트 건너편,202603,1417,1434
양천구,731. 서울시 도로환경관리센터,202603,2640,2723
양천구,733. 신정이펜하우스314동,202603,552,303
양천구,734. 신트리공원 입구,202603,2379,2415
양천구,735. 영도초등학교,202603,2279,2493
양천구,736. 오솔길공원,202603,940,1009
양천구,737. 장수공원,202603,435,285
양천구,739. 신월사거리,202603,682,681
양천구,740. 으뜸공원,202603,768,836
양천구,741. 화곡로 입구 교차로,202603,293,290
양천구,742. 등촌역 5번 출구 뒤,202603,838,841
양천구,743. 현대6차아파트 101동 옆,202603,781,880
양천구,744. 신목동역 2번 출구,202603,2867,2627
양천구,745. 강서초등학교,202603,500,555
양천구,746. 목동2단지 상가,202603,3156,3307
양천구,747. 목동3단지 상가,202603,2150,2114
양천구,748. 목동운동장,202603,619,670
양천구,749. 이대목동병원보도육교,202603,1436,1602
양천구,750. 연의근린공원 건너편,202603,559,680
양천구,752. 성원2차 아파트,202603,879,704
양천구,754. 목동1단지아파트 118동 앞,202603,2018,2049
양천구,755. 목동1단지아파트 상가 앞,202603,2660,2659
양천구,756. 목동주차장,202603,1266,1335
양천구,757. 신정이펜하우스 1단지아파트 입구 사거리,202603,404,164
양천구,758. 한사랑교회 앞,202603,1093,1124
양천구,759. 보아스아파트 앞,202603,573,584
양천구,760. 잣절보도육교 아래,202603,454,409
양천구,762. 오목로 무중력지대 앞,202603,768,772
양천구,763. 목동11단지 아파트,202603,1092,900
양천구,765. 오목교역 3번출구,202603,4513,4840
양천구,766. 신목동역 3번출구,202603,1193,1155
양천구,767.신정숲속마을아파트,202603,579,164
양천구,768.목동5단지아파트 501동,202603,1960,1919
양천구,769.CBS방송국 앞,202603,4691,4822
양천구,770.목동역5번출구,202603,3523,3896
양천구,771.목동아파트 703동 앞,202603,2155,2225
양천구,"773.염창역 3, 4번 출구 사이",202603,1203,1189
양천구,774.등촌역 4번 출구 ,202603,527,507
양천구,775.세종그랑시아 앞(102동),202603,615,462
양천구,776.목마공원,202603,620,587
양천구,777.신월6차보람아파트 앞,202603,828,849
양천구,779. 신정1동 주민센터 앞,202603,2838,3014
양천구,780.신정교 하부,202603,2483,2847
양천구,781.신정보도육교 아래,202603,4130,4142
양천구,782.서남병원 후문,202603,662,417
양천구,"785.양천구청, 보건소 사잇길",202603,4382,4595
양천구,786.목동아파트 8단지 상가동 앞,202603,2091,2071
양천구,787.양천아파트 입구,202603,3123,3050
양천구,788.양천구청역 2번출구 옆,202603,2923,3032
양천구,791.현대하이페리온,202603,2722,2693
양천구,792.목동트라팰리스 웨스턴에비뉴,202603,4803,4811
양천구,793.목동5단지아파트 534동,202603,2664,2631
양천구,794.양천문화회관,202603,2442,2574
양천구,795.양천 해누리타운,202603,2863,2949
양천구,796.목동아파트 14단지 B상가 앞,202603,2219,2209
양천구,797.목동아파트 1422동 1434동 사잇길,202603,3553,3573
영등포구,200. 국회의원회관,202603,110,95
영등포구,201. 진미파라곤 앞,202603,1041,968
영등포구,202. 국민일보 앞,202603,3045,3055
영등포구,203. 국회의사당역 3번출구 옆,202603,1995,1930
영등포구,204. 국회의사당역 5번출구 옆,202603,1310,1252
영등포구,205. 산업은행 앞,202603,1558,1517
영등포구,206. KBS 앞,202603,2491,2416
영등포구,207. 여의나루역 1번출구 앞,202603,2700,2395
영등포구,209. 유진투자증권빌딩 앞,202603,3393,3553
영등포구,211. 여의도역 4번출구 옆,202603,1,1
영등포구,213. KT앞,202603,2241,1845
영등포구,214. 금융감독원 앞,202603,1358,1209
영등포구,215. 여의도고교 앞,202603,1011,1067
영등포구,217. NH농협은행 앞,202603,2993,3158
영등포구,219. 롯데캐슬엠파이어 옆,202603,1906,1846
영등포구,220. 미성아파트 A동 앞,202603,1336,1208
영등포구,221. 여의도초교 앞,202603,1317,1228
영등포구,222. 시범아파트버스정류장 옆,202603,1610,1626
영등포구,223. 진주아파트상가 앞,202603,1001,1005
영등포구,224. 롯데캐슬 앞,202603,1682,1848
영등포구,225. 앙카라공원 앞,202603,1502,1313
영등포구,226. 샛강역 1번출구 앞,202603,2136,1732
영등포구,227. 양평1나들목 보행통로 입구,202603,1438,1665
영등포구,228. 선유도역 3번출구 앞,202603,2779,2893
영등포구,229. 양평1 보행육교 앞,202603,1964,1954
영등포구,230. 영등포구청역 7번출구,202603,5598,5247
영등포구,231. 남부고용노동지청 남측,202603,2261,2254
영등포구,232. 양평우림 이비즈센타 앞,202603,2377,2335
영등포구,233. 양평1동 YP센터 앞,202603,1084,1106
영등포구,235. 신길동 우리은행 옆,202603,78,90
영등포구,236. 문래동자이아파트 앞,202603,2464,2786
영등포구,238. 제2구민체육센타 앞,202603,1580,1578
영등포구,239. 유스호스텔 앞,202603,1016,988
영등포구,240. 문래역 4번출구 앞,202603,3519,3354
영등포구,241. 신길우성1차아파트 앞 공원,202603,968,891
영등포구,242. 신길선원가와인아파트 앞,202603,853,441
영등포구,243. 이앤씨드림타워 앞,202603,3466,3489
영등포구,244. 영등포삼환아파트 앞,202603,1585,1531
영등포구,245. 삼성생명 당산사옥 앞,202603,2893,3026
영등포구,247. 당산역 10번출구 앞,202603,4577,4581
영등포구,248. 초원아파트 앞,202603,910,878
영등포구,249. 여의도중학교 옆,202603,977,1180
영등포구,250. 대림아파트 사거리,202603,443,392
영등포구,251. 서울지방병무청 버스정류장,202603,715,581
영등포구,252. 보라매역4번출구,202603,1154,1379
영등포구,253. 신풍역 5번출구 인근,202603,0,1
영등포구,254. 도림신협 앞,202603,1286,1343
영등포구,255. 도림사거리,202603,990,998
영등포구,256. 동아에코빌입구,202603,1344,1314
영등포구,258. 신길역3번출구,202603,1433,1387
영등포구,259. 대방역6번출구,202603,2464,2885
영등포구,260. 여의도 마리나선착장 앞,202603,433,376
영등포구,263. 근로자회관 사거리,202603,3094,3193
영등포구,264. 교보생명보험 앞,202603,1530,1388
영등포구,265. 영등포유통상가 사거리,202603,1045,925
영등포구,266. 영등포청과시장 사거리,202603,1214,1171
영등포구,267. 삼성화재 사옥 옆,202603,1679,1488
영등포구,268. 그랜드컨벤션센터 앞,202603,1978,1952
영등포구,270. 증권거래소후문교차로,202603,1135,1127
영등포구,271. 샛강생태공원방문자센터 앞,202603,429,302
영등포구,272. 당산육갑문,202603,4428,4980
영등포구,275. 신동아아파트,202603,2638,2758
영등포구,276. 영등포로터리2,202603,841,868
영등포구,278. 쌍용플레티넘오피스텔,202603,2075,1958
영등포구,279. 영등포 푸르지오 아파트 B,202603,1773,1467
영등포구,280. 양평동6차현대아파트 앞,202603,2807,2618
영등포구,281. 대림신동아아파트 앞,202603,937,905
영등포구,282. 신한은행 대림동지점,202603,609,731
영등포구,283. 아크로타워 스퀘어(영등포시장),202603,2469,2204
영등포구,284. 센트럴 푸르지오 시티 앞,202603,2023,1882
영등포구,285. 콤텍시스템 앞,202603,692,833
영등포구,286. 우성아파트 교차로,202603,823,857
영등포구,287. 영등포전화국사거리 (서강어린이공원),202603,1760,1661
영등포구,288. 쌍용예가(구청별관),202603,1346,1353
영등포구,289. 대림3동사거리,202603,1031,1053
영등포구,290. 새말소공원,202603,2440,2202
영등포구,291. 문래동 하이테크 시티,202603,2305,2397
영등포구,292. 영일 어린이공원,202603,1326,1222
영등포구,293. 충북 미래관,202603,1731,1519
영등포구,295.영등포공원 분수대 앞,202603,267,241
영등포구,296.KT플라자 영등포점,202603,2123,2049
영등포구,297.국회3문,202603,163,150
영등포구,298.KBS 연구동 건너편,202603,614,484
영등포구,299.여의도 순복음교회,202603,473,473
영등포구,3201.당산skv1센터,202603,1435,1379
영등포구,3202.당산롯데캐슬프레스티지,202603,2559,2625
영등포구,3203.도림동배드민턴체육관,202603,1015,983
영등포구,3204.도림고가도로 밑,202603,232,150
영등포구,3205.문래현대2차,202603,1922,1790
영등포구,3206.문래동 주민센터,202603,1121,1029
영등포구,3207.양남사거리1,202603,799,637
영등포구,3211.신길 래미안 프레비뉴,202603,609,574
영등포구,3212.신풍역 6번출구,202603,838,942
영등포구,3214.영등포 푸르지오 아파트 A,202603,1760,1479
영등포구,3215.강변삼성래미안,202603,1377,1036
영등포구,3219.영등포역 1번출구,202603,3017,3618
영등포구,3220.래미안에스티움 앞 (신풍로),202603,769,829
영등포구,3221.서울특별시 남부교육지원청,202603,818,874
영등포구,4552. 코레일유통본사,202603,623,612
영등포구,4553. 당산삼성2차아파트,202603,2189,2122
영등포구,4555. 대림우성2차아파트,202603,390,450
영등포구,4556. 리버뷰신안인스빌1차 후문,202603,1278,1346
영등포구,4557. 리버뷰신안인스빌2차 후문,202603,1358,1343
영등포구,4558. 대영중고 후문,202603,817,909
영등포구,4559. 신길역 2번출구,202603,1744,1263
영등포구,4560. 양평동성원아파트,202603,1075,1135
영등포구,4561. 양평역 1번출구,202603,3547,3553
영등포구,4563. 여의도 은하아파트,202603,612,637
영등포구,4564. 63스퀘어,202603,2255,2238
영등포구,4565. 영등포 신세계백화점,202603,4510,4492
영등포구,4566. 대림성원상떼빌아파트,202603,1419,1685
영등포구,4567. 한림대학교 강남성심병원 신관,202603,1168,1167
영등포구,4569. 힐스테이트클래시안아파트,202603,937,900
영등포구,4571. 문래동롯데캐슬아파트,202603,3512,3415
영등포구,4573. 두산위브아파트,202603,676,598
영등포구,4574. 영등포시장역 포레나영등포,202603,3584,3581
영등포구,4575. 대림동 e편한세상영등포아델포레,202603,1603,1635
영등포구,4576.보라매sk뷰 108동 앞,202603,715,790
영등포구,4578.보라매sk뷰,202603,412,331
영등포구,4579. 국회의사당 본관,202603,490,255
영등포구,4580. 국회제2의원회관,202603,599,601
영등포구,4581. 국회소통관,202603,346,337
영등포구,4582. 국회도서관,202603,527,537
영등포구,4583. 의정관,202603,227,215
영등포구,4584. 국회2문,202603,167,114
영등포구,4585. 국회6문,202603,365,357
영등포구,4588.양남사거리2,202603,1008,934
영등포구,4589. KRX한국거래소(1),202603,1037,1032
영등포구,4591. 신길자이아파트,202603,914,111
영등포구,4592. 신길우성4차아파트,202603,1134,1371
영등포구,4594. 양평교 영등포대여소,202603,1847,1901
영등포구,4598. 오목교 동측 지하보도,202603,1656,1616
영등포구,4599. 대림우성아파트 사거리,202603,387,361
영등포구,4600. 서울 영등포구 우체국,202603,1853,1812
영등포구,4601.양평역2번출구 뒤,202603,1016,890
영등포구,5851. 도림천 건널목 위,202603,1608,1414
영등포구,5852. 대림동현대2차 201동 앞,202603,213,186
영등포구,5853. 여의도역2번출구 앞,202603,1563,1540
영등포구,5857. U레지던스 앞,202603,730,828
영등포구,5858. 영등포역5번출구,202603,3925,4520
영등포구,5859. 여의도 삼부아파트,202603,1639,1665
영등포구,5860. 어울림병원 앞,202603,789,893
영등포구,5861. 보라주유소 앞,202603,531,536
영등포구,5862. 당산역11번출구,202603,2810,2924
영등포구,5864.장훈고 앞,202603,562,673
영등포구,5865.더리브오피스텔 앞,202603,1965,1696
영등포구,5866.포레나 당산,202603,2382,2301
영등포구,5867. H타워 앞,202603,2775,2525
영등포구,5868. 로프트시티오피스텔,202603,1652,1725
영등포구,5869. 영등포아트홀 앞,202603,1042,1030
영등포구,5870. LG트윈타워 앞,202603,2678,2577
영등포구,5871. 건영상가 앞,202603,447,473
영등포구,5872. 서경팰리스 앞,202603,839,925
영등포구,5876. 에이스하이테크시티 4동 앞,202603,737,766
영등포구,5877. 문래동 꽃밭정원,202603,828,744
영등포구,5878. 우리은행 앞,202603,2328,2362
영등포구,5879. 국회도서관 2문 앞,202603,279,239
영등포구,5880. 국회박물관,202603,109,83
영등포구,5881. 세계청소년NGO교육문화원,202603,1607,1594
영등포구,5882. 휴젠느,202603,2854,2733
영등포구,5883. 영문초사거리,202603,2295,2334
영등포구,5884. GS강서타워,202603,1922,2074
영등포구,5885. 신정교하부(도림천역 방면),202603,1294,931
영등포구,5886.신풍역 2번출구,202603,1743,1781
영등포구,5887.나루마을 마당공원,202603,2313,2168
영등포구,5888.여의도성당,202603,135,86
영등포구,5889.의원회관출입구 앞,202603,278,200
영등포구,5890.여의나루역 3번출구,202603,1962,1896
영등포구,5891.한강버스 여의도 선착장,202603,5999,5531
영등포구,5892.국회의사당본관 좌측,202603,277,272
영등포구,5893.한국산업은행,202603,1554,1549
영등포구,5894.영등포세무서,202603,1076,1059
영등포구,5895.생각공장당산,202603,1530,1565
영등포구,5896.영등포구청역 6번출구,202603,1570,1402
용산구,4603. 한강GS에클라트 건너편 교통섬,202603,617,590
용산구,4604. 원효로다목적체육관 앞,202603,372,354
용산구,4607. 국립중앙박물관 -용산가족공원 앞,202603,271,204
용산구,4608. 국립중앙박물관 정문 앞,202603,269,159
용산구,4609. 파크타워 104동 앞,202603,268,293
용산구,4610. 한남나인원 105동 앞,202603,267,328
용산구,4611. 국제루터교회 앞,202603,171,154
용산구,4612. 이태원로 255,202603,90,56
용산구,4613. 서울갤러리아 앞,202603,178,149
용산구,4615. 크라운호텔앞 버스정류소,202603,421,432
용산구,4616. 신용산지하차도 앞,202603,598,747
용산구,4617. 동원베네스트 건너편,202603,146,161
용산구,4618. 풍전아파트 건너편,202603,812,827
용산구,4619. 한강트럼프월드3차 앞,202603,1179,1191
용산구,4620. 삼각지역 14번 출구 앞(교통섬),202603,860,902
용산구,4621. 남산도서관 앞,202603,502,134
용산구,4622. 한강중학교 앞 버스정류장,202603,320,314
용산구,4623. 라인프랜즈이태원점 앞,202603,187,66
용산구,4625. 용산공원갤러리앞,202603,273,228
용산구,4627. 효창공원앞역 5번출구 옆,202603,335,312
용산구,4629. 한강초교보도육교 앞,202603,737,967
용산구,4632. 용산 푸르지오 파크타운 1단지 앞,202603,295,155
용산구,4633. 센트럴파크타워 앞,202603,1274,1575
용산구,4634. 이태원역 3번 출구,202603,317,289
용산구,4636. 용산구꿈나무종합타운 앞,202603,650,705
용산구,4637. 용산시티파크 101동 앞,202603,328,343
용산구,4638. 청파동삼거리 앞,202603,601,670
용산구,4639. 동빙고근린공원,202603,570,628
용산구,4640. 원효로2가 교차로,202603,673,885
용산구,4641. 아메리칸센터,202603,404,395
용산구,4642. 용산더프라임아파트 101동 앞,202603,329,304
용산구,4643. 한가람아파트 앞,202603,881,979
용산구,800. 목월공원 앞,202603,756,693
용산구,802. 한강진역 2번 출구 앞,202603,354,122
용산구,805. 문배어린이공원 앞,202603,765,781
용산구,806. 전자랜드 본관 앞,202603,855,827
용산구,807. 서울역 12번 출구 앞,202603,808,841
용산구,808. 서빙고동 금호맨션 앞,202603,318,322
용산구,809. 한남 유수지 복개주차장,202603,569,566
용산구,810. 이태원지하보도,202603,442,446
용산구,811. 녹사평역1번출구,202603,677,189
용산구,813. 삼각지역 3번출구,202603,622,707
용산구,815. LIG강촌아파트 103동앞,202603,1007,1105
용산구,816. 신용산역 6번출구 앞,202603,1306,1571
용산구,817. 삼각지역 4번출구 앞,202603,651,655
용산구,818. 숙명여대 입구 교차로,202603,1146,1277
용산구,819. 선린인터넷 고등학교,202603,988,1027
용산구,820. 청파동입구 교차로,202603,557,570
용산구,822. 이촌1동 마을공원,202603,389,386
용산구,823. 효창동주민센터 앞,202603,295,214
용산구,825. 서빙고동 주민센터 앞,202603,1507,1852
용산구,827. 국군복지단,202603,271,184
용산구,828. 숙대입구역 8번,202603,755,962
용산구,829. 한강대교 북단 교차로,202603,1597,1446
용산구,830. 강변삼성스위트아파트 앞,202603,243,213
용산구,832. 이촌1동 주민센터 뒤,202603,484,482
용산구,834. 효창공원앞역 3번출구 앞,202603,1113,1176
용산구,835. 남영역 건너편,202603,808,851
용산구,836. 현대자동차서비스 앞,202603,754,723
용산구,837. 한남나들목 입구,202603,804,826
용산구,838. 숙대입구역 4번출구,202603,1044,1189
용산구,839. 보광동 삼성리버빌아파트 앞,202603,511,490
용산구,840. 용산 파크타워 앞,202603,405,407
용산구,841. 신용산역 1번 출구,202603,1273,1365
용산구,843. 이태원관광특구 입구(용산구청방향),202603,372,220
용산구,844. 이촌2동 동원베네스트 아파트 앞,202603,958,1075
용산구,845. 용산 선인상가,202603,470,483
용산구,846. 용산중학교,202603,993,970
용산구,848. 삼각지12번 출구,202603,501,545
용산구,849. 삼각지 자이아파트,202603,960,968
용산구,850.KCC용산웰츠(WELLTZ)타워,202603,344,339
용산구,851.효창 푸르지오 앞,202603,365,168
용산구,852. 청암자이아파트 앞,202603,804,577
용산구,853.용산역 맞은편,202603,2644,2779
용산구,854.HID 유족동지회 앞,202603,132,70
용산구,855.이촌역5번출구 앞,202603,161,137
용산구,857. 현대 안성타워,202603,248,93
용산구,858.녹사평역3번 출구,202603,225,139
용산구,859.남산공원 야외식물원 앞,202603,91,39
용산구,860.LG한강 자이아파트 앞,202603,1000,1019
용산구,863.이촌역2번 출구,202603,417,428
용산구,864.순천향대학병원(한남오거리),202603,511,534
용산구,866.브라운스톤 남산아파트,202603,544,332
용산구,867.서빙고역 광장(1번출구),202603,319,348
용산구,869.노들섬 동측 앞,202603,477,478
용산구,870.노들섬 서측 앞,202603,1102,1083
은평구,4652. 신사두산위브2차아파트 앞,202603,990,736
은평구,4653. 불광역 9번 출구 맞은편,202603,721,711
은평구,4657. 본 서부병원 교차로 사거리,202603,1141,1164
은평구,4658. 녹번역1번출구앞,202603,377,270
은평구,4659. 신진과학기술고등학교 버스정류장(응암시장 방면),202603,777,847
은평구,"4663. 불광역3,6호선 버스정류장(동명여고 방면)",202603,576,583
은평구,4665. 응암역3번 출구(서부경찰서 방면),202603,263,271
은평구,4667. 폭포동입구 교차로,202603,256,207
은평구,4668. 기자촌사거리 B,202603,244,67
은평구,4671. 청구성심병원 앞,202603,544,523
은평구,4672. 준빌딩 앞,202603,142,144
은평구,4674. 녹번역e편한세상 캐슬 정문 앞,202603,748,698
은평구,4676. 갈현1동 주민센터,202603,220,222
은평구,4677. 백련산 SK뷰 아이파크 해모로 아파트 앞,202603,912,976
은평구,4678. 백련산로 녹번센트레빌 ,202603,527,415
은평구,4681.박석고개(은평소방서) 앞,202603,123,120
은평구,4683. 은평 성모병원 사거리,202603,490,446
은평구,4684. 응암2동주민센터 버스정류장(영락중학교 방면),202603,400,110
은평구,4685. DMC역 5번 출구(수색역 방향),202603,1398,1398
은평구,4686. 우물골 근린공원,202603,382,399
은평구,4687. 역촌센트레빌아파트 101동 앞,202603,487,131
은평구,4689. 은평서해그랑블아파트앞,202603,725,402
은평구,4690.은평뉴타운폭포동 힐스테이트4단지,202603,91,63
은평구,4693. 수색감리교회,202603,1374,1491
은평구,900. 은평예술회관,202603,553,561
은평구,902. 진관동 은빛초등학교,202603,392,397
은평구,903. 은평뉴타운 아이파크,202603,559,566
은평구,904. 은평뉴타운 푸르지오,202603,496,530
은평구,905. 구파발역 2번출구,202603,1693,1931
은평구,906. 연신내역 5번출구,202603,1826,2117
은평구,907. CJ 드림시티,202603,2520,3297
은평구,908. 구산역 4번출구,202603,789,751
은평구,909. 백련산 힐스테이트 3차,202603,600,214
은평구,911. 은평평화공원(역촌역4번출구),202603,1502,1445
은평구,912. 응암오거리,202603,1596,1897
은평구,913. 이마트 버스정류장(서부경찰서 방면),202603,1527,1534
은평구,914. 새절역 2번출구,202603,2147,2370
은평구,915. 증산역 4번출구,202603,1161,1270
은평구,916. 평생학습관 앞,202603,849,977
은평구,917. 녹번역 3번출구,202603,1153,1130
은평구,919. 서울혁신파크,202603,412,414
은평구,921. 신도고등학교,202603,89,67
은평구,922. 연신내역 4번출구,202603,401,401
은평구,923. 국민은행 연서지점,202603,399,385
은평구,925. 불광역 2번출구,202603,691,671
은평구,927. 연신내역 3번출구 인근,202603,309,327
은평구,928. 은평역사한옥박물관,202603,224,109
은평구,930. 구 서부경찰서 건너편,202603,682,716
은평구,931. 역촌파출소,202603,2662,2883
은평구,932. 예일여중,202603,827,887
은평구,933. 역촌종합시장 버스정류장(예일여고 방면),202603,1219,1543
은평구,937. 상림마을 롯데캐슬2단지 옆,202603,77,76
은평구,938. 금암 문화공원,202603,140,157
은평구,939. 은평구청 교차로,202603,572,576
은평구,941. 은평뉴타운 도서관,202603,407,175
은평구,942. 상림마을 생태공원,202603,318,276
은평구,943. 은평구청 보건소,202603,1386,1526
은평구,945. 기자촌 사거리 A,202603,105,56
은평구,946. 독바위역 ,202603,384,363
은평구,947. 연신내 선일하이츠빌 정류소,202603,178,178
은평구,948. 디지털미디어 시티역 4번출구(DMC역),202603,770,754
은평구,949. 연신내역 1번 출구 ,202603,974,1218
은평구,950. 구산역 2번 출구 예일여고 버스정류장,202603,611,836
은평구,952. 서울연신중학교,202603,482,365
은평구,953. 서울연신초등학교,202603,331,267
은평구,954. 은평뉴타운구파발9단지,202603,513,552
은평구,956. 응암시장교차로,202603,1663,2137
은평구,958. 본 서부병원 버스정류장(은평 세무서 방면),202603,848,945
은평구,959. 구파발10단지 인근,202603,369,388
은평구,960. 구파발역 환승센터,202603,588,824
은평구,962. 은평뉴타운엘크루 앞,202603,759,775
은평구,963. 불광롯데캐슬아파트 앞,202603,399,377
은평구,964. 북한산힐스테이트 7차아파트,202603,347,273
은평구,965. 서울특별시 은평병원,202603,521,108
은평구,966. 서울혁신파크1,202603,93,91
은평구,967. 서울혁신파크2,202603,191,194
은평구,968. 은평뉴타운 상림마을 13단지,202603,116,85
은평구,969. 은평 지웰테라스,202603,100,85
은평구,971. 역촌 센트레빌 아파트,202603,668,134
은평구,973.제각말푸르지오 5-1단지 아파트,202603,117,72
은평구,974.연신초등학교옆 마을마당,202603,139,123
은평구,975.백련산 힐스테이트상가앞,202603,481,85
은평구,976.진관고등학교앞,202603,483,501
은평구,977.신도중학교앞,202603,175,44
은평구,978.녹번 힐스테이트상가앞,202603,348,204
은평구,979.원풍빌라앞,202603,701,576
은평구,982. 녹번초등학교(서오릉로),202603,563,563
은평구,984.상신초등학교앞 버스정류장,202603,830,779
은평구,985. 은평세무서 버스정류장(은평구청 방면),202603,892,948
은평구,989. 신응교(가좌로) 앞,202603,1055,1467
은평구,991.흥국사 정류장,202603,76,77
은평구,992.북한산입구 정류장,202603,153,147
은평구,993.은평뉴타운 은뜨락아파트앞,202603,455,153
은평구,994.북한산생태공원입구(교통섬),202603,211,154
은평구,995.은평다목적체육관,202603,376,324
은평구,996.응암역2번출구 국민은행 앞,202603,2754,3979
종로구,301. 경복궁역 7번출구 앞,202603,408,327
종로구,302. 경복궁역 6번출구 뒤,202603,1790,1709
종로구,303. 광화문역 1번출구 앞,202603,2019,1927
종로구,305. 종로구청 옆,202603,1834,1771
종로구,307. 서울역사박물관 앞,202603,703,691
종로구,308. 광화문 S타워 앞,202603,1665,1676
종로구,309. 광화문역 6번출구 옆 B,202603,387,354
종로구,314. 국립현대미술관,202603,1056,1073
종로구,316. 종각역 1번출구 앞,202603,1485,1510
종로구,326. 안국역 5번출구 앞,202603,971,783
종로구,327. 낙원상가 옆,202603,856,874
종로구,328. 탑골공원 앞,202603,525,489
종로구,329. 청계2가 사거리 옆,202603,1070,1053
종로구,334. 종로3가역 2번출구 뒤,202603,1039,1018
종로구,335. 종로3가역 15번출구 뒤,202603,1028,1015
종로구,337. 창경궁 입구,202603,621,646
종로구,338. 세운스퀘어 앞,202603,464,461
종로구,339. 종로4가 사거리,202603,1096,1051
종로구,340. 혜화동 로터리,202603,902,883
종로구,3401.창신두산아파트,202603,123,120
종로구,3402.이화공영주차장,202603,305,301
종로구,3404.서울특별시 중부교육지원청,202603,123,118
종로구,3405.파크팰리스,202603,730,662
종로구,3407.안국동사거리(신),202603,1153,1149
종로구,3408.종로타워빌딩,202603,905,921
종로구,341. 혜화역 3번출구 뒤,202603,758,720
종로구,3410.종로3가역 8번출구,202603,2302,2293
종로구,3411.종묘,202603,1015,983
종로구,3412.세운상가,202603,573,578
종로구,3413.종로플레이스,202603,2132,2173
종로구,3414.종로5가역 4번출구,202603,1085,1170
종로구,3415.동대문역6번출구,202603,1086,1225
종로구,3416.동묘앞역 6번출구,202603,1601,1704
종로구,3417.창신3동주민센터,202603,633,627
종로구,3418.창신역2번 출구,202603,159,82
종로구,3419.국립어린이과학관,202603,339,335
종로구,342. 대학로 마로니에공원,202603,1828,1814
종로구,3420. 성균관대입구 사거리 B,202603,645,637
종로구,3421.혜화역 1번출구,202603,1453,1478
종로구,3422.성균관대 정문,202603,1344,1185
종로구,3425.광화문 풍림스페이스본 1단지앞,202603,633,357
종로구,3426.독립문역 2번출구 뒤,202603,353,235
종로구,3427.인왕산 아이파크 정문,202603,277,174
종로구,3428.서울미술관,202603,157,65
종로구,3429.HW컨벤션센터 앞,202603,128,37
종로구,343. 힐스테이트창경궁 아파트 앞,202603,1188,874
종로구,3431.로제우스 레포츠센터,202603,186,66
종로구,3432.종로2가 사거리,202603,881,808
종로구,344. 성균관대 E하우스 앞,202603,696,697
종로구,345. 서울보증보험본사 앞,202603,1163,1191
종로구,348. 독립문역 사거리,202603,822,589
종로구,349. 어린이도서관,202603,470,452
종로구,351. 청운초교 앞 삼거리,202603,315,311
종로구,352. 중앙고입구 삼거리,202603,283,125
종로구,353. 재동초교 앞 삼거리,202603,769,758
종로구,354. 포르투갈 대사관 앞,202603,904,569
종로구,355. 서울사대부설초등학교 앞,202603,1042,1127
종로구,356. KT혜화지사 앞,202603,961,943
종로구,358. 성균관대입구 사거리 A,202603,609,606
종로구,359. 원남동사거리,202603,892,992
종로구,361. 동묘앞역 1번출구 뒤,202603,2190,2449
종로구,362. 청계8가사거리 A,202603,1786,1797
종로구,363. 신설동역 11번출구 뒤,202603,1505,1472
종로구,364. 창신역 1번출구 앞,202603,387,324
종로구,367. 독립문역 3-1번출구 ,202603,1065,764
종로구,368. SK 서린빌딩 앞,202603,1150,1226
종로구,385. 종각역 5번출구,202603,1226,1258
종로구,388. 동성중학교 앞,202603,324,322
종로구,393. 동대문역 8번 출구,202603,1788,1887
종로구,394. 경희궁 자이 3단지,202603,690,720
종로구,395. 경희궁 자이 2단지,202603,757,765
종로구,397. 종묘공영주차장 건너편,202603,265,266
종로구,446. 상명대입구,202603,344,294
종로구,447. 신영동삼거리,202603,81,66
종로구,449. 일성아파트,202603,165,57
종로구,450. 효자동 삼거리,202603,673,484
종로구,451. 청와대앞길,202603,206,118
종로구,452. 동대문 종합시장 버스정류장,202603,610,647
종로구,453. 종로오가 지하쇼핑센터 14번출구,202603,1098,1143
종로구,454. 종로2가 버스정류장 (종각방향),202603,775,760
종로구,455. 종로6가역 버스정류장(동대문 방향),202603,1172,1235
종로구,456. 숭인2동 주민센터 입구,202603,1048,1257
종로구,457. 종로꽃시장 입구 옆,202603,916,1006
종로구,458. 광화문역 5번출구,202603,1962,1853
종로구,461. 서울경찰청,202603,624,586
종로구,464. 삼청동 골목,202603,698,663
종로구,465. 삼청공원 앞,202603,156,59
종로구,4703. 쌍용아파트2단지 정문,202603,420,21
종로구,4705. 웰니스센터(민방위교육장 앞),202603,1266,1241
종로구,4707. 청계3가 사거리,202603,849,793
종로구,4708. 조계사앞사거리,202603,986,1032
종로구,4710. 자교교회 앞,202603,617,624
종로구,4711. 올림픽기념 국민생활관 로터리,202603,916,919
종로구,4713. 현대 뜨레비앙 아파트 앞,202603,1125,1117
종로구,4715. 돈의문 박물관 마을,202603,325,290
종로구,4718. 광화문역 6번출구 옆 A,202603,749,747
종로구,4719. 종로문화원 건너편,202603,862,804
종로구,4721. 통인시장 정자,202603,1012,1002
종로구,486. 평창동주민센터 앞,202603,97,69
중구,300. 정동사거리,202603,709,715
중구,3013.서울지방고용노동청 앞,202603,1072,1179
중구,310. 청계광장 옆,202603,1117,1053
중구,318. 광교사거리 남측,202603,749,762
중구,320. 을지로입구역 4번출구 앞,202603,1153,1145
중구,321. KEB 하나금융그룹 명동사옥 옆,202603,868,859
중구,322. 명동성당 앞,202603,637,609
중구,324. 신세계백화점 본점 앞,202603,534,577
중구,331. 을지로2가 사거리 북측,202603,861,878
중구,332. 을지로2가 사거리 남측,202603,775,774
중구,336. 충무로역 6번출구 앞,202603,1227,1097
중구,346. 맥스타일 앞,202603,745,865
중구,347. 동대문역사문화공원역 9번출구 앞,202603,567,499
중구,370. 시청역(2호선) 9번출구 뒤,202603,1282,1202
중구,371. 동대입구역 6번출구 뒤,202603,438,433
중구,372. 약수역 3번출구 뒤,202603,525,512
중구,374. 신당동주민센터앞,202603,904,955
중구,379. 서울역9번출구,202603,679,663
중구,380. CJ제일제당 앞,202603,1130,1229
중구,381. 장충체육관,202603,89,49
중구,382. 약수역 10번출구 앞,202603,249,252
중구,383. 신당역 12번 출구 뒤,202603,1952,1970
중구,384. 중림동삼거리,202603,333,329
중구,387. 훈련원공원주차장 앞,202603,691,697
중구,389. 을지로4가역 1번출구,202603,858,844
중구,390. 충무로역 1번출구,202603,721,607
중구,391. 시립미술관,202603,616,628
중구,398. 을지로3가역 3번출구,202603,1466,1411
중구,399. 서울역 센트럴 자이아파트,202603,739,468
중구,428. 명보사거리,202603,523,493
중구,429. 송도병원,202603,81,34
중구,430. 장충동먹자골목 앞,202603,570,676
중구,431. 청계천 영도교,202603,2839,2735
중구,433. 을지로입구역 2번출구,202603,1326,1297
중구,434. 신당 래미안 버스정류장,202603,477,20
중구,435. SK 남산빌딩,202603,276,254
중구,441.염천교사거리,202603,608,608
중구,442.서울역 서부,202603,263,243
중구,443.호암아트홀,202603,162,157
중구,445.대한상공회의소,202603,722,683
중구,466.롯데호텔,202603,275,249
중구,467.한국은행,202603,348,388
중구,468.웨스틴 조선호텔,202603,296,322
중구,469.회현역 1번출구,202603,444,444
중구,470.회현역 7번출구,202603,219,204
중구,471.회현사거리 남측,202603,397,396
중구,472.삼일교(시그니쳐 타워),202603,879,872
중구,473.을지로4가역 9번출구,202603,1540,1449
중구,474.동대문역사문화공원역 1번출구 뒤편,202603,1788,1528
중구,475.DDP 패션몰,202603,1031,913
중구,4752. 삼성사이버빌리지아파트,202603,370,190
중구,4753. 시청역 10번출구,202603,352,321
중구,476.광희문,202603,575,544
중구,4760. 서울역 7번출구,202603,145,139
중구,4761. 중부경찰서앞사거리 건너편,202603,264,241
중구,4762. 국제빌딩,202603,279,265
중구,4765. 동대문디자인플라자,202603,1490,1489
중구,4766. 서소문성지역사박물관,202603,366,304
중구,477.앰배서더 호텔 주변,202603,392,181
중구,4772. 중앙일보,202603,73,43
중구,4774. 을지로입구역 8번출구,202603,388,386
중구,4775. 을지로지하쇼핑센터,202603,508,483
중구,4776. 신세계면세점,202603,284,266
중구,4777. 약수동 주민센터,202603,58,55
중구,4781. 브라운스위트레지던스,202603,223,216
중구,4782. 서소문역사공원,202603,124,118
중구,4784. 중부경찰서앞 사거리,202603,416,391
중구,4785. 롯데시티호텔,202603,421,414
중구,479.동대입구역 3번 출구,202603,286,313
중구,4791. 명동역9번 출구,202603,726,694
중구,4792. 퇴계로4가 교차로(중구청),202603,1188,1150
중구,4793. 동대문역사문화공원역 5번출구,202603,842,799
중구,4794. 서울역 서부교차로(3),202603,1042,1103
중구,4796. 서울시청,202603,1136,1090
중구,4797. KG타워 앞,202603,462,494
중구,4798. 황학동롯데캐슬,202603,1737,1809
중구,480.약수역 6번 출구,202603,310,319
중구,4800. 필동 삼거리,202603,689,689
중구,4801. 충정로역 2호선(엘리베이터 앞),202603,5,0
중구,483.남산타운아파트 버스정류장,202603,206,90
중구,485.서울역5번출구,202603,699,718
중구,6053. 중부세무서 앞,202603,303,229
중구,6054.청구e편한세상아파트 113동 앞,202603,914,964
중구,6055. 한국경제,202603,417,414
중구,6057. 을지로5가(방산시장),202603,548,581
중구,6058. 시청역 2번출구,202603,2216,2146
중구,6059. 덕수중학교,202603,486,386
중구,6060. 신한은행 본점,202603,1023,1038
중구,6061.충무아트센터,202603,1010,1102
중구,6062.서울역파출소,202603,399,428
중구,6063.NH농협은행(신당역6번출구),202603,550,572
중구,826. 서울역 서부교차로2,202603,961,1031
중랑구,1401. 극동늘푸른아파트,202603,963,1208
중랑구,1402. 금란주차장 앞,202603,671,676
중랑구,1403. 중화빌딩 앞 (동부시장),202603,653,678
중랑구,1404. 동일로 지하차도,202603,970,956
중랑구,1405. 망우역 1번출구,202603,513,508
중랑구,1407. 먹골역 1번출구 뒤,202603,841,948
중랑구,1408. 먹골역 6번출구 앞,202603,792,911
중랑구,1410. 면목 대원칸타빌아파트,202603,227,74
중랑구,1411. 상봉시장앞 교차로 한성빌딩 앞,202603,846,848
중랑구,1414. 사가정역 2번출구,202603,1942,2130
중랑구,1416. 상봉역 3번출구,202603,1454,1545
중랑구,1418. 새솔초등학교,202603,121,53
중랑구,1420. 신내어울공원 앞,202603,522,573
중랑구,1421. 신내역 4번출구,202603,505,451
중랑구,1422. 신내우디안아파트 1단지,202603,186,76
중랑구,1424. 양원역 2번출구,202603,199,187
중랑구,1425. 신성미소지움아파트,202603,718,422
중랑구,1426. 면목도시개발아파트 1동 앞,202603,402,111
중랑구,1427. 용마산역 1번출구,202603,282,144
중랑구,1428. 원묵고등학교,202603,853,446
중랑구,1429. 장안중학교,202603,512,686
중랑구,1430. 중랑구청,202603,840,450
중랑구,1431. 중랑구청 사거리,202603,824,555
중랑구,1433. 중화역 2번출구,202603,1039,1222
중랑구,1435. 능산삼거리,202603,127,105
중랑구,1436. 동원베네스트 건물 앞,202603,421,197
중랑구,1437. 늘푸른공원 앞,202603,632,823
중랑구,1438. 홈플러스 신내점 앞,202603,1371,1584
중랑구,1440. 면목2동 사거리,202603,996,1137
중랑구,1441. 신내능말공원,202603,507,280
중랑구,1442. 중랑구청 중화동 별관 앞,202603,1689,1762
중랑구,1444. 면목4치안센터,202603,929,1287
중랑구,1445. 용마지구대 A,202603,175,195
중랑구,1446. 중랑전화국 교차로,202603,1330,1488
중랑구,1447. 면목역 3번출구,202603,1865,2148
중랑구,1448. 코스트코 상봉점,202603,1651,1717
중랑구,1449. 상봉역 1번출구,202603,1973,1983
중랑구,1450. 화랑대역 7번출구,202603,1188,1293
중랑구,1451. 중랑세무서,202603,2156,2398
중랑구,1452. 겸재교 진입부,202603,1705,2049
중랑구,1453. 중랑캠핑숲,202603,123,92
중랑구,1454. 한국전력공사(동대문 중랑지사),202603,631,642
중랑구,1455. 상봉역 2번 출구,202603,1741,1895
중랑구,1456. 상아빌딩(우림시장 교차로),202603,1024,1036
중랑구,1457. 동원사거리,202603,570,448
중랑구,1458. 상봉터미널2,202603,1402,1418
중랑구,1459. 용마한신아파트사거리,202603,135,131
중랑구,1461.동양엔파트 앞,202603,860,902
중랑구,1462.동부시장 북문 앞,202603,1536,1670
중랑구,1463.중랑구민회관,202603,75,123
중랑구,1464.중화역 4번출구,202603,637,772
중랑구,1466.두산대림아파트 삼거리,202603,123,180
중랑구,1467.sk신내 주유소앞(용마산로),202603,159,203
중랑구,1468.먹골역 7번 출구,202603,684,739
중랑구,1469.먹골역 4번출구,202603,598,675
중랑구,1470.중화동 우리은행 앞,202603,816,875
중랑구,1471.동양쇼핑 정류소 앞,202603,1232,1447
중랑구,1472.영성빌딩(PAT),202603,538,614
중랑구,1473.중랑역 1번 출구(중화문화복지센터),202603,955,1117
중랑구,1474.서울중랑우체국,202603,587,542
중랑구,1477.면목삼익아파트 앞,202603,279,273
중랑구,1478.홈플러스 상봉점 앞,202603,1115,1114
중랑구,1479.면목 홈플러스 2 ,202603,358,363
중랑구,1480. 용마지구대 B,202603,421,466
중랑구,4802. 새우개마을,202603,211,257
중랑구,4803. 상봉2동 주민센터 앞,202603,804,814
중랑구,4804. 동서울농협 앞,202603,1166,1244
중랑구,4807. 라코지스테이 앞,202603,414,391
중랑구,4808. 신내2동 주민센터 앞,202603,558,453
중랑구,"4809. 동성1,2차 아파트 앞",202603,635,492
중랑구,4811. 한양수자인아파트 앞,202603,558,202
중랑구,4812. 묵동 이마트 앞,202603,1178,1219
중랑구,4813. 망우지구대,202603,1262,1458
중랑구,4815. 중랑데시앙플렉스 앞,202603,347,353
중랑구,4819. 면목동 새싹어린이공원 앞,202603,935,1024
중랑구,4820. 망우역 2번 출구,202603,1338,1416
중랑구,4823. 방정환교육지원센터 옆,202603,890,881
중랑구,4824. 상봉신협 앞,202603,1205,1248
중랑구,4825. 신내동 벽산아파트 후문 앞,202603,792,546
중랑구,4826. 홈플러스 면목점,202603,695,802
중랑구,4827. 신내SK V1센터 앞,202603,221,138
중랑구,4828. 신내동 한살림 중랑지구 앞,202603,775,814
중랑구,4829. 신내동 한살림 중랑지구 건너편,202603,330,298
중랑구,4830. 신내 우디안 111동 앞,202603,272,147
중랑구,4834. 용마복지센터 앞,202603,422,173
중랑구,4835. 망우동 본죽 앞,202603,652,621
중랑구,4836. 양원역 1번 출구,202603,395,418
중랑구,4837. 양원지구 힐데스하임 앞,202603,354,264
중랑구,4838.동원사거리 행복오피스텔 앞,202603,454,301
중랑구,4840. 서울시 북부병원 앞,202603,328,339
중랑구,4841. 중화수경공원,202603,1501,1590
중랑구,4842. 면목라온프라이빗 아파트,202603,626,608
중랑구,4843. 봉화산역 4번 출구,202603,750,898
중랑구,4845. 신내역금강펜테리움센트럴파크,202603,161,136
중랑구,4846. 상봉동양엔파트 앞,202603,580,587
중랑구,4847. 신내역시티프라디움 앞,202603,584,545
강남구,2301. 현대고등학교 건너편,202604,699,691
강남구,2302. 교보타워 버스정류장(신논현역 3번출구 후면),202604,872,867
강남구,2303. 논현역 10번출구,202604,1165,855
강남구,2304. 대현그린타워,202604,401,132
강남구,2305. MCM 본사 직영점 앞,202604,410,403
강남구,2306. 압구정역 2번 출구 옆,202604,1926,1860
강남구,2307. 압구정 한양 3차 아파트,202604,1044,1024
강남구,2308. 압구정파출소 앞,202604,1026,1048
강남구,2309. 청담역(우리들병원 앞),202604,437,218
강남구,2310. 청담동 맥도날드 옆(위치),202604,336,346
강남구,2311. 학동로 래미안 아파트 앞,202604,474,178
강남구,2312. 청담역 13번 출구 앞,202604,500,472
강남구,2313. 금원빌딩 앞,202604,629,632
강남구,2315. 봉은사역 5번출구 옆,202604,1331,1357
강남구,2317. 삼성도로공원,202604,783,787
강남구,2318. 삼성중앙역4번출구(문화센터더 리빌),202604,287,181
강남구,2319. 포스코사거리 서측(수협 삼성동 지점),202604,684,659
강남구,2320. 도곡역 대치지구대 방향,202604,758,867
강남구,2321. 학여울역 사거리,202604,413,411
강남구,2324. 천주교 대치 2동 교회 옆,202604,926,920
강남구,2325. 대치삼성아파트 앞 교차로,202604,710,698
강남구,2326. 대치동 삼성로,202604,466,334
강남구,2327. 뱅뱅사거리 랜드마크타워 앞,202604,1340,1556
강남구,2328. 르네상스 호텔 사거리 역삼지하보도 7번출구 앞,202604,790,689
강남구,2329. 르네상스호텔사거리 역삼지하보도 2번출구,202604,381,376
강남구,2330. 역삼월드메르디앙아파트 앞,202604,703,687
강남구,2331. 동영문화센터앞,202604,583,524
강남구,2332. 선릉역3번출구,202604,1592,1586
강남구,2333. 양재역 3번출구 주변,202604,1321,708
강남구,2334. 삼호아파트 2동 ( 간선도로),202604,195,181
강남구,2335. 3호선 매봉역 3번출구앞,202604,2174,2372
강남구,2336. 강남세브란스교차로  래미안그레이튼 104동 앞,202604,539,538
강남구,2337. 대모산입구역 2번출구 앞,202604,533,443
강남구,2339. 현대아파트 정문 앞,202604,620,614
강남구,2340. 삼호물산버스정류장(23370) 옆,202604,2517,2736
강남구,2341. 일원역 4~5번 출구 사이,202604,625,410
강남구,2342. 대청역 1번출구  뒤,202604,1487,1397
강남구,2344. 리엔파크 2단지 앞,202604,587,622
강남구,2347. 두산건설 본사,202604,347,145
강남구,2348. 포스코사거리(기업은행),202604,1764,1956
강남구,2349. 역삼빌딩 앞(하나은행 옆),202604,578,294
강남구,2350. 래미안그레이튼102동앞,202604,237,231
강남구,2351. 청소년수련관(수영장)앞,202604,340,301
강남구,2352. 서울본부세관(건설회관 앞),202604,469,155
강남구,2353. 강남구청역 2번출구 뒤,202604,873,422
강남구,2354. 청담역 2번출구,202604,142,139
강남구,2356. 강남구청,202604,462,386
강남구,2357. 르네상스호텔사거리 역삼지하보도 3번출구 앞 (더 오번 빌딩 명동칼국수 앞),202604,517,361
강남구,2358. 구룡초사거리 (현대아파트10동 앞 ),202604,545,547
강남구,"2359. 국립국악중,고교 정문 맞은편",202604,1104,1175
강남구,2360. 도곡1동 주민센터 교차로,202604,646,651
강남구,2362. 신사동 가로수길 입구,202604,676,692
강남구,2363. 강남 을지병원 교차로,202604,327,302
강남구,2364. 도산공원교차로,202604,498,495
강남구,2365. K+ 타워 앞,202604,671,694
강남구,2368. 도곡동 경남아파트 건너편,202604,413,394
강남구,2369. KT선릉타워,202604,1241,1257
강남구,2370. 한티역 3번출구,202604,417,395
강남구,2371. 한국우편사업진흥원,202604,399,157
강남구,2372. 대치역 사거리,202604,1190,1438
강남구,2373. 개포동역 사거리,202604,398,388
강남구,2375. 수서역 1번출구 앞,202604,1370,1387
강남구,2376. 수서역 7번출구 앞,202604,1122,1335
강남구,2377. 수서역 5번출구,202604,3123,3587
강남구,2380. 봉은사로68길 북측,202604,479,453
강남구,2381. 언주역 4번출구,202604,602,600
강남구,2382. 역삼동 sk뷰 501동앞,202604,365,357
강남구,2383. 보금자리정원,202604,273,312
강남구,2384. 자곡사거리,202604,1716,1856
강남구,2385. 학동역,202604,725,687
강남구,2386. 크린랩 본사,202604,251,143
강남구,2387. 래미안강남힐즈 사거리,202604,1146,1124
강남구,2388. 강남구 도시관리공단,202604,537,257
강남구,2389. 경기여자고등학교 후문 (삼성로3길 입구),202604,792,789
강남구,2390. 구룡마을 입구 (래미안블레스티지 아파트),202604,985,984
강남구,2391. 구룡터널 입구(개포1단지아파트),202604,44,20
강남구,2392. 구룡산 입구 (구룡산 서울둘레길 입구),202604,31,32
강남구,2394. 개포래미안포레스트아파트 107동 앞,202604,714,614
강남구,2396. 영동3교 북단(우성캐릭터 앞 보도),202604,776,766
강남구,2398. 더라움,202604,309,191
강남구,2401. 밀알학교 입구 (삼성서울병원 입구),202604,221,185
강남구,2403. 공무원연금매점 교차로 (개포주공9단지 입구),202604,1077,1048
강남구,2404. 대모산입구역 4번 출구 앞,202604,1785,1907
강남구,2405. 청담공원앞 교차로,202604,640,321
강남구,2406. 논현동 광명빌딩 앞,202604,320,212
강남구,2407. 역삼서초삼성 세무서 앞 (역삼빌딩 앞),202604,1485,1457
강남구,2408. 강남한양수자인아파트,202604,1074,1087
강남구,2409. 역삼동 디오슈페리움 (우성아파트 사거리),202604,955,953
강남구,2410. 포스코피앤에스타워 (역삼역 3번출구 부근),202604,953,679
강남구,2411. 세곡동 성당,202604,1137,1112
강남구,2413.도곡역 1번 출구,202604,1580,1642
강남구,2414. 도곡역 아카데미스위트 앞,202604,1514,1538
강남구,2415.한티역 롯데백화점 앞,202604,945,947
강남구,2416.한티역 6번 출구,202604,555,555
강남구,"2417.선정릉 디캠프(D,CAMP)앞",202604,183,182
강남구,2418.봉은사역 7번 출구 ,202604,884,879
강남구,"2419.봉은사역 1,2번 출구 ",202604,688,677
강남구,2420.학여울역 사거리(LG베스트샵 앞),202604,876,798
강남구,2421. 신논현역 4번출구,202604,698,627
강남구,2422.수서동 성당 맞은편,202604,783,784
강남구,2423.영희초교 사거리(래미안개포루체하임),202604,1202,1257
강남구,2425.세곡동 사거리(대왕초등학교 정류장),202604,351,401
강남구,2426.강남한신휴플러스 6단지,202604,658,658
강남구,2427.개포고등학교 정문앞,202604,952,944
강남구,2430.강남파이낸스센터앞(역삼역2번출구),202604,754,537
강남구,2431.대치역 7번출구,202604,1411,1443
강남구,3602. 한국지역난방공사강남지사,202604,453,490
강남구,3603. 삼성역 2번출구,202604,1,1
강남구,3604. 삼성중앙역 5번출구,202604,620,550
강남구,3605. 봉은사역6번출구(현대아이파크타워앞),202604,0,2
강남구,3606. 신사동주민센터 옆,202604,754,749
강남구,3609. 언주초등학교 입구,202604,584,593
강남구,3610. 윗반마을 입구,202604,169,161
강남구,3611. 방죽마을 입구,202604,487,487
강남구,3612. 은곡마을,202604,522,616
강남구,3614. 은마아파트 입구 사거리,202604,1228,1200
강남구,3615. 서울 논현동우체국 앞,202604,361,363
강남구,3616. 역삼중학교 앞(체육관 방향),202604,350,351
강남구,3618. 서울율현초교 삼거리,202604,866,1046
강남구,3620. 청담역 11번 출구,202604,306,53
강남구,3622. 은마아파트입구 사거리(1),202604,323,311
강남구,3623. 일원에코파크 앞(개포로 방면),202604,697,733
강남구,3624. 대모산입구역 7번 출구 앞,202604,223,210
강남구,3627. 압구정나들목,202604,2094,2114
강남구,3628. 역삼1동 주민센터,202604,914,1058
강남구,3629. 청담사거리(신한오피스텔빌딩 앞),202604,231,275
강남구,3630. 개포우성6차아파트 정문 앞,202604,547,422
강남구,3634. 국악고교 앞 교차로,202604,656,647
강남구,3636. 삼성중앙역·플래티넘아파트 정류소,202604,586,547
강남구,3637. 세곡데이케어센터,202604,257,233
강남구,3638. 신청담나들목,202604,585,612
강남구,3640. 일원1동주민센터앞 사거리,202604,1250,1274
강남구,3641. 대청역,202604,1052,1023
강남구,3642. 강남자곡힐스테이트,202604,616,217
강남구,3643. 더시그넘하우스 앞,202604,832,874
강남구,3644. 상록수아파트,202604,549,321
강남구,3646. 선정릉역 4번 출구,202604,509,404
강남구,3647. 구룡역 1번 출구,202604,439,374
강남구,3648. 구룡역 4번 출구,202604,112,113
강남구,3649. 구룡역 5번 출구,202604,390,390
강남구,3651. 개포동역 4번출구,202604,1290,1303
강남구,4902. 구역삼세무서 교차로,202604,906,928
강남구,4903. 신사스퀘어,202604,424,385
강남구,4905. 강남경찰서,202604,2032,2062
강남구,4906. 섬유센터 앞,202604,1865,1857
강남구,4907. 극동스포츠 앞,202604,692,542
강남구,4908. SB타워 앞,202604,334,346
강남구,4909. 노보텔 앰배서더 앞,202604,416,120
강남구,4913. 레베쌍트 빌딩 앞,202604,375,396
강남구,4914. 도심공항타워 앞,202604,1114,1082
강남구,4915. 영동중앙교회 버스정류장,202604,271,267
강남구,4916. 청담역 1번출구,202604,227,210
강남구,4917. 일원에코파크 주차장,202604,1272,1383
강남구,4918. 매봉역 1번출구,202604,784,828
강남구,4919. 학여울역사거리(은마아파트),202604,219,215
강남구,4923.수협대치동지점,202604,696,656
강남구,4924.논현동가구거리,202604,498,461
강남구,4925. 청담백영빌딩 앞,202604,374,400
강남구,4926. 대치우성아파트 사거리,202604,1745,1763
강남구,4928. 교수마을 입구,202604,271,266
강남구,4929. 투썸플레이스 강남청담점 앞,202604,469,500
강남구,4930. 학여울역 1번출구,202604,486,364
강남구,4931. 디에이치퍼스티어아이파크 124동 앞,202604,716,697
강남구,4932. 개포래미안포레스트 130동 맞은편,202604,345,334
강남구,4935. 도곡삼성래미안,202604,571,607
강남구,4936. SK텔레콤(T1) 인근,202604,165,120
강남구,4937.개포래미안포레스트 126동 앞,202604,312,298
강남구,4938.LH수서2단지 201동 앞,202604,1902,1977
강남구,4939.도산공원,202604,435,440
강남구,4940.한강버스 압구정 선착장,202604,6790,6621
강남구,4941.압구정로 11길,202604,735,743
강남구,4942.율현삼거리,202604,311,304
강남구,4944.젠빌딩,202604,153,157
강동구,1001. 광진교 남단 사거리(천호공원 방면),202604,1584,1708
강동구,1002. 해공공원(천호동),202604,2285,2335
강동구,1003. 해공도서관앞,202604,1483,1530
강동구,1004. 삼성광나루아파트 버스정류장,202604,1725,2362
강동구,1006. 롯데캐슬 115동앞,202604,210,207
강동구,1007.암사동 선사유적지,202604,313,341
강동구,1008. 암사역 3번출구(국민은행앞),202604,3385,4234
강동구,1009. 천호역4번출구(현대백화점),202604,5437,5422
강동구,1010. 강동세무서,202604,3264,3409
강동구,1011. LIGA 아파트 앞,202604,3857,3901
강동구,1012. 천호역효성해링턴타워 앞,202604,3089,3030
강동구,1013. 강동구청역 1번 출입구,202604,2878,2849
강동구,1015. 샛마을 근린공원,202604,1,1
강동구,1016. 해뜨는 주유소옆 리엔파크 109동앞,202604,1004,998
강동구,1017. 둔촌고교입구 교차로(길동주민센터 방면),202604,1707,1716
강동구,1018. 둔촌 주공 GS 맞은편,202604,3023,3163
강동구,1019. 다성이즈빌아파트(호원대 대각선 맞은편),202604,4369,4489
강동구,1020. 강동경찰서,202604,4324,4406
강동구,1021. 강일동 리슈빌 빌딩앞,202604,1977,2152
강동구,1022. 길동 사거리(초소앞),202604,1800,1852
강동구,1023. 한국종합기술사옥 앞,202604,2538,2584
강동구,1024.  강동구청 앞,202604,3801,4104
강동구,1025. 상일초등학교,202604,605,613
강동구,1027. 프라자 아파트 앞,202604,1110,1060
강동구,1028. 포레스 주상복합 빌딩,202604,1971,1948
강동구,1029. 성내어울터,202604,3407,3397
강동구,1030. 미호 플랜트 앞,202604,1895,1894
강동구,1031. 올림픽로 836(아리수로),202604,654,722
강동구,1032. 선사고등학교,202604,536,590
강동구,1033. 고덕동 아남아파트,202604,2103,1411
강동구,1034. 고덕동 래미안 힐스테이트,202604,665,590
강동구,1036. 고덕동 주양쇼핑,202604,1196,1137
강동구,1037. 강일리버파크 6단지,202604,242,283
강동구,1038. 강일 다솜 어린이 공원,202604,343,408
강동구,1039. 고덕초등학교,202604,250,260
강동구,1041. 묘곡초등학교,202604,666,685
강동구,1042. 강일리버파크 2~5단지,202604,585,641
강동구,1044. 굽은다리역,202604,3889,4166
강동구,1048. 둔촌어린이공원,202604,2186,2301
강동구,1049. 강일리버파크 10단지,202604,525,535
강동구,1050.  둔촌역 3번 출입구,202604,4858,5262
강동구,"1051. 강일중,선사고 버스정류장(신암중학교 방면)",202604,693,702
강동구,1053. 동명근린공원 진입로 (아리수로),202604,310,318
강동구,1056. 강일리버파크 7~11단지,202604,638,685
강동구,1057. 능골근린공원,202604,723,727
강동구,1058. 고덕숲 아이파크 1,202604,330,291
강동구,1059. 래미안 강동팰리스(102동),202604,1978,1271
강동구,1060. 천일초교 사거리,202604,861,821
강동구,1061. 천호초교 입구 사거리(일주빌딩),202604,1156,1105
강동구,1063.강동롯데캐슬퍼스트 아파트(관리동),202604,545,529
강동구,1064.중앙보훈병원역 1번출구,202604,765,535
강동구,1065.보훈병원 후문옆(더 원커피),202604,871,792
강동구,1066.생태공원앞 교차로(조명탑),202604,174,147
강동구,1067.한영중고앞사거리,202604,584,505
강동구,1068.명일파출소,202604,1061,946
강동구,1070.(시립)고덕평생학습관,202604,1159,968
강동구,1072.고덕역 5번출구,202604,2097,1811
강동구,1073. SSTS 몰 앞,202604,820,866
강동구,1074.대명초교입구 사거리,202604,1407,1399
강동구,1075.천동초교 삼거리,202604,1953,1997
강동구,1076. 천동초교입구사거리 버스정류장(십자성마을 방면),202604,2063,2261
강동구,1077.강동역 1번출구 앞,202604,3086,3035
강동구,1078.둔촌사거리,202604,4825,4988
강동구,1079.강일동입구교차로,202604,1093,1134
강동구,1080.천호지하주차장 5번 출입구,202604,2125,2065
강동구,1081.트레빌빌딩,202604,1905,1546
강동구,1083.광문고교사거리(아이파크),202604,608,615
강동구,1084. 윤선생빌딩(JYP사옥),202604,4355,4996
강동구,1085.래미안 솔베뉴(고덕로),202604,1460,811
강동구,1086.래미안 솔베뉴(구천면로),202604,1080,1117
강동구,1088.풍납사거리(강동),202604,1457,1404
강동구,1089.고덕 래미안힐스테이트(201동),202604,862,364
강동구,1090.상일동역 2번출구 앞,202604,2158,2208
강동구,3539. 서원마을,202604,170,205
강동구,3652. 한영외국어고등학교,202604,301,300
강동구,3653. 강동리버스트4단지아파트 404동 앞,202604,528,545
강동구,3654. 강동리버스트4단지아파트 405동 앞,202604,360,400
강동구,3655. 둔촌신성미소지움아파트,202604,1088,895
강동구,3656. 둔촌푸르지오아파트,202604,1743,1720
강동구,3657. 서울천호동우체국,202604,2813,2843
강동구,3658. 프라이어팰리스아파트,202604,637,607
강동구,3659. 명일초등학교 옆,202604,293,197
강동구,3661. 명일동신동아아파트 앞,202604,392,387
강동구,3663. 암사정수센터교차로(강동롯데캐슬퍼스트아파트),202604,641,392
강동구,3664. 맥도날드 서울둔촌DT점 앞,202604,2764,2924
강동구,3665. 고덕센트럴 아이파크상가 앞,202604,1052,1028
강동구,3668. 성내삼성아파트,202604,4153,4270
강동구,3671. 둔촌동역교차로,202604,2543,2657
강동구,3673. 강동리버스트6단지,202604,465,468
강동구,3674. 강동리버스트7단지,202604,372,400
강동구,3675. 강동리버스트8단지,202604,673,782
강동구,3676. 강동리엔파크9단지,202604,729,738
강동구,3680. 강동역3번출구,202604,3980,3969
강동구,3681. 길동 마루빌딩,202604,4074,4499
강동구,3682. 길동 동호빌딩,202604,431,488
강동구,3683. KT&G강동지사,202604,1180,1341
강동구,3684. 고덕자이(105동 앞),202604,1285,1402
강동구,3685. 강동리엔파크14단지(1401동 앞),202604,884,886
강동구,3686. 고덕 래미안 힐스테이트(101동),202604,887,891
강동구,3688. 상일동산(동아아파트앞 교차로),202604,358,370
강동구,3689. 강일역 3번출구,202604,593,550
강동구,3690. 강일역 4번출구,202604,446,369
강동구,3691. 둔촌역 2번출구,202604,2777,2960
강동구,3692. 둔촌오륜역 1번 출구,202604,2475,2205
강동구,3694. 강동리엔파크 13단지(1303동 앞),202604,710,719
강동구,3698. 명일역 3번출구 옆,202604,1690,1689
강동구,3699. 상일파출소 옆,202604,1297,1401
강동구,3700. 강변그대가리버뷰 입구 맞은편,202604,2169,2365
강동구,3701. 방아삼거리,202604,239,219
강동구,4951. 강동농협 버스정류소 앞(광채빌라),202604,756,744
강동구,4952.천호시장 버스정류소 옆,202604,1561,1557
강동구,4953. 세양청마루아파트 앞,202604,1597,1554
강동구,4954. 신명초등학교 건너편,202604,598,292
강동구,4956. 암사역사공원역 1번출구,202604,261,290
강동구,4957. 신명초교 교차로,202604,1427,1036
강동구,4958. 고덕래미안힐스테이트 아파트 211동,202604,712,393
강동구,4959. 암사역사공원역 3번출구,202604,251,367
강동구,4960.고덕비즈밸리 지식산업센터 A,202604,744,759
강동구,4962.고덕비즈밸리 디엠스퀘어 앞,202604,1009,1186
강동구,4964.암사역사공원역 1번출구 A,202604,2074,3273
강동구,4965.고덕비즈밸리 쿠쿠강동빌딩,202604,1437,1456
강동구,4968.강동구 자원순환센터,202604,131,134
강북구,"1501. 미아역 3번,4번 출구 사이",202604,1100,1110
강북구,1503. 강북구청사거리(수유역 8번출구),202604,2255,2342
강북구,1504. 삼양시장오거리,202604,217,220
강북구,1506. 강북문화예술회관,202604,1134,1118
강북구,1509. 서울북부수도사업소,202604,437,431
강북구,1510. 번동주공5단지 관리사무소 앞,202604,402,454
강북구,1512. 강북중학교 앞,202604,1908,1951
강북구,1514. 강북구청 사거리 버스정류소 앞,202604,903,909
강북구,1515. 송천동 주민센터,202604,513,522
강북구,1516. 우이동길마을마당,202604,656,529
강북구,1518. 수유2동은행빌딩 앞,202604,670,643
강북구,1519. 장미원시장 건너편,202604,563,490
강북구,1520. 수유중앙시장,202604,1064,1194
강북구,1525. 미아동 복합청사,202604,405,350
강북구,1526. 강북종합시장 앞,202604,836,860
강북구,1527. 미아역 1번 출구 뒤,202604,737,709
강북구,1528. 삼각산동 주민센터,202604,599,282
강북구,1529. 미아동 한국전력공사,202604,1348,1386
강북구,1530. 광산사거리,202604,1512,1650
강북구,1531. 미아사거리 1번 출구,202604,2132,2420
강북구,1532. 번3동 주민센터 교차로,202604,792,960
강북구,"1533. 번동 주공3, 4단지 교차로",202604,953,1100
강북구,1535. 효성인텔리안 앞,202604,1809,1872
강북구,1536. 번동 두산위브 101동 옆,202604,741,671
강북구,1537. 북한산 우이역,202604,513,390
강북구,1538. 솔밭공원역,202604,115,102
강북구,1539. 4.19민주묘지역,202604,446,510
강북구,1540. 가오리역,202604,906,898
강북구,1541. 삼양역,202604,264,152
강북구,1542. 삼양사거리역,202604,326,319
강북구,1543. 수유1동 주민센터,202604,649,592
강북구,1546. 송천동우체국,202604,333,482
강북구,1547. 꿈의숲 롯데캐슬,202604,568,270
강북구,1548. 북서울 꿈의숲 서문,202604,838,532
강북구,1550.삼각산아이원아파트(105동 옆),202604,206,11
강북구,1551.4.19탑 앞,202604,819,535
강북구,1552. 강북구청사거리,202604,1517,1517
강북구,1553.서울북부고용노동지청,202604,943,896
강북구,1554.번동사거리,202604,631,599
강북구,1557.신창교,202604,1192,1267
강북구,1558.강북문화정보도서관,202604,328,247
강북구,1560. 도봉세무서 앞,202604,770,789
강북구,1564.4.19민주묘지역 1번출구,202604,759,867
강북구,1565.수유사거리,202604,977,1015
강북구,1568.4.19민주묘지 입구사거리,202604,687,723
강북구,1569.수유역2번출구,202604,2557,2776
강북구,1571.북서울 꿈의 숲 입구,202604,380,360
강북구,1572. 우이동 먹거리마을,202604,161,97
강북구,1573.현대성우아파트 옆,202604,155,118
강북구,1574.송중초등학교 옆,202604,403,516
강북구,3703. 삼양입구사거리,202604,254,273
강북구,3707. 드래곤타워 앞,202604,773,806
강북구,3714. 송천센트레빌,202604,147,92
강북구,3718. 번동3단지 버스정류장,202604,945,1170
강북구,3724. 삼양동주민센터 앞,202604,424,315
강북구,3725. 강북 청소년 문화정보도서관 앞,202604,352,334
강북구,3726.삼양동사거리,202604,552,547
강서구,1101. 상사마을 버스정류장(아라대교방면),202604,196,200
강서구,1102. 방화사거리 마을버스 버스정류장,202604,2396,2837
강서구,1103. 방화역 4번출구앞,202604,3090,2886
강서구,1105. 방화근린공원,202604,656,510
강서구,1106. 신방화사거리,202604,3478,3602
강서구,1108. 공항시장역 2번출구 뒤,202604,1417,1382
강서구,1109. 공항시장역 4번출구,202604,754,742
강서구,1110. 공항중학교앞,202604,1158,1163
강서구,1111. 마곡엠밸리6_7단지 마곡중학교,202604,2943,2737
강서구,1112. 마곡엠밸리4단지 정문,202604,4331,4258
강서구,1113. 서남환경공원 버스정류장,202604,3111,2789
강서구,1117. 등촌5단지아파트 버스정류장,202604,3712,3705
강서구,1118. 증미역 3번출구뒤(등촌두산위브센티움오피스텔),202604,3306,3741
강서구,1119. 염창동 한마음아파트 앞,202604,1371,1311
강서구,1120. 대림경동아파트앞,202604,2151,2010
강서구,1121. 가양레포츠센터 앞,202604,1687,1821
강서구,1124. 발산역 6번 출구 뒤,202604,5812,5877
강서구,1126. 우장산역 1번출구옆(우장산아이파크105동앞),202604,2207,1677
강서구,1127. 화곡역 버스정류장,202604,1087,1116
강서구,1128. 화곡역 6번출구,202604,1512,1526
강서구,1129. 화곡역 1번 출구 앞,202604,1561,1574
강서구,1130. 화곡본동시장 버스정류장,202604,483,452
강서구,1132. 등촌역 7번출구,202604,2191,2550
강서구,1135. 강서구의회,202604,2307,1962
강서구,1136. 등촌2파출소,202604,651,269
강서구,1137. 등촌2동주민센터,202604,383,203
강서구,1139. 용문사 버스정류장,202604,792,709
강서구,1140. 목동사거리 버스정류장,202604,2380,2400
강서구,1141. 곰달래 문화복지센터 A,202604,1512,1818
강서구,1145. 곰달래 문화복지센터 B,202604,816,933
강서구,1148. 볏골공원,202604,1111,1020
강서구,1149. 신방화역환승주차장,202604,3699,3690
강서구,1150. 송정역 1번출구,202604,2956,3077
강서구,1151. 마곡역1번출구,202604,4785,4980
강서구,1152. 마곡역교차로,202604,4661,4754
강서구,"1153. 발산역 1번, 9번 인근 대여소",202604,8096,8187
강서구,1155. 기쁜우리복지관,202604,2664,2576
강서구,1157. 강서구청,202604,4185,4414
강서구,1158. 가양역 8번출구,202604,4354,4519
강서구,1159. 서서울모터리움 앞,202604,721,647
강서구,1160. 양천향교역 7번출구앞,202604,5754,5727
강서구,1161. 강서면허시험장 앞,202604,399,314
강서구,1162. 공항초등학교건너편,202604,2763,2723
강서구,1163. 방화동강서기동대앞,202604,3102,3134
강서구,1165. 마곡중학교 후문,202604,1705,1137
강서구,1166. 강서구립등빛도서관,202604,5811,5507
강서구,1167. 마곡수명산파크3단지 교차로,202604,4082,3778
강서구,1168. 마곡엠밸리10단지 앞,202604,1801,1604
강서구,1169. 염창역 1번 출구,202604,2296,2621
강서구,1170. 강서구보건소,202604,966,636
강서구,1171. 염창동 새마을금고 건너편,202604,1172,1247
강서구,1172. 가양3동 주민센터,202604,1893,1955
강서구,1173. 강서구청사거리(SH타워),202604,3944,3544
강서구,1174. 강서구청사거리(부민병원),202604,1960,1983
강서구,1175. 대한항공 인력개발센터,202604,1284,813
강서구,1177. 수명중․고교,202604,2272,2105
강서구,1178. 개화산역 2번 출구,202604,1007,985
강서구,1180. 마곡엠밸리 15단지(1502동) 건너편,202604,2894,2697
강서구,1181. 농수산식품공사 (강서지사),202604,350,395
강서구,1182. KBS 스포츠월드,202604,3876,3884
강서구,1183. 강서대학교,202604,471,349
강서구,1184. 마곡13단지,202604,3919,3891
강서구,1185. 등촌9단지,202604,2075,1918
강서구,1186. 송정중학교,202604,1113,1122
강서구,1187. 강서수산물도매시장,202604,905,1066
강서구,1188. 롯데중앙연구소,202604,351,361
강서구,1190. 마곡역 교차로(2번출구),202604,4790,4784
강서구,"1191. 마곡역 버스정류장(마곡나루역1번출구, 웰튼병원 방면)",202604,3984,3989
강서구,1192. 마곡수명산파크 209동 건너편,202604,3073,2530
강서구,1193. 마곡센트럴타워 1차,202604,2624,2739
강서구,1195. 코오롱One&Only타워,202604,2266,2487
강서구,1196. 서울식물원(문화센터) 건너편,202604,1069,1129
강서구,1197. 엠펠리체 호텔 건너편,202604,1855,1937
강서구,1198. LG 사이언스파크,202604,2592,2606
강서구,1199. 우장산역 3번출구,202604,1170,1015
강서구,1200. 개화광역환승센터,202604,377,356
강서구,2701. 마곡나루역 5번출구 뒤편,202604,10056,10446
강서구,2702. 마곡 엠밸리2단지,202604,1946,1952
강서구,2703.서울도시가스 앞 ,202604,1352,1050
강서구,2704.홈플러스(강서점),202604,2903,3111
강서구,2706.강서공업고등학교 앞,202604,996,994
강서구,2707.한강아파트,202604,3186,2674
강서구,2708.강서한강자이타워 앞,202604,2632,2643
강서구,2709.강변아파트 310동 앞,202604,1393,1339
강서구,2710.라이품 공영주차장 앞,202604,1493,1104
강서구,2711.가로공원공영주차장 1번 출구,202604,1135,1299
강서구,2712.화곡터널입구교차로,202604,587,287
강서구,2713.우장초등학교 앞,202604,2209,2151
강서구,2715.마곡나루역 2번 출구 ,202604,13836,14169
강서구,2716.롯데 R&D 센터,202604,599,626
강서구,2717.LG유플러스 마곡사옥,202604,4315,5809
강서구,2718.마곡수명산파크1단지,202604,3074,2563
강서구,2719.마곡문화공원,202604,3643,4283
강서구,2720.힐스테이트에코,202604,3144,3144
강서구,2721.등촌1-10단지 교차로,202604,5136,4766
강서구,2723.마곡 필네이처,202604,3355,3569
강서구,2724.(재)FITI시험연구원,202604,2080,1779
강서구,2725.서울식물원 식물문화센터,202604,1660,1524
강서구,2727.서울식물원 잔디마당 앞,202604,2467,2737
강서구,2728.마곡나루역 3번 출구,202604,10804,10768
강서구,2729.넥센 유니버시티 앞,202604,2137,2208
강서구,2730.마곡메가박스 앞,202604,2214,2204
강서구,2731.명덕고교,202604,1962,2259
강서구,2732.마곡수명산 1-2단지 ,202604,2568,2061
강서구,2733.마곡13단지 정문 앞,202604,4835,4843
강서구,2737.까치산역 3번 출구,202604,1438,1683
강서구,2739.수명산파크1단지교차로,202604,4535,4539
강서구,2740.마곡레포츠센터,202604,2021,2003
강서구,2741.마곡수명산파크5-6단지,202604,1893,1571
강서구,2742.강서구민올림픽체육센터,202604,2696,2745
강서구,2744.강서세무서 앞,202604,2856,2844
강서구,2745.수명초등학교,202604,2877,2682
강서구,2746.수명산파크 4단지 411동 앞,202604,2225,2077
강서구,3753. 공항중학교 버스정류장,202604,835,747
강서구,3754. 신방화역 8번출구,202604,1689,1650
강서구,3756. 마곡힐스테이트 정문,202604,2152,1771
강서구,3757. 신방화역 6번출구,202604,2115,2011
강서구,3758. 서울남부출입국관리소,202604,2361,1582
강서구,3759. 이대서울병원,202604,2333,2374
강서구,3760. 발산역 8번 출구,202604,2467,2467
강서구,3761. 나이아가라관광호텔,202604,614,640
강서구,3762. 마곡9단지 907동앞,202604,1434,1321
강서구,3763. 등촌태영아파트,202604,1155,1238
강서구,3764. 관문주유소(GS칼택스) 앞,202604,3298,3035
강서구,3765. 문소빌딩,202604,582,575
강서구,3767. 대원빌딩,202604,1931,1960
강서구,3770. 남부순환로 205,202604,530,427
강서구,3772. 길성그랑프리텔아파트,202604,3234,3123
강서구,3774. 마곡9단지 910동 상가앞,202604,1733,1726
강서구,3775. 가양오토갤러리,202604,1163,1165
강서구,3776. 김포공항사거리,202604,518,567
강서구,3778. 김포공항입구 교차로,202604,1823,1806
강서구,3780. 등촌서광아파트,202604,4125,4114
강서구,3781. 강서아동복지센터,202604,116,219
강서구,3782. 겸재정선미술관,202604,2662,2326
강서구,3783. 마곡금호어울림아파트,202604,1684,1476
강서구,3784. 벽산아파트,202604,3558,3311
강서구,3785. 마곡14단지 1408동앞,202604,1889,1665
강서구,3786. 강서힐스테이트 상가 앞,202604,974,758
강서구,3788. 정곡나들목,202604,1663,1835
강서구,3789. 염창나들목,202604,3802,4366
강서구,3792. 화곡본동시장 입구,202604,850,743
강서구,3793. 더리브골드타워,202604,959,979
강서구,3794. 안양천합수부(현대3차아파트),202604,2675,2616
강서구,3796. 송정역 3번출구 앞,202604,1850,1667
강서구,3797. 마곡수명산파크7단지 710동 앞,202604,805,683
강서구,3798. 그랜드아이파크아파트 앞,202604,5457,5617
강서구,3799. 국립항공박물관,202604,449,465
강서구,3801. 이랜드글로벌R&D센터,202604,922,1094
강서구,5052. 마곡역 7번출구,202604,5506,5665
강서구,5053. 신마곡벽산블루밍메트로오피스텔앞,202604,1800,1874
강서구,5055. 마곡역5번출구앞,202604,1914,1928
강서구,5057. 마곡역4번출구,202604,1922,1985
강서구,5059. 화곡2동주민센터,202604,1048,1226
강서구,5061. 우장산동 가곡어린이공원앞,202604,3962,4113
강서구,5064. 양천향교역8번출구,202604,2591,2597
강서구,5065. 허준박물관삼거리,202604,2027,2024
강서구,5066. 아망떼마곡전시장,202604,1840,2476
강서구,5067. 주원 리젠트 앞,202604,828,841
강서구,5070. 마곡13단지힐스테이트마스터 후문(1320동 앞),202604,3176,3173
강서구,5072. 김포공항입구 교통섬,202604,602,603
강서구,5073. 우장산역 헤링턴타워 앞,202604,1423,1176
강서구,"5074. 마곡엠밸리14단지 버스정류장(마곡엠밸리11,12단지상가방면)",202604,3391,3382
강서구,5075. 등촌역 1번출구,202604,1381,1366
강서구,5076. 메이필드호텔앞,202604,1014,1012
강서구,5078. 왈도강서캠퍼스 앞,202604,1343,1333
강서구,5080. 가양역 1번출구,202604,3382,4042
강서구,5082. 가양역 7번출구,202604,5505,6313
강서구,5084. 강서우체국,202604,1862,1483
강서구,5086. 가양테크노타운,202604,1983,2267
강서구,5087. 연세강서빌딩,202604,2462,2401
강서구,5088. 등촌역 센터스퀘어,202604,1515,1421
강서구,5089. LG사이언스파크 E10동,202604,1758,1828
강서구,5090. 대상연구소,202604,808,824
강서구,5091. 보타닉파크타워2,202604,1588,1636
강서구,5095. 원당근린공원,202604,3303,3278
강서구,5096. LG사이언스파크 E14동,202604,3469,5060
강서구,5097. LG사이언스파크 E2동,202604,1456,1636
강서구,5098. LG사이언스파크 W4동,202604,1177,1182
강서구,5099. LG사이언스파크 E7동,202604,1837,2051
강서구,5100. 강서도로사업소,202604,276,329
강서구,6171. 월드빌딩 앞,202604,1390,1347
강서구,6172. 가양5단지아파트,202604,450,405
강서구,6173. 서울자동차운전전문학원,202604,325,318
강서구,6176. 유광사 여성병원 앞,202604,1057,786
강서구,6177. 마곡롯데캐슬르웨스트,202604,3212,3181
강서구,6178. 마스터밸류에이스 지식산업센터,202604,946,968
강서구,6180.양천향교역 3번출구,202604,1011,1006
강서구,6182.오스템임플란트비전타워,202604,640,708
강서구,6183.K스퀘어 마곡,202604,2779,2846
강서구,6184. 한강버스 마곡 선착장,202604,1759,1765
강서구,6185.가양나들목,202604,325,317
강서구,6187.마곡119안전센터 맞은편,202604,587,501
강서구,6188.금호아파트,202604,1415,1352
강서구,6189.데시앙플렉스 지식산업센터,202604,1023,1028
강서구,6190.마곡광장(마곡나루역 6번출구),202604,2069,2086
관악구,2102. 봉림교 교통섬,202604,5928,6519
관악구,2103. 신림동 우방아파트,202604,999,919
관악구,2104. 사당역 5번출구,202604,950,1138
관악구,2105. 미성동 신림체육센터,202604,805,918
관악구,2106. 세이브마트,202604,1278,1537
관악구,2108. 은천치안센터,202604,1289,1344
관악구,2109. 은천로입구 가로공원,202604,2294,2158
관악구,2110. 조원동 미성아파트,202604,1364,1590
관악구,2111. 서울대입구역 1번출구,202604,925,940
관악구,2112. 서울대입구역 마에스트로,202604,650,708
관악구,2115. 관악구시설관리공단,202604,1344,1087
관악구,2116. 에이스에이존빌딩,202604,552,588
관악구,2119. 중앙동 동진빌딩,202604,681,651
관악구,2122. 낙성대로 입구,202604,508,525
관악구,2127. 난곡종점,202604,446,205
관악구,2128. 관악구청교차로,202604,372,368
관악구,2129. 낙성대 과학전시관,202604,380,215
관악구,2130. 영어마을 관악캠프,202604,207,114
관악구,2136. 신림역 8번출구,202604,3430,3711
관악구,2137. KT&G 관악지점,202604,469,475
관악구,2139. 서울신성초등학교,202604,604,527
관악구,2140. 신림1교 교차로,202604,1843,1888
관악구,2143. 서울산업정보학교,202604,326,285
관악구,2144. 난우길입구,202604,378,442
관악구,2145. 은천초등학교 육교,202604,719,619
관악구,2148. 낙성대역 3번출구 뒤,202604,728,716
관악구,2156. 신림푸르지오아파트,202604,631,573
관악구,2159. 인헌초교,202604,324,316
관악구,2164. 관악우체국,202604,670,652
관악구,2165. JK장평타워,202604,261,149
관악구,2167. 낙성대역 1번출구,202604,390,366
관악구,2169. 봉천역 2번출구,202604,1193,1405
관악구,2170. 조원동 강남힐병원,202604,839,878
관악구,2171. 서울대입구역 5번출구,202604,1137,1146
관악구,2172. 나들목공원,202604,854,642
관악구,2173. 당곡사거리,202604,2269,2290
관악구,2174. 삼성디지털프라자관악점,202604,513,495
관악구,2175. 신림동걷고싶은문화의거리입구,202604,898,941
관악구,2176. 보라매공원 보도육교,202604,3675,3978
관악구,2178. 서울대학교 정문,202604,991,555
관악구,2179. 양녕로 입구,202604,841,972
관악구,2184. 구암초등학교 버스정류장,202604,330,74
관악구,2185. 대학동 고시촌,202604,1107,1023
관악구,2186. 낙성대입구삼거리,202604,424,351
관악구,2187. 현대시장사거리,202604,1293,912
관악구,2189. 봉천역 4번출구,202604,975,1174
관악구,2190.도원맨션,202604,335,338
관악구,2191.대학동주민센터 ,202604,1167,1134
관악구,2195.은천교회,202604,879,833
관악구,2196. 봉천역 3번출구,202604,537,573
관악구,2198.사랑의병원,202604,495,486
관악구,2199.신봉천주유소 A,202604,224,195
관악구,3305.낙성대역 8번 출구,202604,2,5
관악구,3310.영락고등학교,202604,484,96
관악구,3311.서울대입구역 4번 출구,202604,887,908
관악구,3802. 관악구민체육센터,202604,413,411
관악구,3803. 남서울중학교,202604,845,847
관악구,3804. 낙성대공원,202604,312,299
관악구,3806. 낙성대 교수아파트,202604,289,100
관악구,3807. 관악우체국 교차로,202604,325,275
관악구,3811.신사로입구,202604,1416,1337
관악구,3812. KT관악지점,202604,802,816
관악구,3813. 낙성대역 5번출구,202604,351,335
관악구,3814. 난곡사거리 ,202604,1219,1359
관악구,3815. 광일빌딩,202604,796,775
관악구,3816. 관악 GSfresh,202604,912,732
관악구,3818. 은천교회 앞,202604,1034,994
관악구,3819. 서울대벤처타운역,202604,2642,2767
관악구,3820. 은천삼거리,202604,535,436
광진구,3500. 군자역2번출구,202604,2851,2852
광진구,3501. K&S빌딩 앞,202604,1585,1531
광진구,3502. 중곡역 1번출구,202604,1205,1219
광진구,3503. 광진유진스웰,202604,322,81
광진구,3504. 원일교회,202604,2903,2506
광진구,3505. 신양초교앞 교차로,202604,980,959
광진구,3506. 영동대교 북단,202604,1674,1697
광진구,3507. 어린이회관,202604,1327,892
광진구,3508. 화양사거리,202604,959,820
광진구,3509. 세종사이버대학교,202604,3270,3266
광진구,3510. 중곡SK아파트앞,202604,669,534
광진구,3516. 구의아리수정수센터앞,202604,985,790
광진구,3517. 용마사거리,202604,1857,2134
광진구,3518. 군자역 7번출구뒤,202604,4953,5185
광진구,3521. 현대홈타운 뒷길,202604,512,399
광진구,3523. 건국대학교 과학관(이과대) 앞,202604,812,837
광진구,3528. 광진정보도서관,202604,1278,1630
광진구,3529. 어린이대공원정문,202604,1284,1028
광진구,3533. 건대입구역 사거리(롯데백화점),202604,6338,7036
광진구,3534. 건대입구역 5번출구 뒤,202604,4997,5054
광진구,3536. 중앙농협(자양동),202604,2882,3006
광진구,3537. 아차산 휴먼시아 아파트 옆,202604,602,276
광진구,3542. 래미안 구의파크 스위트,202604,2538,2546
광진구,3543. 세종대학교(학술정보원),202604,946,939
광진구,3563.구의7단지현대아파트,202604,220,220
광진구,3566.우성4차아파트,202604,1871,1766
광진구,3569.건대병원후문,202604,4611,4795
광진구,3570.구의역 리버비스타 오피스텔,202604,2744,2720
광진구,3571.화양 APT(횡단보도 옆),202604,2476,2409
광진구,3573.광나루안전체험관,202604,1617,1485
광진구,3575. 자양사거리(서원빌딩),202604,3592,3613
광진구,3579.광진 캠퍼스시티,202604,2478,2368
광진구,3581.광진광장,202604,2590,2216
광진구,3582.화양동 우체국,202604,2578,2275
광진구,3586.군자역 비채온 오피스텔,202604,2184,2254
광진구,3587.우성식품 앞,202604,990,942
광진구,3588.세종대학교(영실관),202604,682,678
광진구,3853. 어린이대공원역 2번출구,202604,1664,1150
광진구,3860. 건국대학교 정문 앞,202604,1834,1429
광진구,3863. 동일로58길 입구,202604,1364,1199
광진구,3864. 광진소방서 앞,202604,2021,1506
광진구,3865. 이튼타워리버 2차,202604,1688,1698
광진구,3868. 자양한강도서관,202604,2760,2834
광진구,3873. 동서울우편집중국 앞,202604,1109,1046
광진구,3878. 장로회신학대학교 주기철 기념관,202604,114,70
광진구,3879. 중랑천 뚝방길 산책로 입구,202604,1458,1550
광진구,3880. 홍련봉 공원,202604,764,468
광진구,3881. 신자초교입구 교차로,202604,3686,3689
광진구,3882. 자양2동 주민센터,202604,1871,1926
광진구,3886.광진구 민방위교육센터,202604,2112,1847
광진구,3890. 웰츠타워 오피스텔,202604,2382,2422
광진구,3894. 노룬산시장 앞,202604,2010,2025
광진구,3899. 아차산역 2번출구,202604,1683,1633
광진구,3900. 건국대학교 신공학관,202604,1574,2040
광진구,500. 어린이대공원역 3번출구 앞,202604,2426,2274
광진구,501. 광진문화예술회관 앞,202604,2601,2214
광진구,502. 자양(뚝섬한강공원)역 1번출구 앞,202604,7759,8933
광진구,505. 자양사거리 광진아크로텔 앞,202604,2171,2080
광진구,515. 광양중학교 앞,202604,651,590
광진구,5151.진넥스베르디엠 앞,202604,1565,1686
광진구,5152.이스트폴 105동 방면 입구,202604,832,598
광진구,5153.한강버스 뚝섬 선착장,202604,9391,9298
광진구,5154.광진구청 앞,202604,2353,2376
광진구,5155.광진경찰서 앞,202604,2611,2583
광진구,516. 광진메디칼 앞,202604,1792,1779
광진구,539. 군자교교차로,202604,2282,2289
광진구,540. 군자역 7번출구 베스트샵 앞,202604,2380,2484
광진구,542. 강변역 4번출구 뒤,202604,1761,1877
광진구,543. 구의공원(테크노마트 앞),202604,2742,3088
광진구,544. 광남중학교,202604,1287,1358
광진구,546. 잠실대교북단 교차로,202604,1815,1790
광진구,548. 자양나들목,202604,2646,2556
광진구,549. 아차산역 3번출구,202604,2441,2264
광진구,551. 구의삼성쉐르빌 앞,202604,2086,2135
광진구,552. 대림아크로리버 앞,202604,925,918
광진구,553. 중곡 성원아파트 앞,202604,1209,1322
광진구,555. 구의3동주민센터,202604,546,476
광진구,571. 세종대학교 대양AI센터,202604,1811,1788
광진구,573. 구의문주차장 앞,202604,2546,2516
광진구,574. 아차산역4번출구,202604,2627,1699
광진구,575. 대원중고교 입구(대하빌딩),202604,619,480
광진구,576. 광나루역 3번 출구,202604,2488,2792
광진구,577. 광진청소년수련관,202604,2052,2190
광진구,584. 광진광장 교통섬,202604,3538,2827
광진구,588. 뚝섬 유원지역,202604,2389,2435
광진구,590. 건국대학교 (입학정보관),202604,2134,2149
광진구,591. 건국대학교 (행정관),202604,901,902
광진구,592. 건국대학교 학생회관,202604,3165,3629
광진구,593.자양중앙나들목,202604,2139,2245
구로구,1901. 신도림동주민센터 앞,202604,2284,2299
구로구,1904. 도림천역 1번 출구 앞,202604,2735,2704
구로구,1906. 신도림역 1번 출구 앞,202604,5542,5555
구로구,1907. 구일우성(아) 육교 밑,202604,1506,1473
구로구,1908. 해원리바파크 육교 밑,202604,3123,3125
구로구,1910. 낙원교회 맞은편,202604,522,411
구로구,1911. 구로디지털단지역 앞,202604,6484,6673
구로구,1912. 한신휴아파트 앞,202604,2244,2283
구로구,1914. 대림역4번출구,202604,3130,3223
구로구,1916. 구로중학교앞,202604,951,959
구로구,1920. 서울미래초등학교 사거리,202604,1630,1407
구로구,1924. 삼부르네상스파크빌,202604,1331,528
구로구,1925. 동양미래대학교 정문 옆,202604,5540,5571
구로구,1928. 고척스카이돔구장 광장,202604,1698,1673
구로구,1929. 고척근린공원 고척도서관 앞,202604,1546,1285
구로구,1930. 개봉지구대 개봉치안센터,202604,830,803
구로구,1931. 개봉역2번출구 A,202604,1530,2039
구로구,1933. 개봉푸르지오아파트 상가,202604,1933,2081
구로구,1936. 개봉역 1번 출구 자전거보관서쪽,202604,724,940
구로구,1937. 한진아파트 입구,202604,1126,1062
구로구,1941. 오류동역 2번출구,202604,1044,1347
구로구,1943. 온수역 북측,202604,349,305
구로구,1946. 구로역 광장,202604,3244,3269
구로구,1951. 천왕이펜하우스 4단지 후문,202604,309,159
구로구,1952. 천왕연지타운2단지 앞,202604,1640,2213
구로구,1953. 천왕역 4번출구 뒤,202604,1014,690
구로구,1955. 디지털입구 교차로,202604,2245,2330
구로구,1956. 동아1차APT105동 버스정류장(신도림중학교 방면),202604,1813,1801
구로구,1957. 구일고등학교 정문 ,202604,2371,2352
구로구,1958. 강서수도사업소민원센터,202604,1640,1805
구로구,1959. 구로구의회 앞,202604,1906,1997
구로구,1960. 구로거리공원 동측(신도림역 방면),202604,1180,986
구로구,1962. 가리봉동주민센터,202604,1699,1630
구로구,1964. 원메디타운 앞,202604,2555,2591
구로구,1965. 삼환로즈빌아파트 105동 옆,202604,1190,1109
구로구,1966. 한마을아파트 정문상가,202604,1859,1884
구로구,1967. 참새공원(백곡경노당),202604,506,453
구로구,1969. 궁동생태공원,202604,170,194
구로구,1971. 오정초교 앞 보도육교,202604,211,156
구로구,1973. 오리로와 서해안도로 교차로 앞,202604,558,417
구로구,1974. 신도림2차e편한세상아파트 203동 앞,202604,1377,1250
구로구,1975. 대림역 1번 출입구 밑,202604,1968,1946
구로구,1976. 남구로역 5번 출입구 앞,202604,857,464
구로구,1977. 천왕역 1번 출입구 앞,202604,1930,1656
구로구,1979. 구로1동우체국 앞,202604,378,311
구로구,1981. 천왕지구삼거리 앞,202604,815,1139
구로구,1983. 구로동롯데아파트,202604,1240,1086
구로구,1985. 구로도서관,202604,3960,3707
구로구,1986. 태평양물산,202604,2875,3256
구로구,1987. 개봉아이파크아파트 앞,202604,1693,1833
구로구,1988. 고척LIGA아파트 앞,202604,2277,2301
구로구,1991. 오류동역 맞은편,202604,1423,1889
구로구,1992. 구로구배드민턴실내체육관 앞,202604,426,403
구로구,1993. 금강수목원아파트 앞,202604,664,559
구로구,1994. 삼성전자 물류센터 앞,202604,1755,1757
구로구,1996. 구일역 1번 출입구 앞,202604,2965,2951
구로구,1998. 고척교 교차로,202604,814,634
구로구,1999. 수궁동 성당 주변,202604,462,475
구로구,2000. 신도림4차 e편한세상 아파트 1109동 앞,202604,1958,1720
구로구,2801. 대륭포스트타워1차,202604,1929,1958
구로구,2804.항동지구 6단지 602동 앞,202604,330,378
구로구,2805.구로자원순환센터 ,202604,149,116
구로구,2806.항동지구 4단지 입구,202604,188,116
구로구,2807.항동지구 1단지 105동 앞,202604,180,173
구로구,2808.항동지구 2단지 202동 앞,202604,204,191
구로구,2809.항동지구 11단지 1103동 앞,202604,155,220
구로구,2810.항동지구 3단지 311동 앞,202604,110,132
구로구,2812.항동프라자,202604,391,444
구로구,2813.항동지구 3단지 302동 앞,202604,75,69
구로구,2814.항동지구 10단지 1001동 앞,202604,194,175
구로구,2815.항동지구 7단지 정문,202604,469,447
구로구,2816.항동지구 8단지 803동옆(주차장입구),202604,68,55
구로구,2817.천왕이펜하우스5단지 앞,202604,328,173
구로구,2818.천왕이펜하우스3단지 앞,202604,403,96
구로구,2819.하늘숲초등학교 앞,202604,1010,1497
구로구,2820.신세기아파트 앞,202604,749,764
구로구,2821.청구아파트 앞,202604,1580,1491
구로구,2822.제니스스포츠 앞,202604,722,652
구로구,2823.중앙유통단지 앞,202604,1063,1065
구로구,2824.미래사랑어린이공원 앞,202604,3730,3841
구로구,2825.초롱타운 앞,202604,397,366
구로구,2826.가마산지하보도 옆,202604,539,530
구로구,3902. 항동지구5단지 501동 앞,202604,251,275
구로구,3903. 현대아파트 앞,202604,922,1014
구로구,3904. 테크노마트 앞,202604,2582,2542
구로구,3905. 희훈타워빌 앞,202604,1923,1889
구로구,3906. 천왕차량사업소 입구,202604,656,902
구로구,3907. 신도림7차e편한세상아파트 806동 앞,202604,1417,1235
구로구,3908. 오류동 다숲오피스텔 앞,202604,970,1285
구로구,3910. 목양전원교회 앞 로터리,202604,316,310
구로구,3911. 항동하버리안2단지아파트 후문,202604,218,239
구로구,3912. 삼호아파트 앞,202604,853,816
구로구,3914. 신도림쌍용플래티넘노블아파트 앞,202604,2408,2237
구로구,3915. 동선아파트 앞,202604,235,244
구로구,3917. 성공회대학교,202604,236,173
구로구,3918. 이좋은집오피스텔 앞,202604,615,907
구로구,3919. 구로역·NC신구로점 버스정류장(구로역 방면),202604,1744,1731
구로구,3920. 개봉역2번출구 B,202604,464,464
구로구,3922. 서울남부교정시설 앞,202604,692,678
구로구,3923. 구로공구상가 앞,202604,319,324
구로구,3924. 오류동 계림웨스트밸리 앞,202604,231,220
구로구,3925. 중앙유통단지 앞 B,202604,1200,1337
구로구,3927. 구로월드아파트 앞,202604,1705,2047
구로구,3928.고척아이파크아파트 106동 앞,202604,1345,1355
구로구,3929. 고척아이파크아파트 205동 앞,202604,1849,1591
구로구,3930. 온수역 2번 출구 앞,202604,611,586
구로구,3931. 천왕역 3번 출구 뒤,202604,1200,739
구로구,3932. 개봉센트레빌레우스아파트 앞,202604,424,371
구로구,3933. 오류동부골든아파트 후문 옆,202604,476,56
구로구,3934. 철도교통관제센터 정문 앞,202604,1923,1977
구로구,3935. 고대구로병원 앞,202604,1304,1358
구로구,3936. 힐스테이트 신도림역,202604,2428,2230
구로구,3937. 개봉역 신영지웰에스테이트,202604,117,114
구로구,3939.신도림역 3번출구,202604,6482,7638
금천구,1804. 독산역 2번출구 자전거주차장,202604,1472,1446
금천구,1805. 서울디지털운동장 앞,202604,1116,1090
금천구,1806. 에이스하이엔드타워9차 앞,202604,1016,1030
금천구,1808. 에이스하이엔드타워8차 앞,202604,1188,1286
금천구,1809. LG전자 별관동(호서대 벤처타워 맞은편),202604,1137,1226
금천구,1812. 갑을그레이트밸리 앞,202604,585,725
금천구,1814. 두산위브아파트 옆 상가건물 앞,202604,1069,1001
금천구,1819. 금천구청 앞 자전거거치대,202604,307,317
금천구,1820. 신한은행 시흥대로금융센터지점,202604,297,292
금천구,1821. 홈플러스 시흥점 맞은편 다비치안경 앞,202604,663,760
금천구,1823. W컨템포오피스텔앞,202604,311,146
금천구,1824. 독산근린공원 입구,202604,2049,2051
금천구,1825. 한신아파트 앞 육교 아래,202604,625,663
금천구,1826. 한신코아 앞,202604,333,390
금천구,1827. 독산보도육교 앞 자전거 보관소,202604,1934,2022
금천구,1828. 독산동 한양수자인아파트 앞,202604,839,378
금천구,1829. 홈플러스 금천점 앞,202604,662,778
금천구,1830. 빅마켓 금천점 앞,202604,1528,1555
금천구,1831. 한국전력 구로금천지사 앞,202604,541,516
금천구,1833. 독산역 1번출구 A,202604,850,891
금천구,1834. 월드메르디앙 벤처센터 2차,202604,1650,1750
금천구,1835. STX V타워,202604,612,630
금천구,1836. 금천구립 독산도서관,202604,166,65
금천구,1839. 수출의 다리 아래,202604,673,696
금천구,1840. 솔브레인이엔지 뒤편,202604,502,626
금천구,1841. 가산동 주민센터,202604,1535,1480
금천구,1842. 한울중학교,202604,367,112
금천구,1843. 독산고등학교,202604,478,291
금천구,1846. 롯데캐슬골드파크1차 동문,202604,1234,1229
금천구,1847. 독산주공 14단지 버스정류소,202604,201,192
금천구,1848. 벽산 디지털밸리 5차,202604,1352,1515
금천구,1849. 대륭포스트타워5차,202604,499,537
금천구,1850. 코오롱테크노밸리,202604,288,335
금천구,1851. 가산디지털단지 9번출구 인근,202604,1993,1991
금천구,1853. 청년취업사관학교앞,202604,428,373
금천구,1854. 가산아네스트 오피스텔 앞,202604,781,266
금천구,1855. 성지아파트 옆 도로변,202604,176,207
금천구,1856. 모두의학교,202604,650,568
금천구,1857. 주공14단지,202604,297,297
금천구,"1858. 500번,507번 버스 종점 앞",202604,344,340
금천구,1859. 대륭테크노타운 18차,202604,601,643
금천구,1861.IBK기업은행 석수역 지점 앞,202604,192,191
금천구,1862.MD호텔 앞,202604,802,735
금천구,1863.위너스 스포츠클럽 골프연습장옆,202604,374,314
금천구,1864.산호시티빌 옆,202604,384,251
금천구,1865.금천구청앞(M빌딩),202604,390,426
금천구,1866.서울안천초등학교 옆,202604,282,272
금천구,1867.대륭포스트타워6차 앞,202604,4716,5416
금천구,1868.우리은행 시흥남자동화점 앞,202604,393,309
금천구,1869.롯데캐슬골드파크3차 301동 앞,202604,867,860
금천구,1870.독산3동주민센터 앞,202604,642,270
금천구,3956. 대륭테크노타운21차 앞,202604,944,976
금천구,3958. 롯데캐슬2차 마을버스 정류장(18804) 뒤편,202604,295,365
금천구,3959. 시흥사거리(시흥동 994-3 앞),202604,1121,1196
금천구,3963. 에이스 하드웨어(시흥대로 396) 앞,202604,735,771
금천구,3966. 독산역1번출구 B,202604,2166,2564
금천구,3967. 혜명양로원 담장 옆(2),202604,397,320
금천구,3969. 독산역 롯데캐슬 104동 앞,202604,1146,1106
금천구,3970. 시흥4동주민센터 앞,202604,193,199
금천구,3971. 순흥안씨묘 건너편,202604,58,46
금천구,3972. 산기슭공원 앞,202604,6,2
금천구,3973. 독산2동주민센터 앞,202604,279,152
금천구,3974.  안천중학교,202604,304,297
금천구,3975.현대시티아울렛 가산,202604,1594,1603
금천구,3980. 금천현대홈타운 후문 서부샛길,202604,1010,932
금천구,3983. 금천구청역 1번 출구,202604,1389,1567
금천구,3984. 가산롯데아이티캐슬,202604,1425,1442
금천구,3985. 디폴리스 지식산업센터,202604,1038,1049
금천구,3986.청년주택 독산동점,202604,686,640
금천구,3987. LG전자가산A와 가산테라타워 사이,202604,931,909
금천구,3988. 엘아르베뉴 102동 앞,202604,1098,1105
금천구,3989.가산디지털단지역 9번출구 앞,202604,1703,1581
노원구,1601. 석계역 문화광장 내 자전거 보관소,202604,4171,4484
노원구,1602. 광운대역 앞,202604,1626,1727
노원구,1605. 헬스케어,202604,1257,1371
노원구,1606. 태릉입구역 3번출구 ,202604,1541,1585
노원구,1608. 공릉역 1번 출구 앞,202604,3898,4094
노원구,1610. 화랑대역 2번출구 앞,202604,2078,2265
노원구,1611. 과기대 입구(우),202604,3064,3139
노원구,1616. 하계2동 공항버스정류장 옆,202604,735,719
노원구,1617. 하계동 중평어린이공원 앞,202604,2970,3180
노원구,1619. 중계동 하나프라자빌딩 앞(중1-1),202604,1974,1945
노원구,1625. 상계역 3번출구,202604,4955,4943
노원구,1627. 수락산역 4번출구,202604,1321,1322
노원구,1628. 노일초등학교 앞,202604,707,688
노원구,1630. 수연빌딩 앞,202604,1284,1345
노원구,1634. 당고개공원 대여소,202604,515,511
노원구,"1635. 상계3,4동 주민센터 대여소",202604,207,208
노원구,1636. 상계주공2단지 버스정류장 옆,202604,2185,2166
노원구,1637. KT 전화국 버스정류장 옆,202604,3569,3593
노원구,1639. 희성오피앙,202604,987,978
노원구,1640. 한내근린공원 북측,202604,1461,1650
노원구,1641. 한내근린공원 남측,202604,886,894
노원구,1642. 서울여대 남문,202604,701,585
노원구,1643. 태릉입구역 8번출구,202604,2823,2879
노원구,1646. 삼육대 입구,202604,449,454
노원구,1650. 중계근린공원내,202604,3504,3768
노원구,1651. 상계동 우방유쉘아파트 앞,202604,1201,1189
노원구,1652. 파르코 앞,202604,423,486
노원구,1653. 노원역1번출구,202604,3232,3224
노원구,1654. 당고개입구 오거리,202604,616,593
노원구,1655. 공릉1단지아파트,202604,2988,3028
노원구,1656. 중앙하이츠 아파트 입구,202604,2538,2513
노원구,1657. 노원구청 ,202604,2583,2637
노원구,1659. 중계동 을지중학교,202604,988,754
노원구,1660. 서울시립과학관,202604,508,415
노원구,1661. 당현천근린공원,202604,2147,2092
노원구,1662. 노원역7번출구,202604,2939,3010
노원구,1663. 동해문화예술관앞,202604,2692,2691
노원구,1664. 노해근린공원내,202604,1400,1342
노원구,1665. 양지근린공원앞,202604,1271,985
노원구,1666. 노원소방서인근,202604,608,551
노원구,1667. 중계중학교,202604,2117,1929
노원구,1668. 중계역 6번출구,202604,3257,3416
노원구,1669. 중계역 3번출구,202604,2718,2711
노원구,1670. 노원경찰서교차로,202604,1371,1359
노원구,1671. 인덕대학교,202604,858,927
노원구,1672. 상계동수락리버시티,202604,687,757
노원구,1674. 서울북부고용센터앞,202604,3340,3368
노원구,1675. 월계문화체육센터,202604,204,160
노원구,1677. 육군사관학교  앞,202604,1584,1709
노원구,1679. 삼육대 도서관,202604,417,314
노원구,1680. 삼육대 제3과학관,202604,24,24
노원구,1681. 현대6차 아파트,202604,1290,1062
노원구,1682. 중계종합사회복지관 교차로,202604,618,585
노원구,1683. 노원문화예술회관,202604,1732,1729
노원구,1684. 태릉입구역 5번출구,202604,3788,3857
노원구,1685. 불암고등학교 앞 횡단보도,202604,1267,1255
노원구,1686. 상계주공10단지 종합상가 앞,202604,2026,1977
노원구,1688. 마들역 7번출구,202604,2468,2474
노원구,1689. 마들역 3번출구,202604,1711,1713
노원구,1690. 도봉운전면허시험장 버스정류장 옆,202604,1247,1246
노원구,1691. 노원정보도서관,202604,1760,1757
노원구,1692. 온곡초교 교차로,202604,1663,1362
노원구,1693. 원자력 병원,202604,465,235
노원구,1696.수락리버시티4단지,202604,664,681
노원구,1697.상계주공2단지 219동,202604,1746,1744
노원구,2901.공릉동풍림아파트 101동,202604,1529,1504
노원구,2902.공릉풍림아파트 108동,202604,1402,1406
노원구,2903.월계초안아파트 1단지,202604,551,546
노원구,2904.중계3차청구아파트,202604,1554,1419
노원구,2907. 월계중학교,202604,444,72
노원구,2908. 광운대학교 중앙도서관,202604,1779,1771
노원구,2909. 석계역 3번 출구,202604,1699,1778
노원구,2910.도깨비시장,202604,1659,1798
노원구,2911.상계역중앙시장,202604,1428,1432
노원구,2912.대진고등학교,202604,997,817
노원구,2913.상계8동 주민센터,202604,1867,1857
노원구,2914.서울과학기술대학교(미래관),202604,1218,1429
노원구,2915.서울과학기술대학교(어학교육원),202604,2577,2057
노원구,2917.신창중학교 후문 맞은편 버스정류장,202604,1655,1782
노원구,2919.등나무 근린공원(시립북서울미술관 앞) ,202604,3387,3425
노원구,2920.상계중학교(당현2교사거리),202604,981,963
노원구,2921.중계역 2번출구,202604,2594,2848
노원구,4002. 상계주공 14단지 상가 앞,202604,1009,996
노원구,4004. 당고개입구오거리 당현천변,202604,1497,1485
노원구,4005. 중계2차 한화꿈에그린 101동 인근,202604,1139,1078
노원구,4007. 노원 을지대학교 병원,202604,1898,2086
노원구,4008. 하계 어린이 공원,202604,867,819
노원구,4009. 월계프라자,202604,641,164
노원구,4011. 월계 센트럴 아이파크,202604,1261,1580
노원구,4013. 중계 롯데마트,202604,1962,1841
노원구,4014. 불암산역 3번 출구,202604,680,661
노원구,4016. 노원 마들스타디움,202604,1265,1269
노원구,4017. 월계 청백1단지 아파트 정류장,202604,486,185
노원구,4018. 상계주공15단지 버스정류소,202604,1112,1098
노원구,4019. 상계주공10단지 버스정류소,202604,1390,1360
노원구,4020. 중계동 성모빌딩 앞 ,202604,1583,1583
노원구,4021. 중계본동 입구,202604,215,106
노원구,4023. 월계역 1번 출구,202604,1145,1397
노원구,4024. 꿈의숲 SK뷰 아파트,202604,1721,1671
노원구,4025. 한천교 동편,202604,1282,1413
노원구,4026. 상계주공1단지아파트,202604,2320,2277
노원구,4027. 한내 행복발전소 옆,202604,2487,2531
노원구,4028. 한일유앤아이아파트 105동 인근,202604,1116,1079
노원구,4029. 청소년수련관 후문,202604,3645,3710
노원구,4031. 청암예술학교 앞,202604,1641,1592
노원구,4032. 불암주유소 앞,202604,1560,1558
노원구,4033. 녹천역 4번 출구 옆,202604,475,544
노원구,4035. 휴플러스 수락한신아파트 101동 앞,202604,726,646
노원구,4036. 하계역 6번출구,202604,1838,2043
노원구,4037. 물넘이교,202604,2686,2642
노원구,4039. 서울시 북부여성발전센터,202604,946,919
노원구,4040. 공릉로 26길,202604,896,941
노원구,4041. 공릉역3번출구,202604,2135,2385
노원구,4042. 상계문화정보도서관,202604,1360,1435
노원구,4043. 상계주공13단지 1301동,202604,412,261
노원구,4044. 공릉산 백세문 입구,202604,129,130
노원구,5301. 상계주공1단지 버스정류장 옆(대원빌딩 앞),202604,2212,2230
노원구,5305. 대륜E&S 서울지사 앞,202604,667,659
노원구,5308. 상계신동아아파트,202604,173,134
노원구,5309. 월계 롯데캐슬아파트 뒤,202604,1327,1417
노원구,5310. 목련아파트,202604,930,827
노원구,5311. 주공601동 상가 노원지하보도 앞,202604,2643,2640
노원구,5313. 중계주공2단지 앞,202604,999,996
노원구,5314. 월계1동주민센터 앞,202604,909,945
노원구,5315. 불암산역 앞,202604,292,283
노원구,5317. 공릉동 신도1차 아파트 뒤,202604,1127,1239
노원구,5318. 극동의 푸른별 아파트 뒤(중계4동주민센터 앞),202604,768,691
노원구,5319. 연해피빌 앞,202604,1520,1638
노원구,5320. 국제 스케이트장,202604,107,63
노원구,5321.불암아파트 앞,202604,646,637
노원구,5322.노원성당 앞,202604,683,726
노원구,5323. 하계역 4번출구 앞,202604,1402,1465
노원구,5325.상계주공7단지 아파트 앞,202604,1128,1015
노원구,5326. 대진고교앞 교차로,202604,1545,1534
노원구,5327. 태릉선수촌 앞,202604,59,39
노원구,5328.롯데캐슬시그니처아파트 앞,202604,876,760
노원구,5329. 상계주공15단지 1509동 앞,202604,944,935
노원구,5330. 구립수락노인종합복지관,202604,1008,1041
노원구,5331. 공릉동 풍림아파트 112동 앞,202604,236,234
노원구,5332. 마들역 4번출구,202604,1238,1240
노원구,5333. 노원역9번-10번 출구 앞,202604,3209,3573
노원구,5334. 화랑대역 3번출구,202604,271,283
노원구,5335. 하계역 1번 출구,202604,987,930
노원구,5336. 월계 고등학교 앞,202604,398,353
노원구,5337. 태강릉 앞,202604,119,104
노원구,5338. 상계초교 입구 교차로,202604,1184,1176
노원구,5339. 은빛1단지 아파트 앞,202604,180,163
노원구,5341.공릉동효성아파트 앞,202604,1228,1202
노원구,5342. 상계공원 입구,202604,878,962
도봉구,1702. 녹천역 1번출구 앞,202604,771,883
도봉구,1703. 도봉산광역환승센터앞 ,202604,341,287
도봉구,1705. 도봉구청 정문앞,202604,1622,1633
도봉구,1706. 방학동우체국 건너편,202604,1091,1106
도봉구,1707. 도봉구민회관,202604,1287,1165
도봉구,1708. 도봉보건소사거리,202604,1730,1789
도봉구,1709. 쌍문역4번출구 주변,202604,1024,1005
도봉구,1713. 쌍문동 이안아파트 앞,202604,870,177
도봉구,1714. 도봉문화정보도서관 삼거리,202604,422,94
도봉구,1715. 서울특별시교육청도봉도서관,202604,792,752
도봉구,1716. 창동역 1번출구 건너편,202604,3038,3326
도봉구,1719. 신도봉사거리 버스정류장,202604,833,832
도봉구,1720. 도봉구청 옆(중랑천변),202604,2677,2737
도봉구,1721. 창동역 2번출구 ,202604,1,3
도봉구,1722. 창동청소년수련관,202604,1101,1069
도봉구,1723. 방학동학마을도서관,202604,411,353
도봉구,1725. 창1동주민센터,202604,431,470
도봉구,1726. 삼익세라믹아파트교차로,202604,1295,1329
도봉구,1727. 서울도봉초등학교인근,202604,930,858
도봉구,1728. 서울북부지방법원,202604,396,388
도봉구,1729. 도봉한신아파트 버스정류장,202604,1129,1233
도봉구,1730. 도봉산역 교차로 앞,202604,143,175
도봉구,1731. 도봉고등학교 맞은편,202604,258,123
도봉구,1732. 방학역사거리,202604,642,660
도봉구,1733. 방학사거리 (봄마당 앞),202604,526,542
도봉구,1734. 쌍문현대1차아파트 108동 앞,202604,828,666
도봉구,"1735. 도봉역 1,2번 출구사이 건너편",202604,897,902
도봉구,1736. 버스정류장 앞,202604,563,536
도봉구,1737. 신창시장,202604,1940,2124
도봉구,1738. 창동주공17단지 상가앞,202604,1501,1596
도봉구,1741. 제일강산수산입구,202604,1137,921
도봉구,1742. 북한산 코오롱 하늘채,202604,1660,1654
도봉구,1743.창동19단지아파트 관리사무소앞,202604,994,986
도봉구,1744.도봉소방서 옆,202604,1978,2080
도봉구,1749. ESA아파트 상가 앞,202604,1324,1327
도봉구,1750. 창포원 남쪽 입구,202604,1125,1149
도봉구,1751. 창원초등학교 교차로,202604,766,771
도봉구,1752. 창동 주공 4단지 입구 옆,202604,642,741
도봉구,1754. 창동시장입구 사거리,202604,933,811
도봉구,1756.서울북부광역등기국,202604,339,355
도봉구,1757.솔밭공원역 1번출구 앞,202604,465,458
도봉구,1758.솔밭공원역 1번출구 주변,202604,541,499
도봉구,1759.서울북부지방법원 앞,202604,598,640
도봉구,1761.방학중학교 앞,202604,424,250
도봉구,1762.북한산 한신휴플러스APT앞,202604,1788,1514
도봉구,1765.쌍문역 1번출구 주변,202604,1171,1054
도봉구,1767.방학초등학교 앞,202604,1275,1690
도봉구,1768.신동아타워 버스정류소,202604,606,625
도봉구,1770.도봉한신아파트 주변,202604,1406,1408
도봉구,1771.성원APT버스정류소,202604,1110,550
도봉구,1772.시립도봉노인복지관 버스정류소,202604,734,687
도봉구,1774.정의여중고 버스정류소,202604,527,517
도봉구,1775.신원리베르텔 앞,202604,1091,1147
도봉구,4054. 창동한신아파트 버스정류소,202604,875,533
도봉구,4058. 다락원체육공원 전망대 입구,202604,648,629
도봉구,4062. 평화도봉공원 주변,202604,1044,1141
도봉구,4064. 신창아파트 입구 앞,202604,513,502
도봉구,4073.방아골종합사회복지관,202604,742,676
도봉구,4074. 도봉구육아종합지원센터(창동),202604,1268,1580
도봉구,4078. 원당공원 앞,202604,1231,1212
도봉구,4080. 창동주공19단지앞 ,202604,1613,1547
도봉구,4083.도봉아이나라도서관 앞,202604,1487,1681
도봉구,4084. 도봉동실내스포츠센터,202604,1231,1254
도봉구,4086. 도봉로 534,202604,364,242
도봉구,4087. 우이교 교차로,202604,2073,2283
도봉구,4088. 김근태도서관,202604,290,226
도봉구,4089. 동부센트레빌 앞,202604,1255,1360
도봉구,4090. 녹천교 앞 사거리,202604,1294,1286
도봉구,4091. 방학역2번출구,202604,1680,1796
도봉구,4092. 도봉경찰서 교차로,202604,1679,1672
도봉구,4094.도봉여성센터,202604,544,593
도봉구,4095. 방학브라운스톤아파트,202604,731,790
도봉구,4096.창동역2번출구 하나은행365 앞,202604,2754,4063
도봉구,4097.숭미파출소 사거리,202604,723,815
도봉구,4098.창동역 1번출구 인근,202604,202,243
도봉구,4099.창동역 이마트 건너편,202604,90,124
동대문구,4102. 휘경1동주민센터 앞,202604,1383,1408
동대문구,4103. 휘경sk뷰아파트 앞,202604,346,252
동대문구,4104. 외대앞역 교차로,202604,843,822
동대문구,4105. 서울교통공사사거리 교통섬,202604,879,769
동대문구,4107. 장안동근린공원 입구,202604,657,706
동대문구,4108. 답십리파크자이아파트 앞,202604,3415,3373
동대문구,4110. 용두롯데캐슬리치아파트 앞,202604,1036,920
동대문구,4113. 한국국방연구원 앞,202604,1521,1580
동대문구,4114. 휘경여중고삼거리,202604,1123,1275
동대문구,4116. 이문e편한세상아파트 앞,202604,858,921
동대문구,4117. 휘경119안전센터 앞,202604,952,896
동대문구,4121. 서울문화재단 앞,202604,1462,1481
동대문구,4122. 청계9가교차로 앞,202604,2625,2798
동대문구,4123. 배봉초교 교차로,202604,923,1050
동대문구,4128.  종암초등학교 뒤(새울센스빌),202604,658,628
동대문구,4131. 베네스트 오피스텔 앞,202604,1736,1638
동대문구,4132. 이문삼익아파트 앞,202604,390,352
동대문구,4133.래미안허브리츠아파트 앞,202604,851,753
동대문구,4134. 제기동 현대아파트 앞,202604,601,603
동대문구,4135. 삼성생명 앞,202604,3011,3312
동대문구,4136. 롯데캐슬SKY-L65 D동 앞,202604,1844,1948
동대문구,4137. 답십리역 4번출구,202604,4550,5399
동대문구,4138. 조일빌딩 앞,202604,835,831
동대문구,4139. 답십리 사거리,202604,1178,1239
동대문구,4140. 신설동역 4번출구,202604,1560,1750
동대문구,4141. 우리은행장안지점 앞,202604,2074,2151
동대문구,4142. 현대썬앤빌 앞,202604,2433,2854
동대문구,4143.서울동물복지지원센터 동대문,202604,1525,1744
동대문구,4144.시립대학교 박물관 앞,202604,502,316
동대문구,4145.청량리동 주민센터,202604,1132,1140
동대문구,4146.이삭어린이공원,202604,1319,1074
동대문구,4147.청량리역광장,202604,1541,1525
동대문구,4148.동대문구 장안동 씨젠의료재단,202604,1078,1072
동대문구,4149.제기동역 5번출구,202604,219,223
동대문구,600. 휘경2동 주민센터,202604,232,234
동대문구,602. 장안동 사거리,202604,2875,3094
동대문구,605. 신설동역8번출구,202604,1280,1392
동대문구,606. 서울반도체고 앞,202604,479,544
동대문구,607. 신이문역 2번출구,202604,861,815
동대문구,608. 전농삼성아파트,202604,274,250
동대문구,609. 제기2교,202604,1484,1482
동대문구,610. 동대문중 교차로,202604,1110,1050
동대문구,612. 시립동부병원 앞 사거리,202604,2484,2564
동대문구,613. 신설동역 10번출구 앞,202604,1638,1719
동대문구,614. 용두동 사거리,202604,2632,2532
동대문구,615. 용두동 래미안허브리츠아파트 앞,202604,2454,2546
동대문구,616. 서울시립대 정문 앞 A,202604,256,124
동대문구,617. 청솔우성아파트 앞,202604,894,935
동대문구,621. 전농초등학교 건너편,202604,619,517
동대문구,622. 전농사거리 교통섬,202604,1149,1374
동대문구,623. 서울시립대 정문 앞 B,202604,1981,1163
동대문구,624. 전농동 동아아파트 앞,202604,1776,1896
동대문구,626. 군자교 서측 녹지대,202604,2481,2421
동대문구,627. 장안동삼거리 교통섬,202604,1315,1361
동대문구,628. 휘봉고등학교 앞,202604,798,859
동대문구,630. 동대문구 보건소,202604,2431,2560
동대문구,631. 답십리역 1번출구,202604,3435,4028
동대문구,633. 청량리 기업은행 앞,202604,1580,1835
동대문구,634. 외국어대 정문 앞,202604,2336,2358
동대문구,635. 시조사 앞,202604,1419,1394
동대문구,636. 세종대왕기념관 교차로,202604,876,902
동대문구,637. KAIST 경영대학 앞,202604,293,241
동대문구,638. 서울시립대 정보기술관,202604,713,649
동대문구,639. 서울시립대 후문,202604,917,713
동대문구,640. 동대문경찰서 교차로,202604,921,1099
동대문구,641. 용두역 4번출구,202604,1656,1694
동대문구,642. 신답역 사거리,202604,1906,1888
동대문구,643. 동대문구민체육센터 (육교아래),202604,2495,2770
동대문구,648. 장안동위더스빌옆,202604,2846,2997
동대문구,650. 중랑교사거리,202604,1692,1583
동대문구,652. 답십리 래미안엘파인아파트 입구,202604,674,700
동대문구,654. 전농동 텃골공원,202604,632,441
동대문구,656. 영휘원 교차로,202604,939,1000
동대문구,657. 동대문롯데캐슬아파트 앞,202604,1730,1870
동대문구,661. 경희대학교 청운관,202604,1335,1371
동대문구,663. 외대앞역 3번출구,202604,2544,2817
동대문구,664. 서울시립대 건설공학관,202604,605,443
동대문구,665.이문동 쌍용아파트 정문,202604,860,929
동대문구,666.이문대성유니드아파트 앞,202604,904,929
동대문구,667.청량차도 육교 밑,202604,595,367
동대문구,669.청계한신휴플러스앞 삼거리,202604,1521,1395
동대문구,670.삼육서울병원 버스정류장,202604,3243,3541
동대문구,671.대광빌딩,202604,470,403
동대문구,672.대광고등학교,202604,1100,1191
동대문구,673.안암골벽산아파트(후문),202604,1026,926
동대문구,674.고대앞사거리 교통섬,202604,1135,1139
동대문구,676.FITI시험연구원 앞,202604,782,767
동대문구,678.장안힐스테이트(아) 앞,202604,1780,2185
동대문구,679.전농SK아파트 앞,202604,416,390
동대문구,680.꿈마루어린이도서관 앞,202604,1504,1497
동대문구,681.서울특별시 동부교육지원청(육교),202604,165,141
동작구,2002. 노들역 1번출구,202604,3404,4156
동작구,2003. 사육신공원앞,202604,1248,1347
동작구,2008. 노량진근린공원 대방공원,202604,606,347
동작구,2009. 보라매역 8번출구,202604,829,946
동작구,2012. 대림사거리(동작상떼빌아파트),202604,862,895
동작구,2013. 장승배기역 5번출구,202604,1299,985
동작구,2015. 신대방삼거리역 6번출구쪽,202604,1927,1993
동작구,2016. 신대방삼거리역 3번출구쪽,202604,1029,1122
동작구,2020. 장승배기역2번출구뒷편쪽,202604,684,687
동작구,2024. 상도역 1번출구,202604,439,422
동작구,2025. 흑석역 1번출구,202604,2708,3164
동작구,2026. 흑석역 4번출구,202604,539,551
동작구,2027. 중앙대학교 정문 1,202604,640,773
동작구,2032. 이수역 11번출구쪽,202604,1747,2580
동작구,2033. 사당동 아르테스 웨딩앞,202604,1031,1056
동작구,2034. 사당역 7번출구쪽,202604,638,735
동작구,2036. 정금마을 마을버스정류장,202604,730,753
동작구,2037. 동작역 5번출구 동작주차공원,202604,3,3
동작구,2038. 동작역 7번출구,202604,984,984
동작구,2040. 비계 버스정류소,202604,228,137
동작구,2041. 사당중학교 버스정류소,202604,217,195
동작구,2048. 삼일초등학교 인근,202604,856,333
동작구,2050. 노량진역 5번출구,202604,1895,2508
동작구,2054. 삼익아파트,202604,1357,1218
동작구,2056. 동작구민 체육센터,202604,1571,1313
동작구,2057. 상도 아이파크 아파트,202604,544,181
동작구,2058. 동작경찰서,202604,1543,2020
동작구,2059. 보라매공원 정문,202604,1399,1595
동작구,2060. 남성역3번출구 뒤,202604,1393,1591
동작구,2062. 사당새마을금고,202604,404,385
동작구,2064. 흑석한강푸르지오 106동앞,202604,59,53
동작구,2065. 서울시여성가족재단,202604,350,356
동작구,2066. 양문교회 앞,202604,1293,1351
동작구,2067. 보라매역․동작세무서 버스정류장(강남중학교방면),202604,1550,1681
동작구,2068. 총신대 앞(육교),202604,160,53
동작구,2069. 숭실대 입구역3번 출구 앞,202604,706,415
동작구,2070. 노량진역 2번 출구 앞,202604,1318,1807
동작구,2071. 대림아파트 후문 상가 옆,202604,807,107
동작구,2077.노들역 3번출구,202604,1263,1292
동작구,2078.흑석 아크로리버하임(103동),202604,258,64
동작구,2079.중앙대학교 중앙광장,202604,190,186
동작구,2080. 대방지하보도(대방동경남아너스빌아파트),202604,1237,1352
동작구,2082.7호선 이수역7번출구,202604,835,820
동작구,2083.흑석롯데캐슬에듀포레(107동),202604,491,486
동작구,2084.e편한세상 상도노빌리티 앞,202604,696,516
동작구,2085.강남중학교 앞,202604,1032,899
동작구,2086.삼일수영장 앞,202604,1124,730
동작구,2088.상도중앙하이츠빌 입구,202604,382,292
동작구,2089.사당역10번출구(금강빌딩),202604,794,1044
동작구,2090.기아자동차 사당점 앞,202604,930,1007
동작구,2091. 이수역9번출구,202604,903,1155
동작구,2092.흑석한강푸르지오(110동),202604,317,34
동작구,2093.상도SH빌아파트 입구,202604,217,52
동작구,2094.숭실대학교(중문) ,202604,399,70
동작구,2095.경문고등학교 앞,202604,750,883
동작구,2096.서울특별시 동작관악교육지원청,202604,94,61
동작구,237. 보라매 두산위브 건너편,202604,1772,1877
동작구,4152. 상도효성해링턴플레이스,202604,564,391
동작구,4153. 흑석동효사정앞,202604,337,203
동작구,4158. 노량진근린공원,202604,186,66
동작구,4162. 노량진1동 청소년독서실,202604,467,107
동작구,4167. 구로교 아래,202604,1260,945
동작구,4169. 신대방삼거리,202604,1259,1280
동작구,4173. 중대후문 마을버스정류장,202604,616,549
동작구,4175. 대방역2번출구,202604,827,907
동작구,4177. 롯데캐슬 101동 앞,202604,270,156
동작구,4178. 이수성결교회 옆,202604,126,124
동작구,4179. 보라매병원역 1번출구,202604,2812,2948
동작구,4180. 흑석동주민센터 입구,202604,301,370
동작구,4181. 보라매공원역 2번출구,202604,1432,1351
동작구,4182.보라매병원역 2번출구,202604,2491,2616
마포구,102. 망원역 1번출구 앞,202604,3409,3676
마포구,103. 망원역 2번출구 앞,202604,2768,3108
마포구,104. 합정역 1번출구 앞,202604,1792,1524
마포구,105. 합정역 5번출구 앞,202604,1043,777
마포구,106. 합정역 7번출구 앞,202604,3314,3305
마포구,107. 수협 연남동지점,202604,1421,1589
마포구,108. 서교동 사거리,202604,1340,1389
마포구,111. 상수역 2번출구 앞,202604,2056,2129
마포구,113. 홍대입구역 2번출구 앞,202604,5154,6400
마포구,114. 홍대입구역 8번출구 앞,202604,1675,1799
마포구,118. 광흥창역 2번출구 앞,202604,704,706
마포구,119. 서강나루 공원,202604,1842,2018
마포구,120. 신수동 사거리,202604,559,563
마포구,121. 마포소방서 앞,202604,888,912
마포구,122. 신성기사식당 앞,202604,872,884
마포구,124. 서강대 정문 건너편,202604,1520,1294
마포구,126. 서강대 후문 옆,202604,913,864
마포구,127. 현대벤처빌 앞,202604,201,165
마포구,129. 신촌역(2호선) 6번출구 옆,202604,720,735
마포구,130. 신촌역(2호선) 7번출구 앞,202604,1950,2007
마포구,142. 아현역 4번출구 앞,202604,716,723
마포구,143. 공덕역 2번출구,202604,1058,1378
마포구,145. 공덕역 5번출구,202604,1584,2191
마포구,146. 마포역 2번출구 뒤,202604,2522,2587
마포구,147. 마포역 4번출구 뒤,202604,3874,4556
마포구,148. 용강동 주민센터 앞,202604,1443,1510
마포구,150. 서강대역 2번출구 앞,202604,1232,1270
마포구,153. 성산2교 사거리,202604,2271,2326
마포구,154. 마포구청역 ,202604,2811,3386
마포구,155. 가좌역1 번출구 앞,202604,1586,1485
마포구,156. 서울서부지방법원 앞,202604,853,1229
마포구,157. 애오개역 4번출구 앞,202604,1676,1828
마포구,181. 망원초록길 입구,202604,1733,1699
마포구,182. 망원2빗물펌프장 앞,202604,1074,1105
마포구,183. 하늘채코오롱아파트 건너편,202604,2792,2563
마포구,184.망원우체국사거리 인근,202604,2585,2918
마포구,185. 마포 신수공원 앞,202604,1241,1028
마포구,186. 월드컵공원,202604,3560,3486
마포구,199. 서울 월드컵 경기장,202604,1214,732
마포구,3002.벽산상암스마트큐브 ,202604,2928,2965
마포구,3003.래미안신공덕3차아파트,202604,178,87
마포구,3005.마포구청 청사내,202604,284,284
마포구,3006. 상암월드컵파크5단지(상암중학교),202604,596,554
마포구,3007.MBC 앞,202604,757,816
마포구,3008.DMC역7번출구,202604,813,592
마포구,3009. 홍대입구역 사거리,202604,1783,1899
마포구,3010.홍대입구역 3번출구,202604,3397,3440
마포구,400. 상암한화오벨리스크 1차 앞,202604,1126,1139
마포구,401. 상암월드컵파크 10단지 앞,202604,929,922
마포구,402. 상암월드컵파크 9단지 앞,202604,642,613
마포구,403. 부엉이공원 앞,202604,1207,518
마포구,405. DMC빌 앞,202604,541,542
마포구,406. 상암월드컵파크 7단지 앞,202604,661,660
마포구,407. 마포구 육아종합지원센터,202604,1339,1338
마포구,408. LG CNS앞,202604,784,788
마포구,409. 누리꿈스퀘어 옆,202604,2006,2144
마포구,410. 상암중학교 옆,202604,299,215
마포구,411. DMC홍보관,202604,1273,1362
마포구,412. DMC산학협력연구센터 앞,202604,1624,1636
마포구,413. 상암월드컵파크 3단지 후문,202604,751,768
마포구,414. 상암동주민센터 옆,202604,1954,2098
마포구,415. DMC역 9번출구 앞,202604,2773,2627
마포구,416. 상암월드컵파크 1단지 교차로,202604,680,346
마포구,417. DMC역 2번출구 옆,202604,1776,1632
마포구,418. 월드컵경기장역 3번출구 옆,202604,640,619
마포구,419. 홈플러스 마포점 앞,202604,4158,3794
마포구,420. 서울시 공공자전거 상암센터,202604,1511,1226
마포구,4202. 프런트원(공덕역4번출구 앞),202604,742,903
마포구,4206. 광흥창역5번출구,202604,658,658
마포구,4207. 아만티호텔 앞,202604,1340,1479
마포구,4208. 스타벅스(동교동) 앞,202604,877,1100
마포구,421. 마포구청 앞,202604,2564,2574
마포구,4210. 가좌행복주택 앞,202604,1308,1266
마포구,4211. 시석빌딩 앞,202604,1093,1083
마포구,4212. 한화오벨리스크 앞,202604,755,706
마포구,4213. 마포구중앙도서관 정문 앞,202604,3025,2821
마포구,4214. JTBC 앞,202604,1203,1267
마포구,4216. 망원정 앞,202604,917,976
마포구,4217. 한강공원 망원나들목,202604,5703,6119
마포구,4218. 디지털매직스페이스,202604,1778,1862
마포구,422. 문화비축기지,202604,496,577
마포구,4220. 신촌 청년주택,202604,1611,1764
마포구,4221. 솔리스타오피스텔(공덕동주민센터),202604,768,90
마포구,4222. 서울디자인고등학교 앞,202604,1463,1685
마포구,4224. 서부운전면허시험장,202604,983,1039
마포구,4226. 마포프레스티지자이 1,202604,1052,965
마포구,4233. 코오롱아파트사거리,202604,4017,4365
마포구,4234. 에스테반,202604,641,287
마포구,4238. 상암한샘빌딩앞,202604,1330,1302
마포구,424. 롯데하이마트 (상암월드컵점) ,202604,451,389
마포구,4240. 아현문화건강센터,202604,419,50
마포구,4244. 당인리발전소 공원 앞,202604,2159,2257
마포구,4246. 상수역새마을금고,202604,841,835
마포구,4247. 서울서부지방법원등기국앞,202604,451,464
마포구,4248. 신촌 교보빌딩,202604,345,332
마포구,425. DMC첨단산업센터,202604,507,498
마포구,426. 서울신용보증재단,202604,1410,1695
마포구,427. 성산시영아파트,202604,1376,1493
마포구,432. 마포중앙도서관,202604,291,67
마포구,436. 이대역 5번출구,202604,868,239
마포구,437. 대흥역 1번출구,202604,1032,1104
마포구,438. 성산2-1 공영주차장,202604,1681,1442
마포구,440. 하늘공원 입구,202604,1191,1143
마포구,488.푸르메병원,202604,1388,1415
마포구,489.구룡근린공원,202604,435,365
마포구,490.가온문화공원,202604,1465,1475
마포구,491.월드컵파크 4단지,202604,491,431
마포구,493.홍대입구역 6번출구,202604,1612,1650
마포구,494.신수동주민센터,202604,432,419
마포구,495.염리초등학교 앞,202604,1104,1217
마포구,497.합정동주민센터 앞,202604,2964,2290
마포구,498.연남동주민센터 앞,202604,1835,1958
마포구,5503. 마포아트센터 앞,202604,1549,1579
마포구,5504.아현교회,202604,338,88
마포구,5506. 월드컵참누리아파트,202604,963,946
마포구,5507. 아현래미안푸르지오아파트 104동 앞,202604,378,102
마포구,5508. 성산유수지공원,202604,1343,1357
마포구,5509.신석초교 앞,202604,1476,1706
마포구,5513. 마포음식문화거리,202604,1308,1485
마포구,5514.공덕역 1번출구,202604,1923,2333
마포구,5515.한강버스 망원 선착장,202604,15023,14413
서대문구,115. 마스타 빌딩 앞,202604,905,698
서대문구,117. 홍은사거리,202604,3404,3397
서대문구,123. 문화촌 공원,202604,1967,1950
서대문구,128. 신촌역(2호선) 1번출구 옆,202604,930,929
서대문구,131. 증산2교,202604,2034,2183
서대문구,133. 해담는다리,202604,2294,2510
서대문구,134. 연세로 명물길,202604,618,696
서대문구,135. 명물길 원형무대 앞,202604,573,602
서대문구,137. 신촌기차역입구 교차로,202604,495,345
서대문구,138. 신촌동 제1공영주차장 앞,202604,559,542
서대문구,139. 연세대 정문 건너편,202604,351,283
서대문구,140. 이화여대 후문,202604,738,751
서대문구,141. 연대 대운동장 옆,202604,465,335
서대문구,159. 이대역 4번 출구,202604,488,227
서대문구,160. 북아현동 가구거리,202604,465,350
서대문구,161. 무악재역1번 출구,202604,215,204
서대문구,162. 봉원고가차도 밑,202604,789,265
서대문구,163. 명지전문대학교 정문 앞,202604,643,639
서대문구,164. 북가좌1동 주민센터 ,202604,512,392
서대문구,165. 중앙근린공원,202604,1266,995
서대문구,166. 가재울 초등학교,202604,1702,1693
서대문구,167. 연가초등학교 옆,202604,571,93
서대문구,169. 북가좌 삼거리,202604,517,486
서대문구,170. DMC파크뷰자이아파트 302동 앞,202604,995,1009
서대문구,171. 임광빌딩 앞,202604,486,516
서대문구,173. 서대문역 8번출구 앞,202604,292,289
서대문구,175. 홍연2교옆,202604,1296,1295
서대문구,176. 명지대학교 도서관,202604,1974,1988
서대문구,177. 북가좌 초등학교,202604,708,747
서대문구,178. 증산3교 앞,202604,1658,1658
서대문구,179. 가좌역 4번출구 앞,202604,1999,2024
서대문구,180. 충정로역 7번출구 아래,202604,673,492
서대문구,188. 홍은동 정원여중 입구,202604,739,739
서대문구,191. 서우빌딩,202604,854,1000
서대문구,192. 연서어린이공원,202604,531,516
서대문구,194. 증산교 앞,202604,2160,2245
서대문구,195. 모래내고가차도 ,202604,956,894
서대문구,196. 연희교차로 인근,202604,1,1
서대문구,198. 충정2교,202604,500,507
서대문구,3100. 북성초교,202604,304,261
서대문구,3101. 서대문구청,202604,487,426
서대문구,3102. 연희삼거리,202604,1143,1147
서대문구,3103. 홍제삼거리 북측,202604,902,951
서대문구,3104. e편한세상 신촌4단지 앞,202604,741,823
서대문구,3105. 홍은센트레빌 아파트 앞,202604,419,141
서대문구,3109.북한산더샾 106동 앞,202604,335,325
서대문구,3110.홍은 현대아이파크 아파트 202동 앞,202604,694,702
서대문구,3111.무악재역 4번 출구,202604,292,276
서대문구,3113. 독립문 앞,202604,719,668
서대문구,3114.충정로역 3번 출구,202604,352,276
서대문구,3115.북아현 치안센터 인근,202604,848,794
서대문구,3116.신촌역 4번출구,202604,634,635
서대문구,3117.이화여대 인문관 인근,202604,287,271
서대문구,3119.연희 브라운스톤 아파트 앞,202604,1517,1549
서대문구,3120.DMC엘가아파트 앞,202604,1327,1293
서대문구,3121.가좌삼거리,202604,1469,1418
서대문구,3122.북가좌삼거리2,202604,755,691
서대문구,3123.DMC파크뷰자이1단지 110동 앞,202604,948,939
서대문구,3125.연희파크푸르지오아파트 앞,202604,1462,1492
서대문구,3127.홍은2파출소 옆,202604,824,800
서대문구,3128.동신병원 맞은편,202604,1797,1889
서대문구,3129.DMC래미안e편한세상203동옆,202604,794,757
서대문구,3130.가재울사거리,202604,771,487
서대문구,3131.연가교 교차로,202604,1316,1160
서대문구,3132.홍제교,202604,786,766
서대문구,3134.SK리쳄블(서울아리수본부),202604,322,313
서대문구,4253. 홍은도담도서관,202604,797,754
서대문구,4255. 래미안 루센티아 아파트 108동 앞,202604,1056,670
서대문구,4264. 홍남교 버스정류장,202604,597,579
서대문구,4266.국민연금공단충정로사옥,202604,352,321
서대문구,4267. 서대문역 2번 출구,202604,1439,1411
서대문구,4269. 연희IC 남측,202604,908,917
서대문구,4270. 우국한마음 아파트 맞은편,202604,1794,1840
서대문구,4271. 충정로역 1번 출구,202604,230,147
서대문구,4272. 홍남교 사거리,202604,1453,1540
서대문구,4273. 홍연2교 사거리,202604,672,661
서대문구,4274. 신촌 파랑고래 입구,202604,880,885
서대문구,4275.농협생명본사빌딩 서관,202604,646,676
서대문구,4277. 서대문우체국 정류소 옆,202604,356,313
서대문구,4278. 홍은2동주민센터,202604,604,587
서대문구,4280.북가좌2동 주민센터,202604,891,973
서대문구,4281.명지대사거리,202604,990,893
서초구,2202.청계산입구역 1번출구,202604,1440,1355
서초구,2203. 청계산입구역 2번출구,202604,323,182
서초구,2205. 내곡3단지 어린이공원 앞,202604,684,587
서초구,2206. 언남초등학교 앞,202604,978,968
서초구,2207. 내곡파출소 뒤 정자,202604,161,118
서초구,2210. 반포1동 주민센터 앞,202604,451,331
서초구,2211. 서초구립반포도서관 앞,202604,1507,1486
서초구,2212.서초현대4차아파트 201동 맞은편,202604,993,980
서초구,2213. 고속터미널역 5번출구 앞,202604,1105,921
서초구,2214. 신반포역 2번출구 앞,202604,1951,2381
서초구,2215. 반포종합운동장 입구,202604,925,923
서초구,2217.아크로리버뷰 부지 앞,202604,3423,4327
서초구,"2219. 고속터미널역 8-1번, 8-2번 출구 사이",202604,4241,4279
서초구,2221. 방일초교 마을버스 정류장,202604,1051,1131
서초구,2222.사당역 12번출구 뒤,202604,1904,2461
서초구,2223. 방배래미안 정문 앞,202604,217,217
서초구,2225.백석예술대학교 제3캠퍼스 앞,202604,180,125
서초구,2226. 신동아럭스빌아파트 앞,202604,305,35
서초구,2227.방배열린문화센터 앞,202604,805,830
서초구,2228.뒷벌공원 옆,202604,1860,2139
서초구,2229.로고스교회 맞은 편,202604,579,661
서초구,2230.이수역 4번 출구,202604,1786,2018
서초구,2231. 삼성타운(삼성생명) A동 맞은편,202604,1572,1680
서초구,2233. 서초신동아1차아파트 옆,202604,627,635
서초구,2235.KT 서초지사 앞,202604,270,148
서초구,2237.서울남부터미널 대합실 입구,202604,757,645
서초구,2239.교대역 6번출구,202604,719,733
서초구,2241.양재전화국 사거리,202604,1063,853
서초구,2242.양재역 10번 출구 앞,202604,891,871
서초구,2243.서울가정법원,202604,731,391
서초구,2244. 말죽거리공원 사거리,202604,1418,1464
서초구,2245.양재초등학교 맞은편,202604,883,965
서초구,2246. 서울시 품질시험소 앞,202604,612,647
서초구,2247.섬들근린공원,202604,1312,1403
서초구,2248. 서초리슈빌S 글로벌 앞,202604,315,266
서초구,2249. 우솔초등학교 맞은편,202604,306,293
서초구,2250. 서초유치원 맞은편,202604,1085,1063
서초구,2251. 더케이호텔 입구(양재2) ,202604,750,805
서초구,2252. 잔디마을 마을버스 정류장,202604,1479,1404
서초구,2255. 양재시민의숲역 1번출구,202604,2702,2749
서초구,2256.양재동 꽃시장 입구,202604,521,513
서초구,2257. 청계산 입구 삼거리,202604,289,292
서초구,2258.구룡사 삼거리,202604,435,211
서초구,2259. 잠원역 3번-4번 출구사이 ,202604,1792,2102
서초구,2263. 바우뫼문화복지회관,202604,682,626
서초구,2264. 이수역 1번출구,202604,2389,2850
서초구,2265. 이수고가차도 남단,202604,1517,1686
서초구,2266. 서초역 3번출구,202604,856,889
서초구,2269. 주홍교 하부,202604,244,160
서초구,2270. 서초포레스타 7단지,202604,355,335
서초구,2271. 내방역 8번출구 앞,202604,848,907
서초구,2272. 교대입구 교차로,202604,650,653
서초구,2273. 일동제약 사거리,202604,672,672
서초구,2274. 양재시민의숲역 3번출구,202604,1713,1701
서초구,2276. 영동1교 (양재천근린공원),202604,1497,1584
서초구,2277. 길마중4교 하부,202604,1082,1128
서초구,2279. 교대역 5번출구뒤,202604,1554,1618
서초구,2280. 서울서초고용센터앞,202604,609,473
서초구,2281. 서울교통공사 사당별관 건너편,202604,378,392
서초구,2283. 그룹한빌딩옆,202604,481,141
서초구,2284. CJ오쇼핑앞,202604,199,75
서초구,2285. LH서초3단지 301동 맞은편,202604,408,414
서초구,2286. 탑성마을입구,202604,46,23
서초구,2287. 능안마을입구,202604,40,12
서초구,2288. 안골마을입구,202604,51,17
서초구,2289. 남태령역 2번출구,202604,117,43
서초구,2293. SPC 앞,202604,787,742
서초구,2294. 두상빌딩 앞,202604,1322,1429
서초구,2297. 남부터미널역 1번출구,202604,716,596
서초구,2299. 한전아트센터 앞,202604,818,791
서초구,2501. 서초 포레스타5단지,202604,554,483
서초구,2502. 서초역1번출구 앞,202604,648,514
서초구,2503. 반포1동 서초빌딩 앞,202604,1016,1022
서초구,2504. 신사역 4번출구 뒤,202604,1373,1046
서초구,2505. 우성아파트사거리 (기업은행앞),202604,1044,1088
서초구,2506. LG유플러스 (방배사옥),202604,100,36
서초구,2509. 심산기념문화센터,202604,734,733
서초구,2510. JW타워,202604,500,277
서초구,2511. 이수역 6번출구 앞,202604,1119,1124
서초구,2514.사평역 2번출구,202604,895,819
서초구,2515.서초초등학교 후문,202604,1244,1269
서초구,2516.본마을 노인복지센터 앞,202604,313,396
서초구,2517. 서초그랑자이 앞,202604,509,568
서초구,2518. 서초동 현대아파트 앞,202604,625,623
서초구,2519.서초2교(사임당로 방면),202604,272,248
서초구,2520.서초1교 (진흥아파트 방면),202604,477,484
서초구,2521.서초 크로바타워 앞,202604,723,766
서초구,2523.뉴코아 킴스클럽 앞,202604,1065,1187
서초구,2524.반포쇼핑타운 8동 앞,202604,732,736
서초구,2525.반포쇼핑타운 2동 앞,202604,3233,4065
서초구,2529.우리은행 방배동지점 앞,202604,825,896
서초구,2530.삼호3차아파트 앞,202604,1296,1350
서초구,2531.멤피스아파트 앞,202604,1839,1950
서초구,2532.국립국악원 앞,202604,219,48
서초구,2533.한가람미술관 앞,202604,316,241
서초구,2535.신반포역 3번출구 뒤,202604,476,526
서초구,2536.서초AICT 우수기업센터 앞,202604,256,232
서초구,2537.양재역 8번출구 앞,202604,1444,1062
서초구,2538.사평리근린공원,202604,861,910
서초구,2539.대한무역투자진흥공사 KOTRA 앞,202604,1180,1259
서초구,2540.반포천 앞,202604,1116,1126
서초구,2541.옛골 입구,202604,97,29
서초구,2542.신논현타워 앞,202604,1097,1007
서초구,2545.국립중앙도서관(국제회의장옆),202604,492,161
서초구,2547. 반포래미안 리오센트,202604,868,956
서초구,2548.반포1동 자율방범초소 옆,202604,512,265
서초구,2549.호반써밋서초파크 403동,202604,561,561
서초구,2550.양재동 꽃시장 건너편,202604,861,815
서초구,4303. 매헌역 2번출구앞광역버스 정류장앞(22-297),202604,1120,1129
서초구,4304. 서울고앞,202604,271,252
서초구,4305. 서일스포츠센터,202604,216,186
서초구,4306. 서래공원 앞,202604,860,837
서초구,4307. 고투몰 gate 15옆,202604,898,1046
서초구,4309. 서초케이타운앞,202604,118,110
서초구,4310. 염곡동(염통골) 입구,202604,201,203
서초구,4312. 반포미도2차아파트 옆,202604,635,630
서초구,4313. 반포종합운동장,202604,924,946
서초구,4315. 이투스교육 앞,202604,449,430
서초구,4316. 고속터미널역 3번출구,202604,751,504
서초구,4317. 양재근린공원,202604,1369,1442
서초구,4318. 방배역 2번 출구,202604,864,976
서초구,4319. 삼성전자R&D어린이집 뒤,202604,376,253
서초구,4320. 비석공원,202604,1154,1408
서초구,4322.서울추모공원 입구,202604,99,64
서초구,4323. 내곡도서관,202604,300,320
서초구,4324. 세화고등학교,202604,266,268
서초구,4327. 몽마르뜨공원입구,202604,280,51
서초구,4329. SC제일은행 양재동지점 앞,202604,914,527
서초구,4332. 이수교차로,202604,2208,2259
서초구,4333. 서울고등학교 건너편,202604,262,265
서초구,4334. 인재개발원 데이터센터,202604,138,23
서초구,4336. 서울교육청 교육연수원 앞,202604,156,46
서초구,4337. 우면산등산로 입구,202604,92,11
서초구,4338.새정이마을버스정류장 앞,202604,35,12
서초구,4340. 방배래미안아트힐아파트 앞,202604,429,35
서초구,4341. 영동1교 북단,202604,987,1045
서초구,4343. 헌인릉 입구,202604,47,39
서초구,4344. 양재대로(구룡지하차도 앞),202604,337,249
서초구,4345. 반포역 4번출구,202604,871,921
서초구,4346.장학재단빌딩 앞,202604,568,234
서초구,4347. 논현지하보도,202604,1231,1201
서초구,4348. 사당역 1번출구,202604,112,270
서초구,4349.삼성화재서초타워,202604,1658,1706
서초구,4350.누리숲어린이공원 앞,202604,1129,1176
서초구,4351.서울AI허브 앞,202604,456,470
서초구,5601.감정평가사회관앞,202604,237,142
서초구,5602.래미안신반포리오센트 후문,202604,882,1025
성동구,3511. 응봉역 1번출구,202604,4899,5441
성동구,3513. 상왕십리역 1번출구,202604,2533,1398
성동구,3514. 왕십리교회옆,202604,2650,2744
성동구,3525. 금호스포츠센터앞,202604,745,911
성동구,3527. 왕십리 자이아파트(101동 앞),202604,47,10
성동구,3530. 왕십리자이아파트 후문(삼거리),202604,404,300
성동구,3531. 논골사거리(금호도서관 입구),202604,345,57
성동구,3532. 왕십리KCC스위첸아파트,202604,290,198
성동구,3544.한양대역 3번 출구,202604,1842,1789
성동구,3545.한양대역 1번출구,202604,921,910
성동구,3547.상왕십리역 6번 출입구,202604,881,461
성동구,3548.뚝섬역 6번출구,202604,2533,2179
성동구,3549.건영아파트 앞,202604,1956,1970
성동구,3550.금호나들목,202604,1493,1634
성동구,3551.성동도로사업소,202604,822,894
성동구,3552.서울숲 공영주차장앞,202604,1331,1261
성동구,3553.마장역3번출구,202604,615,638
성동구,3555.양지사거리(센트라스APT 115동앞),202604,237,189
성동구,3556.신금호파크자이APT앞,202604,386,75
성동구,3557.서울숲리버뷰자이APT105동 앞,202604,781,768
성동구,3558.마장동 금호어울림APT앞,202604,1052,642
성동구,3559.성동구민종합체육센터 앞,202604,2034,2153
성동구,3560.성동구 견인차량 보관소 앞,202604,1846,1766
성동구,3561.행당동 삼부APT후문,202604,270,195
성동구,3600.사근빗물펌프장 건너편,202604,3688,3976
성동구,4353. 코오롱디지털타워 3차앞,202604,1918,2059
성동구,4360. 르노삼성자동차 성수사업소 앞,202604,1143,951
성동구,4362. 행당중학교 후문,202604,980,1031
성동구,4363. 신금호역 2번출구 앞,202604,63,57
성동구,4367. kt 행당빌딩 앞,202604,909,1107
성동구,4370. 성동교 사거리,202604,917,760
성동구,4373. 서울숲 지식산업센터,202604,2408,2501
성동구,4377. 우영테크노센터 앞,202604,2227,2522
성동구,4381. 더스페이스타워 앞,202604,1660,1698
성동구,4382. 페코텍글로벌허브빌딩 앞,202604,3087,3541
성동구,4383. 푸조비즈타워 앞,202604,1970,2938
성동구,4385. 용답동 우체국 주변,202604,1673,1674
성동구,4386. 현대자동차 동부서비스센터 주변,202604,1462,1236
성동구,4387. 성수역 1번출구 주변,202604,1547,1592
성동구,4389. 서울숲역3번출구,202604,859,878
성동구,4390. 신답역 1번출구,202604,509,543
성동구,4393. 상원삼거리 장안철교 아래,202604,1617,1753
성동구,4394.서울시립24시간게스트하우스,202604,857,1014
성동구,4396. 마장축산물시장 서문 인근,202604,460,519
성동구,4397. 마장축산물시장 북문 건너편,202604,1507,1608
성동구,4398. 유원지식산업센터 앞,202604,2125,2061
성동구,4399. 더리브 세종타워 앞,202604,2169,2160
성동구,4401.뚝섬유수지 공영주차장,202604,904,850
성동구,506. 금호 어울림 아파트 앞,202604,1002,1048
성동구,508. 성수아카데미타워 앞,202604,5226,4637
성동구,510. 뚝도아리수정수센터 버스정류소 옆,202604,1471,1571
성동구,511. 서울숲역 5번 출구 옆,202604,1205,1182
성동구,512. 뚝섬역 1번 출구 옆,202604,2981,3002
성동구,513. 뚝섬역 5번 출구 정류소 옆,202604,1414,1405
성동구,514. 성수사거리 버스정류장 앞,202604,2953,3104
성동구,518. 청계천 박물관 앞,202604,819,808
성동구,519. 양지사거리,202604,1132,1009
성동구,520. 상왕십리역 4번 출구 앞,202604,854,784
성동구,521. 왕십리역 11번 출구 앞,202604,1593,1611
성동구,522. 금호역 1번출구 앞,202604,225,230
성동구,523. 옥수동성당 옆,202604,140,45
성동구,524. 래미안금호하이리버 아파트 102동 옆,202604,368,350
성동구,525. 한양대병원사거리,202604,1597,1263
성동구,526. 용답토속공원 앞,202604,804,839
성동구,529. 장한평역 8번 출구 앞,202604,5184,4937
성동구,530. 청계벽산아파트 앞,202604,1595,1681
성동구,533. 금남시장 교차로,202604,372,548
성동구,534. 금호사거리,202604,353,349
성동구,535. 응봉삼거리,202604,774,300
성동구,536. 행당역 2번출구 앞,202604,711,768
성동구,537. 한양대후문역 부근,202604,1231,1216
성동구,550. 서울시설공단 앞,202604,1482,1495
성동구,556. 달맞이공원,202604,119,113
성동구,557. 도선동 주민센터 앞,202604,1418,1576
성동구,558. 성동광진 교육지원청 앞,202604,1657,1669
성동구,559. 왕십리역 4번 출구 건너편,202604,2064,2114
성동구,560. 비전교회 앞,202604,2495,2522
성동구,561. 서울숲역 2번출구 앞,202604,1857,1861
성동구,563. 성동세무서 건너편,202604,1541,1711
성동구,564. 금호역 3번출구,202604,149,100
성동구,565. 옥수역 3번출구,202604,3022,3050
성동구,5651.한강버스 옥수 선착장,202604,7781,7923
성동구,568. 청계8가 사거리 B,202604,2672,2906
성동구,569. 응봉현대아파트 정류소,202604,287,221
성동구,578. 성동세무서 부근,202604,1558,1579
성동구,579. 마장역 4번출구,202604,1132,1177
성동구,582. 경일중학교 앞,202604,1945,2019
성동구,583. 청계천 생태교실 앞,202604,6600,6862
성동구,585. 성수2가1동 공영주차장 인근,202604,4898,5196
성동구,586. 마장동 주민센터,202604,1038,1052
성동구,587. 유니베라 앞,202604,1587,1694
성동구,589. 성수역3번출구,202604,1663,1683
성동구,594. 중랑물재생센터(서울새활용플라자),202604,1011,1081
성북구,1302. 한성대입구역6번출구 뒤,202604,1056,1028
성북구,1303. 돈암초교 입구,202604,768,756
성북구,1304. 만해공원,202604,292,64
성북구,1305. 성북구청,202604,1531,1669
성북구,1306. 한성대입구역2번출구,202604,1568,1569
성북구,1308. 안암로터리 버스정류장 앞,202604,2829,3163
성북구,1314. 정릉꿈에그린1단지 201동 앞,202604,360,365
성북구,1315. 고려사대부속중고 정문,202604,222,178
성북구,1316. 고려사대부속중고 건너편 ,202604,382,220
성북구,1318. 길음역 3번출구 뒤,202604,1147,1245
성북구,1319. 종암박스파크,202604,2000,2115
성북구,1321. 국민은행 종암동지점 앞,202604,1737,2063
성북구,1322. 래미안라센트아파트 103동 앞,202604,837,900
성북구,1325. 상월곡역 4번출구,202604,575,405
성북구,1326. 상월곡역 1번출구,202604,747,708
성북구,1327. 상월곡역 3번출구,202604,1271,1296
성북구,1328. 월곡역 3번출구,202604,2290,2498
성북구,1332. 석계역 5번출구 건너편,202604,1076,1247
성북구,1333. 석관초등학교 앞,202604,2342,2467
성북구,1334. 석관동주민센터 앞,202604,1434,1451
성북구,1336. 성북3교 위,202604,1059,1116
성북구,1337. 돈암성당 옆,202604,2009,2367
성북구,1338. 용문2교 옆,202604,2236,2235
성북구,1339. 삼성전자서비스 성북센터,202604,842,929
성북구,1340. 광운초등학교 앞,202604,846,761
성북구,1342. 성북쉼터 앞,202604,281,79
성북구,1343. 한성대7번출구 앞,202604,488,479
성북구,1344. 아리랑시네센터 앞,202604,307,212
성북구,1346. 길음8골어린이공원 옆,202604,818,733
성북구,1347. 길음래미안아파트817동 상가 앞,202604,406,404
성북구,1348. 성북제일새마을금고 본점 앞,202604,461,581
성북구,1349. 월계2교 버스정류장 앞,202604,487,548
성북구,1351. 안암2교 옆,202604,1704,1766
성북구,1352. e 편한세상 보문아파트 내,202604,338,268
성북구,1353. 금호어울림센터힐 내,202604,216,219
성북구,1354. 고려대학교 2번출구,202604,1641,1672
성북구,1357. 북한산보국문역,202604,302,299
성북구,1358. 정릉도서관 앞,202604,438,446
성북구,1360. 정릉역,202604,535,528
성북구,1361. 홍익중고 입구,202604,1197,827
성북구,1362. 보문역6번출구 앞,202604,5,6
성북구,1363. 보문4교 인근,202604,2604,2693
성북구,1364. 성북동 치안센터 앞,202604,769,696
성북구,1365. 선잠단지 앞,202604,280,187
성북구,1366. 일신초등학교 옆,202604,342,378
성북구,1367. 길음문화복합미디어센터,202604,817,1030
성북구,1368. 성신여대입구 교차로,202604,712,759
성북구,1370. 복자사랑 피정의 집,202604,303,138
성북구,1372. KEB은행 고대점,202604,1187,891
성북구,1373. 성북구보건소 건너편,202604,1347,1407
성북구,1375. 생명의 전화 종합복지관 앞 교차로,202604,1076,954
성북구,1376. 한국과학기술연구원 중문,202604,367,298
성북구,1377. 한국과학기술연구원 북문,202604,270,197
성북구,1379.길음뉴타운푸르지오아파트 3단지,202604,352,18
성북구,1380.월곡역 5번출구 앞,202604,1700,1945
성북구,1381.석계역 4번출구 뒤,202604,2513,2486
성북구,1382.래미안월곡아파트 입구,202604,1272,1250
성북구,1384.성신여대입구역 5번출구,202604,1238,1362
성북구,1385.성신여대입구역 3번출구 앞,202604,1476,1553
성북구,1386.동선고가차도 초입,202604,368,362
성북구,1388. 돈암초교입구 버스정류장(한성대입구역 방면),202604,645,617
성북구,1390.석관래미안아트리치,202604,1563,1746
성북구,1391.성북청소년센터,202604,778,765
성북구,1392.돈암삼성풍림아파트,202604,305,39
성북구,1393.돈암육교 하단,202604,327,95
성북구,1394.길음뉴타운 래미안9단지,202604,748,685
성북구,1395.래미안장위포레카운티(102동),202604,954,941
성북구,1396.래미안장위퍼스트하이(513동),202604,1048,1120
성북구,4406. 장곡초등학교 앞,202604,1012,860
성북구,4411. 동산어린이공원 앞,202604,935,908
성북구,4414. 안암역 3번 출구,202604,680,640
성북구,4415. 미아초교버스승강장,202604,55,42
성북구,4417. 성북청소년문화의집,202604,259,74
성북구,4418. 종암동 동덕여대 제2생활관 앞,202604,1653,1834
성북구,4419. 성북구 한예종 캠퍼스 본관,202604,669,564
성북구,4420. 성북구 한예종 캠퍼스 별관,202604,742,850
성북구,4421. 롯데캐슬클라시아 입구 앞,202604,185,153
성북구,4423.현대백화점 미아점,202604,947,914
성북구,4425. 하늘채코오롱아파트 앞,202604,1335,1499
성북구,4427. 동일하이빌뉴시티,202604,978,1023
성북구,4428.돈암동부센트레빌상가,202604,438,476
송파구,1201. 가락시장역 3번 출구,202604,1802,1798
송파구,1203. 밀리아나2빌딩 앞,202604,1162,1151
송파구,1204. 거여역 3번출구,202604,1547,1627
송파구,1205. 종합운동장역 4번출구,202604,1889,1768
송파구,1206. 9호선종합운동장역 9번출구,202604,1423,1409
송파구,1207. 마천중앙시장,202604,604,600
송파구,1208. 풍납현대아파트쉼터,202604,2988,2944
송파구,1209. 잠실나루역 (2번 출구 쪽),202604,4464,4441
송파구,1210. 롯데월드타워(잠실역2번출구 쪽),202604,11671,11607
송파구,1212. 송파역 2번 출구앞,202604,1868,1921
송파구,1213. 백토공원 앞,202604,365,344
송파구,1214. 오금역 7번 출구 인근,202604,898,884
송파구,1215. 올림픽공원역 1번출구 앞,202604,2464,2434
송파구,1217. 송파파인타운 7단지,202604,950,951
송파구,1218. 방이역 4번출구,202604,3012,2934
송파구,1220. 잠실근린공원,202604,2454,2789
송파구,1221. 삼전역 4번출구,202604,2023,2135
송파구,1222. 잠실새내역 5번 출구 뒤,202604,5465,5646
송파구,1224. 아시아지하보도 2번 출구,202604,1977,2005
송파구,1226. 잠실4동 주민센터 옆,202604,3384,3469
송파구,1227. 거여역 8번출구 뒤,202604,1279,1367
송파구,1228. 마천사거리 ,202604,849,1030
송파구,1229. 송파체육문화회관 앞,202604,1306,1273
송파구,1230. 송파중학교 정문,202604,730,618
송파구,1231. 잠실역 6번출구,202604,3656,4208
송파구,1232. 잠실주공 521동 건너편,202604,3327,3419
송파구,1233. 잠실3거리(갤러리아팰리스),202604,1112,1081
송파구,1235. 잠실트리지움310동 옆,202604,2557,2678
송파구,1239. 문정 법조단지3,202604,980,971
송파구,1240. 문정 법조단지4,202604,778,747
송파구,1241. 문정 법조단지5,202604,649,610
송파구,1242. 문정 법조단지6,202604,128,108
송파구,1243. 문정 법조단지7,202604,2674,2716
송파구,1244. 문정 법조단지8,202604,2523,2513
송파구,1245. 문정 법조단지9,202604,1556,1534
송파구,1246. 문정 법조단지10,202604,2354,2353
송파구,1247. 문정 법조단지11,202604,876,845
송파구,1248. 방이초등학교,202604,2894,2219
송파구,1250.문정2동 주민센터,202604,185,178
송파구,1251. 석촌역 2번출구,202604,3360,3362
송파구,1253. 오금역 3번 출구 뒤,202604,758,731
송파구,1256. 문정현대아파트 교차로,202604,722,605
송파구,1258. 가락미륭아파트 앞,202604,529,297
송파구,1259. 방이역 1번출구,202604,2019,2000
송파구,1260. 방이동 한양3차아파트 옆,202604,1553,1525
송파구,1262. 송파여성문화회관 앞,202604,2565,2573
송파구,1263. 장지공영차고지,202604,310,375
송파구,1264. 천호역 10번 출구 앞,202604,4008,4027
송파구,1265. 문정동 근린공원,202604,1455,1485
송파구,1266. 문정동 글샘 공원,202604,786,776
송파구,1267. 올림픽공원 남2문 앞,202604,1594,1531
송파구,1268. 몽촌토성역 1번출구 옆,202604,1249,1252
송파구,1269. 리센츠아파트 ,202604,2076,1902
송파구,1271. 송파도서관,202604,1243,1217
송파구,1274. 영파여고 앞,202604,1635,1581
송파구,1275. 거여초등학교 옆,202604,532,667
송파구,1277. 성내7교,202604,1380,1434
송파구,1278. 송파구청 교차로,202604,3206,3252
송파구,1279. 마천금호어울림 1차아파트 건너편,202604,507,510
송파구,1282. 송파소방서 맞은편(성내4교),202604,1650,1959
송파구,1283. 오금공원 사거리,202604,200,118
송파구,1285. 위례별 유치원 뒤,202604,606,599
송파구,1286. 위례중앙푸르지오 1단지 앞,202604,1239,1220
송파구,1287. 위례아이파크 101동 맞은편,202604,853,851
송파구,1288. 문정중교 사거리,202604,1493,1279
송파구,1289. 풍납토성 서성벽터B,202604,1080,1103
송파구,1290. 위례송파꿈에그린아파트24단지 앞 성벽 다리 밑,202604,945,997
송파구,1291. 서울체육고등학교 앞,202604,2763,2989
송파구,1293. 석촌호수 서호 사거리,202604,4036,4297
송파구,1295. 잠실역 8번출구,202604,4751,4707
송파구,1296. 석촌호수교차로 (송파나루근린공원 앞),202604,594,623
송파구,1297. 석촌호수교차로(동호 팔각정 앞),202604,2810,2818
송파구,1299. 송파소방서 (방이119안전센터),202604,733,597
송파구,1300. 오륜사거리,202604,902,936
송파구,2601. 석촌호수 아뜰리에,202604,1823,1811
송파구,2603. 송파 글마루 도서관,202604,1047,986
송파구,2604. 풍납토성 서성벽터A,202604,1700,1726
송파구,2605. 복정역 1번 출구 앞,202604,1689,1681
송파구,2606. 위례동주민센터,202604,1,1
송파구,2608. 송파구청,202604,7962,8226
송파구,2609. 보성중고등학교 후문 앞,202604,405,386
송파구,2611. 송파지역자활센터 뒤,202604,2908,3112
송파구,2613. 잠실나들목,202604,2644,2710
송파구,2614. 가락고등학교 앞,202604,572,509
송파구,2615. 테라타워2,202604,2999,2987
송파구,2616. 거여동 사거리,202604,476,479
송파구,2617. 가락삼환아파트 앞,202604,444,363
송파구,2618. 삼전역 1번출구,202604,2222,2347
송파구,2619. 석촌고분역 4번출구,202604,2207,2271
송파구,2620. 송파나루역 4번 출구옆,202604,5748,5953
송파구,2621. 한성백제역 2번 출구,202604,4387,4415
송파구,2622. 올림픽공원역 3번출구,202604,7513,7500
송파구,2623.석촌동 주민센터,202604,3492,3271
송파구,2625.가락종합 사회복지관,202604,301,281
송파구,"2626.경찰병원역 1,2번 출구 사이",202604,625,618
송파구,2627.문정시영아파트 5동 앞 공원,202604,1402,626
송파구,2628.문정역 1번출구,202604,4078,4196
송파구,2630.서울방이동 고분군,202604,1928,1902
송파구,2631.배명고등학교,202604,755,815
송파구,2632.석촌고분역 2번 출구,202604,2856,2952
송파구,2633.송파학사 옆,202604,1154,1125
송파구,2634.위례포레샤인아파트 정류장,202604,932,1002
송파구,2635.잠실새내역 1번출구,202604,2853,2753
송파구,2637. 아시아지하보도 14번 출구,202604,3050,3082
송파구,2639.석촌역 8번출구,202604,3965,3951
송파구,2641.송파역 4번출구,202604,3306,3333
송파구,2642.마천동 성내천 쉼터,202604,1217,1221
송파구,2643.풍납중학교 측면,202604,640,553
송파구,2644. 성내5교,202604,979,1110
송파구,2645.잠실나들목2(엘스아파트136동),202604,1253,1232
송파구,2646.레이크펠리스101동앞,202604,3617,3783
송파구,2647.잠실 자전거 수리센터 앞,202604,1419,1574
송파구,2648.헬리오시티 112동 앞,202604,1259,1234
송파구,2649.오금공원사거리2,202604,344,238
송파구,2650.위례22단지 2208동 다리앞,202604,635,649
송파구,2651.경찰병원역 3번출구 앞,202604,1426,1428
송파구,2652.송파 레미니스1단지 102동 앞,202604,854,721
송파구,2653.올림픽공원사거리(선수촌아파트),202604,1766,1768
송파구,2654.올림픽선수촌아파트 136동 앞,202604,868,673
송파구,2655.송이공원,202604,999,777
송파구,2656.풍납동 아이파크 107동 앞,202604,2723,2827
송파구,2657.송파 파인타운 11단지 ,202604,807,780
송파구,2658.가락몰 업무동,202604,1693,1698
송파구,2659.서울친환경유통센터,202604,295,296
송파구,4452. 삼성SDS,202604,4131,4286
송파구,4453. 위례중앙푸르지오 201동 앞,202604,1462,1457
송파구,4454. 위례 포레샤인 1809동 부근,202604,325,156
송파구,4457. 아산병원 기숙사 부근,202604,2691,2692
송파구,4458. 가락2동주민센터 인근,202604,530,504
송파구,4460. 올림픽훼미리아파트 112동 앞,202604,1216,1216
송파구,4461. 한양3차아파트 3동 앞,202604,314,290
송파구,4462. 가락중학교 앞,202604,692,678
송파구,4463. 방이역 2번 출구,202604,1032,1029
송파구,4464. 올림픽공원 북2문 A,202604,1714,1720
송파구,4465. 건영아파트앞 사거리,202604,1627,1629
송파구,4468. 가락1동주민센터 ,202604,1578,1595
송파구,4469. 거여동 어울림아파트  102동앞,202604,522,525
송파구,4472. 송파파크데일 1단지 115동 건너편,202604,620,598
송파구,4473. 마천금호어울림 1차 102동앞,202604,232,221
송파구,4474. 가락현대 1차 11동 앞,202604,607,462
송파구,4475. 송파파인타운 4단지 403동,202604,463,447
송파구,4478. 문정근린공원2,202604,1009,1003
송파구,4479. 문정중학교,202604,313,220
송파구,4480. 가락시장 남1문 사거리,202604,2093,2087
송파구,4481. 올림픽공원 북2문 B,202604,3448,3597
송파구,4483. 잠실나들목4,202604,1341,1347
송파구,4484. 잠실나루역4번출구뒤,202604,2662,2631
송파구,4485. 잠실나루역 고가하부,202604,1078,766
송파구,4486. 홈플러스 잠실점,202604,2519,2562
송파구,"4488. 문현중,고등학교 사이",202604,244,238
송파구,4490. 송파파인타운 10단지 1005동,202604,348,323
송파구,4491. 장지역 1번출구,202604,1583,1561
송파구,4493. 마천사거리 2,202604,385,410
송파구,4496. 잠실 파크리오 120동 앞,202604,2152,2142
송파구,4497. 아시아선수촌아파트 교차로,202604,1759,1758
송파구,4499. 세양청마루 101동 앞,202604,1021,478
송파구,4852. 서울복합물류 게이트 1,202604,1569,1699
송파구,4854. 가락시장역 2번 출구,202604,1528,1524
송파구,4855. 거여5단지 503동 앞,202604,532,520
송파구,4856. 올림픽공원 서1문 앞,202604,2703,2835
송파구,4857. 올림픽공원 장미광장,202604,838,733
송파구,4859. 잠실나루 나들목,202604,2274,2301
송파구,4860. 가락쌍용2차아파트 103동,202604,903,898
송파구,4862. 성내교 남단,202604,809,765
송파구,4863. 잠실나들목5,202604,656,656
송파구,4864. 송파사거리,202604,2801,2797
송파구,4865. 한성백제역 1번출구 뒤,202604,3260,3292
송파구,4867. 가락대림아파트 앞,202604,1139,1131
송파구,4868. 석촌호수 서호 남단,202604,2201,2214
송파구,4870. 몽촌토성역 3번 출구,202604,6512,6470
송파구,4871. 오금동 대림아파트 정문,202604,718,671
송파구,4872. 개롱역 3번 출구 뒤,202604,1392,1417
송파구,4873. 개롱역사거리 2번 출구,202604,1174,1203
송파구,4874. 탄천1교 하부보도,202604,766,785
송파구,4875. 위례포레샤인13단지,202604,412,402
송파구,4879. 마천청소년센터,202604,249,234
송파구,4880. 송파청소년센터,202604,1034,1049
송파구,4881. 거여동사거리 송파둘레길 입구,202604,193,193
송파구,4882. 위례포레샤인18단지 1802동,202604,395,320
송파구,4883. 위례포레샤인18단지 1812동,202604,223,25
송파구,4884. H비즈니스파크,202604,2120,2244
송파구,4885. 가든파이브 리빙관,202604,565,568
송파구,4886. 배명고등학교 건너편,202604,1140,1178
송파구,4887. 호돌이상가,202604,1060,1084
송파구,4888. 둔촌오륜역 2번출구,202604,707,560
송파구,4889. 마천역 1번 출구 인근②,202604,619,571
송파구,4891. 위례포레나송파,202604,773,746
송파구,4892. 성내유수지 체육공원,202604,547,411
송파구,4893. 문정법조단지12,202604,2359,2764
송파구,4895. 송파레이크힐 상가,202604,1037,1019
송파구,4896. 송파레이크힐,202604,129,109
송파구,4897. 잠실주공5단지1,202604,3600,3623
송파구,5751. 송파여성축구장,202604,961,929
송파구,5752. 풍납백제문화공원 옆 인근,202604,3107,3258
송파구,5753. 호반써밋,202604,1126,1107
송파구,5756. 극동아파트,202604,1199,1206
송파구,5758. 올림픽선수기자촌아파트 123동 근처,202604,887,541
송파구,5759. 풍납근린공원,202604,943,1008
송파구,5760. 풍납사거리 성내유수지,202604,1433,1437
송파구,5761. 버섯분수대,202604,1185,1185
송파구,5763. 세륜초등학교 건너편,202604,687,497
송파구,5764. 한국체육대학교,202604,962,943
송파구,5765. 삼전동주민센터 건너편,202604,2583,2852
송파구,5766. 북위례1,202604,563,199
송파구,5767. 북위례2,202604,335,311
송파구,5768.방이삼거리,202604,4679,5086
송파구,5773. 송파시그니처롯데캐슬,202604,394,425
송파구,5774. 가락본동주민센터 인근,202604,1482,1513
송파구,5775. 가락시장역 5번출구,202604,1026,1045
송파구,5777. 호반써밋12단지,202604,628,578
송파구,5778. 북위례3,202604,517,301
송파구,5779. 나래교,202604,487,481
송파구,5780. 송파세무서,202604,872,874
송파구,5781. 올림픽공원 수영장,202604,4760,4792
송파구,5782. 오금현대 아파트 상가입구 앞,202604,925,920
송파구,5783.성내5교 2,202604,730,878
송파구,5784.한강버스 잠실 선착장,202604,8178,7904
송파구,5785.한림연예예술고등학교,202604,618,562
송파구,5786.문정로데오거리입구,202604,3,2
양천구,4507. 신정제일시장,202604,1050,1096
양천구,4508. 유원목동아파트 103동 앞,202604,3838,4092
양천구,4509. 서울영상고교 입구,202604,3674,4000
양천구,4510. 신정네거리역 교차로,202604,1800,1814
양천구,4512. 목동13_14단지 사거리,202604,1357,975
양천구,4514. 목동성당 앞,202604,3562,3358
양천구,4515. 동문굿모닝탑,202604,3274,3278
양천구,4517. 성보하이드로빌딩,202604,1425,1397
양천구,4518. 청기와빌딩,202604,792,813
양천구,4519. 양원보도육교,202604,324,323
양천구,4520. 대성유니드아파트,202604,1007,1207
양천구,4522. 신곡시장,202604,1766,2539
양천구,4523. 구립양천어르신요양센터,202604,118,65
양천구,4526. 목동아파트2단지 222동 앞,202604,1515,1499
양천구,4527. 목동신시가지아파트6단지,202604,2826,2824
양천구,4528. 양천구청역 1번출구,202604,1670,1665
양천구,4530. 방아다리어린이공원,202604,988,940
양천구,4531. 목동아파트 613동 앞,202604,4058,4046
양천구,4532. 목동현대아파트 후문 앞,202604,1794,1722
양천구,4535. 목동12단지 아파트,202604,3038,2979
양천구,4536. 양천해누리체육공원,202604,1451,2020
양천구,4537. 서울남부지방검찰청 후문 ,202604,2204,1805
양천구,4538. 양천공영차고지,202604,148,209
양천구,4539. 목동7단지아파트 A상가,202604,1102,1030
양천구,4540. 목동역 3번 출구,202604,3421,3694
양천구,4541. 갈산문화예술센터,202604,2757,2794
양천구,4542. 월정초 사거리,202604,773,815
양천구,4543. 오목교역 6번 출구,202604,5027,5326
양천구,4544.경창시장,202604,856,1479
양천구,4545. 청소년음악센터,202604,925,826
양천구,4546. 목동운동장 주경기장,202604,724,772
양천구,4547. 목동역 2번 출구,202604,3059,3195
양천구,4548.신목동역1번출구,202604,936,872
양천구,4549.목동4단지아파트,202604,2085,2111
양천구,700. KB국민은행 염창역 지점 앞,202604,1390,1151
양천구,701. 목동사거리 부근,202604,1822,1800
양천구,702. 목4동주민센터 옆,202604,2125,2106
양천구,703. 오목교역 7번출구 앞,202604,3538,3957
양천구,704. 남부법원검찰청 교차로,202604,2727,2609
양천구,706. 신정네거리역,202604,1195,1169
양천구,708. 서울출입국관리사무소 앞,202604,4464,4704
양천구,709. 신정3동 현장민원실 앞,202604,785,739
양천구,710. 금옥여고보도육교,202604,636,637
양천구,711. 신일해피트리아파트 앞,202604,1156,315
양천구,712. 강월초교입구 사거리,202604,17,45
양천구,713. 양서중학교 옆,202604,803,697
양천구,714. 한국SGI 양천문화회관 앞,202604,879,727
양천구,716.신정6동 주민센터 인근,202604,1663,1652
양천구,719. 홍익병원앞 교차로,202604,1568,1530
양천구,720. 서울강월초등학교 앞,202604,902,581
양천구,722. 경서농협 버스정류장(우리은행신정동지점방향),202604,1182,1192
양천구,723. SBS방송국,202604,2061,2168
양천구,724. 계남공원 입구 주출입구 좌측,202604,404,241
양천구,725. 양강중학교앞 교차로,202604,16,16
양천구,726. 목동3단지 시내버스정류장,202604,4721,4742
양천구,729. 서부식자재마트 건너편,202604,1774,1862
양천구,731. 서울시 도로환경관리센터,202604,3641,3887
양천구,733. 신정이펜하우스314동,202604,848,454
양천구,734. 신트리공원 입구,202604,3157,3179
양천구,735. 영도초등학교,202604,3001,3157
양천구,736. 오솔길공원,202604,1202,1254
양천구,737. 장수공원,202604,537,414
양천구,739. 신월사거리,202604,1073,1082
양천구,740. 으뜸공원,202604,962,1083
양천구,741. 화곡로 입구 교차로,202604,434,434
양천구,742. 등촌역 5번 출구 뒤,202604,1169,1161
양천구,743. 현대6차아파트 101동 옆,202604,924,1155
양천구,744. 신목동역 2번 출구,202604,3680,3464
양천구,745. 강서초등학교,202604,706,717
양천구,746. 목동2단지 상가,202604,4146,4113
양천구,747. 목동3단지 상가,202604,2960,2945
양천구,748. 목동운동장,202604,561,609
양천구,749. 이대목동병원보도육교,202604,2205,2302
양천구,750. 연의근린공원 건너편,202604,797,897
양천구,752. 성원2차 아파트,202604,1172,948
양천구,754. 목동1단지아파트 118동 앞,202604,2591,2554
양천구,755. 목동1단지아파트 상가 앞,202604,3475,3485
양천구,756. 목동주차장,202604,1914,1948
양천구,757. 신정이펜하우스 1단지아파트 입구 사거리,202604,580,332
양천구,758. 한사랑교회 앞,202604,1395,1400
양천구,759. 보아스아파트 앞,202604,751,780
양천구,760. 잣절보도육교 아래,202604,604,493
양천구,762. 오목로 무중력지대 앞,202604,1455,1411
양천구,763. 목동11단지 아파트,202604,1484,1112
양천구,764. 목동청소년수련관,202604,1,1
양천구,765. 오목교역 3번출구,202604,5754,6402
양천구,766. 신목동역 3번출구,202604,2180,2259
양천구,767.신정숲속마을아파트,202604,777,245
양천구,768.목동5단지아파트 501동,202604,2618,2620
양천구,769.CBS방송국 앞,202604,5999,6150
양천구,770.목동역5번출구,202604,4367,4823
양천구,771.목동아파트 703동 앞,202604,2824,2859
양천구,"773.염창역 3, 4번 출구 사이",202604,1724,1713
양천구,774.등촌역 4번 출구 ,202604,759,750
양천구,775.세종그랑시아 앞(102동),202604,637,604
양천구,776.목마공원,202604,850,800
양천구,777.신월6차보람아파트 앞,202604,1157,1153
양천구,779. 신정1동 주민센터 앞,202604,3623,3959
양천구,780.신정교 하부,202604,3814,4147
양천구,781.신정보도육교 아래,202604,4875,4793
양천구,782.서남병원 후문,202604,978,520
양천구,"785.양천구청, 보건소 사잇길",202604,5897,6088
양천구,786.목동아파트 8단지 상가동 앞,202604,2594,2591
양천구,787.양천아파트 입구,202604,4076,4019
양천구,788.양천구청역 2번출구 옆,202604,3272,3566
양천구,791.현대하이페리온,202604,3430,3388
양천구,792.목동트라팰리스 웨스턴에비뉴,202604,6329,6121
양천구,793.목동5단지아파트 534동,202604,3374,3357
양천구,794.양천문화회관,202604,3236,3235
양천구,795.양천 해누리타운,202604,3703,3728
양천구,796.목동아파트 14단지 B상가 앞,202604,2998,2789
양천구,797.목동아파트 1422동 1434동 사잇길,202604,4637,4618
영등포구,200. 국회의원회관,202604,177,117
영등포구,201. 진미파라곤 앞,202604,2869,3016
영등포구,202. 국민일보 앞,202604,4349,4681
영등포구,203. 국회의사당역 3번출구 옆,202604,2630,2612
영등포구,204. 국회의사당역 5번출구 옆,202604,2334,2270
영등포구,205. 산업은행 앞,202604,2133,1966
영등포구,206. KBS 앞,202604,3407,3306
영등포구,207. 여의나루역 1번출구 앞,202604,4405,4133
영등포구,209. 유진투자증권빌딩 앞,202604,4831,5321
영등포구,213. KT앞,202604,3351,2528
영등포구,214. 금융감독원 앞,202604,1700,1668
영등포구,215. 여의도고교 앞,202604,1607,1798
영등포구,217. NH농협은행 앞,202604,4054,4283
영등포구,219. 롯데캐슬엠파이어 옆,202604,2511,2502
영등포구,220. 미성아파트 A동 앞,202604,1673,1633
영등포구,221. 여의도초교 앞,202604,1859,1775
영등포구,222. 시범아파트버스정류장 옆,202604,2118,2229
영등포구,223. 진주아파트상가 앞,202604,1224,1216
영등포구,224. 롯데캐슬 앞,202604,2389,2348
영등포구,225. 앙카라공원 앞,202604,2093,1759
영등포구,226. 샛강역 1번출구 앞,202604,2755,2330
영등포구,227. 양평1나들목 보행통로 입구,202604,2735,3120
영등포구,228. 선유도역 3번출구 앞,202604,4452,4724
영등포구,229. 양평1 보행육교 앞,202604,2960,2990
영등포구,230. 영등포구청역 7번출구,202604,6914,6458
영등포구,231. 남부고용노동지청 남측,202604,2654,2643
영등포구,232. 양평우림 이비즈센타 앞,202604,3239,3099
영등포구,233. 양평1동 YP센터 앞,202604,1147,1322
영등포구,236. 문래동자이아파트 앞,202604,3170,3544
영등포구,238. 제2구민체육센타 앞,202604,1969,1970
영등포구,239. 유스호스텔 앞,202604,1262,1280
영등포구,240. 문래역 4번출구 앞,202604,4354,4090
영등포구,241. 신길우성1차아파트 앞 공원,202604,1214,1107
영등포구,242. 신길선원가와인아파트 앞,202604,1122,551
영등포구,243. 이앤씨드림타워 앞,202604,4273,4394
영등포구,244. 영등포삼환아파트 앞,202604,1995,1980
영등포구,245. 삼성생명 당산사옥 앞,202604,3740,3856
영등포구,247. 당산역 10번출구 앞,202604,8466,8645
영등포구,248. 초원아파트 앞,202604,1171,1167
영등포구,249. 여의도중학교 옆,202604,1530,1721
영등포구,250. 대림아파트 사거리,202604,670,609
영등포구,251. 서울지방병무청 버스정류장,202604,912,727
영등포구,252. 보라매역4번출구,202604,1415,1697
영등포구,253. 신풍역 5번출구 인근,202604,0,1
영등포구,254. 도림신협 앞,202604,1620,1635
영등포구,255. 도림사거리,202604,1379,1402
영등포구,256. 동아에코빌입구,202604,1883,1812
영등포구,258. 신길역3번출구,202604,1862,1851
영등포구,259. 대방역6번출구,202604,3359,3813
영등포구,260. 여의도 마리나선착장 앞,202604,577,459
영등포구,263. 근로자회관 사거리,202604,3670,3889
영등포구,264. 교보생명보험 앞,202604,2006,1753
영등포구,265. 영등포유통상가 사거리,202604,1397,1125
영등포구,266. 영등포청과시장 사거리,202604,1518,1436
영등포구,267. 삼성화재 사옥 옆,202604,2498,2430
영등포구,268. 그랜드컨벤션센터 앞,202604,3286,3302
영등포구,270. 증권거래소후문교차로,202604,1608,1577
영등포구,271. 샛강생태공원방문자센터 앞,202604,717,554
영등포구,272. 당산육갑문,202604,7622,8501
영등포구,275. 신동아아파트,202604,3415,3555
영등포구,276. 영등포로터리2,202604,1237,1234
영등포구,278. 쌍용플레티넘오피스텔,202604,3058,2821
영등포구,279. 영등포 푸르지오 아파트 B,202604,2495,2018
영등포구,280. 양평동6차현대아파트 앞,202604,3506,3254
영등포구,281. 대림신동아아파트 앞,202604,1171,1109
영등포구,282. 신한은행 대림동지점,202604,851,889
영등포구,283. 아크로타워 스퀘어(영등포시장),202604,3132,2869
영등포구,284. 센트럴 푸르지오 시티 앞,202604,2632,2447
영등포구,285. 콤텍시스템 앞,202604,877,987
영등포구,286. 우성아파트 교차로,202604,870,970
영등포구,287. 영등포전화국사거리 (서강어린이공원),202604,2170,2100
영등포구,288. 쌍용예가(구청별관),202604,1553,1506
영등포구,289. 대림3동사거리,202604,1263,1351
영등포구,290. 새말소공원,202604,2922,2577
영등포구,291. 문래동 하이테크 시티,202604,3049,3016
영등포구,292. 영일 어린이공원,202604,1600,1505
영등포구,293. 충북 미래관,202604,2353,2210
영등포구,295.영등포공원 분수대 앞,202604,370,360
영등포구,296.KT플라자 영등포점,202604,2957,2619
영등포구,297.국회3문,202604,254,204
영등포구,298.KBS 연구동 건너편,202604,641,451
영등포구,299.여의도 순복음교회,202604,692,698
영등포구,3201.당산skv1센터,202604,1551,1544
영등포구,3202.당산롯데캐슬프레스티지,202604,3272,3374
영등포구,3203.도림동배드민턴체육관,202604,1346,1349
영등포구,3204.도림고가도로 밑,202604,3,3
영등포구,3205.문래현대2차,202604,2799,2660
영등포구,3206.문래동 주민센터,202604,1555,1489
영등포구,3207.양남사거리1,202604,1049,917
영등포구,3211.신길 래미안 프레비뉴,202604,840,760
영등포구,3212.신풍역 6번출구,202604,1065,1115
영등포구,3214.영등포 푸르지오 아파트 A,202604,2231,1846
영등포구,3215.강변삼성래미안,202604,1765,1449
영등포구,3219.영등포역 1번출구,202604,3644,4644
영등포구,3220.래미안에스티움 앞 (신풍로),202604,1082,1105
영등포구,3221.서울특별시 남부교육지원청,202604,914,1013
영등포구,4552. 코레일유통본사,202604,807,812
영등포구,4553. 당산삼성2차아파트,202604,2978,2812
영등포구,4555. 대림우성2차아파트,202604,492,540
영등포구,4556. 리버뷰신안인스빌1차 후문,202604,1415,1555
영등포구,4557. 리버뷰신안인스빌2차 후문,202604,1872,1803
영등포구,4558. 대영중고 후문,202604,977,1137
영등포구,4559. 신길역 2번출구,202604,2491,1707
영등포구,4560. 양평동성원아파트,202604,1513,1588
영등포구,4561. 양평역 1번출구,202604,4452,4458
영등포구,4563. 여의도 은하아파트,202604,780,786
영등포구,4564. 63스퀘어,202604,2893,2976
영등포구,4565. 영등포 신세계백화점,202604,5798,5765
영등포구,4566. 대림성원상떼빌아파트,202604,1911,2082
영등포구,4567. 한림대학교 강남성심병원 신관,202604,1423,1474
영등포구,4569. 힐스테이트클래시안아파트,202604,1249,1210
영등포구,4571. 문래동롯데캐슬아파트,202604,4494,4286
영등포구,4573. 두산위브아파트,202604,810,732
영등포구,4574. 영등포시장역 포레나영등포,202604,4677,4695
영등포구,4575. 대림동 e편한세상영등포아델포레,202604,1990,1997
영등포구,4576.보라매sk뷰 108동 앞,202604,860,957
영등포구,4578.보라매sk뷰,202604,502,423
영등포구,4579. 국회의사당 본관,202604,505,307
영등포구,4580. 국회제2의원회관,202604,627,619
영등포구,4581. 국회소통관,202604,292,267
영등포구,4582. 국회도서관,202604,615,535
영등포구,4583. 의정관,202604,258,216
영등포구,4584. 국회2문,202604,198,103
영등포구,4585. 국회6문,202604,526,489
영등포구,4588.양남사거리2,202604,1195,1075
영등포구,4589. KRX한국거래소(1),202604,1350,1323
영등포구,4591. 신길자이아파트,202604,1191,170
영등포구,4592. 신길우성4차아파트,202604,1661,1971
영등포구,4594. 양평교 영등포대여소,202604,2624,2771
영등포구,4598. 오목교 동측 지하보도,202604,2579,2575
영등포구,4599. 대림우성아파트 사거리,202604,426,418
영등포구,4600. 서울 영등포구 우체국,202604,2214,2249
영등포구,4601.양평역2번출구 뒤,202604,1408,1306
영등포구,5851. 도림천 건널목 위,202604,1871,1750
영등포구,5852. 대림동현대2차 201동 앞,202604,299,229
영등포구,5853. 여의도역2번출구 앞,202604,2028,2019
영등포구,5854. 신한금융투자 앞,202604,1,2
영등포구,5855. 하이투자증권 앞,202604,2,2
영등포구,5857. U레지던스 앞,202604,968,970
영등포구,5858. 영등포역5번출구,202604,5141,5961
영등포구,5859. 여의도 삼부아파트,202604,2029,2015
영등포구,5860. 어울림병원 앞,202604,1060,1154
영등포구,5861. 보라주유소 앞,202604,699,728
영등포구,5864.장훈고 앞,202604,792,857
영등포구,5865.더리브오피스텔 앞,202604,2656,2239
영등포구,5866.포레나 당산,202604,3179,3068
영등포구,5867. H타워 앞,202604,3759,3408
영등포구,5868. 로프트시티오피스텔,202604,2179,2499
영등포구,5869. 영등포아트홀 앞,202604,1234,1265
영등포구,5870. LG트윈타워 앞,202604,4777,4632
영등포구,5871. 건영상가 앞,202604,596,564
영등포구,5872. 서경팰리스 앞,202604,1235,1378
영등포구,5876. 에이스하이테크시티 4동 앞,202604,898,961
영등포구,5877. 문래동 꽃밭정원,202604,1157,1080
영등포구,5878. 우리은행 앞,202604,3093,3147
영등포구,5879. 국회도서관 2문 앞,202604,338,220
영등포구,5880. 국회박물관,202604,171,114
영등포구,5881. 세계청소년NGO교육문화원,202604,2126,1983
영등포구,5882. 휴젠느,202604,3993,3681
영등포구,5883. 영문초사거리,202604,3057,3174
영등포구,5884. GS강서타워,202604,2317,2521
영등포구,5885. 신정교하부(도림천역 방면),202604,1900,1505
영등포구,5886.신풍역 2번출구,202604,2218,2297
영등포구,5887.나루마을 마당공원,202604,3214,3088
영등포구,5888.여의도성당,202604,187,133
영등포구,5889.의원회관출입구 앞,202604,290,188
영등포구,5890.여의나루역 3번출구,202604,3592,3600
영등포구,5891.한강버스 여의도 선착장,202604,11701,10449
영등포구,5892.국회의사당본관 좌측,202604,353,293
영등포구,5893.한국산업은행,202604,1967,2041
영등포구,5894.영등포세무서,202604,1453,1517
영등포구,5895.생각공장당산,202604,1993,2058
영등포구,5896.영등포구청역 6번출구,202604,2407,1973
영등포구,5897.여의도공작아파트,202604,538,466
용산구,4603. 한강GS에클라트 건너편 교통섬,202604,802,780
용산구,4604. 원효로다목적체육관 앞,202604,574,580
용산구,4607. 국립중앙박물관 -용산가족공원 앞,202604,582,477
용산구,4608. 국립중앙박물관 정문 앞,202604,321,234
용산구,4609. 파크타워 104동 앞,202604,390,397
용산구,4610. 한남나인원 105동 앞,202604,346,412
용산구,4611. 국제루터교회 앞,202604,247,204
용산구,4612. 이태원로 255,202604,151,92
용산구,4613. 서울갤러리아 앞,202604,253,194
용산구,4615. 크라운호텔앞 버스정류소,202604,647,756
용산구,4616. 신용산지하차도 앞,202604,817,987
용산구,4617. 동원베네스트 건너편,202604,131,138
용산구,4618. 풍전아파트 건너편,202604,1064,1057
용산구,4619. 한강트럼프월드3차 앞,202604,1823,1912
용산구,4620. 삼각지역 14번 출구 앞(교통섬),202604,1130,1160
용산구,4621. 남산도서관 앞,202604,873,174
용산구,4622. 한강중학교 앞 버스정류장,202604,430,454
용산구,4623. 라인프랜즈이태원점 앞,202604,198,120
용산구,4625. 용산공원갤러리앞,202604,308,304
용산구,4627. 효창공원앞역 5번출구 옆,202604,443,413
용산구,4629. 한강초교보도육교 앞,202604,1127,1470
용산구,4632. 용산 푸르지오 파크타운 1단지 앞,202604,445,211
용산구,4633. 센트럴파크타워 앞,202604,1994,2205
용산구,4634. 이태원역 3번 출구,202604,480,443
용산구,4636. 용산구꿈나무종합타운 앞,202604,1035,1094
용산구,4637. 용산시티파크 101동 앞,202604,511,504
용산구,4638. 청파동삼거리 앞,202604,710,841
용산구,4639. 동빙고근린공원,202604,914,1071
용산구,4640. 원효로2가 교차로,202604,414,499
용산구,4641. 아메리칸센터,202604,537,552
용산구,4642. 용산더프라임아파트 101동 앞,202604,471,454
용산구,4643. 한가람아파트 앞,202604,1335,1443
용산구,800. 목월공원 앞,202604,1073,987
용산구,802. 한강진역 2번 출구 앞,202604,450,212
용산구,805. 문배어린이공원 앞,202604,988,1015
용산구,806. 전자랜드 본관 앞,202604,1127,1123
용산구,807. 서울역 12번 출구 앞,202604,1170,1207
용산구,808. 서빙고동 금호맨션 앞,202604,518,566
용산구,809. 한남 유수지 복개주차장,202604,902,916
용산구,810. 이태원지하보도,202604,800,698
용산구,811. 녹사평역1번출구,202604,767,296
용산구,813. 삼각지역 3번출구,202604,813,886
용산구,815. LIG강촌아파트 103동앞,202604,1426,1572
용산구,816. 신용산역 6번출구 앞,202604,1882,2224
용산구,817. 삼각지역 4번출구 앞,202604,979,958
용산구,818. 숙명여대 입구 교차로,202604,1386,1461
용산구,819. 선린인터넷 고등학교,202604,1316,1365
용산구,820. 청파동입구 교차로,202604,731,766
용산구,822. 이촌1동 마을공원,202604,594,609
용산구,823. 효창동주민센터 앞,202604,410,338
용산구,825. 서빙고동 주민센터 앞,202604,2572,3084
용산구,827. 국군복지단,202604,300,155
용산구,828. 숙대입구역 8번,202604,964,1165
용산구,829. 한강대교 북단 교차로,202604,2691,2556
용산구,830. 강변삼성스위트아파트 앞,202604,373,295
용산구,832. 이촌1동 주민센터 뒤,202604,928,922
용산구,834. 효창공원앞역 3번출구 앞,202604,1570,1811
용산구,835. 남영역 건너편,202604,1086,1121
용산구,836. 현대자동차서비스 앞,202604,1188,1173
용산구,837. 한남나들목 입구,202604,1398,1447
용산구,838. 숙대입구역 4번출구,202604,1447,1715
용산구,839. 보광동 삼성리버빌아파트 앞,202604,803,799
용산구,840. 용산 파크타워 앞,202604,539,537
용산구,841. 신용산역 1번 출구,202604,1828,1908
용산구,843. 이태원관광특구 입구(용산구청방향),202604,793,340
용산구,844. 이촌2동 동원베네스트 아파트 앞,202604,1267,1440
용산구,845. 용산 선인상가,202604,559,570
용산구,846. 용산중학교,202604,1149,1092
용산구,848. 삼각지12번 출구,202604,723,757
용산구,849. 삼각지 자이아파트,202604,1128,1131
용산구,850.KCC용산웰츠(WELLTZ)타워,202604,452,454
용산구,851.효창 푸르지오 앞,202604,549,210
용산구,852. 청암자이아파트 앞,202604,1110,867
용산구,853.용산역 맞은편,202604,3997,4148
용산구,854.HID 유족동지회 앞,202604,204,100
용산구,855.이촌역5번출구 앞,202604,245,215
용산구,857. 현대 안성타워,202604,350,136
용산구,858.녹사평역3번 출구,202604,317,194
용산구,859.남산공원 야외식물원 앞,202604,191,64
용산구,860.LG한강 자이아파트 앞,202604,1512,1532
용산구,863.이촌역2번 출구,202604,652,592
용산구,864.순천향대학병원(한남오거리),202604,753,835
용산구,866.브라운스톤 남산아파트,202604,772,408
용산구,867.서빙고역 광장(1번출구),202604,451,482
용산구,869.노들섬 동측 앞,202604,788,770
용산구,870.노들섬 서측 앞,202604,1817,1813
은평구,4652. 신사두산위브2차아파트 앞,202604,1217,1039
은평구,4653. 불광역 9번 출구 맞은편,202604,1001,1081
은평구,4657. 본 서부병원 교차로 사거리,202604,1363,1362
은평구,4658. 녹번역1번출구앞,202604,663,445
은평구,4659. 신진과학기술고등학교 버스정류장(응암시장 방면),202604,1020,1199
은평구,"4663. 불광역3,6호선 버스정류장(동명여고 방면)",202604,776,789
은평구,4665. 응암역3번 출구(서부경찰서 방면),202604,419,466
은평구,4667. 폭포동입구 교차로,202604,337,284
은평구,4668. 기자촌사거리 B,202604,357,123
은평구,4671. 청구성심병원 앞,202604,654,648
은평구,4672. 준빌딩 앞,202604,248,254
은평구,4674. 녹번역e편한세상 캐슬 정문 앞,202604,1009,921
은평구,4676. 갈현1동 주민센터,202604,378,322
은평구,4677. 백련산 SK뷰 아이파크 해모로 아파트 앞,202604,1165,1355
은평구,4678. 백련산로 녹번센트레빌 ,202604,684,556
은평구,4681.박석고개(은평소방서) 앞,202604,187,159
은평구,4683. 은평 성모병원 사거리,202604,559,502
은평구,4684. 응암2동주민센터 버스정류장(영락중학교 방면),202604,527,103
은평구,4685. DMC역 5번 출구(수색역 방향),202604,1878,1871
은평구,4686. 우물골 근린공원,202604,588,559
은평구,4687. 역촌센트레빌아파트 101동 앞,202604,584,192
은평구,4689. 은평서해그랑블아파트앞,202604,803,499
은평구,4690.은평뉴타운폭포동 힐스테이트4단지,202604,183,97
은평구,4693. 수색감리교회,202604,1866,1936
은평구,900. 은평예술회관,202604,723,693
은평구,902. 진관동 은빛초등학교,202604,477,490
은평구,903. 은평뉴타운 아이파크,202604,717,719
은평구,904. 은평뉴타운 푸르지오,202604,701,736
은평구,905. 구파발역 2번출구,202604,2146,2728
은평구,906. 연신내역 5번출구,202604,2403,2678
은평구,907. CJ 드림시티,202604,3964,5072
은평구,908. 구산역 4번출구,202604,983,1061
은평구,909. 백련산 힐스테이트 3차,202604,756,225
은평구,911. 은평평화공원(역촌역4번출구),202604,2032,1964
은평구,912. 응암오거리,202604,2068,2301
은평구,913. 이마트 버스정류장(서부경찰서 방면),202604,2089,2069
은평구,914. 새절역 2번출구,202604,3036,3477
은평구,915. 증산역 4번출구,202604,1576,1806
은평구,916. 평생학습관 앞,202604,1184,1268
은평구,917. 녹번역 3번출구,202604,1502,1445
은평구,919. 서울혁신파크,202604,581,559
은평구,921. 신도고등학교,202604,252,98
은평구,922. 연신내역 4번출구,202604,499,502
은평구,923. 국민은행 연서지점,202604,606,620
은평구,925. 불광역 2번출구,202604,875,1001
은평구,927. 연신내역 3번출구 인근,202604,391,448
은평구,928. 은평역사한옥박물관,202604,362,268
은평구,930. 구 서부경찰서 건너편,202604,860,932
은평구,931. 역촌파출소,202604,3244,3438
은평구,932. 예일여중,202604,1168,1196
은평구,933. 역촌종합시장 버스정류장(예일여고 방면),202604,1629,1995
은평구,937. 상림마을 롯데캐슬2단지 옆,202604,139,140
은평구,938. 금암 문화공원,202604,202,219
은평구,939. 은평구청 교차로,202604,719,715
은평구,941. 은평뉴타운 도서관,202604,552,266
은평구,942. 상림마을 생태공원,202604,486,457
은평구,943. 은평구청 보건소,202604,1587,2006
은평구,945. 기자촌 사거리 A,202604,246,70
은평구,946. 독바위역 ,202604,586,567
은평구,947. 연신내 선일하이츠빌 정류소,202604,303,295
은평구,948. 디지털미디어 시티역 4번출구(DMC역),202604,831,939
은평구,949. 연신내역 1번 출구 ,202604,1168,1523
은평구,950. 구산역 2번 출구 예일여고 버스정류장,202604,834,1141
은평구,952. 서울연신중학교,202604,570,440
은평구,953. 서울연신초등학교,202604,422,369
은평구,954. 은평뉴타운구파발9단지,202604,664,668
은평구,956. 응암시장교차로,202604,2137,2689
은평구,958. 본 서부병원 버스정류장(은평 세무서 방면),202604,1142,1212
은평구,959. 구파발10단지 인근,202604,531,588
은평구,960. 구파발역 환승센터,202604,781,1105
은평구,962. 은평뉴타운엘크루 앞,202604,1017,1104
은평구,963. 불광롯데캐슬아파트 앞,202604,571,545
은평구,964. 북한산힐스테이트 7차아파트,202604,490,350
은평구,965. 서울특별시 은평병원,202604,662,151
은평구,966. 서울혁신파크1,202604,100,104
은평구,967. 서울혁신파크2,202604,353,344
은평구,968. 은평뉴타운 상림마을 13단지,202604,182,95
은평구,969. 은평 지웰테라스,202604,206,129
은평구,971. 역촌 센트레빌 아파트,202604,808,132
은평구,973.제각말푸르지오 5-1단지 아파트,202604,292,115
은평구,974.연신초등학교옆 마을마당,202604,176,157
은평구,975.백련산 힐스테이트상가앞,202604,596,101
은평구,976.진관고등학교앞,202604,604,582
은평구,977.신도중학교앞,202604,189,48
은평구,978.녹번 힐스테이트상가앞,202604,329,182
은평구,979.원풍빌라앞,202604,866,717
은평구,982. 녹번초등학교(서오릉로),202604,696,703
은평구,984.상신초등학교앞 버스정류장,202604,971,968
은평구,985. 은평세무서 버스정류장(은평구청 방면),202604,1153,1195
은평구,989. 신응교(가좌로) 앞,202604,1652,2245
은평구,991.흥국사 정류장,202604,151,147
은평구,992.북한산입구 정류장,202604,263,247
은평구,993.은평뉴타운 은뜨락아파트앞,202604,667,234
은평구,994.북한산생태공원입구(교통섬),202604,291,235
은평구,995.은평다목적체육관,202604,428,386
은평구,996.응암역2번출구 국민은행 앞,202604,3767,5463
종로구,301. 경복궁역 7번출구 앞,202604,950,556
종로구,302. 경복궁역 6번출구 뒤,202604,2936,2823
종로구,303. 광화문역 1번출구 앞,202604,2913,2762
종로구,305. 종로구청 옆,202604,2836,2719
종로구,307. 서울역사박물관 앞,202604,1042,1017
종로구,308. 광화문 S타워 앞,202604,2776,2502
종로구,309. 광화문역 6번출구 옆 B,202604,798,566
종로구,314. 국립현대미술관,202604,1624,1621
종로구,316. 종각역 1번출구 앞,202604,2079,2059
종로구,326. 안국역 5번출구 앞,202604,1425,1143
종로구,327. 낙원상가 옆,202604,1226,1255
종로구,328. 탑골공원 앞,202604,833,816
종로구,329. 청계2가 사거리 옆,202604,1390,1194
종로구,334. 종로3가역 2번출구 뒤,202604,1318,1321
종로구,335. 종로3가역 15번출구 뒤,202604,1087,1085
종로구,337. 창경궁 입구,202604,920,951
종로구,338. 세운스퀘어 앞,202604,672,667
종로구,339. 종로4가 사거리,202604,1320,1288
종로구,340. 혜화동 로터리,202604,1189,1177
종로구,3401.창신두산아파트,202604,189,178
종로구,3402.이화공영주차장,202604,375,361
종로구,3404.서울특별시 중부교육지원청,202604,137,146
종로구,3405.파크팰리스,202604,1083,916
종로구,3407.안국동사거리(신),202604,1760,1662
종로구,3408.종로타워빌딩,202604,1201,1200
종로구,341. 혜화역 3번출구 뒤,202604,966,972
종로구,3410.종로3가역 8번출구,202604,3061,3143
종로구,3411.종묘,202604,1210,1209
종로구,3412.세운상가,202604,801,795
종로구,3413.종로플레이스,202604,2642,2680
종로구,3414.종로5가역 4번출구,202604,1449,1475
종로구,3415.동대문역6번출구,202604,1379,1582
종로구,3416.동묘앞역 6번출구,202604,2137,2336
종로구,3417.창신3동주민센터,202604,880,865
종로구,3418.창신역2번 출구,202604,341,112
종로구,3419.국립어린이과학관,202604,482,438
종로구,342. 대학로 마로니에공원,202604,2389,2358
종로구,3420. 성균관대입구 사거리 B,202604,765,771
종로구,3421.혜화역 1번출구,202604,1934,1966
종로구,3422.성균관대 정문,202604,1996,1737
종로구,3425.광화문 풍림스페이스본 1단지앞,202604,972,551
종로구,3426.독립문역 2번출구 뒤,202604,469,304
종로구,3427.인왕산 아이파크 정문,202604,347,268
종로구,3428.서울미술관,202604,217,86
종로구,3429.HW컨벤션센터 앞,202604,211,69
종로구,343. 힐스테이트창경궁 아파트 앞,202604,1441,1077
종로구,3431.로제우스 레포츠센터,202604,226,84
종로구,3432.종로2가 사거리,202604,1341,1057
종로구,344. 성균관대 E하우스 앞,202604,958,948
종로구,345. 서울보증보험본사 앞,202604,1389,1487
종로구,348. 독립문역 사거리,202604,1227,912
종로구,349. 어린이도서관,202604,718,703
종로구,351. 청운초교 앞 삼거리,202604,507,454
종로구,352. 중앙고입구 삼거리,202604,390,165
종로구,353. 재동초교 앞 삼거리,202604,1004,1018
종로구,354. 포르투갈 대사관 앞,202604,1180,638
종로구,355. 서울사대부설초등학교 앞,202604,1446,1557
종로구,356. KT혜화지사 앞,202604,1216,1204
종로구,358. 성균관대입구 사거리 A,202604,782,797
종로구,359. 원남동사거리,202604,1155,1287
종로구,361. 동묘앞역 1번출구 뒤,202604,2898,3217
종로구,362. 청계8가사거리 A,202604,2461,2535
종로구,363. 신설동역 11번출구 뒤,202604,1961,1957
종로구,364. 창신역 1번출구 앞,202604,505,416
종로구,367. 독립문역 3-1번출구 ,202604,1353,958
종로구,368. SK 서린빌딩 앞,202604,1849,1921
종로구,385. 종각역 5번출구,202604,1768,1775
종로구,388. 동성중학교 앞,202604,385,384
종로구,393. 동대문역 8번 출구,202604,2460,2524
종로구,394. 경희궁 자이 3단지,202604,786,814
종로구,395. 경희궁 자이 2단지,202604,881,936
종로구,397. 종묘공영주차장 건너편,202604,429,421
종로구,446. 상명대입구,202604,549,453
종로구,447. 신영동삼거리,202604,126,96
종로구,449. 일성아파트,202604,232,75
종로구,450. 효자동 삼거리,202604,1160,794
종로구,451. 청와대앞길,202604,317,134
종로구,452. 동대문 종합시장 버스정류장,202604,743,737
종로구,453. 종로오가 지하쇼핑센터 14번출구,202604,1412,1523
종로구,454. 종로2가 버스정류장 (종각방향),202604,1074,1083
종로구,455. 종로6가역 버스정류장(동대문 방향),202604,1366,1434
종로구,456. 숭인2동 주민센터 입구,202604,1270,1446
종로구,457. 종로꽃시장 입구 옆,202604,1217,1398
종로구,458. 광화문역 5번출구,202604,3119,2880
종로구,461. 서울경찰청,202604,918,856
종로구,464. 삼청동 골목,202604,1046,1027
종로구,465. 삼청공원 앞,202604,212,71
종로구,4703. 쌍용아파트2단지 정문,202604,623,29
종로구,4705. 웰니스센터(민방위교육장 앞),202604,1563,1609
종로구,4707. 청계3가 사거리,202604,1358,1313
종로구,4708. 조계사앞사거리,202604,1358,1407
종로구,4710. 자교교회 앞,202604,840,943
종로구,4711. 올림픽기념 국민생활관 로터리,202604,1309,1297
종로구,4713. 현대 뜨레비앙 아파트 앞,202604,1606,1604
종로구,4715. 돈의문 박물관 마을,202604,769,501
종로구,4718. 광화문역 6번출구 옆 A,202604,1115,1044
종로구,4719. 종로문화원 건너편,202604,1191,1177
종로구,4721. 통인시장 정자,202604,1549,1574
종로구,486. 평창동주민센터 앞,202604,168,92
중구,300. 정동사거리,202604,1045,976
중구,3013.서울지방고용노동청 앞,202604,1758,1822
중구,310. 청계광장 옆,202604,1817,1602
중구,318. 광교사거리 남측,202604,1222,1208
중구,320. 을지로입구역 4번출구 앞,202604,1514,1489
중구,321. KEB 하나금융그룹 명동사옥 옆,202604,1150,1146
중구,322. 명동성당 앞,202604,773,776
중구,324. 신세계백화점 본점 앞,202604,774,788
중구,331. 을지로2가 사거리 북측,202604,1277,1286
중구,332. 을지로2가 사거리 남측,202604,922,923
중구,336. 충무로역 6번출구 앞,202604,1468,1356
중구,346. 맥스타일 앞,202604,1007,1091
중구,347. 동대문역사문화공원역 9번출구 앞,202604,754,654
중구,370. 시청역(2호선) 9번출구 뒤,202604,2060,1877
중구,371. 동대입구역 6번출구 뒤,202604,643,636
중구,372. 약수역 3번출구 뒤,202604,688,695
중구,374. 신당동주민센터앞,202604,1162,1259
중구,379. 서울역9번출구,202604,879,909
중구,380. CJ제일제당 앞,202604,1518,1744
중구,381. 장충체육관,202604,132,82
중구,382. 약수역 10번출구 앞,202604,431,453
중구,383. 신당역 12번 출구 뒤,202604,2624,2719
중구,384. 중림동삼거리,202604,433,428
중구,387. 훈련원공원주차장 앞,202604,893,835
중구,389. 을지로4가역 1번출구,202604,1175,1113
중구,390. 충무로역 1번출구,202604,922,833
중구,391. 시립미술관,202604,932,963
중구,398. 을지로3가역 3번출구,202604,2063,2069
중구,399. 서울역 센트럴 자이아파트,202604,1103,622
중구,428. 명보사거리,202604,628,622
중구,429. 송도병원,202604,111,61
중구,430. 장충동먹자골목 앞,202604,798,879
중구,431. 청계천 영도교,202604,3948,3751
중구,433. 을지로입구역 2번출구,202604,1995,1797
중구,434. 신당 래미안 버스정류장,202604,635,33
중구,435. SK 남산빌딩,202604,369,336
중구,441.염천교사거리,202604,843,818
중구,442.서울역 서부,202604,273,286
중구,443.호암아트홀,202604,173,157
중구,445.대한상공회의소,202604,921,904
중구,466.롯데호텔,202604,512,376
중구,467.한국은행,202604,550,566
중구,468.웨스틴 조선호텔,202604,430,427
중구,469.회현역 1번출구,202604,426,419
중구,470.회현역 7번출구,202604,334,322
중구,471.회현사거리 남측,202604,576,565
중구,472.삼일교(시그니쳐 타워),202604,1162,1155
중구,473.을지로4가역 9번출구,202604,2231,2000
중구,474.동대문역사문화공원역 1번출구 뒤편,202604,2483,2059
중구,475.DDP 패션몰,202604,1322,1101
중구,4752. 삼성사이버빌리지아파트,202604,338,234
중구,4753. 시청역 10번출구,202604,612,544
중구,476.광희문,202604,720,711
중구,4760. 서울역 7번출구,202604,129,135
중구,4761. 중부경찰서앞사거리 건너편,202604,388,363
중구,4762. 국제빌딩,202604,473,435
중구,4765. 동대문디자인플라자,202604,1884,1865
중구,4766. 서소문성지역사박물관,202604,492,434
중구,477.앰배서더 호텔 주변,202604,530,144
중구,4772. 중앙일보,202604,117,86
중구,4774. 을지로입구역 8번출구,202604,551,545
중구,4775. 을지로지하쇼핑센터,202604,594,588
중구,4776. 신세계면세점,202604,365,348
중구,4777. 약수동 주민센터,202604,135,127
중구,4781. 브라운스위트레지던스,202604,258,255
중구,4782. 서소문역사공원,202604,123,124
중구,4784. 중부경찰서앞 사거리,202604,514,502
중구,4785. 롯데시티호텔,202604,494,474
중구,479.동대입구역 3번 출구,202604,462,470
중구,4791. 명동역9번 출구,202604,1067,1056
중구,4792. 퇴계로4가 교차로(중구청),202604,1525,1476
중구,4793. 동대문역사문화공원역 5번출구,202604,1092,1060
중구,4794. 서울역 서부교차로(3),202604,1445,1590
중구,4796. 서울시청,202604,1868,1631
중구,4797. KG타워 앞,202604,716,776
중구,4798. 황학동롯데캐슬,202604,2196,2257
중구,480.약수역 6번 출구,202604,409,422
중구,4800. 필동 삼거리,202604,906,930
중구,4801. 충정로역 2호선(엘리베이터 앞),202604,521,103
중구,483.남산타운아파트 버스정류장,202604,348,164
중구,485.서울역5번출구,202604,989,1038
중구,6053. 중부세무서 앞,202604,375,248
중구,6054.청구e편한세상아파트 113동 앞,202604,1238,1270
중구,6055. 한국경제,202604,594,598
중구,6057. 을지로5가(방산시장),202604,720,768
중구,6058. 시청역 2번출구,202604,3823,3576
중구,6059. 덕수중학교,202604,645,555
중구,6060. 신한은행 본점,202604,1457,1465
중구,6061.충무아트센터,202604,1334,1407
중구,6062.서울역파출소,202604,556,639
중구,6063.NH농협은행(신당역6번출구),202604,703,785
중구,826. 서울역 서부교차로2,202604,1179,1400
중랑구,1401. 극동늘푸른아파트,202604,1281,1525
중랑구,1402. 금란주차장 앞,202604,832,810
중랑구,1403. 중화빌딩 앞 (동부시장),202604,821,811
중랑구,1404. 동일로 지하차도,202604,978,989
중랑구,1405. 망우역 1번출구,202604,713,701
중랑구,1407. 먹골역 1번출구 뒤,202604,1144,1318
중랑구,1408. 먹골역 6번출구 앞,202604,921,1105
중랑구,1410. 면목 대원칸타빌아파트,202604,281,87
중랑구,1411. 상봉시장앞 교차로 한성빌딩 앞,202604,1145,1234
중랑구,1414. 사가정역 2번출구,202604,2552,2753
중랑구,1416. 상봉역 3번출구,202604,1696,1918
중랑구,1418. 새솔초등학교,202604,184,73
중랑구,1420. 신내어울공원 앞,202604,771,827
중랑구,1421. 신내역 4번출구,202604,590,597
중랑구,1422. 신내우디안아파트 1단지,202604,269,83
중랑구,1424. 양원역 2번출구,202604,265,213
중랑구,1425. 신성미소지움아파트,202604,821,507
중랑구,1426. 면목도시개발아파트 1동 앞,202604,585,153
중랑구,1427. 용마산역 1번출구,202604,443,245
중랑구,1428. 원묵고등학교,202604,1262,639
중랑구,1429. 장안중학교,202604,661,819
중랑구,1430. 중랑구청,202604,1094,605
중랑구,1431. 중랑구청 사거리,202604,991,697
중랑구,1433. 중화역 2번출구,202604,1218,1476
중랑구,1435. 능산삼거리,202604,198,167
중랑구,1436. 동원베네스트 건물 앞,202604,513,281
중랑구,1437. 늘푸른공원 앞,202604,854,1125
중랑구,1438. 홈플러스 신내점 앞,202604,1731,2104
중랑구,1440. 면목2동 사거리,202604,1207,1421
중랑구,1441. 신내능말공원,202604,636,279
중랑구,1442. 중랑구청 중화동 별관 앞,202604,1910,2053
중랑구,1444. 면목4치안센터,202604,1295,1715
중랑구,1445. 용마지구대 A,202604,200,257
중랑구,1446. 중랑전화국 교차로,202604,1691,1924
중랑구,1447. 면목역 3번출구,202604,2481,2977
중랑구,1448. 코스트코 상봉점,202604,2159,2219
중랑구,1449. 상봉역 1번출구,202604,2620,2637
중랑구,1450. 화랑대역 7번출구,202604,1338,1450
중랑구,1451. 중랑세무서,202604,3105,3382
중랑구,1452. 겸재교 진입부,202604,2440,2943
중랑구,1453. 중랑캠핑숲,202604,155,151
중랑구,1454. 한국전력공사(동대문 중랑지사),202604,764,828
중랑구,1455. 상봉역 2번 출구,202604,2164,2598
중랑구,1456. 상아빌딩(우림시장 교차로),202604,1211,1291
중랑구,1457. 동원사거리,202604,729,554
중랑구,1458. 상봉터미널2,202604,1718,1698
중랑구,1459. 용마한신아파트사거리,202604,172,175
중랑구,1461.동양엔파트 앞,202604,1038,1047
중랑구,1462.동부시장 북문 앞,202604,1988,2081
중랑구,1464.중화역 4번출구,202604,811,985
중랑구,1466.두산대림아파트 삼거리,202604,243,361
중랑구,1467.sk신내 주유소앞(용마산로),202604,203,275
중랑구,1468.먹골역 7번 출구,202604,792,952
중랑구,1469.먹골역 4번출구,202604,862,951
중랑구,1470.중화동 우리은행 앞,202604,1070,1135
중랑구,1471.동양쇼핑 정류소 앞,202604,1572,1801
중랑구,1472.영성빌딩(PAT),202604,648,738
중랑구,1473.중랑역 1번 출구(중화문화복지센터),202604,1121,1304
중랑구,1474.서울중랑우체국,202604,768,688
중랑구,1477.면목삼익아파트 앞,202604,371,375
중랑구,1478.홈플러스 상봉점 앞,202604,1500,1524
중랑구,1479.면목 홈플러스 2 ,202604,418,417
중랑구,1480. 용마지구대 B,202604,641,734
중랑구,4802. 새우개마을,202604,256,290
중랑구,4803. 상봉2동 주민센터 앞,202604,950,975
중랑구,4804. 동서울농협 앞,202604,1435,1711
중랑구,4807. 라코지스테이 앞,202604,570,557
중랑구,4808. 신내2동 주민센터 앞,202604,732,614
중랑구,"4809. 동성1,2차 아파트 앞",202604,991,703
중랑구,4811. 한양수자인아파트 앞,202604,710,235
중랑구,4812. 묵동 이마트 앞,202604,1506,1534
중랑구,4813. 망우지구대,202604,1666,1786
중랑구,4815. 중랑데시앙플렉스 앞,202604,481,483
중랑구,4819. 면목동 새싹어린이공원 앞,202604,1264,1349
중랑구,4820. 망우역 2번 출구,202604,1637,1690
중랑구,4823. 방정환교육지원센터 옆,202604,1141,1240
중랑구,4824. 상봉신협 앞,202604,1591,1548
중랑구,4825. 신내동 벽산아파트 후문 앞,202604,921,684
중랑구,4826. 홈플러스 면목점,202604,965,1032
중랑구,4827. 신내SK V1센터 앞,202604,374,260
중랑구,4828. 신내동 한살림 중랑지구 앞,202604,957,945
중랑구,4829. 신내동 한살림 중랑지구 건너편,202604,382,357
중랑구,4830. 신내 우디안 111동 앞,202604,416,204
중랑구,4834. 용마복지센터 앞,202604,585,251
중랑구,4835. 망우동 본죽 앞,202604,807,785
중랑구,4836. 양원역 1번 출구,202604,547,548
중랑구,4837. 양원지구 힐데스하임 앞,202604,494,361
중랑구,4838.동원사거리 행복오피스텔 앞,202604,592,392
중랑구,4840. 서울시 북부병원 앞,202604,450,466
중랑구,4841. 중화수경공원,202604,2015,2197
중랑구,4842. 면목라온프라이빗 아파트,202604,950,892
중랑구,4843. 봉화산역 4번 출구,202604,1037,1137
중랑구,4845. 신내역금강펜테리움센트럴파크,202604,180,175
중랑구,4846. 상봉동양엔파트 앞,202604,915,925
중랑구,4847. 신내역시티프라디움 앞,202604,795,726
강남구,2301. 현대고등학교 건너편,202605,801,810
강남구,2302. 교보타워 버스정류장(신논현역 3번출구 후면),202605,1017,1008
강남구,2303. 논현역 10번출구,202605,1277,962
강남구,2304. 대현그린타워,202605,411,123
강남구,2305. MCM 본사 직영점 앞,202605,351,378
강남구,2306. 압구정역 2번 출구 옆,202605,2115,2037
강남구,2307. 압구정 한양 3차 아파트,202605,1172,1072
강남구,2308. 압구정파출소 앞,202605,1096,1082
강남구,2309. 청담역(우리들병원 앞),202605,366,218
강남구,2310. 청담동 맥도날드 옆(위치),202605,329,319
강남구,2311. 학동로 래미안 아파트 앞,202605,470,181
강남구,2312. 청담역 13번 출구 앞,202605,586,594
강남구,2313. 금원빌딩 앞,202605,578,611
강남구,2315. 봉은사역 5번출구 옆,202605,1270,1385
강남구,2317. 삼성도로공원,202605,622,622
강남구,2318. 삼성중앙역4번출구(문화센터더 리빌),202605,274,193
강남구,2319. 포스코사거리 서측(수협 삼성동 지점),202605,695,701
강남구,2320. 도곡역 대치지구대 방향,202605,806,870
강남구,2321. 학여울역 사거리,202605,523,454
강남구,2324. 천주교 대치 2동 교회 옆,202605,1022,1019
강남구,2325. 대치삼성아파트 앞 교차로,202605,735,725
강남구,2326. 대치동 삼성로,202605,395,352
강남구,2327. 뱅뱅사거리 랜드마크타워 앞,202605,1259,1391
강남구,2328. 르네상스 호텔 사거리 역삼지하보도 7번출구 앞,202605,784,651
강남구,2329. 르네상스호텔사거리 역삼지하보도 2번출구,202605,463,436
강남구,2330. 역삼월드메르디앙아파트 앞,202605,597,589
강남구,2331. 동영문화센터앞,202605,533,533
강남구,2332. 선릉역3번출구,202605,1690,1669
강남구,2333. 양재역 3번출구 주변,202605,1186,652
강남구,2334. 삼호아파트 2동 ( 간선도로),202605,220,197
강남구,2335. 3호선 매봉역 3번출구앞,202605,2019,2124
강남구,2336. 강남세브란스교차로  래미안그레이튼 104동 앞,202605,505,492
강남구,2337. 대모산입구역 2번출구 앞,202605,581,462
강남구,2339. 현대아파트 정문 앞,202605,598,584
강남구,2340. 삼호물산버스정류장(23370) 옆,202605,2377,2657
강남구,2341. 일원역 4~5번 출구 사이,202605,810,475
강남구,2342. 대청역 1번출구  뒤,202605,1501,1457
강남구,2344. 리엔파크 2단지 앞,202605,660,755
강남구,2347. 두산건설 본사,202605,381,139
강남구,2348. 포스코사거리(기업은행),202605,1630,1919
강남구,2349. 역삼빌딩 앞(하나은행 옆),202605,631,235
강남구,2350. 래미안그레이튼102동앞,202605,261,244
강남구,2351. 청소년수련관(수영장)앞,202605,369,321
강남구,2352. 서울본부세관(건설회관 앞),202605,546,171
강남구,2353. 강남구청역 2번출구 뒤,202605,899,400
강남구,2354. 청담역 2번출구,202605,186,178
강남구,2355. 삼성역 5~6번 출구 사이,202605,1,1
강남구,2356. 강남구청,202605,535,450
강남구,2357. 르네상스호텔사거리 역삼지하보도 3번출구 앞 (더 오번 빌딩 명동칼국수 앞),202605,562,350
강남구,2358. 구룡초사거리 (현대아파트10동 앞 ),202605,607,579
강남구,"2359. 국립국악중,고교 정문 맞은편",202605,1149,1261
강남구,2360. 도곡1동 주민센터 교차로,202605,730,726
강남구,2362. 신사동 가로수길 입구,202605,813,777
강남구,2363. 강남 을지병원 교차로,202605,361,328
강남구,2364. 도산공원교차로,202605,519,519
강남구,2365. K+ 타워 앞,202605,736,751
강남구,2368. 도곡동 경남아파트 건너편,202605,390,331
강남구,2369. KT선릉타워,202605,1207,1206
강남구,2370. 한티역 3번출구,202605,397,386
강남구,2371. 한국우편사업진흥원,202605,242,139
강남구,2372. 대치역 사거리,202605,1259,1368
강남구,2373. 개포동역 사거리,202605,389,359
강남구,2375. 수서역 1번출구 앞,202605,1408,1430
강남구,2376. 수서역 7번출구 앞,202605,1165,1297
강남구,2377. 수서역 5번출구,202605,3273,3660
강남구,2380. 봉은사로68길 북측,202605,532,502
강남구,2381. 언주역 4번출구,202605,525,524
강남구,2382. 역삼동 sk뷰 501동앞,202605,377,355
강남구,2383. 보금자리정원,202605,278,317
강남구,2384. 자곡사거리,202605,1709,1843
강남구,2385. 학동역,202605,739,705
강남구,2386. 크린랩 본사,202605,444,240
강남구,2387. 래미안강남힐즈 사거리,202605,1201,1203
강남구,2388. 강남구 도시관리공단,202605,755,343
강남구,2389. 경기여자고등학교 후문 (삼성로3길 입구),202605,787,749
강남구,2390. 구룡마을 입구 (래미안블레스티지 아파트),202605,906,985
강남구,2391. 구룡터널 입구(개포1단지아파트),202605,27,19
강남구,2392. 구룡산 입구 (구룡산 서울둘레길 입구),202605,96,59
강남구,2394. 개포래미안포레스트아파트 107동 앞,202605,764,699
강남구,2396. 영동3교 북단(우성캐릭터 앞 보도),202605,697,688
강남구,2398. 더라움,202605,332,216
강남구,2401. 밀알학교 입구 (삼성서울병원 입구),202605,241,206
강남구,2403. 공무원연금매점 교차로 (개포주공9단지 입구),202605,1121,1081
강남구,2404. 대모산입구역 4번 출구 앞,202605,1804,1907
강남구,2405. 청담공원앞 교차로,202605,765,360
강남구,2406. 논현동 광명빌딩 앞,202605,393,285
강남구,2407. 역삼서초삼성 세무서 앞 (역삼빌딩 앞),202605,1615,1606
강남구,2408. 강남한양수자인아파트,202605,1172,1170
강남구,2409. 역삼동 디오슈페리움 (우성아파트 사거리),202605,1005,1009
강남구,2410. 포스코피앤에스타워 (역삼역 3번출구 부근),202605,917,694
강남구,2411. 세곡동 성당,202605,1273,1293
강남구,2413.도곡역 1번 출구,202605,1528,1647
강남구,2414. 도곡역 아카데미스위트 앞,202605,1364,1379
강남구,2415.한티역 롯데백화점 앞,202605,1015,1003
강남구,2416.한티역 6번 출구,202605,506,472
강남구,"2417.선정릉 디캠프(D,CAMP)앞",202605,201,202
강남구,2418.봉은사역 7번 출구 ,202605,885,877
강남구,"2419.봉은사역 1,2번 출구 ",202605,637,637
강남구,2420.학여울역 사거리(LG베스트샵 앞),202605,909,806
강남구,2421. 신논현역 4번출구,202605,782,726
강남구,2422.수서동 성당 맞은편,202605,788,837
강남구,2423.영희초교 사거리(래미안개포루체하임),202605,1283,1355
강남구,2425.세곡동 사거리(대왕초등학교 정류장),202605,337,363
강남구,2426.강남한신휴플러스 6단지,202605,701,700
강남구,2427.개포고등학교 정문앞,202605,885,896
강남구,2430.강남파이낸스센터앞(역삼역2번출구),202605,854,496
강남구,2431.대치역 7번출구,202605,1429,1440
강남구,3602. 한국지역난방공사강남지사,202605,439,457
강남구,3604. 삼성중앙역 5번출구,202605,631,533
강남구,3605. 봉은사역6번출구(현대아이파크타워앞),202605,0,1
강남구,3606. 신사동주민센터 옆,202605,807,853
강남구,3609. 언주초등학교 입구,202605,637,646
강남구,3610. 윗반마을 입구,202605,154,160
강남구,3611. 방죽마을 입구,202605,488,523
강남구,3612. 은곡마을,202605,476,549
강남구,3614. 은마아파트 입구 사거리,202605,1206,1170
강남구,3615. 서울 논현동우체국 앞,202605,370,324
강남구,3616. 역삼중학교 앞(체육관 방향),202605,415,382
강남구,3618. 서울율현초교 삼거리,202605,958,1103
강남구,3620. 청담역 11번 출구,202605,325,75
강남구,3622. 은마아파트입구 사거리(1),202605,293,290
강남구,3623. 일원에코파크 앞(개포로 방면),202605,679,703
강남구,3624. 대모산입구역 7번 출구 앞,202605,285,246
강남구,3627. 압구정나들목,202605,2390,2456
강남구,3628. 역삼1동 주민센터,202605,516,606
강남구,3629. 청담사거리(신한오피스텔빌딩 앞),202605,203,298
강남구,3630. 개포우성6차아파트 정문 앞,202605,414,384
강남구,3634. 국악고교 앞 교차로,202605,685,638
강남구,3636. 삼성중앙역·플래티넘아파트 정류소,202605,534,525
강남구,3637. 세곡데이케어센터,202605,310,319
강남구,3638. 신청담나들목,202605,684,730
강남구,3640. 일원1동주민센터앞 사거리,202605,1221,1273
강남구,3641. 대청역,202605,1000,970
강남구,3642. 강남자곡힐스테이트,202605,515,213
강남구,3643. 더시그넘하우스 앞,202605,836,883
강남구,3644. 상록수아파트,202605,418,299
강남구,3646. 선정릉역 4번 출구,202605,556,423
강남구,3647. 구룡역 1번 출구,202605,448,327
강남구,3648. 구룡역 4번 출구,202605,132,133
강남구,3649. 구룡역 5번 출구,202605,388,378
강남구,3651. 개포동역 4번출구,202605,1206,1325
강남구,4902. 구역삼세무서 교차로,202605,862,905
강남구,4903. 신사스퀘어,202605,462,441
강남구,4905. 강남경찰서,202605,1825,1957
강남구,4906. 섬유센터 앞,202605,1939,1931
강남구,4907. 극동스포츠 앞,202605,801,658
강남구,4908. SB타워 앞,202605,368,363
강남구,4909. 노보텔 앰배서더 앞,202605,384,141
강남구,4913. 레베쌍트 빌딩 앞,202605,508,519
강남구,4914. 도심공항타워 앞,202605,1162,1179
강남구,4915. 영동중앙교회 버스정류장,202605,270,274
강남구,4916. 청담역 1번출구,202605,228,231
강남구,4917. 일원에코파크 주차장,202605,1258,1410
강남구,4918. 매봉역 1번출구,202605,745,848
강남구,4919. 학여울역사거리(은마아파트),202605,219,217
강남구,4923.수협대치동지점,202605,756,657
강남구,4924.논현동가구거리,202605,439,385
강남구,4925. 청담백영빌딩 앞,202605,364,426
강남구,4926. 대치우성아파트 사거리,202605,1688,1702
강남구,4928. 교수마을 입구,202605,286,249
강남구,4929. 투썸플레이스 강남청담점 앞,202605,409,524
강남구,4930. 학여울역 1번출구,202605,521,372
강남구,4931. 디에이치퍼스티어아이파크 124동 앞,202605,713,693
강남구,4932. 개포래미안포레스트 130동 맞은편,202605,354,332
강남구,4935. 도곡삼성래미안,202605,660,627
강남구,4936. SK텔레콤(T1) 인근,202605,177,119
강남구,4937.개포래미안포레스트 126동 앞,202605,382,334
강남구,4938.LH수서2단지 201동 앞,202605,1982,2158
강남구,4939.도산공원,202605,470,519
강남구,4940.한강버스 압구정 선착장,202605,8519,8079
강남구,4941.압구정로 11길,202605,784,809
강남구,4942.율현삼거리,202605,310,295
강남구,4944.젠빌딩,202605,275,282
강동구,1001. 광진교 남단 사거리(천호공원 방면),202605,1786,1811
강동구,1002. 해공공원(천호동),202605,2451,2485
강동구,1003. 해공도서관앞,202605,1673,1645
강동구,1004. 삼성광나루아파트 버스정류장,202605,1940,2691
강동구,1006. 롯데캐슬 115동앞,202605,244,248
강동구,1007.암사동 선사유적지,202605,434,425
강동구,1008. 암사역 3번출구(국민은행앞),202605,3482,4295
강동구,1009. 천호역4번출구(현대백화점),202605,5713,5676
강동구,1010. 강동세무서,202605,3535,3588
강동구,1011. LIGA 아파트 앞,202605,3959,3949
강동구,1012. 천호역효성해링턴타워 앞,202605,3422,3408
강동구,1013. 강동구청역 1번 출입구,202605,2823,2788
강동구,1016. 해뜨는 주유소옆 리엔파크 109동앞,202605,1186,1186
강동구,1017. 둔촌고교입구 교차로(길동주민센터 방면),202605,1723,1718
강동구,1018. 둔촌 주공 GS 맞은편,202605,3065,3179
강동구,1019. 다성이즈빌아파트(호원대 대각선 맞은편),202605,4442,4702
강동구,1020. 강동경찰서,202605,4596,4714
강동구,1021. 강일동 리슈빌 빌딩앞,202605,2028,2248
강동구,1022. 길동 사거리(초소앞),202605,1824,1845
강동구,1023. 한국종합기술사옥 앞,202605,2312,2361
강동구,1024.  강동구청 앞,202605,3908,4022
강동구,1025. 상일초등학교,202605,604,613
강동구,1026. 대명초교 입구 교차로,202605,1,1
강동구,1027. 프라자 아파트 앞,202605,1085,1003
강동구,1028. 포레스 주상복합 빌딩,202605,2165,2108
강동구,1029. 성내어울터,202605,3987,3911
강동구,1030. 미호 플랜트 앞,202605,1815,1767
강동구,1031. 올림픽로 836(아리수로),202605,617,772
강동구,1032. 선사고등학교,202605,649,641
강동구,1033. 고덕동 아남아파트,202605,1933,1377
강동구,1034. 고덕동 래미안 힐스테이트,202605,716,632
강동구,1036. 고덕동 주양쇼핑,202605,1186,1145
강동구,1037. 강일리버파크 6단지,202605,273,281
강동구,1038. 강일 다솜 어린이 공원,202605,357,420
강동구,1039. 고덕초등학교,202605,297,323
강동구,1041. 묘곡초등학교,202605,666,681
강동구,1042. 강일리버파크 2~5단지,202605,498,580
강동구,1044. 굽은다리역,202605,4418,4751
강동구,1048. 둔촌어린이공원,202605,2294,2308
강동구,1049. 강일리버파크 10단지,202605,631,646
강동구,1050.  둔촌역 3번 출입구,202605,5263,5583
강동구,"1051. 강일중,선사고 버스정류장(신암중학교 방면)",202605,783,785
강동구,1053. 동명근린공원 진입로 (아리수로),202605,1,2
강동구,1056. 강일리버파크 7~11단지,202605,679,779
강동구,1057. 능골근린공원,202605,701,782
강동구,1058. 고덕숲 아이파크 1,202605,364,337
강동구,1059. 래미안 강동팰리스(102동),202605,1767,1274
강동구,1060. 천일초교 사거리,202605,931,874
강동구,1061. 천호초교 입구 사거리(일주빌딩),202605,1195,1184
강동구,1063.강동롯데캐슬퍼스트 아파트(관리동),202605,618,590
강동구,1064.중앙보훈병원역 1번출구,202605,555,508
강동구,1065.보훈병원 후문옆(더 원커피),202605,706,664
강동구,1066.생태공원앞 교차로(조명탑),202605,194,153
강동구,1067.한영중고앞사거리,202605,525,438
강동구,1068.명일파출소,202605,1072,984
강동구,1070.(시립)고덕평생학습관,202605,908,800
강동구,1072.고덕역 5번출구,202605,2226,1866
강동구,1073. SSTS 몰 앞,202605,575,603
강동구,1074.대명초교입구 사거리,202605,1528,1517
강동구,1075.천동초교 삼거리,202605,2017,2096
강동구,1076. 천동초교입구사거리 버스정류장(십자성마을 방면),202605,2488,2678
강동구,1077.강동역 1번출구 앞,202605,3022,2910
강동구,1078.둔촌사거리,202605,4907,4916
강동구,1079.강일동입구교차로,202605,1228,1242
강동구,1080.천호지하주차장 5번 출입구,202605,2087,2061
강동구,1081.트레빌빌딩,202605,1994,1780
강동구,1083.광문고교사거리(아이파크),202605,640,647
강동구,1084. 윤선생빌딩(JYP사옥),202605,4211,4726
강동구,1085.래미안 솔베뉴(고덕로),202605,1282,776
강동구,1086.래미안 솔베뉴(구천면로),202605,1121,1173
강동구,1088.풍납사거리(강동),202605,1906,1838
강동구,1089.고덕 래미안힐스테이트(201동),202605,1004,365
강동구,1090.상일동역 2번출구 앞,202605,2106,2110
강동구,3539. 서원마을,202605,236,248
강동구,3652. 한영외국어고등학교,202605,305,307
강동구,3653. 강동리버스트4단지아파트 404동 앞,202605,632,710
강동구,3654. 강동리버스트4단지아파트 405동 앞,202605,451,460
강동구,3655. 둔촌신성미소지움아파트,202605,1194,1062
강동구,3656. 둔촌푸르지오아파트,202605,1836,1787
강동구,3657. 서울천호동우체국,202605,3030,3061
강동구,3658. 프라이어팰리스아파트,202605,658,608
강동구,3659. 명일초등학교 옆,202605,395,253
강동구,3661. 명일동신동아아파트 앞,202605,419,400
강동구,3663. 암사정수센터교차로(강동롯데캐슬퍼스트아파트),202605,793,516
강동구,3664. 맥도날드 서울둔촌DT점 앞,202605,3021,3111
강동구,3665. 고덕센트럴 아이파크상가 앞,202605,1071,1034
강동구,3668. 성내삼성아파트,202605,4210,4373
강동구,3671. 둔촌동역교차로,202605,2708,2760
강동구,3673. 강동리버스트6단지,202605,468,455
강동구,3674. 강동리버스트7단지,202605,356,405
강동구,3675. 강동리버스트8단지,202605,709,738
강동구,3676. 강동리엔파크9단지,202605,730,853
강동구,3680. 강동역3번출구,202605,3713,3713
강동구,3681. 길동 마루빌딩,202605,4564,4989
강동구,3682. 길동 동호빌딩,202605,297,311
강동구,3683. KT&G강동지사,202605,716,785
강동구,3684. 고덕자이(105동 앞),202605,1367,1374
강동구,3685. 강동리엔파크14단지(1401동 앞),202605,799,864
강동구,3686. 고덕 래미안 힐스테이트(101동),202605,941,947
강동구,3688. 상일동산(동아아파트앞 교차로),202605,347,352
강동구,3689. 강일역 3번출구,202605,777,620
강동구,3690. 강일역 4번출구,202605,520,432
강동구,3691. 둔촌역 2번출구,202605,3148,3242
강동구,3692. 둔촌오륜역 1번 출구,202605,2360,2299
강동구,3694. 강동리엔파크 13단지(1303동 앞),202605,745,733
강동구,3698. 명일역 3번출구 옆,202605,1786,1790
강동구,3699. 상일파출소 옆,202605,1222,1348
강동구,3700. 강변그대가리버뷰 입구 맞은편,202605,2432,2731
강동구,3701. 방아삼거리,202605,249,244
강동구,4951. 강동농협 버스정류소 앞(광채빌라),202605,832,828
강동구,4952.천호시장 버스정류소 옆,202605,1604,1593
강동구,4953. 세양청마루아파트 앞,202605,1665,1648
강동구,4954. 신명초등학교 건너편,202605,491,319
강동구,4956. 암사역사공원역 1번출구,202605,268,285
강동구,4957. 신명초교 교차로,202605,1428,1207
강동구,4958. 고덕래미안힐스테이트 아파트 211동,202605,796,424
강동구,4959. 암사역사공원역 3번출구,202605,261,334
강동구,4960.고덕비즈밸리 지식산업센터 A,202605,809,828
강동구,4962.고덕비즈밸리 디엠스퀘어 앞,202605,952,1044
강동구,4964.암사역사공원역 1번출구 A,202605,2042,3092
강동구,4965.고덕비즈밸리 쿠쿠강동빌딩,202605,1657,1706
강동구,4968.강동구 자원순환센터,202605,155,162
강북구,"1501. 미아역 3번,4번 출구 사이",202605,1227,1219
강북구,1503. 강북구청사거리(수유역 8번출구),202605,2295,2328
강북구,1504. 삼양시장오거리,202605,259,244
강북구,1506. 강북문화예술회관,202605,1025,965
강북구,1509. 서울북부수도사업소,202605,419,436
강북구,1510. 번동주공5단지 관리사무소 앞,202605,423,439
강북구,1512. 강북중학교 앞,202605,1896,1929
강북구,1514. 강북구청 사거리 버스정류소 앞,202605,975,975
강북구,1515. 송천동 주민센터,202605,465,453
강북구,1516. 우이동길마을마당,202605,664,561
강북구,1518. 수유2동은행빌딩 앞,202605,687,686
강북구,1519. 장미원시장 건너편,202605,529,557
강북구,1520. 수유중앙시장,202605,1206,1290
강북구,1525. 미아동 복합청사,202605,347,335
강북구,1526. 강북종합시장 앞,202605,1019,1011
강북구,1527. 미아역 1번 출구 뒤,202605,812,807
강북구,1528. 삼각산동 주민센터,202605,587,289
강북구,1529. 미아동 한국전력공사,202605,1438,1477
강북구,1530. 광산사거리,202605,1657,1772
강북구,1531. 미아사거리 1번 출구,202605,2279,2455
강북구,1532. 번3동 주민센터 교차로,202605,832,938
강북구,"1533. 번동 주공3, 4단지 교차로",202605,1072,1234
강북구,1535. 효성인텔리안 앞,202605,1796,1825
강북구,1536. 번동 두산위브 101동 옆,202605,777,670
강북구,1537. 북한산 우이역,202605,627,478
강북구,1538. 솔밭공원역,202605,169,166
강북구,1539. 4.19민주묘지역,202605,531,549
강북구,1540. 가오리역,202605,1048,1066
강북구,1541. 삼양역,202605,266,193
강북구,1542. 삼양사거리역,202605,342,342
강북구,1543. 수유1동 주민센터,202605,720,698
강북구,1546. 송천동우체국,202605,344,410
강북구,1547. 꿈의숲 롯데캐슬,202605,541,284
강북구,1548. 북서울 꿈의숲 서문,202605,832,517
강북구,1550.삼각산아이원아파트(105동 옆),202605,224,20
강북구,1551.4.19탑 앞,202605,771,501
강북구,1552. 강북구청사거리,202605,1440,1422
강북구,1553.서울북부고용노동지청,202605,1015,917
강북구,1554.번동사거리,202605,588,589
강북구,1557.신창교,202605,1143,1227
강북구,1558.강북문화정보도서관,202605,292,212
강북구,1560. 도봉세무서 앞,202605,840,828
강북구,1564.4.19민주묘지역 1번출구,202605,755,817
강북구,1565.수유사거리,202605,1055,1041
강북구,1568.4.19민주묘지 입구사거리,202605,745,755
강북구,1569.수유역2번출구,202605,2879,3043
강북구,1571.북서울 꿈의 숲 입구,202605,405,387
강북구,1572. 우이동 먹거리마을,202605,181,115
강북구,1573.현대성우아파트 옆,202605,193,158
강북구,1574.송중초등학교 옆,202605,521,592
강북구,3703. 삼양입구사거리,202605,274,282
강북구,3707. 드래곤타워 앞,202605,833,881
강북구,3714. 송천센트레빌,202605,104,77
강북구,3718. 번동3단지 버스정류장,202605,932,1110
강북구,3724. 삼양동주민센터 앞,202605,428,341
강북구,3725. 강북 청소년 문화정보도서관 앞,202605,377,385
강북구,3726.삼양동사거리,202605,538,573
강서구,1101. 상사마을 버스정류장(아라대교방면),202605,188,222
강서구,1102. 방화사거리 마을버스 버스정류장,202605,2602,2806
강서구,1103. 방화역 4번출구앞,202605,3315,3089
강서구,1105. 방화근린공원,202605,632,495
강서구,1106. 신방화사거리,202605,3519,3615
강서구,1108. 공항시장역 2번출구 뒤,202605,1499,1533
강서구,1109. 공항시장역 4번출구,202605,772,774
강서구,1110. 공항중학교앞,202605,1234,1250
강서구,1111. 마곡엠밸리6_7단지 마곡중학교,202605,2977,2728
강서구,1112. 마곡엠밸리4단지 정문,202605,4599,4568
강서구,1113. 서남환경공원 버스정류장,202605,3093,2894
강서구,1117. 등촌5단지아파트 버스정류장,202605,3801,3782
강서구,1118. 증미역 3번출구뒤(등촌두산위브센티움오피스텔),202605,3529,4052
강서구,1119. 염창동 한마음아파트 앞,202605,1368,1379
강서구,1120. 대림경동아파트앞,202605,2350,2254
강서구,1121. 가양레포츠센터 앞,202605,1803,1853
강서구,1124. 발산역 6번 출구 뒤,202605,6105,6156
강서구,1126. 우장산역 1번출구옆(우장산아이파크105동앞),202605,2116,1610
강서구,1127. 화곡역 버스정류장,202605,1079,1087
강서구,1128. 화곡역 6번출구,202605,1610,1608
강서구,1129. 화곡역 1번 출구 앞,202605,1500,1480
강서구,1130. 화곡본동시장 버스정류장,202605,533,501
강서구,1132. 등촌역 7번출구,202605,2333,2393
강서구,1135. 강서구의회,202605,2194,1970
강서구,1136. 등촌2파출소,202605,631,310
강서구,1137. 등촌2동주민센터,202605,341,199
강서구,1139. 용문사 버스정류장,202605,747,653
강서구,1140. 목동사거리 버스정류장,202605,2497,2488
강서구,1141. 곰달래 문화복지센터 A,202605,1671,1882
강서구,1145. 곰달래 문화복지센터 B,202605,884,968
강서구,1148. 볏골공원,202605,1169,1161
강서구,1149. 신방화역환승주차장,202605,3633,3623
강서구,1150. 송정역 1번출구,202605,3038,3245
강서구,1151. 마곡역1번출구,202605,5082,5185
강서구,1152. 마곡역교차로,202605,4351,4522
강서구,"1153. 발산역 1번, 9번 인근 대여소",202605,8807,8849
강서구,1155. 기쁜우리복지관,202605,2505,2517
강서구,1157. 강서구청,202605,4048,4396
강서구,1158. 가양역 8번출구,202605,4771,4930
강서구,1159. 서서울모터리움 앞,202605,593,530
강서구,1160. 양천향교역 7번출구앞,202605,5908,5936
강서구,1161. 강서면허시험장 앞,202605,425,300
강서구,1162. 공항초등학교건너편,202605,2695,2675
강서구,1163. 방화동강서기동대앞,202605,3127,3165
강서구,1165. 마곡중학교 후문,202605,1650,1114
강서구,1166. 강서구립등빛도서관,202605,5711,5636
강서구,1167. 마곡수명산파크3단지 교차로,202605,4070,3779
강서구,1168. 마곡엠밸리10단지 앞,202605,1694,1585
강서구,1169. 염창역 1번 출구,202605,2383,2600
강서구,1170. 강서구보건소,202605,956,633
강서구,1171. 염창동 새마을금고 건너편,202605,1201,1223
강서구,1172. 가양3동 주민센터,202605,2024,2181
강서구,1173. 강서구청사거리(SH타워),202605,3919,3655
강서구,1174. 강서구청사거리(부민병원),202605,1950,1933
강서구,1175. 대한항공 인력개발센터,202605,1243,791
강서구,1177. 수명중․고교,202605,2083,1927
강서구,1178. 개화산역 2번 출구,202605,989,953
강서구,1180. 마곡엠밸리 15단지(1502동) 건너편,202605,2854,2713
강서구,1181. 농수산식품공사 (강서지사),202605,329,365
강서구,1182. KBS 스포츠월드,202605,4001,3987
강서구,1183. 강서대학교,202605,560,359
강서구,1184. 마곡13단지,202605,4018,4056
강서구,1185. 등촌9단지,202605,1910,1877
강서구,1186. 송정중학교,202605,1210,1215
강서구,1187. 강서수산물도매시장,202605,870,988
강서구,1188. 롯데중앙연구소,202605,289,311
강서구,1190. 마곡역 교차로(2번출구),202605,5008,5021
강서구,"1191. 마곡역 버스정류장(마곡나루역1번출구, 웰튼병원 방면)",202605,4124,4126
강서구,1192. 마곡수명산파크 209동 건너편,202605,3211,2614
강서구,1193. 마곡센트럴타워 1차,202605,2746,2786
강서구,1195. 코오롱One&Only타워,202605,1970,2053
강서구,1196. 서울식물원(문화센터) 건너편,202605,932,954
강서구,1197. 엠펠리체 호텔 건너편,202605,2033,2138
강서구,1198. LG 사이언스파크,202605,2399,2414
강서구,1199. 우장산역 3번출구,202605,1405,1175
강서구,1200. 개화광역환승센터,202605,393,385
강서구,2701. 마곡나루역 5번출구 뒤편,202605,9657,10316
강서구,2702. 마곡 엠밸리2단지,202605,1925,1918
강서구,2703.서울도시가스 앞 ,202605,1270,1037
강서구,2704.홈플러스(강서점),202605,3020,3162
강서구,2706.강서공업고등학교 앞,202605,1093,1093
강서구,2707.한강아파트,202605,3102,2781
강서구,2708.강서한강자이타워 앞,202605,2719,2696
강서구,2709.강변아파트 310동 앞,202605,1391,1448
강서구,2710.라이품 공영주차장 앞,202605,1244,1017
강서구,2711.가로공원공영주차장 1번 출구,202605,1377,1423
강서구,2712.화곡터널입구교차로,202605,598,324
강서구,2713.우장초등학교 앞,202605,2146,2178
강서구,2715.마곡나루역 2번 출구 ,202605,13689,13985
강서구,2716.롯데 R&D 센터,202605,480,484
강서구,2717.LG유플러스 마곡사옥,202605,4049,4933
강서구,2718.마곡수명산파크1단지,202605,3021,2614
강서구,2719.마곡문화공원,202605,3620,4057
강서구,2720.힐스테이트에코,202605,3177,3190
강서구,2721.등촌1-10단지 교차로,202605,5301,4990
강서구,2723.마곡 필네이처,202605,3499,3757
강서구,2724.(재)FITI시험연구원,202605,1948,1732
강서구,2725.서울식물원 식물문화센터,202605,1601,1506
강서구,2727.서울식물원 잔디마당 앞,202605,2224,2339
강서구,2728.마곡나루역 3번 출구,202605,10645,10637
강서구,2729.넥센 유니버시티 앞,202605,2011,2075
강서구,2730.마곡메가박스 앞,202605,2432,2509
강서구,2731.명덕고교,202605,1944,2202
강서구,2732.마곡수명산 1-2단지 ,202605,2599,2198
강서구,2733.마곡13단지 정문 앞,202605,4794,4750
강서구,2737.까치산역 3번 출구,202605,1459,1676
강서구,2739.수명산파크1단지교차로,202605,4410,4392
강서구,2740.마곡레포츠센터,202605,1851,1843
강서구,2741.마곡수명산파크5-6단지,202605,1962,1669
강서구,2742.강서구민올림픽체육센터,202605,2490,2580
강서구,2744.강서세무서 앞,202605,2605,2556
강서구,2745.수명초등학교,202605,2860,2681
강서구,2746.수명산파크 4단지 411동 앞,202605,2094,1991
강서구,3753. 공항중학교 버스정류장,202605,804,748
강서구,3754. 신방화역 8번출구,202605,1788,1770
강서구,3756. 마곡힐스테이트 정문,202605,2085,1830
강서구,3757. 신방화역 6번출구,202605,1956,1889
강서구,3758. 서울남부출입국관리소,202605,2190,1493
강서구,3759. 이대서울병원,202605,2085,2177
강서구,3760. 발산역 8번 출구,202605,2506,2510
강서구,3761. 나이아가라관광호텔,202605,707,716
강서구,3762. 마곡9단지 907동앞,202605,1372,1282
강서구,3763. 등촌태영아파트,202605,1144,1153
강서구,3764. 관문주유소(GS칼택스) 앞,202605,3296,3190
강서구,3765. 문소빌딩,202605,605,612
강서구,3766. 강서문화센터,202605,111,103
강서구,3767. 대원빌딩,202605,2050,2013
강서구,3770. 남부순환로 205,202605,599,495
강서구,3772. 길성그랑프리텔아파트,202605,3314,3230
강서구,3774. 마곡9단지 910동 상가앞,202605,1700,1694
강서구,3775. 가양오토갤러리,202605,1071,1077
강서구,3776. 김포공항사거리,202605,485,548
강서구,3778. 김포공항입구 교차로,202605,2118,2072
강서구,3780. 등촌서광아파트,202605,4721,4766
강서구,3781. 강서아동복지센터,202605,129,215
강서구,3782. 겸재정선미술관,202605,2644,2533
강서구,3783. 마곡금호어울림아파트,202605,1702,1648
강서구,3784. 벽산아파트,202605,3689,3480
강서구,3785. 마곡14단지 1408동앞,202605,1696,1567
강서구,3786. 강서힐스테이트 상가 앞,202605,1029,795
강서구,3788. 정곡나들목,202605,2132,2249
강서구,3789. 염창나들목,202605,4211,4591
강서구,3792. 화곡본동시장 입구,202605,920,773
강서구,3793. 더리브골드타워,202605,887,904
강서구,3794. 안양천합수부(현대3차아파트),202605,2636,2561
강서구,3796. 송정역 3번출구 앞,202605,1695,1597
강서구,3797. 마곡수명산파크7단지 710동 앞,202605,776,786
강서구,3798. 그랜드아이파크아파트 앞,202605,5848,5972
강서구,3799. 국립항공박물관,202605,378,403
강서구,3801. 이랜드글로벌R&D센터,202605,975,1034
강서구,5052. 마곡역 7번출구,202605,5227,5389
강서구,5053. 신마곡벽산블루밍메트로오피스텔앞,202605,1988,2131
강서구,5055. 마곡역5번출구앞,202605,1964,1977
강서구,5057. 마곡역4번출구,202605,2055,2119
강서구,5059. 화곡2동주민센터,202605,1028,1273
강서구,5061. 우장산동 가곡어린이공원앞,202605,4328,4375
강서구,5064. 양천향교역8번출구,202605,2524,2545
강서구,5065. 허준박물관삼거리,202605,2083,2096
강서구,5066. 아망떼마곡전시장,202605,1741,2226
강서구,5067. 주원 리젠트 앞,202605,852,841
강서구,5070. 마곡13단지힐스테이트마스터 후문(1320동 앞),202605,2938,2918
강서구,5072. 김포공항입구 교통섬,202605,638,638
강서구,5073. 우장산역 헤링턴타워 앞,202605,1493,1232
강서구,"5074. 마곡엠밸리14단지 버스정류장(마곡엠밸리11,12단지상가방면)",202605,3272,3197
강서구,5075. 등촌역 1번출구,202605,1503,1472
강서구,5076. 메이필드호텔앞,202605,842,854
강서구,5078. 왈도강서캠퍼스 앞,202605,1436,1410
강서구,5080. 가양역 1번출구,202605,3593,3983
강서구,5082. 가양역 7번출구,202605,5666,6393
강서구,5084. 강서우체국,202605,1776,1517
강서구,5086. 가양테크노타운,202605,2414,2645
강서구,5087. 연세강서빌딩,202605,2541,2518
강서구,5088. 등촌역 센터스퀘어,202605,1669,1553
강서구,5089. LG사이언스파크 E10동,202605,1484,1404
강서구,5090. 대상연구소,202605,769,780
강서구,5091. 보타닉파크타워2,202605,1514,1520
강서구,5095. 원당근린공원,202605,3385,3422
강서구,5096. LG사이언스파크 E14동,202605,3131,4196
강서구,5097. LG사이언스파크 E2동,202605,1256,1314
강서구,5098. LG사이언스파크 W4동,202605,1028,1035
강서구,5099. LG사이언스파크 E7동,202605,1516,1657
강서구,5100. 강서도로사업소,202605,285,304
강서구,6171. 월드빌딩 앞,202605,1422,1375
강서구,6172. 가양5단지아파트,202605,448,449
강서구,6173. 서울자동차운전전문학원,202605,300,302
강서구,6176. 유광사 여성병원 앞,202605,1118,772
강서구,6177. 마곡롯데캐슬르웨스트,202605,3455,3481
강서구,6178. 마스터밸류에이스 지식산업센터,202605,960,1008
강서구,6180.양천향교역 3번출구,202605,925,930
강서구,6182.오스템임플란트비전타워,202605,611,757
강서구,6183.K스퀘어 마곡,202605,3092,3107
강서구,6184. 한강버스 마곡 선착장,202605,1974,1913
강서구,6185.가양나들목,202605,376,361
강서구,6187.마곡119안전센터 맞은편,202605,642,543
강서구,6188.금호아파트,202605,1588,1641
강서구,6189.데시앙플렉스 지식산업센터,202605,1020,1008
강서구,6190.마곡광장(마곡나루역 6번출구),202605,2223,2214
관악구,2102. 봉림교 교통섬,202605,6953,7247
관악구,2103. 신림동 우방아파트,202605,1093,1093
관악구,2104. 사당역 5번출구,202605,1057,1198
관악구,2105. 미성동 신림체육센터,202605,861,939
관악구,2106. 세이브마트,202605,1324,1726
관악구,2108. 은천치안센터,202605,1281,1312
관악구,2109. 은천로입구 가로공원,202605,2323,2312
관악구,2110. 조원동 미성아파트,202605,1479,1760
관악구,2111. 서울대입구역 1번출구,202605,1134,1138
관악구,2112. 서울대입구역 마에스트로,202605,839,851
관악구,2113. 관악동작견인차량보관소,202605,1,1
관악구,2115. 관악구시설관리공단,202605,1323,1059
관악구,2116. 에이스에이존빌딩,202605,642,662
관악구,2119. 중앙동 동진빌딩,202605,750,716
관악구,2122. 낙성대로 입구,202605,585,556
관악구,2127. 난곡종점,202605,497,238
관악구,2128. 관악구청교차로,202605,438,433
관악구,2129. 낙성대 과학전시관,202605,241,183
관악구,2130. 영어마을 관악캠프,202605,230,109
관악구,2136. 신림역 8번출구,202605,3828,3952
관악구,2137. KT&G 관악지점,202605,528,510
관악구,2139. 서울신성초등학교,202605,546,543
관악구,2140. 신림1교 교차로,202605,1991,1977
관악구,2143. 서울산업정보학교,202605,302,280
관악구,2144. 난우길입구,202605,464,537
관악구,2145. 은천초등학교 육교,202605,650,645
관악구,2148. 낙성대역 3번출구 뒤,202605,727,701
관악구,2156. 신림푸르지오아파트,202605,700,637
관악구,2159. 인헌초교,202605,363,336
관악구,2164. 관악우체국,202605,675,675
관악구,2165. JK장평타워,202605,214,168
관악구,2167. 낙성대역 1번출구,202605,427,412
관악구,2169. 봉천역 2번출구,202605,1194,1343
관악구,2170. 조원동 강남힐병원,202605,900,963
관악구,2171. 서울대입구역 5번출구,202605,1245,1237
관악구,2172. 나들목공원,202605,798,657
관악구,2173. 당곡사거리,202605,2511,2527
관악구,2174. 삼성디지털프라자관악점,202605,623,610
관악구,2175. 신림동걷고싶은문화의거리입구,202605,911,962
관악구,2176. 보라매공원 보도육교,202605,3981,4162
관악구,2178. 서울대학교 정문,202605,833,568
관악구,2179. 양녕로 입구,202605,1038,1079
관악구,2184. 구암초등학교 버스정류장,202605,253,75
관악구,2185. 대학동 고시촌,202605,1183,1127
관악구,2186. 낙성대입구삼거리,202605,462,422
관악구,2187. 현대시장사거리,202605,1291,975
관악구,2189. 봉천역 4번출구,202605,1065,1128
관악구,2190.도원맨션,202605,462,440
관악구,2191.대학동주민센터 ,202605,1121,1080
관악구,2195.은천교회,202605,1042,972
관악구,2196. 봉천역 3번출구,202605,539,523
관악구,2198.사랑의병원,202605,537,516
관악구,2199.신봉천주유소 A,202605,192,187
관악구,3305.낙성대역 8번 출구,202605,1,2
관악구,3310.영락고등학교,202605,265,97
관악구,3311.서울대입구역 4번 출구,202605,879,870
관악구,3802. 관악구민체육센터,202605,425,422
관악구,3803. 남서울중학교,202605,1006,1010
관악구,3804. 낙성대공원,202605,365,343
관악구,3806. 낙성대 교수아파트,202605,258,87
관악구,3807. 관악우체국 교차로,202605,399,367
관악구,3811.신사로입구,202605,1652,1557
관악구,3812. KT관악지점,202605,999,977
관악구,3813. 낙성대역 5번출구,202605,353,350
관악구,3814. 난곡사거리 ,202605,1400,1486
관악구,3815. 광일빌딩,202605,908,877
관악구,3816. 관악 GSfresh,202605,783,670
관악구,3818. 은천교회 앞,202605,1108,1072
관악구,3819. 서울대벤처타운역,202605,2875,2996
관악구,3820. 은천삼거리,202605,528,433
광진구,3500. 군자역2번출구,202605,2949,2964
광진구,3501. K&S빌딩 앞,202605,1607,1547
광진구,3502. 중곡역 1번출구,202605,1251,1224
광진구,3503. 광진유진스웰,202605,236,57
광진구,3504. 원일교회,202605,2839,2528
광진구,3505. 신양초교앞 교차로,202605,1032,1027
광진구,3506. 영동대교 북단,202605,1708,1722
광진구,3507. 어린이회관,202605,1399,935
광진구,3508. 화양사거리,202605,958,883
광진구,3509. 세종사이버대학교,202605,3388,3471
광진구,3510. 중곡SK아파트앞,202605,671,532
광진구,3516. 구의아리수정수센터앞,202605,946,836
광진구,3517. 용마사거리,202605,1972,2325
광진구,3518. 군자역 7번출구뒤,202605,5061,5177
광진구,3521. 현대홈타운 뒷길,202605,475,382
광진구,3523. 건국대학교 과학관(이과대) 앞,202605,672,706
광진구,3528. 광진정보도서관,202605,1447,1766
광진구,3529. 어린이대공원정문,202605,1217,937
광진구,3533. 건대입구역 사거리(롯데백화점),202605,6993,7544
광진구,3534. 건대입구역 5번출구 뒤,202605,5744,5860
광진구,3536. 중앙농협(자양동),202605,3029,3167
광진구,3537. 아차산 휴먼시아 아파트 옆,202605,576,292
광진구,3542. 래미안 구의파크 스위트,202605,2729,2724
광진구,3543. 세종대학교(학술정보원),202605,916,922
광진구,3563.구의7단지현대아파트,202605,254,252
광진구,3566.우성4차아파트,202605,1865,1806
광진구,3569.건대병원후문,202605,4797,5007
광진구,3570.구의역 리버비스타 오피스텔,202605,2827,2855
광진구,3571.화양 APT(횡단보도 옆),202605,3858,3777
광진구,3573.광나루안전체험관,202605,1485,1440
광진구,3575. 자양사거리(서원빌딩),202605,4004,3997
광진구,3579.광진 캠퍼스시티,202605,2508,2331
광진구,3581.광진광장,202605,2464,2284
광진구,3582.화양동 우체국,202605,2676,2433
광진구,3586.군자역 비채온 오피스텔,202605,2245,2401
광진구,3587.우성식품 앞,202605,999,982
광진구,3588.세종대학교(영실관),202605,652,676
광진구,3853. 어린이대공원역 2번출구,202605,1579,1119
광진구,3860. 건국대학교 정문 앞,202605,1656,1479
광진구,3863. 동일로58길 입구,202605,1297,1158
광진구,3864. 광진소방서 앞,202605,1895,1436
광진구,3865. 이튼타워리버 2차,202605,1783,1764
광진구,3868. 자양한강도서관,202605,2919,3076
광진구,3873. 동서울우편집중국 앞,202605,1215,1140
광진구,3878. 장로회신학대학교 주기철 기념관,202605,103,70
광진구,3879. 중랑천 뚝방길 산책로 입구,202605,1615,1737
광진구,3880. 홍련봉 공원,202605,720,438
광진구,3881. 신자초교입구 교차로,202605,3926,3920
광진구,3882. 자양2동 주민센터,202605,1990,2017
광진구,3886.광진구 민방위교육센터,202605,2062,1972
광진구,3890. 웰츠타워 오피스텔,202605,2610,2643
광진구,3894. 노룬산시장 앞,202605,2138,2106
광진구,3899. 아차산역 2번출구,202605,1709,1667
광진구,3900. 건국대학교 신공학관,202605,1460,1836
광진구,500. 어린이대공원역 3번출구 앞,202605,2136,2058
광진구,501. 광진문화예술회관 앞,202605,2492,1995
광진구,502. 자양(뚝섬한강공원)역 1번출구 앞,202605,8563,9523
광진구,505. 자양사거리 광진아크로텔 앞,202605,2237,2121
광진구,515. 광양중학교 앞,202605,676,656
광진구,5151.진넥스베르디엠 앞,202605,1812,1872
광진구,5152.이스트폴 105동 방면 입구,202605,931,661
광진구,5153.한강버스 뚝섬 선착장,202605,8886,8657
광진구,5154.광진구청 앞,202605,2533,2571
광진구,5155.광진경찰서 앞,202605,2544,2536
광진구,516. 광진메디칼 앞,202605,1876,1843
광진구,539. 군자교교차로,202605,2454,2455
광진구,540. 군자역 7번출구 베스트샵 앞,202605,2460,2487
광진구,542. 강변역 4번출구 뒤,202605,1947,1944
광진구,543. 구의공원(테크노마트 앞),202605,2815,2979
광진구,544. 광남중학교,202605,1401,1491
광진구,546. 잠실대교북단 교차로,202605,1789,1783
광진구,548. 자양나들목,202605,2795,2845
광진구,549. 아차산역 3번출구,202605,2484,2324
광진구,551. 구의삼성쉐르빌 앞,202605,2137,2212
광진구,552. 대림아크로리버 앞,202605,1039,1066
광진구,553. 중곡 성원아파트 앞,202605,1233,1245
광진구,555. 구의3동주민센터,202605,678,609
광진구,571. 세종대학교 대양AI센터,202605,1726,1696
광진구,573. 구의문주차장 앞,202605,2425,2414
광진구,574. 아차산역4번출구,202605,2782,1768
광진구,575. 대원중고교 입구(대하빌딩),202605,527,454
광진구,576. 광나루역 3번 출구,202605,2711,2918
광진구,577. 광진청소년수련관,202605,2074,2110
광진구,584. 광진광장 교통섬,202605,3730,2987
광진구,588. 뚝섬 유원지역,202605,3734,4007
광진구,590. 건국대학교 (입학정보관),202605,1947,1933
광진구,591. 건국대학교 (행정관),202605,924,983
광진구,592. 건국대학교 학생회관,202605,2698,3146
광진구,593.자양중앙나들목,202605,2284,2531
구로구,1901. 신도림동주민센터 앞,202605,2274,2292
구로구,1904. 도림천역 1번 출구 앞,202605,2451,2426
구로구,1906. 신도림역 1번 출구 앞,202605,5316,5299
구로구,1907. 구일우성(아) 육교 밑,202605,1442,1485
구로구,1908. 해원리바파크 육교 밑,202605,3099,3056
구로구,1910. 낙원교회 맞은편,202605,468,386
구로구,1911. 구로디지털단지역 앞,202605,6236,6453
구로구,1912. 한신휴아파트 앞,202605,2344,2348
구로구,1914. 대림역4번출구,202605,3093,3091
구로구,1916. 구로중학교앞,202605,988,955
구로구,1920. 서울미래초등학교 사거리,202605,1425,1191
구로구,1924. 삼부르네상스파크빌,202605,1397,639
구로구,1925. 동양미래대학교 정문 옆,202605,5313,5306
구로구,1928. 고척스카이돔구장 광장,202605,1760,1717
구로구,1929. 고척근린공원 고척도서관 앞,202605,1738,1471
구로구,1930. 개봉지구대 개봉치안센터,202605,975,992
구로구,1931. 개봉역2번출구 A,202605,1536,2019
구로구,1933. 개봉푸르지오아파트 상가,202605,2019,2232
구로구,1936. 개봉역 1번 출구 자전거보관서쪽,202605,679,880
구로구,1937. 한진아파트 입구,202605,1178,1184
구로구,1941. 오류동역 2번출구,202605,1036,1378
구로구,1943. 온수역 북측,202605,398,329
구로구,1946. 구로역 광장,202605,2941,2960
구로구,1951. 천왕이펜하우스 4단지 후문,202605,358,192
구로구,1952. 천왕연지타운2단지 앞,202605,1738,2200
구로구,1953. 천왕역 4번출구 뒤,202605,998,692
구로구,1955. 디지털입구 교차로,202605,2530,2556
구로구,1956. 동아1차APT105동 버스정류장(신도림중학교 방면),202605,1911,1940
구로구,1957. 구일고등학교 정문 ,202605,2190,2236
구로구,1958. 강서수도사업소민원센터,202605,1665,1847
구로구,1959. 구로구의회 앞,202605,1950,2067
구로구,1960. 구로거리공원 동측(신도림역 방면),202605,1304,1073
구로구,1962. 가리봉동주민센터,202605,1732,1596
구로구,1964. 원메디타운 앞,202605,2473,2464
구로구,1965. 삼환로즈빌아파트 105동 옆,202605,1297,1207
구로구,1966. 한마을아파트 정문상가,202605,1770,1751
구로구,1967. 참새공원(백곡경노당),202605,511,497
구로구,1969. 궁동생태공원,202605,204,197
구로구,1971. 오정초교 앞 보도육교,202605,297,182
구로구,1973. 오리로와 서해안도로 교차로 앞,202605,602,434
구로구,1974. 신도림2차e편한세상아파트 203동 앞,202605,1276,1187
구로구,1975. 대림역 1번 출입구 밑,202605,1974,1894
구로구,1976. 남구로역 5번 출입구 앞,202605,875,483
구로구,1977. 천왕역 1번 출입구 앞,202605,1943,1743
구로구,1979. 구로1동우체국 앞,202605,345,288
구로구,1981. 천왕지구삼거리 앞,202605,808,1086
구로구,1983. 구로동롯데아파트,202605,1210,1067
구로구,1985. 구로도서관,202605,3659,3499
구로구,1986. 태평양물산,202605,2499,2955
구로구,1987. 개봉아이파크아파트 앞,202605,1746,1886
구로구,1988. 고척LIGA아파트 앞,202605,2232,2250
구로구,1991. 오류동역 맞은편,202605,1578,2078
구로구,1992. 구로구배드민턴실내체육관 앞,202605,419,412
구로구,1993. 금강수목원아파트 앞,202605,708,645
구로구,1994. 삼성전자 물류센터 앞,202605,1779,1760
구로구,1996. 구일역 1번 출입구 앞,202605,2622,2628
구로구,1998. 고척교 교차로,202605,786,564
구로구,1999. 수궁동 성당 주변,202605,533,536
구로구,2000. 신도림4차 e편한세상 아파트 1109동 앞,202605,1827,1621
구로구,2801. 대륭포스트타워1차,202605,1853,1884
구로구,2804.항동지구 6단지 602동 앞,202605,264,299
구로구,2805.구로자원순환센터 ,202605,169,139
구로구,2806.항동지구 4단지 입구,202605,196,144
구로구,2807.항동지구 1단지 105동 앞,202605,193,202
구로구,2808.항동지구 2단지 202동 앞,202605,160,169
구로구,2809.항동지구 11단지 1103동 앞,202605,179,221
구로구,2810.항동지구 3단지 311동 앞,202605,121,126
구로구,2812.항동프라자,202605,373,437
구로구,2813.항동지구 3단지 302동 앞,202605,97,80
구로구,2814.항동지구 10단지 1001동 앞,202605,201,160
구로구,2815.항동지구 7단지 정문,202605,435,406
구로구,2816.항동지구 8단지 803동옆(주차장입구),202605,71,57
구로구,2817.천왕이펜하우스5단지 앞,202605,288,192
구로구,2818.천왕이펜하우스3단지 앞,202605,419,100
구로구,2819.하늘숲초등학교 앞,202605,936,1359
구로구,2820.신세기아파트 앞,202605,745,750
구로구,2821.청구아파트 앞,202605,1411,1289
구로구,2822.제니스스포츠 앞,202605,721,670
구로구,2823.중앙유통단지 앞,202605,873,865
구로구,2824.미래사랑어린이공원 앞,202605,3741,3765
구로구,2825.초롱타운 앞,202605,480,472
구로구,2826.가마산지하보도 옆,202605,452,432
구로구,3902. 항동지구5단지 501동 앞,202605,247,253
구로구,3903. 현대아파트 앞,202605,857,948
구로구,3904. 테크노마트 앞,202605,2738,2697
구로구,3905. 희훈타워빌 앞,202605,2130,2017
구로구,3906. 천왕차량사업소 입구,202605,641,922
구로구,3907. 신도림7차e편한세상아파트 806동 앞,202605,1423,1234
구로구,3908. 오류동 다숲오피스텔 앞,202605,1004,1274
구로구,3910. 목양전원교회 앞 로터리,202605,365,400
구로구,3911. 항동하버리안2단지아파트 후문,202605,201,248
구로구,3912. 삼호아파트 앞,202605,971,926
구로구,3914. 신도림쌍용플래티넘노블아파트 앞,202605,2495,2368
구로구,3915. 동선아파트 앞,202605,251,251
구로구,3918. 이좋은집오피스텔 앞,202605,684,916
구로구,3919. 구로역·NC신구로점 버스정류장(구로역 방면),202605,2017,2008
구로구,3920. 개봉역2번출구 B,202605,468,484
구로구,3922. 서울남부교정시설 앞,202605,646,630
구로구,3923. 구로공구상가 앞,202605,386,363
구로구,3924. 오류동 계림웨스트밸리 앞,202605,199,149
구로구,3925. 중앙유통단지 앞 B,202605,945,1032
구로구,3927. 구로월드아파트 앞,202605,1728,1976
구로구,3928.고척아이파크아파트 106동 앞,202605,1506,1518
구로구,3929. 고척아이파크아파트 205동 앞,202605,1683,1575
구로구,3930. 온수역 2번 출구 앞,202605,601,577
구로구,3931. 천왕역 3번 출구 뒤,202605,1082,694
구로구,3932. 개봉센트레빌레우스아파트 앞,202605,426,401
구로구,3933. 오류동부골든아파트 후문 옆,202605,499,61
구로구,3934. 철도교통관제센터 정문 앞,202605,2060,2131
구로구,3935. 고대구로병원 앞,202605,1226,1249
구로구,3936. 힐스테이트 신도림역,202605,2595,2424
구로구,3937. 개봉역 신영지웰에스테이트,202605,125,99
구로구,3939.신도림역 3번출구,202605,6762,7466
구로구,3940.삼각어린이공원 앞,202605,40,41
금천구,1804. 독산역 2번출구 자전거주차장,202605,1396,1426
금천구,1805. 서울디지털운동장 앞,202605,1061,1022
금천구,1806. 에이스하이엔드타워9차 앞,202605,848,845
금천구,1808. 에이스하이엔드타워8차 앞,202605,1044,1121
금천구,1809. LG전자 별관동(호서대 벤처타워 맞은편),202605,968,1046
금천구,1812. 갑을그레이트밸리 앞,202605,574,658
금천구,1814. 두산위브아파트 옆 상가건물 앞,202605,1175,1081
금천구,1819. 금천구청 앞 자전거거치대,202605,310,304
금천구,1820. 신한은행 시흥대로금융센터지점,202605,273,300
금천구,1821. 홈플러스 시흥점 맞은편 다비치안경 앞,202605,663,739
금천구,1823. W컨템포오피스텔앞,202605,282,131
금천구,1824. 독산근린공원 입구,202605,1831,1816
금천구,1825. 한신아파트 앞 육교 아래,202605,589,629
금천구,1826. 한신코아 앞,202605,372,398
금천구,1827. 독산보도육교 앞 자전거 보관소,202605,1886,1993
금천구,1828. 독산동 한양수자인아파트 앞,202605,843,400
금천구,1829. 홈플러스 금천점 앞,202605,757,903
금천구,1830. 빅마켓 금천점 앞,202605,1594,1698
금천구,1831. 한국전력 구로금천지사 앞,202605,534,479
금천구,1833. 독산역 1번출구 A,202605,848,854
금천구,1834. 월드메르디앙 벤처센터 2차,202605,1301,1408
금천구,1835. STX V타워,202605,576,595
금천구,1836. 금천구립 독산도서관,202605,147,45
금천구,1839. 수출의 다리 아래,202605,726,725
금천구,1840. 솔브레인이엔지 뒤편,202605,461,582
금천구,1841. 가산동 주민센터,202605,1536,1519
금천구,1842. 한울중학교,202605,317,108
금천구,1843. 독산고등학교,202605,448,345
금천구,1845. 롯데캐슬골드파크1차 서문,202605,0,1
금천구,1846. 롯데캐슬골드파크1차 동문,202605,1299,1283
금천구,1847. 독산주공 14단지 버스정류소,202605,191,206
금천구,1848. 벽산 디지털밸리 5차,202605,1168,1350
금천구,1849. 대륭포스트타워5차,202605,494,528
금천구,1850. 코오롱테크노밸리,202605,275,280
금천구,1851. 가산디지털단지 9번출구 인근,202605,1772,1721
금천구,1853. 청년취업사관학교앞,202605,417,437
금천구,1854. 가산아네스트 오피스텔 앞,202605,825,287
금천구,1855. 성지아파트 옆 도로변,202605,165,206
금천구,1856. 모두의학교,202605,607,578
금천구,1857. 주공14단지,202605,339,311
금천구,"1858. 500번,507번 버스 종점 앞",202605,350,346
금천구,1859. 대륭테크노타운 18차,202605,449,461
금천구,1861.IBK기업은행 석수역 지점 앞,202605,178,156
금천구,1862.MD호텔 앞,202605,834,742
금천구,1863.위너스 스포츠클럽 골프연습장옆,202605,408,345
금천구,1864.산호시티빌 옆,202605,386,212
금천구,1865.금천구청앞(M빌딩),202605,414,442
금천구,1866.서울안천초등학교 옆,202605,266,286
금천구,1867.대륭포스트타워6차 앞,202605,4389,5191
금천구,1868.우리은행 시흥남자동화점 앞,202605,433,353
금천구,1869.롯데캐슬골드파크3차 301동 앞,202605,868,843
금천구,1870.독산3동주민센터 앞,202605,676,316
금천구,3956. 대륭테크노타운21차 앞,202605,812,832
금천구,3958. 롯데캐슬2차 마을버스 정류장(18804) 뒤편,202605,320,342
금천구,3959. 시흥사거리(시흥동 994-3 앞),202605,1120,1311
금천구,3963. 에이스 하드웨어(시흥대로 396) 앞,202605,815,875
금천구,3966. 독산역1번출구 B,202605,1982,2258
금천구,3967. 혜명양로원 담장 옆(2),202605,423,290
금천구,3969. 독산역 롯데캐슬 104동 앞,202605,1133,1088
금천구,3970. 시흥4동주민센터 앞,202605,191,207
금천구,3971. 순흥안씨묘 건너편,202605,59,39
금천구,3973. 독산2동주민센터 앞,202605,326,165
금천구,3974.  안천중학교,202605,268,284
금천구,3975.현대시티아울렛 가산,202605,1658,1810
금천구,3980. 금천현대홈타운 후문 서부샛길,202605,1006,967
금천구,3983. 금천구청역 1번 출구,202605,1347,1612
금천구,3984. 가산롯데아이티캐슬,202605,1242,1252
금천구,3985. 디폴리스 지식산업센터,202605,770,783
금천구,3986.청년주택 독산동점,202605,748,720
금천구,3987. LG전자가산A와 가산테라타워 사이,202605,1034,1041
금천구,3988. 엘아르베뉴 102동 앞,202605,970,959
금천구,3989.가산디지털단지역 9번출구 앞,202605,1491,1433
노원구,1601. 석계역 문화광장 내 자전거 보관소,202605,4490,4704
노원구,1602. 광운대역 앞,202605,1799,1908
노원구,1605. 헬스케어,202605,1341,1398
노원구,1606. 태릉입구역 3번출구 ,202605,1996,1996
노원구,1608. 공릉역 1번 출구 앞,202605,3944,4092
노원구,1610. 화랑대역 2번출구 앞,202605,2253,2412
노원구,1611. 과기대 입구(우),202605,3062,3140
노원구,1616. 하계2동 공항버스정류장 옆,202605,627,605
노원구,1617. 하계동 중평어린이공원 앞,202605,3034,3252
노원구,1619. 중계동 하나프라자빌딩 앞(중1-1),202605,1957,1945
노원구,1625. 상계역 3번출구,202605,4912,4907
노원구,1627. 수락산역 4번출구,202605,1404,1400
노원구,1628. 노일초등학교 앞,202605,823,853
노원구,1630. 수연빌딩 앞,202605,1301,1299
노원구,1634. 당고개공원 대여소,202605,526,495
노원구,"1635. 상계3,4동 주민센터 대여소",202605,264,228
노원구,1636. 상계주공2단지 버스정류장 옆,202605,2274,2210
노원구,1637. KT 전화국 버스정류장 옆,202605,4096,4211
노원구,1639. 희성오피앙,202605,1129,1184
노원구,1640. 한내근린공원 북측,202605,1634,1661
노원구,1641. 한내근린공원 남측,202605,943,992
노원구,1642. 서울여대 남문,202605,634,595
노원구,1643. 태릉입구역 8번출구,202605,2100,2236
노원구,1646. 삼육대 입구,202605,410,389
노원구,1650. 중계근린공원내,202605,3514,3603
노원구,1651. 상계동 우방유쉘아파트 앞,202605,1346,1363
노원구,1652. 파르코 앞,202605,470,514
노원구,1653. 노원역1번출구,202605,3409,3413
노원구,1654. 당고개입구 오거리,202605,655,649
노원구,1655. 공릉1단지아파트,202605,2948,2923
노원구,1656. 중앙하이츠 아파트 입구,202605,2549,2544
노원구,1657. 노원구청 ,202605,2490,2516
노원구,1659. 중계동 을지중학교,202605,992,878
노원구,1660. 서울시립과학관,202605,362,351
노원구,1661. 당현천근린공원,202605,2100,2076
노원구,1662. 노원역7번출구,202605,3071,3195
노원구,1663. 동해문화예술관앞,202605,2661,2698
노원구,1664. 노해근린공원내,202605,1553,1530
노원구,1665. 양지근린공원앞,202605,1152,969
노원구,1666. 노원소방서인근,202605,684,608
노원구,1667. 중계중학교,202605,2063,1835
노원구,1668. 중계역 6번출구,202605,3411,3452
노원구,1669. 중계역 3번출구,202605,2768,2762
노원구,1670. 노원경찰서교차로,202605,1253,1229
노원구,1671. 인덕대학교,202605,886,943
노원구,1672. 상계동수락리버시티,202605,716,724
노원구,1674. 서울북부고용센터앞,202605,3520,3559
노원구,1675. 월계문화체육센터,202605,306,226
노원구,1677. 육군사관학교  앞,202605,1651,1750
노원구,1679. 삼육대 도서관,202605,429,348
노원구,1680. 삼육대 제3과학관,202605,34,31
노원구,1681. 현대6차 아파트,202605,1329,1110
노원구,1682. 중계종합사회복지관 교차로,202605,639,641
노원구,1683. 노원문화예술회관,202605,1925,1923
노원구,1684. 태릉입구역 5번출구,202605,4757,5031
노원구,1685. 불암고등학교 앞 횡단보도,202605,1256,1243
노원구,1686. 상계주공10단지 종합상가 앞,202605,1987,1989
노원구,1688. 마들역 7번출구,202605,2574,2562
노원구,1689. 마들역 3번출구,202605,1851,1864
노원구,1690. 도봉운전면허시험장 버스정류장 옆,202605,1260,1263
노원구,1691. 노원정보도서관,202605,1688,1679
노원구,1692. 온곡초교 교차로,202605,1747,1437
노원구,1693. 원자력 병원,202605,504,262
노원구,1696.수락리버시티4단지,202605,619,614
노원구,1697.상계주공2단지 219동,202605,1815,1811
노원구,2901.공릉동풍림아파트 101동,202605,1651,1611
노원구,2902.공릉풍림아파트 108동,202605,1315,1345
노원구,2903.월계초안아파트 1단지,202605,627,648
노원구,2904.중계3차청구아파트,202605,1568,1380
노원구,2907. 월계중학교,202605,415,112
노원구,2908. 광운대학교 중앙도서관,202605,1847,1861
노원구,2909. 석계역 3번 출구,202605,1776,1807
노원구,2910.도깨비시장,202605,1775,1898
노원구,2911.상계역중앙시장,202605,1436,1435
노원구,2912.대진고등학교,202605,817,700
노원구,2913.상계8동 주민센터,202605,1923,1975
노원구,2914.서울과학기술대학교(미래관),202605,1174,1410
노원구,2915.서울과학기술대학교(어학교육원),202605,2662,2134
노원구,2917.신창중학교 후문 맞은편 버스정류장,202605,1584,1673
노원구,2919.등나무 근린공원(시립북서울미술관 앞) ,202605,3351,3395
노원구,2920.상계중학교(당현2교사거리),202605,1104,1106
노원구,2921.중계역 2번출구,202605,2581,2718
노원구,4002. 상계주공 14단지 상가 앞,202605,1031,1054
노원구,4004. 당고개입구오거리 당현천변,202605,1476,1462
노원구,4005. 중계2차 한화꿈에그린 101동 인근,202605,1220,1189
노원구,4007. 노원 을지대학교 병원,202605,1949,2051
노원구,4008. 하계 어린이 공원,202605,861,790
노원구,4009. 월계프라자,202605,562,156
노원구,4011. 월계 센트럴 아이파크,202605,1330,1710
노원구,4013. 중계 롯데마트,202605,2101,2016
노원구,4014. 불암산역 3번 출구,202605,718,691
노원구,4016. 노원 마들스타디움,202605,1330,1342
노원구,4017. 월계 청백1단지 아파트 정류장,202605,532,179
노원구,4018. 상계주공15단지 버스정류소,202605,1145,1138
노원구,4019. 상계주공10단지 버스정류소,202605,1466,1419
노원구,4020. 중계동 성모빌딩 앞 ,202605,1616,1600
노원구,4021. 중계본동 입구,202605,163,83
노원구,4023. 월계역 1번 출구,202605,1223,1324
노원구,4024. 꿈의숲 SK뷰 아파트,202605,1797,1729
노원구,4025. 한천교 동편,202605,1344,1398
노원구,4026. 상계주공1단지아파트,202605,2359,2378
노원구,4027. 한내 행복발전소 옆,202605,2623,2730
노원구,4028. 한일유앤아이아파트 105동 인근,202605,1189,1067
노원구,4029. 청소년수련관 후문,202605,3843,3873
노원구,4031. 청암예술학교 앞,202605,1743,1674
노원구,4032. 불암주유소 앞,202605,1513,1501
노원구,4033. 녹천역 4번 출구 옆,202605,513,549
노원구,4035. 휴플러스 수락한신아파트 101동 앞,202605,759,651
노원구,4036. 하계역 6번출구,202605,1796,2033
노원구,4037. 물넘이교,202605,2700,2662
노원구,4039. 서울시 북부여성발전센터,202605,1118,1068
노원구,4040. 공릉로 26길,202605,944,991
노원구,4041. 공릉역3번출구,202605,2398,2599
노원구,4042. 상계문화정보도서관,202605,1235,1249
노원구,4043. 상계주공13단지 1301동,202605,470,309
노원구,4044. 공릉산 백세문 입구,202605,162,159
노원구,4045. 은하수 공원,202605,553,591
노원구,5301. 상계주공1단지 버스정류장 옆(대원빌딩 앞),202605,2351,2327
노원구,5305. 대륜E&S 서울지사 앞,202605,612,580
노원구,5308. 상계신동아아파트,202605,223,125
노원구,5309. 월계 롯데캐슬아파트 뒤,202605,1339,1368
노원구,5310. 목련아파트,202605,920,881
노원구,5311. 주공601동 상가 노원지하보도 앞,202605,2917,2895
노원구,5313. 중계주공2단지 앞,202605,872,862
노원구,5314. 월계1동주민센터 앞,202605,993,1048
노원구,5315. 불암산역 앞,202605,294,281
노원구,5317. 공릉동 신도1차 아파트 뒤,202605,1072,1213
노원구,5318. 극동의 푸른별 아파트 뒤(중계4동주민센터 앞),202605,785,738
노원구,5319. 연해피빌 앞,202605,1568,1664
노원구,5320. 국제 스케이트장,202605,87,51
노원구,5321.불암아파트 앞,202605,687,679
노원구,5322.노원성당 앞,202605,731,781
노원구,5323. 하계역 4번출구 앞,202605,1538,1563
노원구,5325.상계주공7단지 아파트 앞,202605,1298,1101
노원구,5326. 대진고교앞 교차로,202605,1534,1530
노원구,5327. 태릉선수촌 앞,202605,41,30
노원구,5328.롯데캐슬시그니처아파트 앞,202605,837,756
노원구,5329. 상계주공15단지 1509동 앞,202605,1014,1034
노원구,5330. 구립수락노인종합복지관,202605,1025,1067
노원구,5331. 공릉동 풍림아파트 112동 앞,202605,250,248
노원구,5332. 마들역 4번출구,202605,1123,1139
노원구,5333. 노원역9번-10번 출구 앞,202605,3429,3773
노원구,5334. 화랑대역 3번출구,202605,283,290
노원구,5335. 하계역 1번 출구,202605,1002,966
노원구,5336. 월계 고등학교 앞,202605,400,342
노원구,5337. 태강릉 앞,202605,114,102
노원구,5338. 상계초교 입구 교차로,202605,1275,1273
노원구,5339. 은빛1단지 아파트 앞,202605,219,218
노원구,5341.공릉동효성아파트 앞,202605,1344,1320
노원구,5342. 상계공원 입구,202605,1002,1138
도봉구,1702. 녹천역 1번출구 앞,202605,863,993
도봉구,1703. 도봉산광역환승센터앞 ,202605,348,290
도봉구,1705. 도봉구청 정문앞,202605,1676,1687
도봉구,1706. 방학동우체국 건너편,202605,1028,1041
도봉구,1707. 도봉구민회관,202605,1070,989
도봉구,1708. 도봉보건소사거리,202605,1846,1871
도봉구,1709. 쌍문역4번출구 주변,202605,1024,981
도봉구,1713. 쌍문동 이안아파트 앞,202605,694,202
도봉구,1714. 도봉문화정보도서관 삼거리,202605,412,97
도봉구,1715. 서울특별시교육청도봉도서관,202605,875,863
도봉구,1716. 창동역 1번출구 건너편,202605,2704,2834
도봉구,1719. 신도봉사거리 버스정류장,202605,833,911
도봉구,1720. 도봉구청 옆(중랑천변),202605,2581,2581
도봉구,1721. 창동역 2번출구 ,202605,3,8
도봉구,1722. 창동청소년수련관,202605,1101,1059
도봉구,1723. 방학동학마을도서관,202605,324,297
도봉구,1725. 창1동주민센터,202605,416,464
도봉구,1726. 삼익세라믹아파트교차로,202605,1302,1296
도봉구,1727. 서울도봉초등학교인근,202605,908,835
도봉구,1728. 서울북부지방법원,202605,330,308
도봉구,1729. 도봉한신아파트 버스정류장,202605,1270,1333
도봉구,1730. 도봉산역 교차로 앞,202605,170,194
도봉구,1731. 도봉고등학교 맞은편,202605,274,148
도봉구,1732. 방학역사거리,202605,747,798
도봉구,1733. 방학사거리 (봄마당 앞),202605,581,601
도봉구,1734. 쌍문현대1차아파트 108동 앞,202605,793,675
도봉구,"1735. 도봉역 1,2번 출구사이 건너편",202605,1039,1052
도봉구,1736. 버스정류장 앞,202605,530,505
도봉구,1737. 신창시장,202605,2022,2268
도봉구,1738. 창동주공17단지 상가앞,202605,1606,1809
도봉구,1741. 제일강산수산입구,202605,1214,1062
도봉구,1742. 북한산 코오롱 하늘채,202605,1629,1648
도봉구,1743.창동19단지아파트 관리사무소앞,202605,1042,1023
도봉구,1744.도봉소방서 옆,202605,1937,1957
도봉구,1749. ESA아파트 상가 앞,202605,1388,1427
도봉구,1750. 창포원 남쪽 입구,202605,1165,1234
도봉구,1751. 창원초등학교 교차로,202605,730,726
도봉구,1752. 창동 주공 4단지 입구 옆,202605,734,898
도봉구,1754. 창동시장입구 사거리,202605,851,814
도봉구,1756.서울북부광역등기국,202605,309,332
도봉구,1757.솔밭공원역 1번출구 앞,202605,463,451
도봉구,1758.솔밭공원역 1번출구 주변,202605,569,540
도봉구,1759.서울북부지방법원 앞,202605,655,649
도봉구,1761.방학중학교 앞,202605,399,307
도봉구,1762.북한산 한신휴플러스APT앞,202605,1882,1664
도봉구,1765.쌍문역 1번출구 주변,202605,1016,953
도봉구,1767.방학초등학교 앞,202605,1310,1599
도봉구,1768.신동아타워 버스정류소,202605,665,669
도봉구,1770.도봉한신아파트 주변,202605,1310,1330
도봉구,1771.성원APT버스정류소,202605,1013,560
도봉구,1772.시립도봉노인복지관 버스정류소,202605,673,610
도봉구,1774.정의여중고 버스정류소,202605,492,494
도봉구,1775.신원리베르텔 앞,202605,987,1007
도봉구,4054. 창동한신아파트 버스정류소,202605,783,497
도봉구,4058. 다락원체육공원 전망대 입구,202605,611,609
도봉구,4062. 평화도봉공원 주변,202605,1036,1077
도봉구,4064. 신창아파트 입구 앞,202605,565,541
도봉구,4073.방아골종합사회복지관,202605,665,603
도봉구,4074. 도봉구육아종합지원센터(창동),202605,1239,1513
도봉구,4078. 원당공원 앞,202605,1228,1237
도봉구,4080. 창동주공19단지앞 ,202605,1384,1339
도봉구,4083.도봉아이나라도서관 앞,202605,1502,1534
도봉구,4084. 도봉동실내스포츠센터,202605,1342,1399
도봉구,4086. 도봉로 534,202605,344,213
도봉구,4087. 우이교 교차로,202605,2054,2105
도봉구,4088. 김근태도서관,202605,320,234
도봉구,4089. 동부센트레빌 앞,202605,1244,1390
도봉구,4090. 녹천교 앞 사거리,202605,1590,1575
도봉구,4091. 방학역2번출구,202605,1704,1762
도봉구,4092. 도봉경찰서 교차로,202605,1530,1496
도봉구,4094.도봉여성센터,202605,504,506
도봉구,4095. 방학브라운스톤아파트,202605,804,808
도봉구,4096.창동역2번출구 하나은행365 앞,202605,2615,3623
도봉구,4097.숭미파출소 사거리,202605,765,798
도봉구,4098.창동역 1번출구 인근,202605,1621,1680
도봉구,4099.창동역 이마트 건너편,202605,805,851
동대문구,4102. 휘경1동주민센터 앞,202605,1479,1490
동대문구,4103. 휘경sk뷰아파트 앞,202605,370,316
동대문구,4104. 외대앞역 교차로,202605,915,909
동대문구,4105. 서울교통공사사거리 교통섬,202605,918,822
동대문구,4107. 장안동근린공원 입구,202605,699,809
동대문구,4108. 답십리파크자이아파트 앞,202605,3471,3457
동대문구,4110. 용두롯데캐슬리치아파트 앞,202605,1042,967
동대문구,4113. 한국국방연구원 앞,202605,1430,1472
동대문구,4114. 휘경여중고삼거리,202605,1292,1400
동대문구,4116. 이문e편한세상아파트 앞,202605,867,937
동대문구,4117. 휘경119안전센터 앞,202605,907,868
동대문구,4121. 서울문화재단 앞,202605,1545,1631
동대문구,4122. 청계9가교차로 앞,202605,2565,2762
동대문구,4123. 배봉초교 교차로,202605,892,1044
동대문구,4128.  종암초등학교 뒤(새울센스빌),202605,628,615
동대문구,4131. 베네스트 오피스텔 앞,202605,1446,1338
동대문구,4132. 이문삼익아파트 앞,202605,390,390
동대문구,4133.래미안허브리츠아파트 앞,202605,839,763
동대문구,4134. 제기동 현대아파트 앞,202605,672,707
동대문구,4135. 삼성생명 앞,202605,3137,3433
동대문구,4136. 롯데캐슬SKY-L65 D동 앞,202605,1987,2155
동대문구,4137. 답십리역 4번출구,202605,4615,5272
동대문구,4138. 조일빌딩 앞,202605,956,991
동대문구,4139. 답십리 사거리,202605,1272,1352
동대문구,4140. 신설동역 4번출구,202605,1675,1778
동대문구,4141. 우리은행장안지점 앞,202605,1973,2013
동대문구,4142. 현대썬앤빌 앞,202605,2651,3105
동대문구,4143.서울동물복지지원센터 동대문,202605,1513,1763
동대문구,4144.시립대학교 박물관 앞,202605,432,259
동대문구,4145.청량리동 주민센터,202605,1163,1217
동대문구,4146.이삭어린이공원,202605,1276,1043
동대문구,4147.청량리역광장,202605,1762,1738
동대문구,4148.동대문구 장안동 씨젠의료재단,202605,1713,1730
동대문구,4149.제기동역 5번출구,202605,1642,1681
동대문구,600. 휘경2동 주민센터,202605,273,272
동대문구,602. 장안동 사거리,202605,2509,2692
동대문구,605. 신설동역8번출구,202605,1395,1448
동대문구,606. 서울반도체고 앞,202605,634,667
동대문구,607. 신이문역 2번출구,202605,874,884
동대문구,608. 전농삼성아파트,202605,337,302
동대문구,609. 제기2교,202605,1724,1724
동대문구,610. 동대문중 교차로,202605,1219,1131
동대문구,612. 시립동부병원 앞 사거리,202605,2461,2520
동대문구,613. 신설동역 10번출구 앞,202605,1652,1689
동대문구,614. 용두동 사거리,202605,2413,2288
동대문구,615. 용두동 래미안허브리츠아파트 앞,202605,2277,2349
동대문구,616. 서울시립대 정문 앞 A,202605,229,111
동대문구,617. 청솔우성아파트 앞,202605,888,922
동대문구,621. 전농초등학교 건너편,202605,612,526
동대문구,622. 전농사거리 교통섬,202605,1186,1408
동대문구,623. 서울시립대 정문 앞 B,202605,1793,1176
동대문구,624. 전농동 동아아파트 앞,202605,1822,2009
동대문구,626. 군자교 서측 녹지대,202605,2498,2473
동대문구,627. 장안동삼거리 교통섬,202605,1440,1496
동대문구,628. 휘봉고등학교 앞,202605,822,877
동대문구,630. 동대문구 보건소,202605,2435,2523
동대문구,631. 답십리역 1번출구,202605,3544,3970
동대문구,633. 청량리 기업은행 앞,202605,1701,1896
동대문구,634. 외국어대 정문 앞,202605,2376,2402
동대문구,635. 시조사 앞,202605,1503,1473
동대문구,636. 세종대왕기념관 교차로,202605,540,604
동대문구,637. KAIST 경영대학 앞,202605,802,699
동대문구,638. 서울시립대 정보기술관,202605,681,610
동대문구,639. 서울시립대 후문,202605,819,612
동대문구,640. 동대문경찰서 교차로,202605,931,1168
동대문구,641. 용두역 4번출구,202605,1709,1712
동대문구,642. 신답역 사거리,202605,1916,1906
동대문구,643. 동대문구민체육센터 (육교아래),202605,2382,2658
동대문구,648. 장안동위더스빌옆,202605,2995,3197
동대문구,650. 중랑교사거리,202605,1724,1627
동대문구,652. 답십리 래미안엘파인아파트 입구,202605,747,713
동대문구,654. 전농동 텃골공원,202605,748,482
동대문구,656. 영휘원 교차로,202605,1079,1157
동대문구,657. 동대문롯데캐슬아파트 앞,202605,1808,1942
동대문구,661. 경희대학교 청운관,202605,1102,1108
동대문구,663. 외대앞역 3번출구,202605,2854,3131
동대문구,664. 서울시립대 건설공학관,202605,532,448
동대문구,665.이문동 쌍용아파트 정문,202605,895,1009
동대문구,666.이문대성유니드아파트 앞,202605,1156,1171
동대문구,667.청량차도 육교 밑,202605,554,428
동대문구,669.청계한신휴플러스앞 삼거리,202605,1547,1498
동대문구,670.삼육서울병원 버스정류장,202605,3577,3861
동대문구,671.대광빌딩,202605,452,382
동대문구,672.대광고등학교,202605,1075,1147
동대문구,673.안암골벽산아파트(후문),202605,1008,949
동대문구,674.고대앞사거리 교통섬,202605,1247,1292
동대문구,676.FITI시험연구원 앞,202605,732,747
동대문구,678.장안힐스테이트(아) 앞,202605,1764,2062
동대문구,679.전농SK아파트 앞,202605,419,374
동대문구,680.꿈마루어린이도서관 앞,202605,1704,1721
동대문구,681.서울특별시 동부교육지원청(육교),202605,165,139
동작구,2002. 노들역 1번출구,202605,4005,4817
동작구,2003. 사육신공원앞,202605,1355,1431
동작구,2008. 노량진근린공원 대방공원,202605,725,444
동작구,2009. 보라매역 8번출구,202605,910,989
동작구,2012. 대림사거리(동작상떼빌아파트),202605,936,1002
동작구,2013. 장승배기역 5번출구,202605,1508,1207
동작구,2015. 신대방삼거리역 6번출구쪽,202605,2073,2178
동작구,2016. 신대방삼거리역 3번출구쪽,202605,1128,1222
동작구,2020. 장승배기역2번출구뒷편쪽,202605,696,712
동작구,2024. 상도역 1번출구,202605,512,480
동작구,2025. 흑석역 1번출구,202605,2844,3336
동작구,2026. 흑석역 4번출구,202605,551,592
동작구,2027. 중앙대학교 정문 1,202605,534,706
동작구,2032. 이수역 11번출구쪽,202605,1865,2439
동작구,2033. 사당동 아르테스 웨딩앞,202605,1105,1155
동작구,2034. 사당역 7번출구쪽,202605,736,837
동작구,2036. 정금마을 마을버스정류장,202605,750,755
동작구,2037. 동작역 5번출구 동작주차공원,202605,0,1
동작구,2038. 동작역 7번출구,202605,1009,1008
동작구,2040. 비계 버스정류소,202605,216,152
동작구,2041. 사당중학교 버스정류소,202605,303,249
동작구,2048. 삼일초등학교 인근,202605,971,359
동작구,2050. 노량진역 5번출구,202605,2229,2776
동작구,2054. 삼익아파트,202605,1291,1197
동작구,2056. 동작구민 체육센터,202605,1347,1107
동작구,2057. 상도 아이파크 아파트,202605,577,212
동작구,2058. 동작경찰서,202605,1927,2343
동작구,2059. 보라매공원 정문,202605,1552,1687
동작구,2060. 남성역3번출구 뒤,202605,1676,1903
동작구,2062. 사당새마을금고,202605,405,395
동작구,2064. 흑석한강푸르지오 106동앞,202605,62,48
동작구,2065. 서울시여성가족재단,202605,347,350
동작구,2066. 양문교회 앞,202605,1343,1496
동작구,2067. 보라매역․동작세무서 버스정류장(강남중학교방면),202605,1734,1836
동작구,2069. 숭실대 입구역3번 출구 앞,202605,746,560
동작구,2070. 노량진역 2번 출구 앞,202605,1477,1959
동작구,2071. 대림아파트 후문 상가 옆,202605,240,36
동작구,2077.노들역 3번출구,202605,1396,1647
동작구,2078.흑석 아크로리버하임(103동),202605,205,43
동작구,2079.중앙대학교 중앙광장,202605,162,156
동작구,2080. 대방지하보도(대방동경남아너스빌아파트),202605,1290,1412
동작구,2082.7호선 이수역7번출구,202605,965,933
동작구,2083.흑석롯데캐슬에듀포레(107동),202605,496,462
동작구,2084.e편한세상 상도노빌리티 앞,202605,776,611
동작구,2085.강남중학교 앞,202605,1081,983
동작구,2086.삼일수영장 앞,202605,1273,851
동작구,2088.상도중앙하이츠빌 입구,202605,379,328
동작구,2089.사당역10번출구(금강빌딩),202605,957,1182
동작구,2090.기아자동차 사당점 앞,202605,995,1112
동작구,2091. 이수역9번출구,202605,1002,1203
동작구,2092.흑석한강푸르지오(110동),202605,263,30
동작구,2093.상도SH빌아파트 입구,202605,207,68
동작구,2094.숭실대학교(중문) ,202605,387,85
동작구,2095.경문고등학교 앞,202605,859,964
동작구,2096.서울특별시 동작관악교육지원청,202605,84,43
동작구,237. 보라매 두산위브 건너편,202605,1713,1822
동작구,4152. 상도효성해링턴플레이스,202605,607,448
동작구,4153. 흑석동효사정앞,202605,372,212
동작구,4158. 노량진근린공원,202605,257,93
동작구,4162. 노량진1동 청소년독서실,202605,537,92
동작구,4167. 구로교 아래,202605,1465,1095
동작구,4169. 신대방삼거리,202605,1362,1385
동작구,4173. 중대후문 마을버스정류장,202605,719,600
동작구,4175. 대방역2번출구,202605,933,1002
동작구,4177. 롯데캐슬 101동 앞,202605,278,201
동작구,4178. 이수성결교회 옆,202605,171,154
동작구,4179. 보라매병원역 1번출구,202605,3209,3242
동작구,4180. 흑석동주민센터 입구,202605,355,364
동작구,4181. 보라매공원역 2번출구,202605,1470,1436
동작구,4182.보라매병원역 2번출구,202605,2478,2683
마포구,102. 망원역 1번출구 앞,202605,3573,3640
마포구,103. 망원역 2번출구 앞,202605,3209,3412
마포구,104. 합정역 1번출구 앞,202605,1548,1332
마포구,105. 합정역 5번출구 앞,202605,896,832
마포구,106. 합정역 7번출구 앞,202605,3021,3038
마포구,107. 수협 연남동지점,202605,1423,1586
마포구,108. 서교동 사거리,202605,1412,1508
마포구,111. 상수역 2번출구 앞,202605,2164,2193
마포구,113. 홍대입구역 2번출구 앞,202605,5130,6103
마포구,114. 홍대입구역 8번출구 앞,202605,1872,1973
마포구,118. 광흥창역 2번출구 앞,202605,703,702
마포구,119. 서강나루 공원,202605,1944,2048
마포구,120. 신수동 사거리,202605,592,603
마포구,121. 마포소방서 앞,202605,823,833
마포구,122. 신성기사식당 앞,202605,788,800
마포구,124. 서강대 정문 건너편,202605,1487,1408
마포구,126. 서강대 후문 옆,202605,848,813
마포구,129. 신촌역(2호선) 6번출구 옆,202605,775,778
마포구,130. 신촌역(2호선) 7번출구 앞,202605,2101,2106
마포구,142. 아현역 4번출구 앞,202605,628,626
마포구,143. 공덕역 2번출구,202605,1043,1283
마포구,145. 공덕역 5번출구,202605,1679,2274
마포구,146. 마포역 2번출구 뒤,202605,2750,2905
마포구,147. 마포역 4번출구 뒤,202605,3897,4538
마포구,148. 용강동 주민센터 앞,202605,1481,1579
마포구,150. 서강대역 2번출구 앞,202605,1317,1301
마포구,153. 성산2교 사거리,202605,2355,2404
마포구,154. 마포구청역 ,202605,2987,3428
마포구,155. 가좌역1 번출구 앞,202605,1340,1310
마포구,156. 서울서부지방법원 앞,202605,928,1221
마포구,157. 애오개역 4번출구 앞,202605,1675,1824
마포구,181. 망원초록길 입구,202605,1562,1562
마포구,182. 망원2빗물펌프장 앞,202605,1132,1124
마포구,183. 하늘채코오롱아파트 건너편,202605,2760,2611
마포구,184.망원우체국사거리 인근,202605,2900,3233
마포구,185. 마포 신수공원 앞,202605,1224,1032
마포구,186. 월드컵공원,202605,4555,4425
마포구,199. 서울 월드컵 경기장,202605,1294,823
마포구,3002.벽산상암스마트큐브 ,202605,2969,3007
마포구,3003.래미안신공덕3차아파트,202605,115,56
마포구,3005.마포구청 청사내,202605,327,328
마포구,3006. 상암월드컵파크5단지(상암중학교),202605,656,611
마포구,3007.MBC 앞,202605,704,736
마포구,3008.DMC역7번출구,202605,758,489
마포구,3009. 홍대입구역 사거리,202605,1771,1843
마포구,3010.홍대입구역 3번출구,202605,3557,3612
마포구,400. 상암한화오벨리스크 1차 앞,202605,1060,1101
마포구,401. 상암월드컵파크 10단지 앞,202605,1063,1069
마포구,402. 상암월드컵파크 9단지 앞,202605,678,627
마포구,403. 부엉이공원 앞,202605,1070,428
마포구,405. DMC빌 앞,202605,536,526
마포구,406. 상암월드컵파크 7단지 앞,202605,749,750
마포구,407. 마포구 육아종합지원센터,202605,1289,1344
마포구,408. LG CNS앞,202605,669,669
마포구,409. 누리꿈스퀘어 옆,202605,1766,1948
마포구,410. 상암중학교 옆,202605,309,258
마포구,411. DMC홍보관,202605,1038,1144
마포구,412. DMC산학협력연구센터 앞,202605,1434,1467
마포구,413. 상암월드컵파크 3단지 후문,202605,903,894
마포구,414. 상암동주민센터 옆,202605,1913,2033
마포구,415. DMC역 9번출구 앞,202605,2575,2295
마포구,416. 상암월드컵파크 1단지 교차로,202605,622,374
마포구,417. DMC역 2번출구 옆,202605,1426,1296
마포구,418. 월드컵경기장역 3번출구 옆,202605,778,760
마포구,419. 홈플러스 마포점 앞,202605,4146,3987
마포구,420. 서울시 공공자전거 상암센터,202605,2188,1689
마포구,4202. 프런트원(공덕역4번출구 앞),202605,775,872
마포구,4206. 광흥창역5번출구,202605,654,675
마포구,4207. 아만티호텔 앞,202605,1510,1617
마포구,4208. 스타벅스(동교동) 앞,202605,908,1078
마포구,421. 마포구청 앞,202605,2340,2357
마포구,4210. 가좌행복주택 앞,202605,1306,1316
마포구,4211. 시석빌딩 앞,202605,1107,1107
마포구,4212. 한화오벨리스크 앞,202605,702,701
마포구,4213. 마포구중앙도서관 정문 앞,202605,2512,2407
마포구,4214. JTBC 앞,202605,1067,1130
마포구,4216. 망원정 앞,202605,867,924
마포구,4217. 한강공원 망원나들목,202605,6201,6323
마포구,4218. 디지털매직스페이스,202605,1706,1836
마포구,422. 문화비축기지,202605,437,443
마포구,4220. 신촌 청년주택,202605,1814,1920
마포구,4221. 솔리스타오피스텔(공덕동주민센터),202605,771,103
마포구,4222. 서울디자인고등학교 앞,202605,1518,1689
마포구,4224. 서부운전면허시험장,202605,1002,1073
마포구,4226. 마포프레스티지자이 1,202605,929,904
마포구,4233. 코오롱아파트사거리,202605,3841,3950
마포구,4234. 에스테반,202605,669,277
마포구,4238. 상암한샘빌딩앞,202605,1135,1123
마포구,424. 롯데하이마트 (상암월드컵점) ,202605,499,392
마포구,4240. 아현문화건강센터,202605,320,41
마포구,4244. 당인리발전소 공원 앞,202605,2295,2387
마포구,4246. 상수역새마을금고,202605,790,807
마포구,4247. 서울서부지방법원등기국앞,202605,497,507
마포구,4248. 신촌 교보빌딩,202605,379,374
마포구,425. DMC첨단산업센터,202605,413,407
마포구,426. 서울신용보증재단,202605,1358,1540
마포구,427. 성산시영아파트,202605,1535,1569
마포구,432. 마포중앙도서관,202605,159,52
마포구,436. 이대역 5번출구,202605,834,218
마포구,437. 대흥역 1번출구,202605,1215,1244
마포구,438. 성산2-1 공영주차장,202605,1670,1538
마포구,440. 하늘공원 입구,202605,1344,1398
마포구,488.푸르메병원,202605,1502,1556
마포구,489.구룡근린공원,202605,442,382
마포구,490.가온문화공원,202605,1302,1371
마포구,491.월드컵파크 4단지,202605,397,366
마포구,493.홍대입구역 6번출구,202605,1546,1573
마포구,494.신수동주민센터,202605,369,368
마포구,495.염리초등학교 앞,202605,1172,1251
마포구,497.합정동주민센터 앞,202605,2482,2130
마포구,498.연남동주민센터 앞,202605,2436,2489
마포구,5503. 마포아트센터 앞,202605,1520,1534
마포구,5504.아현교회,202605,254,85
마포구,5506. 월드컵참누리아파트,202605,861,867
마포구,5507. 아현래미안푸르지오아파트 104동 앞,202605,248,66
마포구,5508. 성산유수지공원,202605,1349,1387
마포구,5509.신석초교 앞,202605,1679,2030
마포구,5513. 마포음식문화거리,202605,1398,1597
마포구,5514.공덕역 1번출구,202605,1997,2304
마포구,5515.한강버스 망원 선착장,202605,18426,17378
서대문구,115. 마스타 빌딩 앞,202605,862,750
서대문구,117. 홍은사거리,202605,3726,3762
서대문구,123. 문화촌 공원,202605,2025,2015
서대문구,128. 신촌역(2호선) 1번출구 옆,202605,827,825
서대문구,131. 증산2교,202605,1952,2182
서대문구,133. 해담는다리,202605,2288,2449
서대문구,134. 연세로 명물길,202605,726,725
서대문구,135. 명물길 원형무대 앞,202605,574,598
서대문구,137. 신촌기차역입구 교차로,202605,436,327
서대문구,138. 신촌동 제1공영주차장 앞,202605,513,524
서대문구,139. 연세대 정문 건너편,202605,247,247
서대문구,140. 이화여대 후문,202605,602,623
서대문구,141. 연대 대운동장 옆,202605,437,340
서대문구,159. 이대역 4번 출구,202605,373,249
서대문구,160. 북아현동 가구거리,202605,498,396
서대문구,161. 무악재역1번 출구,202605,234,216
서대문구,162. 봉원고가차도 밑,202605,695,230
서대문구,163. 명지전문대학교 정문 앞,202605,615,594
서대문구,164. 북가좌1동 주민센터 ,202605,454,361
서대문구,165. 중앙근린공원,202605,1353,1119
서대문구,166. 가재울 초등학교,202605,1889,1814
서대문구,167. 연가초등학교 옆,202605,477,91
서대문구,169. 북가좌 삼거리,202605,536,507
서대문구,170. DMC파크뷰자이아파트 302동 앞,202605,1283,1261
서대문구,171. 임광빌딩 앞,202605,441,440
서대문구,173. 서대문역 8번출구 앞,202605,258,262
서대문구,175. 홍연2교옆,202605,1276,1277
서대문구,176. 명지대학교 도서관,202605,1982,2143
서대문구,177. 북가좌 초등학교,202605,742,783
서대문구,178. 증산3교 앞,202605,1592,1643
서대문구,179. 가좌역 4번출구 앞,202605,1828,1815
서대문구,180. 충정로역 7번출구 아래,202605,771,565
서대문구,188. 홍은동 정원여중 입구,202605,673,683
서대문구,191. 서우빌딩,202605,880,1028
서대문구,192. 연서어린이공원,202605,433,422
서대문구,194. 증산교 앞,202605,2184,2212
서대문구,195. 모래내고가차도 ,202605,992,981
서대문구,196. 연희교차로 인근,202605,1,1
서대문구,198. 충정2교,202605,417,406
서대문구,3100. 북성초교,202605,263,255
서대문구,3101. 서대문구청,202605,467,437
서대문구,3102. 연희삼거리,202605,1341,1362
서대문구,3103. 홍제삼거리 북측,202605,958,950
서대문구,3104. e편한세상 신촌4단지 앞,202605,830,826
서대문구,3105. 홍은센트레빌 아파트 앞,202605,488,164
서대문구,3109.북한산더샾 106동 앞,202605,303,302
서대문구,3110.홍은 현대아이파크 아파트 202동 앞,202605,827,822
서대문구,3111.무악재역 4번 출구,202605,339,323
서대문구,3113. 독립문 앞,202605,794,752
서대문구,3114.충정로역 3번 출구,202605,268,245
서대문구,3115.북아현 치안센터 인근,202605,895,791
서대문구,3116.신촌역 4번출구,202605,588,586
서대문구,3117.이화여대 인문관 인근,202605,265,270
서대문구,3119.연희 브라운스톤 아파트 앞,202605,1758,1751
서대문구,3120.DMC엘가아파트 앞,202605,1325,1314
서대문구,3121.가좌삼거리,202605,1496,1471
서대문구,3122.북가좌삼거리2,202605,750,742
서대문구,3123.DMC파크뷰자이1단지 110동 앞,202605,997,970
서대문구,3125.연희파크푸르지오아파트 앞,202605,1391,1408
서대문구,3127.홍은2파출소 옆,202605,824,837
서대문구,3128.동신병원 맞은편,202605,1673,1735
서대문구,3129.DMC래미안e편한세상203동옆,202605,795,778
서대문구,3130.가재울사거리,202605,729,497
서대문구,3131.연가교 교차로,202605,1364,1289
서대문구,3132.홍제교,202605,773,759
서대문구,3134.SK리쳄블(서울아리수본부),202605,231,229
서대문구,4253. 홍은도담도서관,202605,811,751
서대문구,4255. 래미안 루센티아 아파트 108동 앞,202605,948,616
서대문구,4264. 홍남교 버스정류장,202605,647,648
서대문구,4266.국민연금공단충정로사옥,202605,297,267
서대문구,4267. 서대문역 2번 출구,202605,1441,1385
서대문구,4269. 연희IC 남측,202605,944,943
서대문구,4270. 우국한마음 아파트 맞은편,202605,1572,1624
서대문구,4271. 충정로역 1번 출구,202605,173,161
서대문구,4272. 홍남교 사거리,202605,1428,1491
서대문구,4273. 홍연2교 사거리,202605,644,650
서대문구,4274. 신촌 파랑고래 입구,202605,937,933
서대문구,4275.농협생명본사빌딩 서관,202605,512,521
서대문구,4277. 서대문우체국 정류소 옆,202605,351,326
서대문구,4278. 홍은2동주민센터,202605,552,549
서대문구,4280.북가좌2동 주민센터,202605,1003,1085
서대문구,4281.명지대사거리,202605,980,910
서초구,2202.청계산입구역 1번출구,202605,1397,1344
서초구,2203. 청계산입구역 2번출구,202605,337,243
서초구,2205. 내곡3단지 어린이공원 앞,202605,644,560
서초구,2206. 언남초등학교 앞,202605,964,954
서초구,2207. 내곡파출소 뒤 정자,202605,190,128
서초구,2210. 반포1동 주민센터 앞,202605,433,319
서초구,2211. 서초구립반포도서관 앞,202605,1535,1525
서초구,2212.서초현대4차아파트 201동 맞은편,202605,983,949
서초구,2213. 고속터미널역 5번출구 앞,202605,1069,853
서초구,2214. 신반포역 2번출구 앞,202605,2428,2857
서초구,2215. 반포종합운동장 입구,202605,933,932
서초구,2217.아크로리버뷰 부지 앞,202605,3970,5189
서초구,"2219. 고속터미널역 8-1번, 8-2번 출구 사이",202605,4459,4481
서초구,2221. 방일초교 마을버스 정류장,202605,1143,1268
서초구,2222.사당역 12번출구 뒤,202605,2114,2382
서초구,2223. 방배래미안 정문 앞,202605,238,238
서초구,2225.백석예술대학교 제3캠퍼스 앞,202605,207,155
서초구,2226. 신동아럭스빌아파트 앞,202605,285,44
서초구,2227.방배열린문화센터 앞,202605,781,787
서초구,2228.뒷벌공원 옆,202605,1926,2182
서초구,2229.로고스교회 맞은 편,202605,667,756
서초구,2230.이수역 4번 출구,202605,1747,2003
서초구,2231. 삼성타운(삼성생명) A동 맞은편,202605,1585,1689
서초구,2233. 서초신동아1차아파트 옆,202605,577,577
서초구,2235.KT 서초지사 앞,202605,319,182
서초구,2237.서울남부터미널 대합실 입구,202605,814,687
서초구,2239.교대역 6번출구,202605,667,729
서초구,2241.양재전화국 사거리,202605,869,725
서초구,2242.양재역 10번 출구 앞,202605,833,826
서초구,2243.서울가정법원,202605,729,393
서초구,2244. 말죽거리공원 사거리,202605,1337,1436
서초구,2245.양재초등학교 맞은편,202605,839,958
서초구,2246. 서울시 품질시험소 앞,202605,584,627
서초구,2247.섬들근린공원,202605,1301,1322
서초구,2248. 서초리슈빌S 글로벌 앞,202605,276,224
서초구,2249. 우솔초등학교 맞은편,202605,297,284
서초구,2250. 서초유치원 맞은편,202605,969,948
서초구,2251. 더케이호텔 입구(양재2) ,202605,728,718
서초구,2252. 잔디마을 마을버스 정류장,202605,1441,1376
서초구,2255. 양재시민의숲역 1번출구,202605,2291,2390
서초구,2256.양재동 꽃시장 입구,202605,472,477
서초구,2257. 청계산 입구 삼거리,202605,189,188
서초구,2258.구룡사 삼거리,202605,469,228
서초구,2259. 잠원역 3번-4번 출구사이 ,202605,1909,2138
서초구,2263. 바우뫼문화복지회관,202605,723,730
서초구,2264. 이수역 1번출구,202605,2688,3004
서초구,2265. 이수고가차도 남단,202605,1672,1736
서초구,2266. 서초역 3번출구,202605,919,922
서초구,2269. 주홍교 하부,202605,334,175
서초구,2270. 서초포레스타 7단지,202605,356,327
서초구,2271. 내방역 8번출구 앞,202605,954,1036
서초구,2272. 교대입구 교차로,202605,639,606
서초구,2273. 일동제약 사거리,202605,651,691
서초구,2274. 양재시민의숲역 3번출구,202605,1690,1708
서초구,2276. 영동1교 (양재천근린공원),202605,1230,1241
서초구,2277. 길마중4교 하부,202605,1011,1122
서초구,2279. 교대역 5번출구뒤,202605,1519,1636
서초구,2280. 서울서초고용센터앞,202605,428,337
서초구,2281. 서울교통공사 사당별관 건너편,202605,414,418
서초구,2283. 그룹한빌딩옆,202605,434,119
서초구,2284. CJ오쇼핑앞,202605,174,61
서초구,2285. LH서초3단지 301동 맞은편,202605,414,407
서초구,2286. 탑성마을입구,202605,44,18
서초구,2287. 능안마을입구,202605,32,21
서초구,2288. 안골마을입구,202605,43,23
서초구,2289. 남태령역 2번출구,202605,114,42
서초구,2293. SPC 앞,202605,722,722
서초구,2294. 두상빌딩 앞,202605,1285,1359
서초구,2297. 남부터미널역 1번출구,202605,773,665
서초구,2299. 한전아트센터 앞,202605,882,883
서초구,2501. 서초 포레스타5단지,202605,570,519
서초구,2502. 서초역1번출구 앞,202605,643,539
서초구,2503. 반포1동 서초빌딩 앞,202605,1110,1106
서초구,2504. 신사역 4번출구 뒤,202605,1324,1074
서초구,2505. 우성아파트사거리 (기업은행앞),202605,1059,1076
서초구,2506. LG유플러스 (방배사옥),202605,99,47
서초구,2509. 심산기념문화센터,202605,715,721
서초구,2510. JW타워,202605,502,284
서초구,2511. 이수역 6번출구 앞,202605,1058,1076
서초구,2514.사평역 2번출구,202605,1054,940
서초구,2515.서초초등학교 후문,202605,1428,1403
서초구,2516.본마을 노인복지센터 앞,202605,321,402
서초구,2517. 서초그랑자이 앞,202605,624,640
서초구,2518. 서초동 현대아파트 앞,202605,385,402
서초구,2519.서초2교(사임당로 방면),202605,236,247
서초구,2520.서초1교 (진흥아파트 방면),202605,503,494
서초구,2521.서초 크로바타워 앞,202605,729,727
서초구,2523.뉴코아 킴스클럽 앞,202605,1235,1351
서초구,2524.반포쇼핑타운 8동 앞,202605,858,868
서초구,2525.반포쇼핑타운 2동 앞,202605,4042,4835
서초구,2529.우리은행 방배동지점 앞,202605,919,1015
서초구,2530.삼호3차아파트 앞,202605,1256,1435
서초구,2531.멤피스아파트 앞,202605,1962,2108
서초구,2532.국립국악원 앞,202605,257,63
서초구,2533.한가람미술관 앞,202605,276,230
서초구,2535.신반포역 3번출구 뒤,202605,602,667
서초구,2536.서초AICT 우수기업센터 앞,202605,275,232
서초구,2537.양재역 8번출구 앞,202605,1346,1017
서초구,2538.사평리근린공원,202605,939,1021
서초구,2539.대한무역투자진흥공사 KOTRA 앞,202605,1160,1197
서초구,2540.반포천 앞,202605,1167,1187
서초구,2541.옛골 입구,202605,121,43
서초구,2542.신논현타워 앞,202605,1205,1135
서초구,2545.국립중앙도서관(국제회의장옆),202605,467,159
서초구,2547. 반포래미안 리오센트,202605,887,929
서초구,2548.반포1동 자율방범초소 옆,202605,522,325
서초구,2549.호반써밋서초파크 403동,202605,646,645
서초구,2550.양재동 꽃시장 건너편,202605,839,846
서초구,4303. 매헌역 2번출구앞광역버스 정류장앞(22-297),202605,1074,1090
서초구,4304. 서울고앞,202605,319,292
서초구,4305. 서일스포츠센터,202605,222,211
서초구,4306. 서래공원 앞,202605,801,801
서초구,4307. 고투몰 gate 15옆,202605,972,1065
서초구,4309. 서초케이타운앞,202605,132,113
서초구,4310. 염곡동(염통골) 입구,202605,252,228
서초구,4312. 반포미도2차아파트 옆,202605,704,697
서초구,4313. 반포종합운동장,202605,814,837
서초구,4315. 이투스교육 앞,202605,503,463
서초구,4316. 고속터미널역 3번출구,202605,791,566
서초구,4317. 양재근린공원,202605,1534,1593
서초구,4318. 방배역 2번 출구,202605,905,993
서초구,4319. 삼성전자R&D어린이집 뒤,202605,253,172
서초구,4320. 비석공원,202605,1011,1214
서초구,4322.서울추모공원 입구,202605,97,52
서초구,4323. 내곡도서관,202605,213,254
서초구,4324. 세화고등학교,202605,341,369
서초구,4327. 몽마르뜨공원입구,202605,304,61
서초구,4329. SC제일은행 양재동지점 앞,202605,911,589
서초구,4332. 이수교차로,202605,2541,2648
서초구,4333. 서울고등학교 건너편,202605,297,279
서초구,4334. 인재개발원 데이터센터,202605,132,50
서초구,4336. 서울교육청 교육연수원 앞,202605,146,34
서초구,4337. 우면산등산로 입구,202605,51,14
서초구,4338.새정이마을버스정류장 앞,202605,46,24
서초구,4340. 방배래미안아트힐아파트 앞,202605,387,40
서초구,4341. 영동1교 북단,202605,982,1056
서초구,4343. 헌인릉 입구,202605,46,41
서초구,4344. 양재대로(구룡지하차도 앞),202605,345,285
서초구,4345. 반포역 4번출구,202605,867,889
서초구,4346.장학재단빌딩 앞,202605,502,234
서초구,4347. 논현지하보도,202605,1326,1306
서초구,4348. 사당역 1번출구,202605,130,291
서초구,4349.삼성화재서초타워,202605,1710,1770
서초구,4350.누리숲어린이공원 앞,202605,1207,1188
서초구,4351.서울AI허브 앞,202605,365,349
서초구,5601.감정평가사회관앞,202605,224,132
서초구,5602.래미안신반포리오센트 후문,202605,1027,1190
성동구,3511. 응봉역 1번출구,202605,4657,5094
성동구,3513. 상왕십리역 1번출구,202605,2314,1398
성동구,3514. 왕십리교회옆,202605,2848,2906
성동구,3525. 금호스포츠센터앞,202605,786,887
성동구,3527. 왕십리 자이아파트(101동 앞),202605,40,37
성동구,3530. 왕십리자이아파트 후문(삼거리),202605,348,321
성동구,3531. 논골사거리(금호도서관 입구),202605,287,52
성동구,3532. 왕십리KCC스위첸아파트,202605,251,162
성동구,3544.한양대역 3번 출구,202605,1799,1768
성동구,3545.한양대역 1번출구,202605,853,846
성동구,3547.상왕십리역 6번 출입구,202605,1021,616
성동구,3548.뚝섬역 6번출구,202605,2639,2366
성동구,3549.건영아파트 앞,202605,1967,1969
성동구,3550.금호나들목,202605,1847,1940
성동구,3551.성동도로사업소,202605,800,853
성동구,3552.서울숲 공영주차장앞,202605,1802,2023
성동구,3553.마장역3번출구,202605,644,648
성동구,3555.양지사거리(센트라스APT 115동앞),202605,248,183
성동구,3556.신금호파크자이APT앞,202605,400,50
성동구,3557.서울숲리버뷰자이APT105동 앞,202605,789,750
성동구,3558.마장동 금호어울림APT앞,202605,981,647
성동구,3559.성동구민종합체육센터 앞,202605,2972,3136
성동구,3560.성동구 견인차량 보관소 앞,202605,1690,1679
성동구,3561.행당동 삼부APT후문,202605,240,204
성동구,3600.사근빗물펌프장 건너편,202605,3735,3985
성동구,4353. 코오롱디지털타워 3차앞,202605,2000,2060
성동구,4360. 르노삼성자동차 성수사업소 앞,202605,851,734
성동구,4362. 행당중학교 후문,202605,955,971
성동구,4363. 신금호역 2번출구 앞,202605,49,46
성동구,4367. kt 행당빌딩 앞,202605,916,1101
성동구,4370. 성동교 사거리,202605,1047,815
성동구,4373. 서울숲 지식산업센터,202605,2429,2483
성동구,4377. 우영테크노센터 앞,202605,2335,2602
성동구,4381. 더스페이스타워 앞,202605,1603,1622
성동구,4382. 페코텍글로벌허브빌딩 앞,202605,2954,3121
성동구,4383. 푸조비즈타워 앞,202605,1837,2470
성동구,4385. 용답동 우체국 주변,202605,1704,1732
성동구,4386. 현대자동차 동부서비스센터 주변,202605,1457,1320
성동구,4387. 성수역 1번출구 주변,202605,1640,1700
성동구,4389. 서울숲역3번출구,202605,1717,1750
성동구,4390. 신답역 1번출구,202605,587,553
성동구,4393. 상원삼거리 장안철교 아래,202605,1471,1561
성동구,4394.서울시립24시간게스트하우스,202605,899,1060
성동구,4396. 마장축산물시장 서문 인근,202605,522,533
성동구,4397. 마장축산물시장 북문 건너편,202605,1381,1404
성동구,4398. 유원지식산업센터 앞,202605,2988,2988
성동구,4399. 더리브 세종타워 앞,202605,2456,2441
성동구,4401.뚝섬유수지 공영주차장,202605,837,822
성동구,506. 금호 어울림 아파트 앞,202605,1009,1012
성동구,508. 성수아카데미타워 앞,202605,4717,4437
성동구,510. 뚝도아리수정수센터 버스정류소 옆,202605,1825,2079
성동구,511. 서울숲역 5번 출구 옆,202605,1247,1246
성동구,512. 뚝섬역 1번 출구 옆,202605,3122,3059
성동구,513. 뚝섬역 5번 출구 정류소 옆,202605,1316,1323
성동구,514. 성수사거리 버스정류장 앞,202605,2902,3047
성동구,518. 청계천 박물관 앞,202605,801,817
성동구,519. 양지사거리,202605,1052,925
성동구,520. 상왕십리역 4번 출구 앞,202605,888,866
성동구,521. 왕십리역 11번 출구 앞,202605,1715,1710
성동구,522. 금호역 1번출구 앞,202605,255,260
성동구,523. 옥수동성당 옆,202605,138,54
성동구,524. 래미안금호하이리버 아파트 102동 옆,202605,382,382
성동구,525. 한양대병원사거리,202605,1653,1360
성동구,526. 용답토속공원 앞,202605,821,840
성동구,529. 장한평역 8번 출구 앞,202605,5109,5085
성동구,530. 청계벽산아파트 앞,202605,1704,1772
성동구,533. 금남시장 교차로,202605,427,608
성동구,534. 금호사거리,202605,356,359
성동구,535. 응봉삼거리,202605,680,304
성동구,536. 행당역 2번출구 앞,202605,776,832
성동구,537. 한양대후문역 부근,202605,1269,1253
성동구,550. 서울시설공단 앞,202605,1294,1306
성동구,556. 달맞이공원,202605,80,81
성동구,557. 도선동 주민센터 앞,202605,1409,1513
성동구,558. 성동광진 교육지원청 앞,202605,1632,1606
성동구,559. 왕십리역 4번 출구 건너편,202605,2121,2199
성동구,560. 비전교회 앞,202605,2510,2515
성동구,561. 서울숲역 2번출구 앞,202605,2085,2059
성동구,563. 성동세무서 건너편,202605,1338,1504
성동구,564. 금호역 3번출구,202605,189,140
성동구,565. 옥수역 3번출구,202605,3161,3168
성동구,5651.한강버스 옥수 선착장,202605,9613,9581
성동구,568. 청계8가 사거리 B,202605,2973,3010
성동구,569. 응봉현대아파트 정류소,202605,219,210
성동구,578. 성동세무서 부근,202605,1560,1585
성동구,579. 마장역 4번출구,202605,1114,1138
성동구,582. 경일중학교 앞,202605,2058,2099
성동구,583. 청계천 생태교실 앞,202605,7492,7754
성동구,585. 성수2가1동 공영주차장 인근,202605,5270,5508
성동구,586. 마장동 주민센터,202605,1131,1143
성동구,587. 유니베라 앞,202605,2079,2193
성동구,589. 성수역3번출구,202605,1147,1149
성동구,594. 중랑물재생센터(서울새활용플라자),202605,905,997
성북구,1302. 한성대입구역6번출구 뒤,202605,1024,1007
성북구,1303. 돈암초교 입구,202605,746,746
성북구,1304. 만해공원,202605,265,86
성북구,1305. 성북구청,202605,1981,2071
성북구,1306. 한성대입구역2번출구,202605,1626,1604
성북구,1308. 안암로터리 버스정류장 앞,202605,2946,3255
성북구,1314. 정릉꿈에그린1단지 201동 앞,202605,347,348
성북구,1315. 고려사대부속중고 정문,202605,267,226
성북구,1316. 고려사대부속중고 건너편 ,202605,262,215
성북구,1318. 길음역 3번출구 뒤,202605,1122,1203
성북구,1319. 종암박스파크,202605,2119,2274
성북구,1321. 국민은행 종암동지점 앞,202605,1817,2104
성북구,1322. 래미안라센트아파트 103동 앞,202605,902,977
성북구,1325. 상월곡역 4번출구,202605,562,469
성북구,1326. 상월곡역 1번출구,202605,812,785
성북구,1327. 상월곡역 3번출구,202605,1406,1510
성북구,1328. 월곡역 3번출구,202605,2318,2537
성북구,1332. 석계역 5번출구 건너편,202605,1181,1345
성북구,1333. 석관초등학교 앞,202605,2367,2513
성북구,1334. 석관동주민센터 앞,202605,1582,1519
성북구,1336. 성북3교 위,202605,1127,1141
성북구,1337. 돈암성당 옆,202605,1209,1294
성북구,1338. 용문2교 옆,202605,2331,2333
성북구,1339. 삼성전자서비스 성북센터,202605,816,823
성북구,1340. 광운초등학교 앞,202605,731,723
성북구,1342. 성북쉼터 앞,202605,264,96
성북구,1343. 한성대7번출구 앞,202605,474,454
성북구,1344. 아리랑시네센터 앞,202605,201,184
성북구,1346. 길음8골어린이공원 옆,202605,840,763
성북구,1347. 길음래미안아파트817동 상가 앞,202605,409,412
성북구,1348. 성북제일새마을금고 본점 앞,202605,557,592
성북구,1349. 월계2교 버스정류장 앞,202605,563,553
성북구,1351. 안암2교 옆,202605,1551,1544
성북구,1352. e 편한세상 보문아파트 내,202605,316,245
성북구,1353. 금호어울림센터힐 내,202605,230,224
성북구,1354. 고려대학교 2번출구,202605,1709,1759
성북구,1357. 북한산보국문역,202605,324,312
성북구,1358. 정릉도서관 앞,202605,463,481
성북구,1360. 정릉역,202605,522,517
성북구,1361. 홍익중고 입구,202605,1192,919
성북구,1362. 보문역6번출구 앞,202605,0,2
성북구,1363. 보문4교 인근,202605,2673,2818
성북구,1364. 성북동 치안센터 앞,202605,780,743
성북구,1365. 선잠단지 앞,202605,312,247
성북구,1366. 일신초등학교 옆,202605,388,417
성북구,1367. 길음문화복합미디어센터,202605,758,859
성북구,1368. 성신여대입구 교차로,202605,886,1054
성북구,1370. 복자사랑 피정의 집,202605,197,107
성북구,1372. KEB은행 고대점,202605,1173,855
성북구,1373. 성북구보건소 건너편,202605,1274,1498
성북구,1375. 생명의 전화 종합복지관 앞 교차로,202605,1142,1018
성북구,1376. 한국과학기술연구원 중문,202605,390,297
성북구,1377. 한국과학기술연구원 북문,202605,242,203
성북구,1379.길음뉴타운푸르지오아파트 3단지,202605,240,14
성북구,1380.월곡역 5번출구 앞,202605,1633,1812
성북구,1381.석계역 4번출구 뒤,202605,2774,2707
성북구,1382.래미안월곡아파트 입구,202605,1282,1311
성북구,1384.성신여대입구역 5번출구,202605,1300,1300
성북구,1385.성신여대입구역 3번출구 앞,202605,1986,2064
성북구,1386.동선고가차도 초입,202605,432,438
성북구,1388. 돈암초교입구 버스정류장(한성대입구역 방면),202605,588,570
성북구,1390.석관래미안아트리치,202605,1645,1818
성북구,1391.성북청소년센터,202605,879,882
성북구,1392.돈암삼성풍림아파트,202605,263,28
성북구,1393.돈암육교 하단,202605,195,96
성북구,1394.길음뉴타운 래미안9단지,202605,684,602
성북구,1395.래미안장위포레카운티(102동),202605,859,861
성북구,1396.래미안장위퍼스트하이(513동),202605,1170,1239
성북구,4406. 장곡초등학교 앞,202605,1016,871
성북구,4411. 동산어린이공원 앞,202605,900,902
성북구,4414. 안암역 3번 출구,202605,733,651
성북구,4415. 미아초교버스승강장,202605,47,47
성북구,4417. 성북청소년문화의집,202605,232,64
성북구,4418. 종암동 동덕여대 제2생활관 앞,202605,1616,1797
성북구,4419. 성북구 한예종 캠퍼스 본관,202605,519,462
성북구,4420. 성북구 한예종 캠퍼스 별관,202605,623,679
성북구,4421. 롯데캐슬클라시아 입구 앞,202605,183,166
성북구,4423.현대백화점 미아점,202605,887,880
성북구,4425. 하늘채코오롱아파트 앞,202605,1313,1471
성북구,4427. 동일하이빌뉴시티,202605,1049,1079
성북구,4428.돈암동부센트레빌상가,202605,493,494
송파구,1201. 가락시장역 3번 출구,202605,1764,1777
송파구,1203. 밀리아나2빌딩 앞,202605,1131,1122
송파구,1204. 거여역 3번출구,202605,1650,1699
송파구,1205. 종합운동장역 4번출구,202605,1783,1733
송파구,1206. 9호선종합운동장역 9번출구,202605,1571,1532
송파구,1207. 마천중앙시장,202605,596,636
송파구,1208. 풍납현대아파트쉼터,202605,3013,3003
송파구,1209. 잠실나루역 (2번 출구 쪽),202605,4527,4492
송파구,1210. 롯데월드타워(잠실역2번출구 쪽),202605,11634,11565
송파구,1212. 송파역 2번 출구앞,202605,1830,1863
송파구,1213. 백토공원 앞,202605,377,370
송파구,1214. 오금역 7번 출구 인근,202605,934,863
송파구,1215. 올림픽공원역 1번출구 앞,202605,2324,2330
송파구,1217. 송파파인타운 7단지,202605,1017,1020
송파구,1218. 방이역 4번출구,202605,3157,3107
송파구,1220. 잠실근린공원,202605,2553,2871
송파구,1221. 삼전역 4번출구,202605,2181,2347
송파구,1222. 잠실새내역 5번 출구 뒤,202605,5965,6255
송파구,1224. 아시아지하보도 2번 출구,202605,2096,2123
송파구,1226. 잠실4동 주민센터 옆,202605,3572,3581
송파구,1227. 거여역 8번출구 뒤,202605,1324,1321
송파구,1228. 마천사거리 ,202605,885,979
송파구,1229. 송파체육문화회관 앞,202605,1118,1119
송파구,1230. 송파중학교 정문,202605,667,596
송파구,1231. 잠실역 6번출구,202605,3503,3883
송파구,1232. 잠실주공 521동 건너편,202605,3536,3645
송파구,1233. 잠실3거리(갤러리아팰리스),202605,1254,1231
송파구,1235. 잠실트리지움310동 옆,202605,2865,2939
송파구,1239. 문정 법조단지3,202605,906,919
송파구,1240. 문정 법조단지4,202605,792,733
송파구,1241. 문정 법조단지5,202605,603,568
송파구,1242. 문정 법조단지6,202605,123,119
송파구,1243. 문정 법조단지7,202605,2348,2374
송파구,1244. 문정 법조단지8,202605,2906,2907
송파구,1245. 문정 법조단지9,202605,1847,1801
송파구,1246. 문정 법조단지10,202605,2127,2118
송파구,1247. 문정 법조단지11,202605,863,852
송파구,1248. 방이초등학교,202605,2551,2230
송파구,1250.문정2동 주민센터,202605,231,185
송파구,1251. 석촌역 2번출구,202605,3455,3434
송파구,1253. 오금역 3번 출구 뒤,202605,723,709
송파구,1256. 문정현대아파트 교차로,202605,628,591
송파구,1258. 가락미륭아파트 앞,202605,382,289
송파구,1259. 방이역 1번출구,202605,1941,1935
송파구,1260. 방이동 한양3차아파트 옆,202605,1632,1611
송파구,1262. 송파여성문화회관 앞,202605,2653,2653
송파구,1263. 장지공영차고지,202605,361,380
송파구,1264. 천호역 10번 출구 앞,202605,4036,4038
송파구,1265. 문정동 근린공원,202605,1494,1487
송파구,1266. 문정동 글샘 공원,202605,782,729
송파구,1267. 올림픽공원 남2문 앞,202605,1547,1483
송파구,1268. 몽촌토성역 1번출구 옆,202605,1266,1263
송파구,1269. 리센츠아파트 ,202605,2258,2119
송파구,1271. 송파도서관,202605,1100,1086
송파구,1274. 영파여고 앞,202605,1563,1532
송파구,1275. 거여초등학교 옆,202605,662,734
송파구,1277. 성내7교,202605,1276,1329
송파구,1278. 송파구청 교차로,202605,3433,3438
송파구,1279. 마천금호어울림 1차아파트 건너편,202605,513,496
송파구,1282. 송파소방서 맞은편(성내4교),202605,1697,1991
송파구,1283. 오금공원 사거리,202605,137,111
송파구,1285. 위례별 유치원 뒤,202605,631,623
송파구,1286. 위례중앙푸르지오 1단지 앞,202605,1265,1265
송파구,1287. 위례아이파크 101동 맞은편,202605,814,804
송파구,1288. 문정중교 사거리,202605,1473,1357
송파구,1289. 풍납토성 서성벽터B,202605,983,996
송파구,1290. 위례송파꿈에그린아파트24단지 앞 성벽 다리 밑,202605,871,911
송파구,1291. 서울체육고등학교 앞,202605,2581,2679
송파구,1293. 석촌호수 서호 사거리,202605,3350,3477
송파구,1295. 잠실역 8번출구,202605,4996,4964
송파구,1296. 석촌호수교차로 (송파나루근린공원 앞),202605,392,398
송파구,1297. 석촌호수교차로(동호 팔각정 앞),202605,4249,4205
송파구,1299. 송파소방서 (방이119안전센터),202605,757,622
송파구,1300. 오륜사거리,202605,895,921
송파구,2601. 석촌호수 아뜰리에,202605,2778,2726
송파구,2603. 송파 글마루 도서관,202605,930,926
송파구,2604. 풍납토성 서성벽터A,202605,1822,1829
송파구,2605. 복정역 1번 출구 앞,202605,1461,1506
송파구,2606. 위례동주민센터,202605,2,2
송파구,2608. 송파구청,202605,8086,8095
송파구,2609. 보성중고등학교 후문 앞,202605,324,288
송파구,2611. 송파지역자활센터 뒤,202605,2762,2973
송파구,2613. 잠실나들목,202605,2569,2606
송파구,2614. 가락고등학교 앞,202605,632,588
송파구,2615. 테라타워2,202605,2415,2389
송파구,2616. 거여동 사거리,202605,477,477
송파구,2617. 가락삼환아파트 앞,202605,444,421
송파구,2618. 삼전역 1번출구,202605,2334,2524
송파구,2619. 석촌고분역 4번출구,202605,2315,2377
송파구,2620. 송파나루역 4번 출구옆,202605,6075,6193
송파구,2621. 한성백제역 2번 출구,202605,4516,4514
송파구,2622. 올림픽공원역 3번출구,202605,8249,8226
송파구,2623.석촌동 주민센터,202605,3711,3608
송파구,2625.가락종합 사회복지관,202605,289,271
송파구,"2626.경찰병원역 1,2번 출구 사이",202605,682,689
송파구,2627.문정시영아파트 5동 앞 공원,202605,1374,644
송파구,2628.문정역 1번출구,202605,4087,4136
송파구,2630.서울방이동 고분군,202605,2127,2046
송파구,2631.배명고등학교,202605,782,879
송파구,2632.석촌고분역 2번 출구,202605,3158,3255
송파구,2633.송파학사 옆,202605,1274,1239
송파구,2634.위례포레샤인아파트 정류장,202605,960,1040
송파구,2635.잠실새내역 1번출구,202605,3046,2993
송파구,2637. 아시아지하보도 14번 출구,202605,3033,3039
송파구,2639.석촌역 8번출구,202605,4165,4135
송파구,2641.송파역 4번출구,202605,3474,3576
송파구,2642.마천동 성내천 쉼터,202605,1234,1276
송파구,2643.풍납중학교 측면,202605,453,418
송파구,2644. 성내5교,202605,1131,1131
송파구,2645.잠실나들목2(엘스아파트136동),202605,1196,1208
송파구,2646.레이크펠리스101동앞,202605,3918,3986
송파구,2647.잠실 자전거 수리센터 앞,202605,1998,2087
송파구,2648.헬리오시티 112동 앞,202605,1416,1384
송파구,2649.오금공원사거리2,202605,236,213
송파구,2650.위례22단지 2208동 다리앞,202605,537,549
송파구,2651.경찰병원역 3번출구 앞,202605,1465,1445
송파구,2652.송파 레미니스1단지 102동 앞,202605,840,745
송파구,2653.올림픽공원사거리(선수촌아파트),202605,1790,1760
송파구,2654.올림픽선수촌아파트 136동 앞,202605,901,755
송파구,2655.송이공원,202605,973,834
송파구,2656.풍납동 아이파크 107동 앞,202605,1608,1604
송파구,2657.송파 파인타운 11단지 ,202605,820,737
송파구,2658.가락몰 업무동,202605,1687,1713
송파구,2659.서울친환경유통센터,202605,279,279
송파구,4452. 삼성SDS,202605,3800,3872
송파구,4453. 위례중앙푸르지오 201동 앞,202605,1632,1647
송파구,4454. 위례 포레샤인 1809동 부근,202605,257,120
송파구,4457. 아산병원 기숙사 부근,202605,5596,5804
송파구,4458. 가락2동주민센터 인근,202605,544,528
송파구,4460. 올림픽훼미리아파트 112동 앞,202605,1170,1135
송파구,4461. 한양3차아파트 3동 앞,202605,365,336
송파구,4462. 가락중학교 앞,202605,697,669
송파구,4463. 방이역 2번 출구,202605,940,928
송파구,4464. 올림픽공원 북2문 A,202605,1510,1494
송파구,4465. 건영아파트앞 사거리,202605,1665,1669
송파구,4468. 가락1동주민센터 ,202605,1628,1614
송파구,4469. 거여동 어울림아파트  102동앞,202605,493,492
송파구,4472. 송파파크데일 1단지 115동 건너편,202605,544,532
송파구,4473. 마천금호어울림 1차 102동앞,202605,241,225
송파구,4474. 가락현대 1차 11동 앞,202605,590,429
송파구,4475. 송파파인타운 4단지 403동,202605,532,531
송파구,4478. 문정근린공원2,202605,1018,1005
송파구,4479. 문정중학교,202605,318,250
송파구,4480. 가락시장 남1문 사거리,202605,1860,1867
송파구,4481. 올림픽공원 북2문 B,202605,3067,3073
송파구,4483. 잠실나들목4,202605,1303,1297
송파구,4484. 잠실나루역4번출구뒤,202605,2920,2921
송파구,4485. 잠실나루역 고가하부,202605,936,792
송파구,4486. 홈플러스 잠실점,202605,2397,2395
송파구,"4488. 문현중,고등학교 사이",202605,220,221
송파구,4490. 송파파인타운 10단지 1005동,202605,319,304
송파구,4491. 장지역 1번출구,202605,1585,1608
송파구,4493. 마천사거리 2,202605,397,454
송파구,4496. 잠실 파크리오 120동 앞,202605,2506,2457
송파구,4497. 아시아선수촌아파트 교차로,202605,2041,2066
송파구,4499. 세양청마루 101동 앞,202605,938,446
송파구,4852. 서울복합물류 게이트 1,202605,1603,1753
송파구,4854. 가락시장역 2번 출구,202605,1712,1703
송파구,4855. 거여5단지 503동 앞,202605,576,567
송파구,4856. 올림픽공원 서1문 앞,202605,2671,2715
송파구,4857. 올림픽공원 장미광장,202605,1071,1024
송파구,4859. 잠실나루 나들목,202605,2602,2658
송파구,4860. 가락쌍용2차아파트 103동,202605,926,925
송파구,4862. 성내교 남단,202605,749,678
송파구,4863. 잠실나들목5,202605,608,602
송파구,4864. 송파사거리,202605,3016,3004
송파구,4865. 한성백제역 1번출구 뒤,202605,3611,3624
송파구,4867. 가락대림아파트 앞,202605,1061,1028
송파구,4868. 석촌호수 서호 남단,202605,3144,3148
송파구,4870. 몽촌토성역 3번 출구,202605,6975,6877
송파구,4871. 오금동 대림아파트 정문,202605,774,700
송파구,4872. 개롱역 3번 출구 뒤,202605,1375,1454
송파구,4873. 개롱역사거리 2번 출구,202605,1155,1163
송파구,4874. 탄천1교 하부보도,202605,779,823
송파구,4875. 위례포레샤인13단지,202605,473,484
송파구,4879. 마천청소년센터,202605,230,232
송파구,4880. 송파청소년센터,202605,985,982
송파구,4881. 거여동사거리 송파둘레길 입구,202605,188,187
송파구,4882. 위례포레샤인18단지 1802동,202605,404,318
송파구,4883. 위례포레샤인18단지 1812동,202605,201,37
송파구,4884. H비즈니스파크,202605,1611,1947
송파구,4885. 가든파이브 리빙관,202605,454,451
송파구,4886. 배명고등학교 건너편,202605,1213,1366
송파구,4887. 호돌이상가,202605,1016,1002
송파구,4888. 둔촌오륜역 2번출구,202605,691,560
송파구,4889. 마천역 1번 출구 인근②,202605,526,503
송파구,4891. 위례포레나송파,202605,691,667
송파구,4892. 성내유수지 체육공원,202605,374,312
송파구,4893. 문정법조단지12,202605,1879,2398
송파구,4895. 송파레이크힐 상가,202605,1006,1010
송파구,4896. 송파레이크힐,202605,95,89
송파구,4897. 잠실주공5단지1,202605,3961,4035
송파구,5751. 송파여성축구장,202605,712,655
송파구,5752. 풍납백제문화공원 옆 인근,202605,3418,3600
송파구,5753. 호반써밋,202605,1067,988
송파구,5756. 극동아파트,202605,1164,1143
송파구,5758. 올림픽선수기자촌아파트 123동 근처,202605,871,623
송파구,5759. 풍납근린공원,202605,1034,1016
송파구,5760. 풍납사거리 성내유수지,202605,1252,1196
송파구,5761. 버섯분수대,202605,1252,1247
송파구,5763. 세륜초등학교 건너편,202605,774,591
송파구,5764. 한국체육대학교,202605,926,924
송파구,5765. 삼전동주민센터 건너편,202605,2608,3059
송파구,5766. 북위례1,202605,462,206
송파구,5767. 북위례2,202605,337,304
송파구,5768.방이삼거리,202605,6683,7085
송파구,5773. 송파시그니처롯데캐슬,202605,392,422
송파구,5774. 가락본동주민센터 인근,202605,1574,1581
송파구,5775. 가락시장역 5번출구,202605,1018,1031
송파구,5777. 호반써밋12단지,202605,614,518
송파구,5778. 북위례3,202605,450,296
송파구,5779. 나래교,202605,441,434
송파구,5780. 송파세무서,202605,473,465
송파구,5781. 올림픽공원 수영장,202605,5117,5174
송파구,5782. 오금현대 아파트 상가입구 앞,202605,994,979
송파구,5783.성내5교 2,202605,833,944
송파구,5784.한강버스 잠실 선착장,202605,8706,8275
송파구,5785.한림연예예술고등학교,202605,643,634
송파구,5786.문정로데오거리입구,202605,562,572
양천구,4507. 신정제일시장,202605,1117,1110
양천구,4508. 유원목동아파트 103동 앞,202605,4297,4439
양천구,4509. 서울영상고교 입구,202605,3922,4021
양천구,4510. 신정네거리역 교차로,202605,1809,1772
양천구,4512. 목동13_14단지 사거리,202605,1195,909
양천구,4514. 목동성당 앞,202605,3590,3374
양천구,4515. 동문굿모닝탑,202605,3346,3447
양천구,4517. 성보하이드로빌딩,202605,1364,1371
양천구,4518. 청기와빌딩,202605,893,917
양천구,4519. 양원보도육교,202605,331,332
양천구,4520. 대성유니드아파트,202605,1001,1227
양천구,4522. 신곡시장,202605,1995,2827
양천구,4523. 구립양천어르신요양센터,202605,101,65
양천구,4526. 목동아파트2단지 222동 앞,202605,1628,1607
양천구,4527. 목동신시가지아파트6단지,202605,2731,2729
양천구,4528. 양천구청역 1번출구,202605,1709,1779
양천구,4530. 방아다리어린이공원,202605,1099,1033
양천구,4531. 목동아파트 613동 앞,202605,4137,4110
양천구,4532. 목동현대아파트 후문 앞,202605,2045,1988
양천구,4535. 목동12단지 아파트,202605,3329,3260
양천구,4536. 양천해누리체육공원,202605,1285,1711
양천구,4537. 서울남부지방검찰청 후문 ,202605,1918,1682
양천구,4538. 양천공영차고지,202605,172,225
양천구,4539. 목동7단지아파트 A상가,202605,1110,1046
양천구,4540. 목동역 3번 출구,202605,3455,3688
양천구,4541. 갈산문화예술센터,202605,2763,2913
양천구,4542. 월정초 사거리,202605,819,856
양천구,4543. 오목교역 6번 출구,202605,4295,4343
양천구,4544.경창시장,202605,798,1264
양천구,4545. 청소년음악센터,202605,1044,1009
양천구,4546. 목동운동장 주경기장,202605,612,713
양천구,4547. 목동역 2번 출구,202605,3469,3595
양천구,4548.신목동역1번출구,202605,1000,926
양천구,4549.목동4단지아파트,202605,2256,2281
양천구,700. KB국민은행 염창역 지점 앞,202605,1397,1287
양천구,701. 목동사거리 부근,202605,1968,1943
양천구,702. 목4동주민센터 옆,202605,2146,2126
양천구,703. 오목교역 7번출구 앞,202605,3545,3836
양천구,704. 남부법원검찰청 교차로,202605,2570,2518
양천구,706. 신정네거리역,202605,1322,1296
양천구,708. 서울출입국관리사무소 앞,202605,4770,4994
양천구,709. 신정3동 현장민원실 앞,202605,735,700
양천구,710. 금옥여고보도육교,202605,675,666
양천구,711. 신일해피트리아파트 앞,202605,1084,314
양천구,713. 양서중학교 옆,202605,736,724
양천구,714. 한국SGI 양천문화회관 앞,202605,774,717
양천구,716.신정6동 주민센터 인근,202605,1625,1642
양천구,719. 홍익병원앞 교차로,202605,1572,1585
양천구,720. 서울강월초등학교 앞,202605,926,519
양천구,722. 경서농협 버스정류장(우리은행신정동지점방향),202605,1274,1251
양천구,723. SBS방송국,202605,1960,1993
양천구,724. 계남공원 입구 주출입구 좌측,202605,468,296
양천구,726. 목동3단지 시내버스정류장,202605,4689,4806
양천구,729. 서부식자재마트 건너편,202605,1795,1918
양천구,731. 서울시 도로환경관리센터,202605,3768,3945
양천구,733. 신정이펜하우스314동,202605,739,423
양천구,734. 신트리공원 입구,202605,3427,3398
양천구,735. 영도초등학교,202605,2966,3106
양천구,736. 오솔길공원,202605,1150,1219
양천구,737. 장수공원,202605,550,433
양천구,739. 신월사거리,202605,1071,1063
양천구,740. 으뜸공원,202605,1028,1075
양천구,741. 화곡로 입구 교차로,202605,409,415
양천구,742. 등촌역 5번 출구 뒤,202605,1273,1272
양천구,743. 현대6차아파트 101동 옆,202605,974,1185
양천구,744. 신목동역 2번 출구,202605,3528,3322
양천구,745. 강서초등학교,202605,671,680
양천구,746. 목동2단지 상가,202605,4288,4263
양천구,747. 목동3단지 상가,202605,3045,3006
양천구,748. 목동운동장,202605,723,780
양천구,749. 이대목동병원보도육교,202605,2178,2216
양천구,750. 연의근린공원 건너편,202605,820,916
양천구,752. 성원2차 아파트,202605,1015,860
양천구,754. 목동1단지아파트 118동 앞,202605,2740,2761
양천구,755. 목동1단지아파트 상가 앞,202605,3435,3427
양천구,756. 목동주차장,202605,1872,2018
양천구,757. 신정이펜하우스 1단지아파트 입구 사거리,202605,552,361
양천구,758. 한사랑교회 앞,202605,1463,1481
양천구,759. 보아스아파트 앞,202605,912,926
양천구,760. 잣절보도육교 아래,202605,550,552
양천구,762. 오목로 무중력지대 앞,202605,1127,1093
양천구,763. 목동11단지 아파트,202605,1640,1282
양천구,765. 오목교역 3번출구,202605,6274,6711
양천구,766. 신목동역 3번출구,202605,2026,2002
양천구,767.신정숲속마을아파트,202605,740,241
양천구,768.목동5단지아파트 501동,202605,2761,2737
양천구,769.CBS방송국 앞,202605,6767,6857
양천구,770.목동역5번출구,202605,4274,4621
양천구,771.목동아파트 703동 앞,202605,2668,2746
양천구,"773.염창역 3, 4번 출구 사이",202605,1845,1844
양천구,774.등촌역 4번 출구 ,202605,826,821
양천구,775.세종그랑시아 앞(102동),202605,707,657
양천구,776.목마공원,202605,671,665
양천구,777.신월6차보람아파트 앞,202605,1188,1201
양천구,779. 신정1동 주민센터 앞,202605,4080,4275
양천구,780.신정교 하부,202605,4909,5363
양천구,781.신정보도육교 아래,202605,545,578
양천구,782.서남병원 후문,202605,927,553
양천구,"785.양천구청, 보건소 사잇길",202605,6023,6073
양천구,786.목동아파트 8단지 상가동 앞,202605,2638,2647
양천구,787.양천아파트 입구,202605,4056,4099
양천구,788.양천구청역 2번출구 옆,202605,3372,3736
양천구,791.현대하이페리온,202605,3614,3436
양천구,792.목동트라팰리스 웨스턴에비뉴,202605,7043,6805
양천구,793.목동5단지아파트 534동,202605,3482,3459
양천구,794.양천문화회관,202605,3385,3385
양천구,795.양천 해누리타운,202605,3804,3830
양천구,796.목동아파트 14단지 B상가 앞,202605,2918,2787
양천구,797.목동아파트 1422동 1434동 사잇길,202605,5029,5140
영등포구,200. 국회의원회관,202605,159,108
영등포구,201. 진미파라곤 앞,202605,1414,1403
영등포구,202. 국민일보 앞,202605,3900,4143
영등포구,203. 국회의사당역 3번출구 옆,202605,2305,2293
영등포구,204. 국회의사당역 5번출구 옆,202605,1585,1453
영등포구,205. 산업은행 앞,202605,2089,2002
영등포구,206. KBS 앞,202605,3233,3295
영등포구,207. 여의나루역 1번출구 앞,202605,3986,3758
영등포구,209. 유진투자증권빌딩 앞,202605,4554,4998
영등포구,212. 여의도역 1번출구 옆,202605,0,1
영등포구,213. KT앞,202605,2975,2043
영등포구,214. 금융감독원 앞,202605,1525,1432
영등포구,215. 여의도고교 앞,202605,1614,1717
영등포구,217. NH농협은행 앞,202605,3421,3664
영등포구,219. 롯데캐슬엠파이어 옆,202605,2484,2490
영등포구,220. 미성아파트 A동 앞,202605,1743,1672
영등포구,221. 여의도초교 앞,202605,1895,1834
영등포구,222. 시범아파트버스정류장 옆,202605,2036,2017
영등포구,223. 진주아파트상가 앞,202605,1195,1175
영등포구,224. 롯데캐슬 앞,202605,2483,2466
영등포구,225. 앙카라공원 앞,202605,2155,1936
영등포구,226. 샛강역 1번출구 앞,202605,2792,2410
영등포구,227. 양평1나들목 보행통로 입구,202605,3072,3316
영등포구,228. 선유도역 3번출구 앞,202605,4792,5063
영등포구,229. 양평1 보행육교 앞,202605,2769,2842
영등포구,230. 영등포구청역 7번출구,202605,6779,6336
영등포구,231. 남부고용노동지청 남측,202605,2779,2775
영등포구,232. 양평우림 이비즈센타 앞,202605,3419,3363
영등포구,233. 양평1동 YP센터 앞,202605,1041,1185
영등포구,236. 문래동자이아파트 앞,202605,3602,3841
영등포구,238. 제2구민체육센타 앞,202605,2641,2605
영등포구,239. 유스호스텔 앞,202605,1184,1181
영등포구,240. 문래역 4번출구 앞,202605,4170,3900
영등포구,241. 신길우성1차아파트 앞 공원,202605,1144,1129
영등포구,242. 신길선원가와인아파트 앞,202605,1087,647
영등포구,243. 이앤씨드림타워 앞,202605,4240,4347
영등포구,244. 영등포삼환아파트 앞,202605,2057,1898
영등포구,245. 삼성생명 당산사옥 앞,202605,3626,3697
영등포구,247. 당산역 10번출구 앞,202605,8658,8769
영등포구,248. 초원아파트 앞,202605,1790,1813
영등포구,249. 여의도중학교 옆,202605,1709,1778
영등포구,250. 대림아파트 사거리,202605,707,668
영등포구,251. 서울지방병무청 버스정류장,202605,959,779
영등포구,252. 보라매역4번출구,202605,1562,1795
영등포구,254. 도림신협 앞,202605,1676,1743
영등포구,255. 도림사거리,202605,1433,1400
영등포구,256. 동아에코빌입구,202605,1690,1647
영등포구,258. 신길역3번출구,202605,1683,1677
영등포구,259. 대방역6번출구,202605,3433,3697
영등포구,260. 여의도 마리나선착장 앞,202605,737,685
영등포구,263. 근로자회관 사거리,202605,3665,3819
영등포구,264. 교보생명보험 앞,202605,1914,1780
영등포구,265. 영등포유통상가 사거리,202605,1295,1112
영등포구,266. 영등포청과시장 사거리,202605,1711,1651
영등포구,267. 삼성화재 사옥 옆,202605,2452,2298
영등포구,268. 그랜드컨벤션센터 앞,202605,3329,3350
영등포구,270. 증권거래소후문교차로,202605,1297,1282
영등포구,271. 샛강생태공원방문자센터 앞,202605,659,578
영등포구,272. 당산육갑문,202605,7994,8717
영등포구,275. 신동아아파트,202605,3363,3532
영등포구,276. 영등포로터리2,202605,1180,1222
영등포구,278. 쌍용플레티넘오피스텔,202605,3211,3068
영등포구,279. 영등포 푸르지오 아파트 B,202605,2471,2118
영등포구,280. 양평동6차현대아파트 앞,202605,3505,3299
영등포구,281. 대림신동아아파트 앞,202605,1172,1113
영등포구,282. 신한은행 대림동지점,202605,928,942
영등포구,283. 아크로타워 스퀘어(영등포시장),202605,3284,2979
영등포구,284. 센트럴 푸르지오 시티 앞,202605,2735,2579
영등포구,285. 콤텍시스템 앞,202605,941,994
영등포구,286. 우성아파트 교차로,202605,1005,1041
영등포구,287. 영등포전화국사거리 (서강어린이공원),202605,2172,2071
영등포구,288. 쌍용예가(구청별관),202605,1684,1685
영등포구,289. 대림3동사거리,202605,1287,1398
영등포구,290. 새말소공원,202605,2895,2614
영등포구,291. 문래동 하이테크 시티,202605,2600,2592
영등포구,292. 영일 어린이공원,202605,1611,1580
영등포구,293. 충북 미래관,202605,2602,2465
영등포구,295.영등포공원 분수대 앞,202605,358,353
영등포구,296.KT플라자 영등포점,202605,2916,2729
영등포구,297.국회3문,202605,248,210
영등포구,298.KBS 연구동 건너편,202605,738,544
영등포구,299.여의도 순복음교회,202605,1014,1017
영등포구,3201.당산skv1센터,202605,1881,1872
영등포구,3202.당산롯데캐슬프레스티지,202605,3318,3340
영등포구,3203.도림동배드민턴체육관,202605,1356,1349
영등포구,3204.도림고가도로 밑,202605,663,646
영등포구,3205.문래현대2차,202605,2638,2608
영등포구,3206.문래동 주민센터,202605,1497,1438
영등포구,3207.양남사거리1,202605,969,833
영등포구,3211.신길 래미안 프레비뉴,202605,784,707
영등포구,3212.신풍역 6번출구,202605,1065,1093
영등포구,3214.영등포 푸르지오 아파트 A,202605,1798,1564
영등포구,3215.강변삼성래미안,202605,1787,1577
영등포구,3219.영등포역 1번출구,202605,3814,4563
영등포구,3220.래미안에스티움 앞 (신풍로),202605,1031,1085
영등포구,3221.서울특별시 남부교육지원청,202605,928,981
영등포구,4552. 코레일유통본사,202605,742,733
영등포구,4553. 당산삼성2차아파트,202605,3085,2869
영등포구,4555. 대림우성2차아파트,202605,552,643
영등포구,4556. 리버뷰신안인스빌1차 후문,202605,1373,1433
영등포구,4557. 리버뷰신안인스빌2차 후문,202605,1882,1802
영등포구,4558. 대영중고 후문,202605,1075,1151
영등포구,4559. 신길역 2번출구,202605,2367,1831
영등포구,4560. 양평동성원아파트,202605,1467,1545
영등포구,4561. 양평역 1번출구,202605,4308,4254
영등포구,4563. 여의도 은하아파트,202605,791,786
영등포구,4564. 63스퀘어,202605,2932,3083
영등포구,4565. 영등포 신세계백화점,202605,6757,6721
영등포구,4566. 대림성원상떼빌아파트,202605,1931,2094
영등포구,4567. 한림대학교 강남성심병원 신관,202605,1581,1650
영등포구,4569. 힐스테이트클래시안아파트,202605,1207,1181
영등포구,4571. 문래동롯데캐슬아파트,202605,4382,4231
영등포구,4573. 두산위브아파트,202605,812,749
영등포구,4574. 영등포시장역 포레나영등포,202605,4709,4719
영등포구,4575. 대림동 e편한세상영등포아델포레,202605,2083,2263
영등포구,4576.보라매sk뷰 108동 앞,202605,882,992
영등포구,4578.보라매sk뷰,202605,528,457
영등포구,4579. 국회의사당 본관,202605,567,353
영등포구,4580. 국회제2의원회관,202605,572,567
영등포구,4581. 국회소통관,202605,342,340
영등포구,4582. 국회도서관,202605,586,533
영등포구,4583. 의정관,202605,243,196
영등포구,4584. 국회2문,202605,197,113
영등포구,4585. 국회6문,202605,521,512
영등포구,4588.양남사거리2,202605,1212,1124
영등포구,4589. KRX한국거래소(1),202605,1128,1126
영등포구,4591. 신길자이아파트,202605,1149,205
영등포구,4592. 신길우성4차아파트,202605,1567,1942
영등포구,4594. 양평교 영등포대여소,202605,2679,2826
영등포구,4598. 오목교 동측 지하보도,202605,2366,2342
영등포구,4599. 대림우성아파트 사거리,202605,429,429
영등포구,4600. 서울 영등포구 우체국,202605,2133,2126
영등포구,4601.양평역2번출구 뒤,202605,1363,1323
영등포구,5851. 도림천 건널목 위,202605,1840,1642
영등포구,5852. 대림동현대2차 201동 앞,202605,306,259
영등포구,5853. 여의도역2번출구 앞,202605,1885,1870
영등포구,5854. 신한금융투자 앞,202605,1,1
영등포구,5855. 하이투자증권 앞,202605,2,2
영등포구,5857. U레지던스 앞,202605,949,966
영등포구,5858. 영등포역5번출구,202605,5219,6014
영등포구,5859. 여의도 삼부아파트,202605,1870,1874
영등포구,5860. 어울림병원 앞,202605,1095,1167
영등포구,5861. 보라주유소 앞,202605,728,742
영등포구,5864.장훈고 앞,202605,883,948
영등포구,5865.더리브오피스텔 앞,202605,2768,2448
영등포구,5866.포레나 당산,202605,3638,3586
영등포구,5867. H타워 앞,202605,3513,3343
영등포구,5868. 로프트시티오피스텔,202605,2282,2565
영등포구,5869. 영등포아트홀 앞,202605,1119,1122
영등포구,5870. LG트윈타워 앞,202605,4285,3963
영등포구,5871. 건영상가 앞,202605,658,613
영등포구,5872. 서경팰리스 앞,202605,1255,1372
영등포구,5876. 에이스하이테크시티 4동 앞,202605,860,844
영등포구,5877. 문래동 꽃밭정원,202605,1201,1128
영등포구,5878. 우리은행 앞,202605,2830,2854
영등포구,5879. 국회도서관 2문 앞,202605,335,257
영등포구,5880. 국회박물관,202605,150,134
영등포구,5881. 세계청소년NGO교육문화원,202605,2089,1971
영등포구,5882. 휴젠느,202605,3814,3775
영등포구,5883. 영문초사거리,202605,3261,3300
영등포구,5884. GS강서타워,202605,2272,2448
영등포구,5885. 신정교하부(도림천역 방면),202605,1779,1397
영등포구,5886.신풍역 2번출구,202605,2446,2544
영등포구,5887.나루마을 마당공원,202605,3383,3363
영등포구,5888.여의도성당,202605,144,136
영등포구,5889.의원회관출입구 앞,202605,289,217
영등포구,5890.여의나루역 3번출구,202605,3619,3680
영등포구,5891.한강버스 여의도 선착장,202605,13425,12203
영등포구,5892.국회의사당본관 좌측,202605,320,249
영등포구,5893.한국산업은행,202605,1726,1770
영등포구,5894.영등포세무서,202605,1530,1640
영등포구,5895.생각공장당산,202605,2113,2129
영등포구,5896.영등포구청역 6번출구,202605,2498,2055
영등포구,5897.여의도공작아파트,202605,901,844
영등포구,5898.당산역 1번출구,202605,80,67
용산구,4603. 한강GS에클라트 건너편 교통섬,202605,1066,1058
용산구,4604. 원효로다목적체육관 앞,202605,555,547
용산구,4607. 국립중앙박물관 -용산가족공원 앞,202605,711,639
용산구,4608. 국립중앙박물관 정문 앞,202605,271,254
용산구,4609. 파크타워 104동 앞,202605,420,389
용산구,4610. 한남나인원 105동 앞,202605,460,473
용산구,4611. 국제루터교회 앞,202605,187,162
용산구,4612. 이태원로 255,202605,162,94
용산구,4613. 서울갤러리아 앞,202605,311,208
용산구,4615. 크라운호텔앞 버스정류소,202605,902,980
용산구,4616. 신용산지하차도 앞,202605,843,1046
용산구,4617. 동원베네스트 건너편,202605,153,183
용산구,4618. 풍전아파트 건너편,202605,1252,1234
용산구,4619. 한강트럼프월드3차 앞,202605,1962,2032
용산구,4620. 삼각지역 14번 출구 앞(교통섬),202605,1284,1257
용산구,4621. 남산도서관 앞,202605,473,147
용산구,4622. 한강중학교 앞 버스정류장,202605,597,590
용산구,4623. 라인프랜즈이태원점 앞,202605,198,115
용산구,4625. 용산공원갤러리앞,202605,319,310
용산구,4627. 효창공원앞역 5번출구 옆,202605,430,447
용산구,4629. 한강초교보도육교 앞,202605,1320,1600
용산구,4632. 용산 푸르지오 파크타운 1단지 앞,202605,503,263
용산구,4633. 센트럴파크타워 앞,202605,2291,2410
용산구,4634. 이태원역 3번 출구,202605,637,514
용산구,4636. 용산구꿈나무종합타운 앞,202605,1054,1142
용산구,4637. 용산시티파크 101동 앞,202605,626,596
용산구,4638. 청파동삼거리 앞,202605,773,832
용산구,4639. 동빙고근린공원,202605,1122,1282
용산구,4640. 원효로2가 교차로,202605,682,872
용산구,4641. 아메리칸센터,202605,588,576
용산구,4642. 용산더프라임아파트 101동 앞,202605,434,458
용산구,4643. 한가람아파트 앞,202605,1573,1605
용산구,4644.서울특별시교육청 앞,202605,51,49
용산구,800. 목월공원 앞,202605,892,891
용산구,802. 한강진역 2번 출구 앞,202605,406,199
용산구,805. 문배어린이공원 앞,202605,1043,1073
용산구,806. 전자랜드 본관 앞,202605,1243,1247
용산구,807. 서울역 12번 출구 앞,202605,1070,1080
용산구,808. 서빙고동 금호맨션 앞,202605,512,535
용산구,809. 한남 유수지 복개주차장,202605,1017,1020
용산구,810. 이태원지하보도,202605,772,741
용산구,811. 녹사평역1번출구,202605,826,353
용산구,813. 삼각지역 3번출구,202605,941,983
용산구,815. LIG강촌아파트 103동앞,202605,1659,1837
용산구,816. 신용산역 6번출구 앞,202605,2154,2325
용산구,817. 삼각지역 4번출구 앞,202605,1041,1045
용산구,818. 숙명여대 입구 교차로,202605,1406,1540
용산구,819. 선린인터넷 고등학교,202605,1356,1432
용산구,820. 청파동입구 교차로,202605,785,774
용산구,822. 이촌1동 마을공원,202605,645,656
용산구,823. 효창동주민센터 앞,202605,399,348
용산구,825. 서빙고동 주민센터 앞,202605,3403,4122
용산구,827. 국군복지단,202605,238,105
용산구,828. 숙대입구역 8번,202605,1086,1176
용산구,829. 한강대교 북단 교차로,202605,2927,2723
용산구,830. 강변삼성스위트아파트 앞,202605,360,338
용산구,832. 이촌1동 주민센터 뒤,202605,1186,1162
용산구,834. 효창공원앞역 3번출구 앞,202605,1553,1656
용산구,835. 남영역 건너편,202605,1136,1150
용산구,836. 현대자동차서비스 앞,202605,1050,1031
용산구,837. 한남나들목 입구,202605,1460,1496
용산구,838. 숙대입구역 4번출구,202605,1675,1809
용산구,839. 보광동 삼성리버빌아파트 앞,202605,910,913
용산구,840. 용산 파크타워 앞,202605,573,548
용산구,841. 신용산역 1번 출구,202605,2000,2028
용산구,843. 이태원관광특구 입구(용산구청방향),202605,736,375
용산구,844. 이촌2동 동원베네스트 아파트 앞,202605,1420,1556
용산구,845. 용산 선인상가,202605,495,587
용산구,846. 용산중학교,202605,1083,1005
용산구,848. 삼각지12번 출구,202605,747,768
용산구,849. 삼각지 자이아파트,202605,1329,1311
용산구,850.KCC용산웰츠(WELLTZ)타워,202605,543,543
용산구,851.효창 푸르지오 앞,202605,588,237
용산구,852. 청암자이아파트 앞,202605,1215,896
용산구,853.용산역 맞은편,202605,4658,4697
용산구,854.HID 유족동지회 앞,202605,158,97
용산구,855.이촌역5번출구 앞,202605,337,258
용산구,857. 현대 안성타워,202605,299,133
용산구,858.녹사평역3번 출구,202605,528,293
용산구,859.남산공원 야외식물원 앞,202605,178,65
용산구,860.LG한강 자이아파트 앞,202605,1693,1695
용산구,863.이촌역2번 출구,202605,770,732
용산구,864.순천향대학병원(한남오거리),202605,796,826
용산구,866.브라운스톤 남산아파트,202605,612,495
용산구,867.서빙고역 광장(1번출구),202605,442,443
용산구,869.노들섬 동측 앞,202605,948,930
용산구,870.노들섬 서측 앞,202605,2320,2314
은평구,4652. 신사두산위브2차아파트 앞,202605,1265,1094
은평구,4653. 불광역 9번 출구 맞은편,202605,1009,1068
은평구,4657. 본 서부병원 교차로 사거리,202605,1525,1560
은평구,4658. 녹번역1번출구앞,202605,550,420
은평구,4659. 신진과학기술고등학교 버스정류장(응암시장 방면),202605,1096,1245
은평구,"4663. 불광역3,6호선 버스정류장(동명여고 방면)",202605,868,904
은평구,4665. 응암역3번 출구(서부경찰서 방면),202605,365,395
은평구,4667. 폭포동입구 교차로,202605,283,281
은평구,4668. 기자촌사거리 B,202605,393,125
은평구,4671. 청구성심병원 앞,202605,710,694
은평구,4672. 준빌딩 앞,202605,280,274
은평구,4674. 녹번역e편한세상 캐슬 정문 앞,202605,989,934
은평구,4676. 갈현1동 주민센터,202605,392,354
은평구,4677. 백련산 SK뷰 아이파크 해모로 아파트 앞,202605,1152,1379
은평구,4678. 백련산로 녹번센트레빌 ,202605,706,608
은평구,4681.박석고개(은평소방서) 앞,202605,227,196
은평구,4683. 은평 성모병원 사거리,202605,594,539
은평구,4684. 응암2동주민센터 버스정류장(영락중학교 방면),202605,493,86
은평구,4685. DMC역 5번 출구(수색역 방향),202605,1942,1924
은평구,4686. 우물골 근린공원,202605,590,561
은평구,4687. 역촌센트레빌아파트 101동 앞,202605,577,177
은평구,4689. 은평서해그랑블아파트앞,202605,942,606
은평구,4690.은평뉴타운폭포동 힐스테이트4단지,202605,136,102
은평구,4693. 수색감리교회,202605,1818,1955
은평구,900. 은평예술회관,202605,638,618
은평구,902. 진관동 은빛초등학교,202605,511,549
은평구,903. 은평뉴타운 아이파크,202605,719,707
은평구,904. 은평뉴타운 푸르지오,202605,797,825
은평구,905. 구파발역 2번출구,202605,2332,2825
은평구,906. 연신내역 5번출구,202605,2519,2775
은평구,907. CJ 드림시티,202605,4194,5020
은평구,908. 구산역 4번출구,202605,1131,1141
은평구,909. 백련산 힐스테이트 3차,202605,447,135
은평구,911. 은평평화공원(역촌역4번출구),202605,2013,2052
은평구,912. 응암오거리,202605,2175,2496
은평구,913. 이마트 버스정류장(서부경찰서 방면),202605,2285,2271
은평구,914. 새절역 2번출구,202605,2818,3077
은평구,915. 증산역 4번출구,202605,1453,1575
은평구,916. 평생학습관 앞,202605,1320,1492
은평구,917. 녹번역 3번출구,202605,1414,1401
은평구,919. 서울혁신파크,202605,733,738
은평구,921. 신도고등학교,202605,146,104
은평구,922. 연신내역 4번출구,202605,529,524
은평구,923. 국민은행 연서지점,202605,577,613
은평구,925. 불광역 2번출구,202605,941,1051
은평구,927. 연신내역 3번출구 인근,202605,528,529
은평구,928. 은평역사한옥박물관,202605,382,291
은평구,930. 구 서부경찰서 건너편,202605,842,926
은평구,931. 역촌파출소,202605,3529,3827
은평구,932. 예일여중,202605,1319,1336
은평구,933. 역촌종합시장 버스정류장(예일여고 방면),202605,1761,2072
은평구,937. 상림마을 롯데캐슬2단지 옆,202605,148,144
은평구,938. 금암 문화공원,202605,241,265
은평구,939. 은평구청 교차로,202605,688,673
은평구,941. 은평뉴타운 도서관,202605,611,259
은평구,942. 상림마을 생태공원,202605,364,336
은평구,943. 은평구청 보건소,202605,1544,1961
은평구,945. 기자촌 사거리 A,202605,243,127
은평구,946. 독바위역 ,202605,584,582
은평구,947. 연신내 선일하이츠빌 정류소,202605,309,299
은평구,948. 디지털미디어 시티역 4번출구(DMC역),202605,747,834
은평구,949. 연신내역 1번 출구 ,202605,1291,1573
은평구,950. 구산역 2번 출구 예일여고 버스정류장,202605,933,1220
은평구,952. 서울연신중학교,202605,622,476
은평구,953. 서울연신초등학교,202605,482,420
은평구,954. 은평뉴타운구파발9단지,202605,623,615
은평구,956. 응암시장교차로,202605,2234,2642
은평구,958. 본 서부병원 버스정류장(은평 세무서 방면),202605,1169,1210
은평구,959. 구파발10단지 인근,202605,565,620
은평구,960. 구파발역 환승센터,202605,807,1045
은평구,962. 은평뉴타운엘크루 앞,202605,1139,1181
은평구,963. 불광롯데캐슬아파트 앞,202605,536,530
은평구,964. 북한산힐스테이트 7차아파트,202605,500,364
은평구,965. 서울특별시 은평병원,202605,571,142
은평구,966. 서울혁신파크1,202605,150,147
은평구,967. 서울혁신파크2,202605,349,344
은평구,968. 은평뉴타운 상림마을 13단지,202605,187,132
은평구,969. 은평 지웰테라스,202605,118,100
은평구,971. 역촌 센트레빌 아파트,202605,805,161
은평구,973.제각말푸르지오 5-1단지 아파트,202605,227,106
은평구,974.연신초등학교옆 마을마당,202605,132,123
은평구,975.백련산 힐스테이트상가앞,202605,703,166
은평구,976.진관고등학교앞,202605,507,498
은평구,977.신도중학교앞,202605,166,43
은평구,978.녹번 힐스테이트상가앞,202605,355,223
은평구,979.원풍빌라앞,202605,785,762
은평구,982. 녹번초등학교(서오릉로),202605,721,749
은평구,984.상신초등학교앞 버스정류장,202605,1059,1074
은평구,985. 은평세무서 버스정류장(은평구청 방면),202605,1176,1178
은평구,989. 신응교(가좌로) 앞,202605,1600,1998
은평구,991.흥국사 정류장,202605,135,128
은평구,992.북한산입구 정류장,202605,263,263
은평구,993.은평뉴타운 은뜨락아파트앞,202605,546,242
은평구,994.북한산생태공원입구(교통섬),202605,333,286
은평구,995.은평다목적체육관,202605,417,364
은평구,996.응암역2번출구 국민은행 앞,202605,4071,5563
종로구,301. 경복궁역 7번출구 앞,202605,829,583
종로구,302. 경복궁역 6번출구 뒤,202605,2686,2503
종로구,303. 광화문역 1번출구 앞,202605,2582,2380
종로구,305. 종로구청 옆,202605,2555,2426
종로구,307. 서울역사박물관 앞,202605,1029,984
종로구,308. 광화문 S타워 앞,202605,2113,1980
종로구,309. 광화문역 6번출구 옆 B,202605,748,531
종로구,314. 국립현대미술관,202605,1242,1217
종로구,316. 종각역 1번출구 앞,202605,1910,1903
종로구,326. 안국역 5번출구 앞,202605,1288,1090
종로구,327. 낙원상가 옆,202605,1214,1206
종로구,328. 탑골공원 앞,202605,925,880
종로구,329. 청계2가 사거리 옆,202605,1338,1271
종로구,334. 종로3가역 2번출구 뒤,202605,1341,1308
종로구,335. 종로3가역 15번출구 뒤,202605,1183,1176
종로구,337. 창경궁 입구,202605,780,797
종로구,338. 세운스퀘어 앞,202605,659,658
종로구,339. 종로4가 사거리,202605,1291,1255
종로구,340. 혜화동 로터리,202605,1173,1190
종로구,3401.창신두산아파트,202605,158,151
종로구,3402.이화공영주차장,202605,371,364
종로구,3404.서울특별시 중부교육지원청,202605,149,142
종로구,3405.파크팰리스,202605,1027,843
종로구,3407.안국동사거리(신),202605,1643,1620
종로구,3408.종로타워빌딩,202605,1104,1104
종로구,341. 혜화역 3번출구 뒤,202605,957,919
종로구,3410.종로3가역 8번출구,202605,2817,2838
종로구,3411.종묘,202605,1032,1019
종로구,3412.세운상가,202605,824,818
종로구,3413.종로플레이스,202605,2478,2415
종로구,3414.종로5가역 4번출구,202605,1517,1567
종로구,3415.동대문역6번출구,202605,1662,1708
종로구,3416.동묘앞역 6번출구,202605,2525,2635
종로구,3417.창신3동주민센터,202605,850,832
종로구,3418.창신역2번 출구,202605,314,158
종로구,3419.국립어린이과학관,202605,547,536
종로구,342. 대학로 마로니에공원,202605,2296,2297
종로구,3420. 성균관대입구 사거리 B,202605,792,788
종로구,3421.혜화역 1번출구,202605,1974,1983
종로구,3422.성균관대 정문,202605,2040,1789
종로구,3425.광화문 풍림스페이스본 1단지앞,202605,773,536
종로구,3426.독립문역 2번출구 뒤,202605,346,318
종로구,3427.인왕산 아이파크 정문,202605,277,257
종로구,3428.서울미술관,202605,238,152
종로구,3429.HW컨벤션센터 앞,202605,173,59
종로구,343. 힐스테이트창경궁 아파트 앞,202605,1228,1061
종로구,3431.로제우스 레포츠센터,202605,251,83
종로구,3432.종로2가 사거리,202605,1216,1072
종로구,344. 성균관대 E하우스 앞,202605,985,951
종로구,345. 서울보증보험본사 앞,202605,1284,1352
종로구,348. 독립문역 사거리,202605,1057,935
종로구,349. 어린이도서관,202605,674,667
종로구,351. 청운초교 앞 삼거리,202605,468,447
종로구,352. 중앙고입구 삼거리,202605,378,168
종로구,353. 재동초교 앞 삼거리,202605,879,861
종로구,354. 포르투갈 대사관 앞,202605,922,611
종로구,355. 서울사대부설초등학교 앞,202605,1451,1490
종로구,356. KT혜화지사 앞,202605,1249,1273
종로구,358. 성균관대입구 사거리 A,202605,833,826
종로구,359. 원남동사거리,202605,1041,1180
종로구,361. 동묘앞역 1번출구 뒤,202605,3087,3240
종로구,362. 청계8가사거리 A,202605,2435,2580
종로구,363. 신설동역 11번출구 뒤,202605,1943,1970
종로구,364. 창신역 1번출구 앞,202605,494,388
종로구,367. 독립문역 3-1번출구 ,202605,1185,885
종로구,368. SK 서린빌딩 앞,202605,1818,1850
종로구,385. 종각역 5번출구,202605,1816,1821
종로구,388. 동성중학교 앞,202605,428,424
종로구,393. 동대문역 8번 출구,202605,2589,2683
종로구,394. 경희궁 자이 3단지,202605,959,952
종로구,395. 경희궁 자이 2단지,202605,371,359
종로구,397. 종묘공영주차장 건너편,202605,450,431
종로구,446. 상명대입구,202605,643,587
종로구,447. 신영동삼거리,202605,130,98
종로구,449. 일성아파트,202605,236,74
종로구,450. 효자동 삼거리,202605,936,678
종로구,451. 청와대앞길,202605,179,126
종로구,452. 동대문 종합시장 버스정류장,202605,803,808
종로구,453. 종로오가 지하쇼핑센터 14번출구,202605,1383,1387
종로구,454. 종로2가 버스정류장 (종각방향),202605,1082,1068
종로구,455. 종로6가역 버스정류장(동대문 방향),202605,1306,1353
종로구,456. 숭인2동 주민센터 입구,202605,1397,1430
종로구,457. 종로꽃시장 입구 옆,202605,1197,1228
종로구,458. 광화문역 5번출구,202605,3248,2994
종로구,461. 서울경찰청,202605,829,784
종로구,464. 삼청동 골목,202605,838,793
종로구,465. 삼청공원 앞,202605,174,111
종로구,4703. 쌍용아파트2단지 정문,202605,563,32
종로구,4705. 웰니스센터(민방위교육장 앞),202605,1423,1395
종로구,4707. 청계3가 사거리,202605,1294,1288
종로구,4708. 조계사앞사거리,202605,1368,1358
종로구,4710. 자교교회 앞,202605,932,957
종로구,4711. 올림픽기념 국민생활관 로터리,202605,1121,1116
종로구,4713. 현대 뜨레비앙 아파트 앞,202605,1478,1423
종로구,4715. 돈의문 박물관 마을,202605,572,421
종로구,4718. 광화문역 6번출구 옆 A,202605,1005,989
종로구,4719. 종로문화원 건너편,202605,1153,1093
종로구,4721. 통인시장 정자,202605,1540,1536
종로구,486. 평창동주민센터 앞,202605,141,85
중구,300. 정동사거리,202605,929,929
중구,3013.서울지방고용노동청 앞,202605,1582,1704
중구,310. 청계광장 옆,202605,1711,1475
중구,318. 광교사거리 남측,202605,1157,1157
중구,320. 을지로입구역 4번출구 앞,202605,1323,1316
중구,321. KEB 하나금융그룹 명동사옥 옆,202605,1060,1030
중구,322. 명동성당 앞,202605,801,799
중구,324. 신세계백화점 본점 앞,202605,761,748
중구,331. 을지로2가 사거리 북측,202605,997,995
중구,332. 을지로2가 사거리 남측,202605,833,832
중구,336. 충무로역 6번출구 앞,202605,1389,1297
중구,346. 맥스타일 앞,202605,1169,1162
중구,347. 동대문역사문화공원역 9번출구 앞,202605,1003,966
중구,370. 시청역(2호선) 9번출구 뒤,202605,1727,1580
중구,371. 동대입구역 6번출구 뒤,202605,585,611
중구,372. 약수역 3번출구 뒤,202605,688,686
중구,374. 신당동주민센터앞,202605,1165,1222
중구,379. 서울역9번출구,202605,986,980
중구,380. CJ제일제당 앞,202605,1430,1469
중구,381. 장충체육관,202605,113,76
중구,382. 약수역 10번출구 앞,202605,410,418
중구,383. 신당역 12번 출구 뒤,202605,2731,2770
중구,384. 중림동삼거리,202605,486,483
중구,387. 훈련원공원주차장 앞,202605,922,816
중구,389. 을지로4가역 1번출구,202605,1087,1055
중구,390. 충무로역 1번출구,202605,837,823
중구,391. 시립미술관,202605,851,845
중구,398. 을지로3가역 3번출구,202605,2050,2021
중구,399. 서울역 센트럴 자이아파트,202605,983,652
중구,428. 명보사거리,202605,661,625
중구,429. 송도병원,202605,81,50
중구,430. 장충동먹자골목 앞,202605,837,909
중구,431. 청계천 영도교,202605,4037,3920
중구,433. 을지로입구역 2번출구,202605,1667,1484
중구,434. 신당 래미안 버스정류장,202605,619,50
중구,435. SK 남산빌딩,202605,316,318
중구,441.염천교사거리,202605,750,753
중구,442.서울역 서부,202605,280,279
중구,443.호암아트홀,202605,156,147
중구,445.대한상공회의소,202605,817,796
중구,466.롯데호텔,202605,446,333
중구,467.한국은행,202605,553,558
중구,468.웨스틴 조선호텔,202605,412,418
중구,469.회현역 1번출구,202605,408,402
중구,470.회현역 7번출구,202605,302,282
중구,471.회현사거리 남측,202605,483,481
중구,472.삼일교(시그니쳐 타워),202605,1041,1035
중구,473.을지로4가역 9번출구,202605,2092,1875
중구,474.동대문역사문화공원역 1번출구 뒤편,202605,2506,1993
중구,475.DDP 패션몰,202605,1096,995
중구,4752. 삼성사이버빌리지아파트,202605,248,235
중구,4753. 시청역 10번출구,202605,591,527
중구,476.광희문,202605,774,752
중구,4760. 서울역 7번출구,202605,172,169
중구,4761. 중부경찰서앞사거리 건너편,202605,385,372
중구,4762. 국제빌딩,202605,537,471
중구,4765. 동대문디자인플라자,202605,1807,1803
중구,4766. 서소문성지역사박물관,202605,524,429
중구,477.앰배서더 호텔 주변,202605,485,171
중구,4772. 중앙일보,202605,107,103
중구,4774. 을지로입구역 8번출구,202605,523,522
중구,4775. 을지로지하쇼핑센터,202605,621,609
중구,4776. 신세계면세점,202605,396,362
중구,4777. 약수동 주민센터,202605,142,148
중구,4781. 브라운스위트레지던스,202605,242,211
중구,4782. 서소문역사공원,202605,69,65
중구,4784. 중부경찰서앞 사거리,202605,411,388
중구,4785. 롯데시티호텔,202605,466,462
중구,479.동대입구역 3번 출구,202605,470,500
중구,4791. 명동역9번 출구,202605,1116,1114
중구,4792. 퇴계로4가 교차로(중구청),202605,1504,1490
중구,4793. 동대문역사문화공원역 5번출구,202605,1061,1047
중구,4794. 서울역 서부교차로(3),202605,1301,1325
중구,4796. 서울시청,202605,1772,1542
중구,4797. KG타워 앞,202605,704,745
중구,4798. 황학동롯데캐슬,202605,2429,2439
중구,480.약수역 6번 출구,202605,441,444
중구,4800. 필동 삼거리,202605,838,844
중구,4801. 충정로역 2호선(엘리베이터 앞),202605,274,101
중구,483.남산타운아파트 버스정류장,202605,348,140
중구,485.서울역5번출구,202605,967,973
중구,6053. 중부세무서 앞,202605,387,244
중구,6054.청구e편한세상아파트 113동 앞,202605,1219,1296
중구,6055. 한국경제,202605,455,453
중구,6057. 을지로5가(방산시장),202605,654,694
중구,6058. 시청역 2번출구,202605,3318,3050
중구,6059. 덕수중학교,202605,693,569
중구,6060. 신한은행 본점,202605,1355,1362
중구,6061.충무아트센터,202605,1429,1454
중구,6062.서울역파출소,202605,685,728
중구,6063.NH농협은행(신당역6번출구),202605,853,886
중구,826. 서울역 서부교차로2,202605,1326,1330
중랑구,1401. 극동늘푸른아파트,202605,1749,2181
중랑구,1402. 금란주차장 앞,202605,847,849
중랑구,1403. 중화빌딩 앞 (동부시장),202605,912,950
중랑구,1404. 동일로 지하차도,202605,1321,1325
중랑구,1405. 망우역 1번출구,202605,741,735
중랑구,1407. 먹골역 1번출구 뒤,202605,1128,1280
중랑구,1408. 먹골역 6번출구 앞,202605,1203,1330
중랑구,1410. 면목 대원칸타빌아파트,202605,258,99
중랑구,1411. 상봉시장앞 교차로 한성빌딩 앞,202605,1228,1250
중랑구,1414. 사가정역 2번출구,202605,2610,2872
중랑구,1416. 상봉역 3번출구,202605,1881,1974
중랑구,1418. 새솔초등학교,202605,203,88
중랑구,1420. 신내어울공원 앞,202605,833,891
중랑구,1421. 신내역 4번출구,202605,646,617
중랑구,1422. 신내우디안아파트 1단지,202605,261,97
중랑구,1424. 양원역 2번출구,202605,226,180
중랑구,1425. 신성미소지움아파트,202605,805,506
중랑구,1426. 면목도시개발아파트 1동 앞,202605,603,183
중랑구,1427. 용마산역 1번출구,202605,470,200
중랑구,1428. 원묵고등학교,202605,1212,611
중랑구,1429. 장안중학교,202605,734,824
중랑구,1430. 중랑구청,202605,1021,580
중랑구,1431. 중랑구청 사거리,202605,1064,765
중랑구,1433. 중화역 2번출구,202605,1399,1580
중랑구,1435. 능산삼거리,202605,185,169
중랑구,1436. 동원베네스트 건물 앞,202605,515,290
중랑구,1437. 늘푸른공원 앞,202605,938,1111
중랑구,1438. 홈플러스 신내점 앞,202605,1854,2294
중랑구,1440. 면목2동 사거리,202605,1424,1663
중랑구,1441. 신내능말공원,202605,681,372
중랑구,1442. 중랑구청 중화동 별관 앞,202605,1933,2096
중랑구,1444. 면목4치안센터,202605,1356,1749
중랑구,1445. 용마지구대 A,202605,227,241
중랑구,1446. 중랑전화국 교차로,202605,2006,2179
중랑구,1447. 면목역 3번출구,202605,2821,3217
중랑구,1448. 코스트코 상봉점,202605,2383,2352
중랑구,1449. 상봉역 1번출구,202605,2710,2720
중랑구,1450. 화랑대역 7번출구,202605,1601,1613
중랑구,1451. 중랑세무서,202605,3490,3721
중랑구,1452. 겸재교 진입부,202605,1767,2092
중랑구,1453. 중랑캠핑숲,202605,231,212
중랑구,1454. 한국전력공사(동대문 중랑지사),202605,752,856
중랑구,1455. 상봉역 2번 출구,202605,2413,2620
중랑구,1456. 상아빌딩(우림시장 교차로),202605,1290,1412
중랑구,1457. 동원사거리,202605,793,634
중랑구,1458. 상봉터미널2,202605,1985,2003
중랑구,1459. 용마한신아파트사거리,202605,176,178
중랑구,1461.동양엔파트 앞,202605,1087,1065
중랑구,1462.동부시장 북문 앞,202605,2176,2258
중랑구,1464.중화역 4번출구,202605,1157,1493
중랑구,1466.두산대림아파트 삼거리,202605,284,352
중랑구,1467.sk신내 주유소앞(용마산로),202605,230,275
중랑구,1468.먹골역 7번 출구,202605,927,1050
중랑구,1469.먹골역 4번출구,202605,852,991
중랑구,1470.중화동 우리은행 앞,202605,1311,1367
중랑구,1471.동양쇼핑 정류소 앞,202605,1573,1782
중랑구,1472.영성빌딩(PAT),202605,625,750
중랑구,1473.중랑역 1번 출구(중화문화복지센터),202605,1266,1380
중랑구,1474.서울중랑우체국,202605,712,696
중랑구,1477.면목삼익아파트 앞,202605,434,449
중랑구,1478.홈플러스 상봉점 앞,202605,1641,1706
중랑구,1479.면목 홈플러스 2 ,202605,393,427
중랑구,1480. 용마지구대 B,202605,590,656
중랑구,4802. 새우개마을,202605,239,297
중랑구,4803. 상봉2동 주민센터 앞,202605,916,905
중랑구,4804. 동서울농협 앞,202605,1620,1719
중랑구,4807. 라코지스테이 앞,202605,569,560
중랑구,4808. 신내2동 주민센터 앞,202605,736,626
중랑구,"4809. 동성1,2차 아파트 앞",202605,1007,774
중랑구,4811. 한양수자인아파트 앞,202605,723,226
중랑구,4812. 묵동 이마트 앞,202605,1609,1659
중랑구,4813. 망우지구대,202605,1647,1883
중랑구,4815. 중랑데시앙플렉스 앞,202605,469,508
중랑구,4819. 면목동 새싹어린이공원 앞,202605,1329,1405
중랑구,4820. 망우역 2번 출구,202605,1722,1714
중랑구,4823. 방정환교육지원센터 옆,202605,1290,1403
중랑구,4824. 상봉신협 앞,202605,1701,1681
중랑구,4825. 신내동 벽산아파트 후문 앞,202605,833,722
중랑구,4826. 홈플러스 면목점,202605,905,973
중랑구,4827. 신내SK V1센터 앞,202605,294,207
중랑구,4828. 신내동 한살림 중랑지구 앞,202605,1052,1063
중랑구,4829. 신내동 한살림 중랑지구 건너편,202605,386,338
중랑구,4830. 신내 우디안 111동 앞,202605,391,226
중랑구,4834. 용마복지센터 앞,202605,546,238
중랑구,4835. 망우동 본죽 앞,202605,803,778
중랑구,4836. 양원역 1번 출구,202605,603,570
중랑구,4837. 양원지구 힐데스하임 앞,202605,525,407
중랑구,4838.동원사거리 행복오피스텔 앞,202605,611,421
중랑구,4840. 서울시 북부병원 앞,202605,398,385
중랑구,4841. 중화수경공원,202605,1418,1544
중랑구,4842. 면목라온프라이빗 아파트,202605,1260,1294
중랑구,4843. 봉화산역 4번 출구,202605,1193,1292
중랑구,4845. 신내역금강펜테리움센트럴파크,202605,206,169
중랑구,4846. 상봉동양엔파트 앞,202605,905,896
중랑구,4847. 신내역시티프라디움 앞,202605,889,826
강남구,2301. 현대고등학교 건너편,202606,682,692
강남구,2302. 교보타워 버스정류장(신논현역 3번출구 후면),202606,1083,1110
강남구,2303. 논현역 10번출구,202606,1252,1014
강남구,2304. 대현그린타워,202606,464,115
강남구,2305. MCM 본사 직영점 앞,202606,346,356
강남구,2306. 압구정역 2번 출구 옆,202606,2159,1996
강남구,2307. 압구정 한양 3차 아파트,202606,1050,965
강남구,2308. 압구정파출소 앞,202606,1007,997
강남구,2309. 청담역(우리들병원 앞),202606,414,207
강남구,2310. 청담동 맥도날드 옆(위치),202606,392,384
강남구,2311. 학동로 래미안 아파트 앞,202606,543,153
강남구,2312. 청담역 13번 출구 앞,202606,483,491
강남구,2313. 금원빌딩 앞,202606,473,551
강남구,2315. 봉은사역 5번출구 옆,202606,1270,1290
강남구,2317. 삼성도로공원,202606,566,561
강남구,2318. 삼성중앙역4번출구(문화센터더 리빌),202606,375,239
강남구,2319. 포스코사거리 서측(수협 삼성동 지점),202606,841,862
강남구,2320. 도곡역 대치지구대 방향,202606,832,929
강남구,2321. 학여울역 사거리,202606,463,397
강남구,2324. 천주교 대치 2동 교회 옆,202606,1026,1016
강남구,2325. 대치삼성아파트 앞 교차로,202606,784,780
강남구,2326. 대치동 삼성로,202606,516,348
강남구,2327. 뱅뱅사거리 랜드마크타워 앞,202606,1585,1789
강남구,2328. 르네상스 호텔 사거리 역삼지하보도 7번출구 앞,202606,817,691
강남구,2329. 르네상스호텔사거리 역삼지하보도 2번출구,202606,487,425
강남구,2330. 역삼월드메르디앙아파트 앞,202606,723,726
강남구,2331. 동영문화센터앞,202606,682,574
강남구,2332. 선릉역3번출구,202606,1841,1832
강남구,2333. 양재역 3번출구 주변,202606,1333,739
강남구,2334. 삼호아파트 2동 ( 간선도로),202606,228,215
강남구,2335. 3호선 매봉역 3번출구앞,202606,2185,2319
강남구,2336. 강남세브란스교차로  래미안그레이튼 104동 앞,202606,648,608
강남구,2337. 대모산입구역 2번출구 앞,202606,526,430
강남구,2339. 현대아파트 정문 앞,202606,624,593
강남구,2340. 삼호물산버스정류장(23370) 옆,202606,2496,2770
강남구,2341. 일원역 4~5번 출구 사이,202606,808,434
강남구,2342. 대청역 1번출구  뒤,202606,1619,1582
강남구,2344. 리엔파크 2단지 앞,202606,794,917
강남구,2347. 두산건설 본사,202606,494,189
강남구,2348. 포스코사거리(기업은행),202606,1892,2344
강남구,2349. 역삼빌딩 앞(하나은행 옆),202606,816,284
강남구,2350. 래미안그레이튼102동앞,202606,319,253
강남구,2351. 청소년수련관(수영장)앞,202606,353,329
강남구,2352. 서울본부세관(건설회관 앞),202606,581,191
강남구,2353. 강남구청역 2번출구 뒤,202606,969,457
강남구,2354. 청담역 2번출구,202606,210,167
강남구,2356. 강남구청,202606,532,440
강남구,2357. 르네상스호텔사거리 역삼지하보도 3번출구 앞 (더 오번 빌딩 명동칼국수 앞),202606,574,400
강남구,2358. 구룡초사거리 (현대아파트10동 앞 ),202606,630,610
강남구,"2359. 국립국악중,고교 정문 맞은편",202606,1314,1569
강남구,2360. 도곡1동 주민센터 교차로,202606,786,791
강남구,2362. 신사동 가로수길 입구,202606,754,751
강남구,2363. 강남 을지병원 교차로,202606,418,341
강남구,2364. 도산공원교차로,202606,561,572
강남구,2365. K+ 타워 앞,202606,828,844
강남구,2368. 도곡동 경남아파트 건너편,202606,386,321
강남구,2369. KT선릉타워,202606,1304,1318
강남구,2370. 한티역 3번출구,202606,443,413
강남구,2371. 한국우편사업진흥원,202606,420,171
강남구,2372. 대치역 사거리,202606,1224,1448
강남구,2373. 개포동역 사거리,202606,348,314
강남구,2375. 수서역 1번출구 앞,202606,1479,1508
강남구,2376. 수서역 7번출구 앞,202606,1175,1391
강남구,2377. 수서역 5번출구,202606,3089,3597
강남구,2380. 봉은사로68길 북측,202606,593,516
강남구,2381. 언주역 4번출구,202606,566,564
강남구,2382. 역삼동 sk뷰 501동앞,202606,352,349
강남구,2383. 보금자리정원,202606,330,427
강남구,2384. 자곡사거리,202606,1638,1807
강남구,2385. 학동역,202606,714,645
강남구,2386. 크린랩 본사,202606,438,241
강남구,2387. 래미안강남힐즈 사거리,202606,1211,1218
강남구,2388. 강남구 도시관리공단,202606,746,322
강남구,2389. 경기여자고등학교 후문 (삼성로3길 입구),202606,777,769
강남구,2390. 구룡마을 입구 (래미안블레스티지 아파트),202606,907,1071
강남구,2391. 구룡터널 입구(개포1단지아파트),202606,59,34
강남구,2392. 구룡산 입구 (구룡산 서울둘레길 입구),202606,107,92
강남구,2394. 개포래미안포레스트아파트 107동 앞,202606,817,730
강남구,2396. 영동3교 북단(우성캐릭터 앞 보도),202606,656,648
강남구,2398. 더라움,202606,450,223
강남구,2401. 밀알학교 입구 (삼성서울병원 입구),202606,273,183
강남구,2403. 공무원연금매점 교차로 (개포주공9단지 입구),202606,1193,1177
강남구,2404. 대모산입구역 4번 출구 앞,202606,1742,1829
강남구,2405. 청담공원앞 교차로,202606,888,336
강남구,2406. 논현동 광명빌딩 앞,202606,360,275
강남구,2407. 역삼서초삼성 세무서 앞 (역삼빌딩 앞),202606,1621,1577
강남구,2408. 강남한양수자인아파트,202606,1290,1269
강남구,2409. 역삼동 디오슈페리움 (우성아파트 사거리),202606,1101,1118
강남구,2410. 포스코피앤에스타워 (역삼역 3번출구 부근),202606,1103,829
강남구,2411. 세곡동 성당,202606,1290,1237
강남구,2413.도곡역 1번 출구,202606,1564,1631
강남구,2414. 도곡역 아카데미스위트 앞,202606,1595,1637
강남구,2415.한티역 롯데백화점 앞,202606,954,946
강남구,2416.한티역 6번 출구,202606,635,604
강남구,"2417.선정릉 디캠프(D,CAMP)앞",202606,308,275
강남구,2418.봉은사역 7번 출구 ,202606,948,948
강남구,"2419.봉은사역 1,2번 출구 ",202606,634,637
강남구,2420.학여울역 사거리(LG베스트샵 앞),202606,922,791
강남구,2421. 신논현역 4번출구,202606,783,762
강남구,2422.수서동 성당 맞은편,202606,834,850
강남구,2423.영희초교 사거리(래미안개포루체하임),202606,1273,1436
강남구,2425.세곡동 사거리(대왕초등학교 정류장),202606,427,444
강남구,2426.강남한신휴플러스 6단지,202606,814,792
강남구,2427.개포고등학교 정문앞,202606,950,940
강남구,2430.강남파이낸스센터앞(역삼역2번출구),202606,1072,534
강남구,2431.대치역 7번출구,202606,1471,1543
강남구,3602. 한국지역난방공사강남지사,202606,551,644
강남구,3604. 삼성중앙역 5번출구,202606,680,561
강남구,3606. 신사동주민센터 옆,202606,843,906
강남구,3609. 언주초등학교 입구,202606,674,670
강남구,3610. 윗반마을 입구,202606,183,168
강남구,3611. 방죽마을 입구,202606,496,535
강남구,3612. 은곡마을,202606,229,300
강남구,3614. 은마아파트 입구 사거리,202606,1307,1303
강남구,3615. 서울 논현동우체국 앞,202606,536,356
강남구,3616. 역삼중학교 앞(체육관 방향),202606,399,398
강남구,3618. 서울율현초교 삼거리,202606,993,1085
강남구,3620. 청담역 11번 출구,202606,374,67
강남구,3622. 은마아파트입구 사거리(1),202606,301,259
강남구,3623. 일원에코파크 앞(개포로 방면),202606,632,695
강남구,3624. 대모산입구역 7번 출구 앞,202606,311,270
강남구,3627. 압구정나들목,202606,1774,1779
강남구,3628. 역삼1동 주민센터,202606,1039,1198
강남구,3629. 청담사거리(신한오피스텔빌딩 앞),202606,209,309
강남구,3630. 개포우성6차아파트 정문 앞,202606,495,373
강남구,3634. 국악고교 앞 교차로,202606,749,747
강남구,3636. 삼성중앙역·플래티넘아파트 정류소,202606,720,627
강남구,3637. 세곡데이케어센터,202606,339,341
강남구,3638. 신청담나들목,202606,656,683
강남구,3640. 일원1동주민센터앞 사거리,202606,1279,1370
강남구,3641. 대청역,202606,1180,1182
강남구,3642. 강남자곡힐스테이트,202606,708,287
강남구,3643. 더시그넘하우스 앞,202606,1031,1056
강남구,3644. 상록수아파트,202606,557,320
강남구,3646. 선정릉역 4번 출구,202606,630,500
강남구,3647. 구룡역 1번 출구,202606,446,362
강남구,3648. 구룡역 4번 출구,202606,114,114
강남구,3649. 구룡역 5번 출구,202606,394,392
강남구,3651. 개포동역 4번출구,202606,1077,1109
강남구,4902. 구역삼세무서 교차로,202606,1035,1089
강남구,4903. 신사스퀘어,202606,324,311
강남구,4905. 강남경찰서,202606,1583,1807
강남구,4906. 섬유센터 앞,202606,1970,2050
강남구,4907. 극동스포츠 앞,202606,726,583
강남구,4908. SB타워 앞,202606,384,432
강남구,4909. 노보텔 앰배서더 앞,202606,367,119
강남구,4913. 레베쌍트 빌딩 앞,202606,449,471
강남구,4914. 도심공항타워 앞,202606,1145,1278
강남구,4915. 영동중앙교회 버스정류장,202606,244,244
강남구,4916. 청담역 1번출구,202606,239,193
강남구,4917. 일원에코파크 주차장,202606,1358,1502
강남구,4918. 매봉역 1번출구,202606,818,874
강남구,4919. 학여울역사거리(은마아파트),202606,276,280
강남구,4923.수협대치동지점,202606,741,708
강남구,4924.논현동가구거리,202606,508,490
강남구,4925. 청담백영빌딩 앞,202606,384,395
강남구,4926. 대치우성아파트 사거리,202606,1615,1664
강남구,4928. 교수마을 입구,202606,282,253
강남구,4929. 투썸플레이스 강남청담점 앞,202606,473,572
강남구,4930. 학여울역 1번출구,202606,506,369
강남구,4931. 디에이치퍼스티어아이파크 124동 앞,202606,745,720
강남구,4932. 개포래미안포레스트 130동 맞은편,202606,353,334
강남구,4935. 도곡삼성래미안,202606,693,727
강남구,4936. SK텔레콤(T1) 인근,202606,279,133
강남구,4937.개포래미안포레스트 126동 앞,202606,345,311
강남구,4938.LH수서2단지 201동 앞,202606,1785,1959
강남구,4939.도산공원,202606,497,536
강남구,4940.한강버스 압구정 선착장,202606,6625,6052
강남구,4941.압구정로 11길,202606,755,749
강남구,4942.율현삼거리,202606,337,345
강남구,4944.젠빌딩,202606,379,383
강동구,1001. 광진교 남단 사거리(천호공원 방면),202606,2792,2886
강동구,1002. 해공공원(천호동),202606,610,581
강동구,1003. 해공도서관앞,202606,440,423
강동구,1004. 삼성광나루아파트 버스정류장,202606,1772,2563
강동구,1006. 롯데캐슬 115동앞,202606,202,182
강동구,1007.암사동 선사유적지,202606,338,354
강동구,1008. 암사역 3번출구(국민은행앞),202606,3409,4367
강동구,1009. 천호역4번출구(현대백화점),202606,5367,5326
강동구,1010. 강동세무서,202606,3626,3629
강동구,1011. LIGA 아파트 앞,202606,4368,4374
강동구,1012. 천호역효성해링턴타워 앞,202606,3463,3448
강동구,1013. 강동구청역 1번 출입구,202606,3148,3097
강동구,1016. 해뜨는 주유소옆 리엔파크 109동앞,202606,1194,1186
강동구,1017. 둔촌고교입구 교차로(길동주민센터 방면),202606,1837,1828
강동구,1018. 둔촌 주공 GS 맞은편,202606,3309,3302
강동구,1019. 다성이즈빌아파트(호원대 대각선 맞은편),202606,4928,5208
강동구,1020. 강동경찰서,202606,5063,5239
강동구,1021. 강일동 리슈빌 빌딩앞,202606,2093,2218
강동구,1022. 길동 사거리(초소앞),202606,2028,2020
강동구,1023. 한국종합기술사옥 앞,202606,2792,2903
강동구,1024.  강동구청 앞,202606,4142,4236
강동구,1025. 상일초등학교,202606,643,621
강동구,1027. 프라자 아파트 앞,202606,1076,1056
강동구,1028. 포레스 주상복합 빌딩,202606,2340,2323
강동구,1029. 성내어울터,202606,4017,3981
강동구,1030. 미호 플랜트 앞,202606,1798,1807
강동구,1031. 올림픽로 836(아리수로),202606,606,827
강동구,1032. 선사고등학교,202606,644,772
강동구,1033. 고덕동 아남아파트,202606,2214,1462
강동구,1034. 고덕동 래미안 힐스테이트,202606,694,590
강동구,1036. 고덕동 주양쇼핑,202606,1146,1102
강동구,1037. 강일리버파크 6단지,202606,263,319
강동구,1038. 강일 다솜 어린이 공원,202606,354,434
강동구,1039. 고덕초등학교,202606,375,367
강동구,1041. 묘곡초등학교,202606,708,706
강동구,1042. 강일리버파크 2~5단지,202606,507,580
강동구,1044. 굽은다리역,202606,4944,5377
강동구,1048. 둔촌어린이공원,202606,2596,2629
강동구,1049. 강일리버파크 10단지,202606,672,735
강동구,1050.  둔촌역 3번 출입구,202606,5637,5842
강동구,"1051. 강일중,선사고 버스정류장(신암중학교 방면)",202606,762,759
강동구,1056. 강일리버파크 7~11단지,202606,654,729
강동구,1057. 능골근린공원,202606,879,928
강동구,1058. 고덕숲 아이파크 1,202606,405,344
강동구,1059. 래미안 강동팰리스(102동),202606,1967,1376
강동구,1060. 천일초교 사거리,202606,1075,949
강동구,1061. 천호초교 입구 사거리(일주빌딩),202606,1299,1262
강동구,1063.강동롯데캐슬퍼스트 아파트(관리동),202606,616,605
강동구,1064.중앙보훈병원역 1번출구,202606,581,511
강동구,1065.보훈병원 후문옆(더 원커피),202606,751,737
강동구,1066.생태공원앞 교차로(조명탑),202606,180,145
강동구,1067.한영중고앞사거리,202606,568,502
강동구,1068.명일파출소,202606,1240,1074
강동구,1070.(시립)고덕평생학습관,202606,1093,917
강동구,1072.고덕역 5번출구,202606,1978,1750
강동구,1074.대명초교입구 사거리,202606,1684,1692
강동구,1075.천동초교 삼거리,202606,2188,2252
강동구,1076. 천동초교입구사거리 버스정류장(십자성마을 방면),202606,3083,3523
강동구,1077.강동역 1번출구 앞,202606,3268,3128
강동구,1078.둔촌사거리,202606,4994,4967
강동구,1079.강일동입구교차로,202606,1319,1379
강동구,1080.천호지하주차장 5번 출입구,202606,2347,2260
강동구,1081.트레빌빌딩,202606,2208,1918
강동구,1083.광문고교사거리(아이파크),202606,740,717
강동구,1084. 윤선생빌딩(JYP사옥),202606,4583,5269
강동구,1085.래미안 솔베뉴(고덕로),202606,1424,848
강동구,1086.래미안 솔베뉴(구천면로),202606,1180,1176
강동구,1088.풍납사거리(강동),202606,2189,2097
강동구,1089.고덕 래미안힐스테이트(201동),202606,906,384
강동구,1090.상일동역 2번출구 앞,202606,2173,2193
강동구,3539. 서원마을,202606,218,230
강동구,3652. 한영외국어고등학교,202606,336,318
강동구,3653. 강동리버스트4단지아파트 404동 앞,202606,649,737
강동구,3654. 강동리버스트4단지아파트 405동 앞,202606,493,570
강동구,3655. 둔촌신성미소지움아파트,202606,1251,1127
강동구,3656. 둔촌푸르지오아파트,202606,2047,2013
강동구,3657. 서울천호동우체국,202606,2884,2903
강동구,3658. 프라이어팰리스아파트,202606,624,588
강동구,3659. 명일초등학교 옆,202606,275,218
강동구,3661. 명일동신동아아파트 앞,202606,397,385
강동구,3663. 암사정수센터교차로(강동롯데캐슬퍼스트아파트),202606,788,540
강동구,3664. 맥도날드 서울둔촌DT점 앞,202606,3040,3183
강동구,3665. 고덕센트럴 아이파크상가 앞,202606,1283,1218
강동구,3668. 성내삼성아파트,202606,4854,5010
강동구,3671. 둔촌동역교차로,202606,2797,2855
강동구,3673. 강동리버스트6단지,202606,494,479
강동구,3674. 강동리버스트7단지,202606,366,438
강동구,3675. 강동리버스트8단지,202606,724,739
강동구,3676. 강동리엔파크9단지,202606,731,775
강동구,3680. 강동역3번출구,202606,4327,4326
강동구,3681. 길동 마루빌딩,202606,4770,5135
강동구,3683. KT&G강동지사,202606,1,1
강동구,3684. 고덕자이(105동 앞),202606,1350,1417
강동구,3685. 강동리엔파크14단지(1401동 앞),202606,889,910
강동구,3686. 고덕 래미안 힐스테이트(101동),202606,956,939
강동구,3688. 상일동산(동아아파트앞 교차로),202606,372,362
강동구,3689. 강일역 3번출구,202606,785,625
강동구,3690. 강일역 4번출구,202606,550,375
강동구,3691. 둔촌역 2번출구,202606,3327,3540
강동구,3692. 둔촌오륜역 1번 출구,202606,2195,2151
강동구,3694. 강동리엔파크 13단지(1303동 앞),202606,790,790
강동구,3698. 명일역 3번출구 옆,202606,1747,1758
강동구,3699. 상일파출소 옆,202606,1274,1443
강동구,3700. 강변그대가리버뷰 입구 맞은편,202606,2323,2502
강동구,3701. 방아삼거리,202606,225,215
강동구,4951. 강동농협 버스정류소 앞(광채빌라),202606,947,865
강동구,4952.천호시장 버스정류소 옆,202606,1716,1738
강동구,4953. 세양청마루아파트 앞,202606,1735,1739
강동구,4954. 신명초등학교 건너편,202606,654,380
강동구,4956. 암사역사공원역 1번출구,202606,331,359
강동구,4957. 신명초교 교차로,202606,1458,1222
강동구,4958. 고덕래미안힐스테이트 아파트 211동,202606,735,365
강동구,4959. 암사역사공원역 3번출구,202606,293,389
강동구,4960.고덕비즈밸리 지식산업센터 A,202606,852,846
강동구,4962.고덕비즈밸리 디엠스퀘어 앞,202606,1082,1066
강동구,4964.암사역사공원역 1번출구 A,202606,2287,3596
강동구,4965.고덕비즈밸리 쿠쿠강동빌딩,202606,1428,1404
강동구,4968.강동구 자원순환센터,202606,158,154
강북구,"1501. 미아역 3번,4번 출구 사이",202606,1173,1166
강북구,1503. 강북구청사거리(수유역 8번출구),202606,2342,2374
강북구,1504. 삼양시장오거리,202606,235,235
강북구,1506. 강북문화예술회관,202606,1199,1174
강북구,1509. 서울북부수도사업소,202606,492,504
강북구,1510. 번동주공5단지 관리사무소 앞,202606,483,515
강북구,1512. 강북중학교 앞,202606,1921,1947
강북구,1514. 강북구청 사거리 버스정류소 앞,202606,1007,1002
강북구,1515. 송천동 주민센터,202606,473,469
강북구,1516. 우이동길마을마당,202606,692,583
강북구,1518. 수유2동은행빌딩 앞,202606,752,807
강북구,1519. 장미원시장 건너편,202606,577,541
강북구,1520. 수유중앙시장,202606,1200,1338
강북구,1525. 미아동 복합청사,202606,421,411
강북구,1526. 강북종합시장 앞,202606,1016,1062
강북구,1527. 미아역 1번 출구 뒤,202606,889,873
강북구,1528. 삼각산동 주민센터,202606,563,266
강북구,1529. 미아동 한국전력공사,202606,1354,1328
강북구,1530. 광산사거리,202606,1568,1634
강북구,1531. 미아사거리 1번 출구,202606,2246,2493
강북구,1532. 번3동 주민센터 교차로,202606,827,982
강북구,"1533. 번동 주공3, 4단지 교차로",202606,1041,1291
강북구,1535. 효성인텔리안 앞,202606,1856,1876
강북구,1536. 번동 두산위브 101동 옆,202606,799,739
강북구,1537. 북한산 우이역,202606,588,438
강북구,1538. 솔밭공원역,202606,183,182
강북구,1539. 4.19민주묘지역,202606,538,639
강북구,1540. 가오리역,202606,1075,1091
강북구,1541. 삼양역,202606,293,242
강북구,1542. 삼양사거리역,202606,366,366
강북구,1543. 수유1동 주민센터,202606,649,629
강북구,1546. 송천동우체국,202606,392,468
강북구,1547. 꿈의숲 롯데캐슬,202606,503,248
강북구,1548. 북서울 꿈의숲 서문,202606,613,333
강북구,1550.삼각산아이원아파트(105동 옆),202606,208,6
강북구,1551.4.19탑 앞,202606,810,551
강북구,1552. 강북구청사거리,202606,1426,1429
강북구,1553.서울북부고용노동지청,202606,993,960
강북구,1554.번동사거리,202606,629,611
강북구,1557.신창교,202606,1047,1081
강북구,1558.강북문화정보도서관,202606,308,209
강북구,1560. 도봉세무서 앞,202606,859,883
강북구,1564.4.19민주묘지역 1번출구,202606,810,931
강북구,1565.수유사거리,202606,1120,1124
강북구,1568.4.19민주묘지 입구사거리,202606,815,881
강북구,1569.수유역2번출구,202606,3043,3110
강북구,1571.북서울 꿈의 숲 입구,202606,507,481
강북구,1572. 우이동 먹거리마을,202606,132,88
강북구,1573.현대성우아파트 옆,202606,195,141
강북구,1574.송중초등학교 옆,202606,553,591
강북구,3703. 삼양입구사거리,202606,353,362
강북구,3707. 드래곤타워 앞,202606,820,832
강북구,3714. 송천센트레빌,202606,111,72
강북구,3718. 번동3단지 버스정류장,202606,883,1116
강북구,3724. 삼양동주민센터 앞,202606,400,298
강북구,3725. 강북 청소년 문화정보도서관 앞,202606,393,416
강북구,3726.삼양동사거리,202606,526,532
강서구,1101. 상사마을 버스정류장(아라대교방면),202606,219,253
강서구,1102. 방화사거리 마을버스 버스정류장,202606,2726,3093
강서구,1103. 방화역 4번출구앞,202606,3518,3271
강서구,1105. 방화근린공원,202606,609,405
강서구,1106. 신방화사거리,202606,3950,4251
강서구,1108. 공항시장역 2번출구 뒤,202606,1724,1715
강서구,1109. 공항시장역 4번출구,202606,781,778
강서구,1110. 공항중학교앞,202606,1448,1436
강서구,1111. 마곡엠밸리6_7단지 마곡중학교,202606,3155,2904
강서구,1112. 마곡엠밸리4단지 정문,202606,5012,4952
강서구,1113. 서남환경공원 버스정류장,202606,3788,3571
강서구,1117. 등촌5단지아파트 버스정류장,202606,4303,4318
강서구,1118. 증미역 3번출구뒤(등촌두산위브센티움오피스텔),202606,3866,4635
강서구,1119. 염창동 한마음아파트 앞,202606,1519,1482
강서구,1120. 대림경동아파트앞,202606,2564,2522
강서구,1121. 가양레포츠센터 앞,202606,1936,2045
강서구,1124. 발산역 6번 출구 뒤,202606,6752,6781
강서구,1126. 우장산역 1번출구옆(우장산아이파크105동앞),202606,2302,1591
강서구,1127. 화곡역 버스정류장,202606,1226,1223
강서구,1128. 화곡역 6번출구,202606,1660,1669
강서구,1129. 화곡역 1번 출구 앞,202606,1635,1631
강서구,1130. 화곡본동시장 버스정류장,202606,550,513
강서구,1132. 등촌역 7번출구,202606,2510,2737
강서구,1135. 강서구의회,202606,2633,2327
강서구,1136. 등촌2파출소,202606,683,360
강서구,1137. 등촌2동주민센터,202606,453,247
강서구,1139. 용문사 버스정류장,202606,898,819
강서구,1140. 목동사거리 버스정류장,202606,2716,2690
강서구,1141. 곰달래 문화복지센터 A,202606,1786,2006
강서구,1145. 곰달래 문화복지센터 B,202606,893,1043
강서구,1148. 볏골공원,202606,1253,1220
강서구,1149. 신방화역환승주차장,202606,4089,4054
강서구,1150. 송정역 1번출구,202606,3598,3682
강서구,1151. 마곡역1번출구,202606,5687,5838
강서구,1152. 마곡역교차로,202606,5086,5340
강서구,"1153. 발산역 1번, 9번 인근 대여소",202606,9777,9751
강서구,1155. 기쁜우리복지관,202606,3088,3025
강서구,1157. 강서구청,202606,4712,4953
강서구,1158. 가양역 8번출구,202606,5245,5432
강서구,1159. 서서울모터리움 앞,202606,759,735
강서구,1160. 양천향교역 7번출구앞,202606,6875,6852
강서구,1161. 강서면허시험장 앞,202606,502,341
강서구,1162. 공항초등학교건너편,202606,2844,2858
강서구,1163. 방화동강서기동대앞,202606,717,762
강서구,1165. 마곡중학교 후문,202606,1821,1201
강서구,1166. 강서구립등빛도서관,202606,6330,6162
강서구,1167. 마곡수명산파크3단지 교차로,202606,4756,4456
강서구,1168. 마곡엠밸리10단지 앞,202606,1969,1821
강서구,1169. 염창역 1번 출구,202606,2578,2913
강서구,1170. 강서구보건소,202606,1159,793
강서구,1171. 염창동 새마을금고 건너편,202606,1045,1078
강서구,1172. 가양3동 주민센터,202606,2153,2436
강서구,1173. 강서구청사거리(SH타워),202606,4465,4035
강서구,1174. 강서구청사거리(부민병원),202606,2186,2184
강서구,1175. 대한항공 인력개발센터,202606,1393,898
강서구,1177. 수명중․고교,202606,2750,2481
강서구,1178. 개화산역 2번 출구,202606,1125,1054
강서구,1180. 마곡엠밸리 15단지(1502동) 건너편,202606,3279,3241
강서구,1181. 농수산식품공사 (강서지사),202606,403,459
강서구,1182. KBS 스포츠월드,202606,4380,4372
강서구,1183. 강서대학교,202606,514,388
강서구,1184. 마곡13단지,202606,4648,4685
강서구,1185. 등촌9단지,202606,2216,2148
강서구,1186. 송정중학교,202606,1282,1398
강서구,1187. 강서수산물도매시장,202606,975,1102
강서구,1188. 롯데중앙연구소,202606,333,345
강서구,1190. 마곡역 교차로(2번출구),202606,5317,5312
강서구,"1191. 마곡역 버스정류장(마곡나루역1번출구, 웰튼병원 방면)",202606,4248,4230
강서구,1192. 마곡수명산파크 209동 건너편,202606,3510,2983
강서구,1193. 마곡센트럴타워 1차,202606,3277,3278
강서구,1195. 코오롱One&Only타워,202606,2633,2805
강서구,1196. 서울식물원(문화센터) 건너편,202606,1399,1421
강서구,1197. 엠펠리체 호텔 건너편,202606,2196,2203
강서구,1198. LG 사이언스파크,202606,3046,3017
강서구,1199. 우장산역 3번출구,202606,1522,1126
강서구,1200. 개화광역환승센터,202606,393,404
강서구,2701. 마곡나루역 5번출구 뒤편,202606,10453,10644
강서구,2702. 마곡 엠밸리2단지,202606,3850,3876
강서구,2703.서울도시가스 앞 ,202606,1357,1102
강서구,2704.홈플러스(강서점),202606,3451,3489
강서구,2706.강서공업고등학교 앞,202606,1154,1149
강서구,2707.한강아파트,202606,3353,3044
강서구,2708.강서한강자이타워 앞,202606,2968,2997
강서구,2709.강변아파트 310동 앞,202606,1404,1337
강서구,2710.라이품 공영주차장 앞,202606,1442,1182
강서구,2711.가로공원공영주차장 1번 출구,202606,1441,1460
강서구,2712.화곡터널입구교차로,202606,484,282
강서구,2713.우장초등학교 앞,202606,2413,2407
강서구,2715.마곡나루역 2번 출구 ,202606,16624,17229
강서구,2716.롯데 R&D 센터,202606,672,679
강서구,2717.LG유플러스 마곡사옥,202606,5580,6431
강서구,2718.마곡수명산파크1단지,202606,3508,3089
강서구,2719.마곡문화공원,202606,4471,4957
강서구,2720.힐스테이트에코,202606,3519,3501
강서구,2721.등촌1-10단지 교차로,202606,6529,6203
강서구,2723.마곡 필네이처,202606,4283,4368
강서구,2724.(재)FITI시험연구원,202606,2542,2152
강서구,2725.서울식물원 식물문화센터,202606,1539,1430
강서구,2727.서울식물원 잔디마당 앞,202606,2968,2983
강서구,2728.마곡나루역 3번 출구,202606,11718,11652
강서구,2729.넥센 유니버시티 앞,202606,2534,2630
강서구,2730.마곡메가박스 앞,202606,2604,2538
강서구,2731.명덕고교,202606,2137,2489
강서구,2732.마곡수명산 1-2단지 ,202606,2855,2398
강서구,2733.마곡13단지 정문 앞,202606,5471,5484
강서구,2737.까치산역 3번 출구,202606,1522,1759
강서구,2739.수명산파크1단지교차로,202606,5282,5318
강서구,2740.마곡레포츠센터,202606,1932,1950
강서구,2741.마곡수명산파크5-6단지,202606,2228,1893
강서구,2742.강서구민올림픽체육센터,202606,3063,3168
강서구,2744.강서세무서 앞,202606,2953,2917
강서구,2745.수명초등학교,202606,3364,3077
강서구,2746.수명산파크 4단지 411동 앞,202606,2343,2355
강서구,3753. 공항중학교 버스정류장,202606,1053,968
강서구,3754. 신방화역 8번출구,202606,2130,2020
강서구,3756. 마곡힐스테이트 정문,202606,2350,2160
강서구,3757. 신방화역 6번출구,202606,2362,2213
강서구,3758. 서울남부출입국관리소,202606,2576,1937
강서구,3759. 이대서울병원,202606,2454,2538
강서구,3760. 발산역 8번 출구,202606,2605,2629
강서구,3761. 나이아가라관광호텔,202606,666,683
강서구,3762. 마곡9단지 907동앞,202606,1569,1516
강서구,3763. 등촌태영아파트,202606,1349,1389
강서구,3764. 관문주유소(GS칼택스) 앞,202606,3893,3815
강서구,3765. 문소빌딩,202606,638,621
강서구,3766. 강서문화센터,202606,213,218
강서구,3767. 대원빌딩,202606,2163,2191
강서구,3770. 남부순환로 205,202606,706,597
강서구,3772. 길성그랑프리텔아파트,202606,3790,3631
강서구,3774. 마곡9단지 910동 상가앞,202606,1880,1895
강서구,3775. 가양오토갤러리,202606,1344,1340
강서구,3776. 김포공항사거리,202606,562,567
강서구,3778. 김포공항입구 교차로,202606,1966,1928
강서구,3780. 등촌서광아파트,202606,5124,5164
강서구,3781. 강서아동복지센터,202606,114,260
강서구,3782. 겸재정선미술관,202606,2877,2692
강서구,3783. 마곡금호어울림아파트,202606,1717,1664
강서구,3784. 벽산아파트,202606,3812,3639
강서구,3785. 마곡14단지 1408동앞,202606,2113,1934
강서구,3786. 강서힐스테이트 상가 앞,202606,995,809
강서구,3788. 정곡나들목,202606,1759,1873
강서구,3789. 염창나들목,202606,3913,4345
강서구,3792. 화곡본동시장 입구,202606,900,774
강서구,3793. 더리브골드타워,202606,1093,1109
강서구,3794. 안양천합수부(현대3차아파트),202606,2522,2468
강서구,3796. 송정역 3번출구 앞,202606,1945,1784
강서구,3797. 마곡수명산파크7단지 710동 앞,202606,863,802
강서구,3798. 그랜드아이파크아파트 앞,202606,6740,6838
강서구,3799. 국립항공박물관,202606,523,541
강서구,3801. 이랜드글로벌R&D센터,202606,1340,1387
강서구,5052. 마곡역 7번출구,202606,6262,6489
강서구,5053. 신마곡벽산블루밍메트로오피스텔앞,202606,2166,2550
강서구,5055. 마곡역5번출구앞,202606,2199,2211
강서구,5057. 마곡역4번출구,202606,2203,2247
강서구,5059. 화곡2동주민센터,202606,1151,1354
강서구,5061. 우장산동 가곡어린이공원앞,202606,4558,4746
강서구,5064. 양천향교역8번출구,202606,3062,3073
강서구,5065. 허준박물관삼거리,202606,2284,2278
강서구,5066. 아망떼마곡전시장,202606,2077,2619
강서구,5067. 주원 리젠트 앞,202606,1075,1098
강서구,5070. 마곡13단지힐스테이트마스터 후문(1320동 앞),202606,3441,3465
강서구,5072. 김포공항입구 교통섬,202606,597,611
강서구,5073. 우장산역 헤링턴타워 앞,202606,1599,1368
강서구,"5074. 마곡엠밸리14단지 버스정류장(마곡엠밸리11,12단지상가방면)",202606,4114,4081
강서구,5075. 등촌역 1번출구,202606,1685,1625
강서구,5076. 메이필드호텔앞,202606,1073,1037
강서구,5078. 왈도강서캠퍼스 앞,202606,1471,1449
강서구,5080. 가양역 1번출구,202606,4109,4570
강서구,5082. 가양역 7번출구,202606,6092,7364
강서구,5084. 강서우체국,202606,1987,1684
강서구,5086. 가양테크노타운,202606,2301,2478
강서구,5087. 연세강서빌딩,202606,2757,2744
강서구,5088. 등촌역 센터스퀘어,202606,1704,1559
강서구,5089. LG사이언스파크 E10동,202606,1997,1895
강서구,5090. 대상연구소,202606,1030,1043
강서구,5091. 보타닉파크타워2,202606,1730,1735
강서구,5095. 원당근린공원,202606,3497,3453
강서구,5096. LG사이언스파크 E14동,202606,4499,5870
강서구,5097. LG사이언스파크 E2동,202606,1839,1846
강서구,5098. LG사이언스파크 W4동,202606,1480,1485
강서구,5099. LG사이언스파크 E7동,202606,2183,2313
강서구,5100. 강서도로사업소,202606,349,372
강서구,6171. 월드빌딩 앞,202606,1438,1428
강서구,6172. 가양5단지아파트,202606,484,441
강서구,6173. 서울자동차운전전문학원,202606,362,374
강서구,6176. 유광사 여성병원 앞,202606,1228,878
강서구,6177. 마곡롯데캐슬르웨스트,202606,4185,4159
강서구,6178. 마스터밸류에이스 지식산업센터,202606,1171,1246
강서구,6180.양천향교역 3번출구,202606,1096,1081
강서구,6182.오스템임플란트비전타워,202606,1181,1434
강서구,6183.K스퀘어 마곡,202606,3459,3437
강서구,6184. 한강버스 마곡 선착장,202606,1725,1659
강서구,6185.가양나들목,202606,387,395
강서구,6187.마곡119안전센터 맞은편,202606,838,758
강서구,6188.금호아파트,202606,1879,1959
강서구,6189.데시앙플렉스 지식산업센터,202606,1364,1359
강서구,6190.마곡광장(마곡나루역 6번출구),202606,2316,2317
관악구,2102. 봉림교 교통섬,202606,6272,6489
관악구,2103. 신림동 우방아파트,202606,1185,1186
관악구,2104. 사당역 5번출구,202606,1122,1270
관악구,2105. 미성동 신림체육센터,202606,820,894
관악구,2106. 세이브마트,202606,1245,1622
관악구,2108. 은천치안센터,202606,1136,1174
관악구,2109. 은천로입구 가로공원,202606,2579,2548
관악구,2110. 조원동 미성아파트,202606,1530,1799
관악구,2111. 서울대입구역 1번출구,202606,950,966
관악구,2112. 서울대입구역 마에스트로,202606,777,798
관악구,2115. 관악구시설관리공단,202606,1477,1191
관악구,2116. 에이스에이존빌딩,202606,625,628
관악구,2119. 중앙동 동진빌딩,202606,801,775
관악구,2122. 낙성대로 입구,202606,453,488
관악구,2127. 난곡종점,202606,459,242
관악구,2128. 관악구청교차로,202606,461,454
관악구,2129. 낙성대 과학전시관,202606,307,164
관악구,2130. 영어마을 관악캠프,202606,173,98
관악구,2135. 신림역 5번출구,202606,2,3
관악구,2136. 신림역 8번출구,202606,3819,3842
관악구,2137. KT&G 관악지점,202606,73,68
관악구,2139. 서울신성초등학교,202606,527,531
관악구,2140. 신림1교 교차로,202606,1945,1979
관악구,2143. 서울산업정보학교,202606,247,234
관악구,2144. 난우길입구,202606,384,508
관악구,2145. 은천초등학교 육교,202606,795,798
관악구,2148. 낙성대역 3번출구 뒤,202606,654,648
관악구,2156. 신림푸르지오아파트,202606,756,709
관악구,2159. 인헌초교,202606,290,270
관악구,2164. 관악우체국,202606,768,767
관악구,2165. JK장평타워,202606,287,220
관악구,2167. 낙성대역 1번출구,202606,433,422
관악구,2169. 봉천역 2번출구,202606,1160,1293
관악구,2170. 조원동 강남힐병원,202606,958,1134
관악구,2171. 서울대입구역 5번출구,202606,1085,1105
관악구,2172. 나들목공원,202606,794,605
관악구,2173. 당곡사거리,202606,2496,2496
관악구,2174. 삼성디지털프라자관악점,202606,577,560
관악구,2175. 신림동걷고싶은문화의거리입구,202606,1039,1033
관악구,2176. 보라매공원 보도육교,202606,3866,4174
관악구,2178. 서울대학교 정문,202606,746,465
관악구,2179. 양녕로 입구,202606,983,989
관악구,2184. 구암초등학교 버스정류장,202606,247,72
관악구,2185. 대학동 고시촌,202606,1216,1202
관악구,2186. 낙성대입구삼거리,202606,421,376
관악구,2187. 현대시장사거리,202606,1173,876
관악구,2189. 봉천역 4번출구,202606,1167,1326
관악구,2190.도원맨션,202606,487,489
관악구,2191.대학동주민센터 ,202606,1225,1201
관악구,2195.은천교회,202606,927,925
관악구,2196. 봉천역 3번출구,202606,576,588
관악구,2198.사랑의병원,202606,409,412
관악구,2199.신봉천주유소 A,202606,161,155
관악구,3310.영락고등학교,202606,316,119
관악구,3311.서울대입구역 4번 출구,202606,990,992
관악구,3802. 관악구민체육센터,202606,280,284
관악구,3803. 남서울중학교,202606,943,964
관악구,3804. 낙성대공원,202606,210,170
관악구,3806. 낙성대 교수아파트,202606,239,96
관악구,3807. 관악우체국 교차로,202606,542,527
관악구,3811.신사로입구,202606,1721,1680
관악구,3812. KT관악지점,202606,987,994
관악구,3813. 낙성대역 5번출구,202606,294,288
관악구,3814. 난곡사거리 ,202606,1358,1514
관악구,3815. 광일빌딩,202606,862,858
관악구,3816. 관악 GSfresh,202606,1038,736
관악구,3818. 은천교회 앞,202606,1189,1202
관악구,3819. 서울대벤처타운역,202606,2740,2815
관악구,3820. 은천삼거리,202606,539,387
광진구,3500. 군자역2번출구,202606,3059,3068
광진구,3501. K&S빌딩 앞,202606,1863,1751
광진구,3502. 중곡역 1번출구,202606,1375,1321
광진구,3503. 광진유진스웰,202606,303,76
광진구,3504. 원일교회,202606,2772,2480
광진구,3505. 신양초교앞 교차로,202606,1013,998
광진구,3506. 영동대교 북단,202606,1668,1682
광진구,3507. 어린이회관,202606,1512,965
광진구,3508. 화양사거리,202606,1112,983
광진구,3509. 세종사이버대학교,202606,3496,3584
광진구,3510. 중곡SK아파트앞,202606,801,638
광진구,3516. 구의아리수정수센터앞,202606,987,845
광진구,3517. 용마사거리,202606,1928,2290
광진구,3518. 군자역 7번출구뒤,202606,5594,5708
광진구,3521. 현대홈타운 뒷길,202606,481,361
광진구,3523. 건국대학교 과학관(이과대) 앞,202606,816,825
광진구,3528. 광진정보도서관,202606,1409,1754
광진구,3529. 어린이대공원정문,202606,1062,807
광진구,3533. 건대입구역 사거리(롯데백화점),202606,6669,7213
광진구,3534. 건대입구역 5번출구 뒤,202606,5730,5802
광진구,3536. 중앙농협(자양동),202606,2895,3100
광진구,3537. 아차산 휴먼시아 아파트 옆,202606,568,250
광진구,3542. 래미안 구의파크 스위트,202606,3038,3119
광진구,3543. 세종대학교(학술정보원),202606,1135,1143
광진구,3563.구의7단지현대아파트,202606,229,231
광진구,3566.우성4차아파트,202606,2143,2062
광진구,3569.건대병원후문,202606,4819,4936
광진구,3570.구의역 리버비스타 오피스텔,202606,3033,3034
광진구,3571.화양 APT(횡단보도 옆),202606,4189,4107
광진구,3573.광나루안전체험관,202606,1637,1540
광진구,3575. 자양사거리(서원빌딩),202606,4247,4276
광진구,3579.광진 캠퍼스시티,202606,2991,2769
광진구,3581.광진광장,202606,2855,2587
광진구,3582.화양동 우체국,202606,3043,2809
광진구,3586.군자역 비채온 오피스텔,202606,2300,2338
광진구,3587.우성식품 앞,202606,1064,1010
광진구,3588.세종대학교(영실관),202606,855,852
광진구,3853. 어린이대공원역 2번출구,202606,1664,1203
광진구,3860. 건국대학교 정문 앞,202606,1724,1443
광진구,3863. 동일로58길 입구,202606,1495,1265
광진구,3864. 광진소방서 앞,202606,1996,1641
광진구,3865. 이튼타워리버 2차,202606,1891,1885
광진구,3868. 자양한강도서관,202606,3001,3104
광진구,3873. 동서울우편집중국 앞,202606,1243,1195
광진구,3878. 장로회신학대학교 주기철 기념관,202606,76,57
광진구,3879. 중랑천 뚝방길 산책로 입구,202606,1498,1706
광진구,3880. 홍련봉 공원,202606,716,378
광진구,3881. 신자초교입구 교차로,202606,4211,4230
광진구,3882. 자양2동 주민센터,202606,2347,2413
광진구,3886.광진구 민방위교육센터,202606,2169,2005
광진구,3890. 웰츠타워 오피스텔,202606,2723,2750
광진구,3894. 노룬산시장 앞,202606,2305,2309
광진구,3899. 아차산역 2번출구,202606,1640,1595
광진구,3900. 건국대학교 신공학관,202606,1752,2182
광진구,500. 어린이대공원역 3번출구 앞,202606,1970,1892
광진구,501. 광진문화예술회관 앞,202606,2597,2239
광진구,502. 자양(뚝섬한강공원)역 1번출구 앞,202606,7796,8737
광진구,505. 자양사거리 광진아크로텔 앞,202606,2589,2457
광진구,515. 광양중학교 앞,202606,770,653
광진구,5151.진넥스베르디엠 앞,202606,1632,1718
광진구,5152.이스트폴 105동 방면 입구,202606,902,664
광진구,5153.한강버스 뚝섬 선착장,202606,7843,7404
광진구,5154.광진구청 앞,202606,2627,2686
광진구,5155.광진경찰서 앞,202606,2860,2882
광진구,516. 광진메디칼 앞,202606,2024,1967
광진구,539. 군자교교차로,202606,2078,2077
광진구,540. 군자역 7번출구 베스트샵 앞,202606,2589,2581
광진구,542. 강변역 4번출구 뒤,202606,1680,1743
광진구,543. 구의공원(테크노마트 앞),202606,2763,3026
광진구,544. 광남중학교,202606,1219,1315
광진구,546. 잠실대교북단 교차로,202606,1971,1969
광진구,548. 자양나들목,202606,2871,2851
광진구,549. 아차산역 3번출구,202606,2539,2413
광진구,551. 구의삼성쉐르빌 앞,202606,2443,2483
광진구,552. 대림아크로리버 앞,202606,1089,1039
광진구,553. 중곡 성원아파트 앞,202606,1159,1208
광진구,555. 구의3동주민센터,202606,704,625
광진구,571. 세종대학교 대양AI센터,202606,1715,1713
광진구,573. 구의문주차장 앞,202606,2388,2392
광진구,574. 아차산역4번출구,202606,2821,1625
광진구,575. 대원중고교 입구(대하빌딩),202606,599,541
광진구,576. 광나루역 3번 출구,202606,2721,2877
광진구,577. 광진청소년수련관,202606,1799,1921
광진구,584. 광진광장 교통섬,202606,4199,3573
광진구,588. 뚝섬 유원지역,202606,2284,2292
광진구,590. 건국대학교 (입학정보관),202606,2215,2206
광진구,591. 건국대학교 (행정관),202606,822,820
광진구,592. 건국대학교 학생회관,202606,2903,3211
광진구,593.자양중앙나들목,202606,2320,2470
구로구,1901. 신도림동주민센터 앞,202606,2673,2664
구로구,1904. 도림천역 1번 출구 앞,202606,2792,2818
구로구,1906. 신도림역 1번 출구 앞,202606,5680,5667
구로구,1907. 구일우성(아) 육교 밑,202606,1739,1670
구로구,1908. 해원리바파크 육교 밑,202606,3536,3483
구로구,1910. 낙원교회 맞은편,202606,588,447
구로구,1911. 구로디지털단지역 앞,202606,7058,7145
구로구,1912. 한신휴아파트 앞,202606,2601,2591
구로구,1914. 대림역4번출구,202606,3300,3288
구로구,1916. 구로중학교앞,202606,1007,1080
구로구,1920. 서울미래초등학교 사거리,202606,1794,1550
구로구,1924. 삼부르네상스파크빌,202606,1709,726
구로구,1925. 동양미래대학교 정문 옆,202606,4962,4879
구로구,1928. 고척스카이돔구장 광장,202606,1770,1739
구로구,1929. 고척근린공원 고척도서관 앞,202606,1674,1299
구로구,1930. 개봉지구대 개봉치안센터,202606,993,1010
구로구,1931. 개봉역2번출구 A,202606,1694,2178
구로구,1933. 개봉푸르지오아파트 상가,202606,2141,2466
구로구,1936. 개봉역 1번 출구 자전거보관서쪽,202606,692,962
구로구,1937. 한진아파트 입구,202606,1355,1290
구로구,1941. 오류동역 2번출구,202606,1106,1562
구로구,1943. 온수역 북측,202606,387,315
구로구,1946. 구로역 광장,202606,3404,3489
구로구,1951. 천왕이펜하우스 4단지 후문,202606,344,124
구로구,1952. 천왕연지타운2단지 앞,202606,1633,2150
구로구,1953. 천왕역 4번출구 뒤,202606,1074,658
구로구,1955. 디지털입구 교차로,202606,2591,2654
구로구,1956. 동아1차APT105동 버스정류장(신도림중학교 방면),202606,2412,2469
구로구,1957. 구일고등학교 정문 ,202606,2619,2704
구로구,1958. 강서수도사업소민원센터,202606,1911,2092
구로구,1959. 구로구의회 앞,202606,2187,2373
구로구,1960. 구로거리공원 동측(신도림역 방면),202606,1300,1166
구로구,1962. 가리봉동주민센터,202606,1974,1893
구로구,1964. 원메디타운 앞,202606,3066,3177
구로구,1965. 삼환로즈빌아파트 105동 옆,202606,1218,1125
구로구,1966. 한마을아파트 정문상가,202606,2096,2195
구로구,1967. 참새공원(백곡경노당),202606,521,506
구로구,1969. 궁동생태공원,202606,150,123
구로구,1971. 오정초교 앞 보도육교,202606,219,172
구로구,1973. 오리로와 서해안도로 교차로 앞,202606,573,457
구로구,1974. 신도림2차e편한세상아파트 203동 앞,202606,1356,1257
구로구,1975. 대림역 1번 출입구 밑,202606,2121,2028
구로구,1976. 남구로역 5번 출입구 앞,202606,1109,568
구로구,1977. 천왕역 1번 출입구 앞,202606,2164,1783
구로구,1979. 구로1동우체국 앞,202606,445,357
구로구,1981. 천왕지구삼거리 앞,202606,784,1189
구로구,1983. 구로동롯데아파트,202606,1246,1135
구로구,1985. 구로도서관,202606,4346,4184
구로구,1986. 태평양물산,202606,3157,3705
구로구,1987. 개봉아이파크아파트 앞,202606,1686,1961
구로구,1988. 고척LIGA아파트 앞,202606,2478,2552
구로구,1991. 오류동역 맞은편,202606,1567,1950
구로구,1992. 구로구배드민턴실내체육관 앞,202606,423,478
구로구,1993. 금강수목원아파트 앞,202606,776,704
구로구,1994. 삼성전자 물류센터 앞,202606,2041,2048
구로구,1996. 구일역 1번 출입구 앞,202606,2375,2388
구로구,1998. 고척교 교차로,202606,741,506
구로구,1999. 수궁동 성당 주변,202606,556,538
구로구,2000. 신도림4차 e편한세상 아파트 1109동 앞,202606,2165,1874
구로구,2801. 대륭포스트타워1차,202606,2073,2112
구로구,2804.항동지구 6단지 602동 앞,202606,197,264
구로구,2805.구로자원순환센터 ,202606,127,88
구로구,2806.항동지구 4단지 입구,202606,187,139
구로구,2807.항동지구 1단지 105동 앞,202606,199,209
구로구,2808.항동지구 2단지 202동 앞,202606,182,164
구로구,2809.항동지구 11단지 1103동 앞,202606,110,199
구로구,2810.항동지구 3단지 311동 앞,202606,92,106
구로구,2812.항동프라자,202606,346,366
구로구,2813.항동지구 3단지 302동 앞,202606,97,83
구로구,2814.항동지구 10단지 1001동 앞,202606,151,138
구로구,2815.항동지구 7단지 정문,202606,471,445
구로구,2816.항동지구 8단지 803동옆(주차장입구),202606,82,41
구로구,2817.천왕이펜하우스5단지 앞,202606,357,217
구로구,2818.천왕이펜하우스3단지 앞,202606,518,97
구로구,2819.하늘숲초등학교 앞,202606,910,1466
구로구,2820.신세기아파트 앞,202606,906,858
구로구,2821.청구아파트 앞,202606,1581,1466
구로구,2822.제니스스포츠 앞,202606,634,609
구로구,2823.중앙유통단지 앞,202606,1122,1114
구로구,2824.미래사랑어린이공원 앞,202606,4107,4115
구로구,2825.초롱타운 앞,202606,567,547
구로구,2826.가마산지하보도 옆,202606,542,576
구로구,3902. 항동지구5단지 501동 앞,202606,231,285
구로구,3903. 현대아파트 앞,202606,951,996
구로구,3904. 테크노마트 앞,202606,2889,2866
구로구,3905. 희훈타워빌 앞,202606,2348,2263
구로구,3906. 천왕차량사업소 입구,202606,659,995
구로구,3907. 신도림7차e편한세상아파트 806동 앞,202606,1601,1382
구로구,3908. 오류동 다숲오피스텔 앞,202606,1251,1456
구로구,3910. 목양전원교회 앞 로터리,202606,354,375
구로구,3911. 항동하버리안2단지아파트 후문,202606,178,228
구로구,3912. 삼호아파트 앞,202606,916,899
구로구,3914. 신도림쌍용플래티넘노블아파트 앞,202606,2223,2066
구로구,3915. 동선아파트 앞,202606,260,279
구로구,3918. 이좋은집오피스텔 앞,202606,719,1011
구로구,3919. 구로역·NC신구로점 버스정류장(구로역 방면),202606,1956,1907
구로구,3920. 개봉역2번출구 B,202606,519,520
구로구,3922. 서울남부교정시설 앞,202606,656,686
구로구,3923. 구로공구상가 앞,202606,402,407
구로구,3924. 오류동 계림웨스트밸리 앞,202606,212,190
구로구,3925. 중앙유통단지 앞 B,202606,1276,1475
구로구,3927. 구로월드아파트 앞,202606,1730,2177
구로구,3928.고척아이파크아파트 106동 앞,202606,1571,1626
구로구,3929. 고척아이파크아파트 205동 앞,202606,2057,1860
구로구,3930. 온수역 2번 출구 앞,202606,634,580
구로구,3931. 천왕역 3번 출구 뒤,202606,1236,806
구로구,3932. 개봉센트레빌레우스아파트 앞,202606,467,449
구로구,3933. 오류동부골든아파트 후문 옆,202606,583,54
구로구,3934. 철도교통관제센터 정문 앞,202606,2270,2433
구로구,3935. 고대구로병원 앞,202606,1545,1519
구로구,3936. 힐스테이트 신도림역,202606,2895,2669
구로구,3937. 개봉역 신영지웰에스테이트,202606,119,104
구로구,3939.신도림역 3번출구,202606,7102,8201
구로구,3940.삼각어린이공원 앞,202606,1434,1263
금천구,1804. 독산역 2번출구 자전거주차장,202606,1626,1696
금천구,1805. 서울디지털운동장 앞,202606,1377,1369
금천구,1806. 에이스하이엔드타워9차 앞,202606,942,943
금천구,1808. 에이스하이엔드타워8차 앞,202606,1356,1472
금천구,1809. LG전자 별관동(호서대 벤처타워 맞은편),202606,1278,1410
금천구,1812. 갑을그레이트밸리 앞,202606,592,770
금천구,1814. 두산위브아파트 옆 상가건물 앞,202606,1289,1144
금천구,1819. 금천구청 앞 자전거거치대,202606,322,336
금천구,1820. 신한은행 시흥대로금융센터지점,202606,282,363
금천구,1821. 홈플러스 시흥점 맞은편 다비치안경 앞,202606,670,801
금천구,1823. W컨템포오피스텔앞,202606,277,140
금천구,1824. 독산근린공원 입구,202606,1523,1546
금천구,1825. 한신아파트 앞 육교 아래,202606,727,777
금천구,1826. 한신코아 앞,202606,391,457
금천구,1827. 독산보도육교 앞 자전거 보관소,202606,1848,1944
금천구,1828. 독산동 한양수자인아파트 앞,202606,1013,441
금천구,1829. 홈플러스 금천점 앞,202606,797,853
금천구,1830. 빅마켓 금천점 앞,202606,1746,1797
금천구,1831. 한국전력 구로금천지사 앞,202606,522,526
금천구,1833. 독산역 1번출구 A,202606,960,985
금천구,1834. 월드메르디앙 벤처센터 2차,202606,1386,1546
금천구,1835. STX V타워,202606,655,647
금천구,1836. 금천구립 독산도서관,202606,225,103
금천구,1839. 수출의 다리 아래,202606,773,804
금천구,1840. 솔브레인이엔지 뒤편,202606,609,725
금천구,1841. 가산동 주민센터,202606,1767,1671
금천구,1842. 한울중학교,202606,397,118
금천구,1843. 독산고등학교,202606,493,345
금천구,1846. 롯데캐슬골드파크1차 동문,202606,1413,1394
금천구,1847. 독산주공 14단지 버스정류소,202606,315,343
금천구,1848. 벽산 디지털밸리 5차,202606,1366,1560
금천구,1849. 대륭포스트타워5차,202606,601,675
금천구,1850. 코오롱테크노밸리,202606,340,357
금천구,1851. 가산디지털단지 9번출구 인근,202606,2174,2135
금천구,1853. 청년취업사관학교앞,202606,536,516
금천구,1854. 가산아네스트 오피스텔 앞,202606,925,389
금천구,1855. 성지아파트 옆 도로변,202606,174,245
금천구,1856. 모두의학교,202606,639,573
금천구,1857. 주공14단지,202606,367,348
금천구,"1858. 500번,507번 버스 종점 앞",202606,304,316
금천구,1859. 대륭테크노타운 18차,202606,572,633
금천구,1861.IBK기업은행 석수역 지점 앞,202606,191,188
금천구,1862.MD호텔 앞,202606,907,794
금천구,1863.위너스 스포츠클럽 골프연습장옆,202606,368,327
금천구,1864.산호시티빌 옆,202606,379,205
금천구,1865.금천구청앞(M빌딩),202606,373,384
금천구,1866.서울안천초등학교 옆,202606,231,216
금천구,1867.대륭포스트타워6차 앞,202606,5168,6330
금천구,1868.우리은행 시흥남자동화점 앞,202606,433,339
금천구,1869.롯데캐슬골드파크3차 301동 앞,202606,940,901
금천구,1870.독산3동주민센터 앞,202606,716,292
금천구,3956. 대륭테크노타운21차 앞,202606,915,904
금천구,3958. 롯데캐슬2차 마을버스 정류장(18804) 뒤편,202606,390,444
금천구,3959. 시흥사거리(시흥동 994-3 앞),202606,1116,1198
금천구,3963. 에이스 하드웨어(시흥대로 396) 앞,202606,901,986
금천구,3966. 독산역1번출구 B,202606,2224,2509
금천구,3967. 혜명양로원 담장 옆(2),202606,442,304
금천구,3969. 독산역 롯데캐슬 104동 앞,202606,1197,1131
금천구,3970. 시흥4동주민센터 앞,202606,213,224
금천구,3971. 순흥안씨묘 건너편,202606,49,26
금천구,3973. 독산2동주민센터 앞,202606,357,173
금천구,3974.  안천중학교,202606,309,331
금천구,3975.현대시티아울렛 가산,202606,1857,1980
금천구,3980. 금천현대홈타운 후문 서부샛길,202606,1241,1159
금천구,3983. 금천구청역 1번 출구,202606,1381,1752
금천구,3984. 가산롯데아이티캐슬,202606,1473,1509
금천구,3985. 디폴리스 지식산업센터,202606,982,986
금천구,3986.청년주택 독산동점,202606,819,775
금천구,3987. LG전자가산A와 가산테라타워 사이,202606,1070,1052
금천구,3988. 엘아르베뉴 102동 앞,202606,1146,1143
금천구,3989.가산디지털단지역 9번출구 앞,202606,1960,1785
노원구,1601. 석계역 문화광장 내 자전거 보관소,202606,4500,4841
노원구,1602. 광운대역 앞,202606,1881,2009
노원구,1605. 헬스케어,202606,1460,1566
노원구,1606. 태릉입구역 3번출구 ,202606,1522,1507
노원구,1608. 공릉역 1번 출구 앞,202606,4123,4447
노원구,1610. 화랑대역 2번출구 앞,202606,2372,2468
노원구,1611. 과기대 입구(우),202606,3210,3296
노원구,1616. 하계2동 공항버스정류장 옆,202606,749,759
노원구,1617. 하계동 중평어린이공원 앞,202606,3314,3438
노원구,1619. 중계동 하나프라자빌딩 앞(중1-1),202606,2012,1990
노원구,1625. 상계역 3번출구,202606,4874,4813
노원구,1627. 수락산역 4번출구,202606,1335,1327
노원구,1628. 노일초등학교 앞,202606,811,765
노원구,1630. 수연빌딩 앞,202606,1175,1169
노원구,1634. 당고개공원 대여소,202606,444,441
노원구,"1635. 상계3,4동 주민센터 대여소",202606,238,209
노원구,1636. 상계주공2단지 버스정류장 옆,202606,2432,2388
노원구,1637. KT 전화국 버스정류장 옆,202606,3863,3916
노원구,1639. 희성오피앙,202606,1149,1188
노원구,1640. 한내근린공원 북측,202606,1437,1511
노원구,1641. 한내근린공원 남측,202606,951,1042
노원구,1642. 서울여대 남문,202606,691,581
노원구,1643. 태릉입구역 8번출구,202606,2376,2389
노원구,1646. 삼육대 입구,202606,376,334
노원구,1650. 중계근린공원내,202606,3961,4017
노원구,1651. 상계동 우방유쉘아파트 앞,202606,1331,1315
노원구,1652. 파르코 앞,202606,500,525
노원구,1653. 노원역1번출구,202606,3547,3534
노원구,1654. 당고개입구 오거리,202606,715,716
노원구,1655. 공릉1단지아파트,202606,3318,3312
노원구,1656. 중앙하이츠 아파트 입구,202606,2630,2638
노원구,1657. 노원구청 ,202606,2612,2643
노원구,1659. 중계동 을지중학교,202606,57,56
노원구,1660. 서울시립과학관,202606,433,355
노원구,1661. 당현천근린공원,202606,2046,1973
노원구,1662. 노원역7번출구,202606,3052,3243
노원구,1663. 동해문화예술관앞,202606,2367,2370
노원구,1664. 노해근린공원내,202606,1838,1773
노원구,1665. 양지근린공원앞,202606,1235,1019
노원구,1666. 노원소방서인근,202606,652,582
노원구,1667. 중계중학교,202606,2023,1793
노원구,1668. 중계역 6번출구,202606,3364,3526
노원구,1669. 중계역 3번출구,202606,2488,2518
노원구,1670. 노원경찰서교차로,202606,1403,1383
노원구,1671. 인덕대학교,202606,867,990
노원구,1672. 상계동수락리버시티,202606,760,798
노원구,1674. 서울북부고용센터앞,202606,3518,3521
노원구,1675. 월계문화체육센터,202606,363,254
노원구,1677. 육군사관학교  앞,202606,1577,1711
노원구,1679. 삼육대 도서관,202606,399,293
노원구,1680. 삼육대 제3과학관,202606,40,28
노원구,1681. 현대6차 아파트,202606,1249,1022
노원구,1682. 중계종합사회복지관 교차로,202606,570,561
노원구,1683. 노원문화예술회관,202606,1840,1833
노원구,1684. 태릉입구역 5번출구,202606,4137,4228
노원구,1685. 불암고등학교 앞 횡단보도,202606,1381,1381
노원구,1686. 상계주공10단지 종합상가 앞,202606,2080,2071
노원구,1688. 마들역 7번출구,202606,2767,2764
노원구,1689. 마들역 3번출구,202606,2006,2001
노원구,1690. 도봉운전면허시험장 버스정류장 옆,202606,1208,1194
노원구,1691. 노원정보도서관,202606,1791,1768
노원구,1692. 온곡초교 교차로,202606,1883,1525
노원구,1693. 원자력 병원,202606,428,244
노원구,1696.수락리버시티4단지,202606,600,626
노원구,1697.상계주공2단지 219동,202606,1892,1894
노원구,2901.공릉동풍림아파트 101동,202606,1693,1720
노원구,2902.공릉풍림아파트 108동,202606,1514,1552
노원구,2903.월계초안아파트 1단지,202606,582,573
노원구,2904.중계3차청구아파트,202606,1475,1438
노원구,2907. 월계중학교,202606,504,113
노원구,2908. 광운대학교 중앙도서관,202606,1957,1953
노원구,2909. 석계역 3번 출구,202606,1874,1954
노원구,2910.도깨비시장,202606,1879,1901
노원구,2911.상계역중앙시장,202606,1284,1270
노원구,2912.대진고등학교,202606,885,730
노원구,2913.상계8동 주민센터,202606,2295,2383
노원구,2914.서울과학기술대학교(미래관),202606,1225,1313
노원구,2915.서울과학기술대학교(어학교육원),202606,2314,1748
노원구,2917.신창중학교 후문 맞은편 버스정류장,202606,1729,1924
노원구,2919.등나무 근린공원(시립북서울미술관 앞) ,202606,3433,3494
노원구,2920.상계중학교(당현2교사거리),202606,1105,1096
노원구,2921.중계역 2번출구,202606,2644,2862
노원구,4002. 상계주공 14단지 상가 앞,202606,1098,1131
노원구,4004. 당고개입구오거리 당현천변,202606,1443,1444
노원구,4005. 중계2차 한화꿈에그린 101동 인근,202606,1149,1119
노원구,4007. 노원 을지대학교 병원,202606,2051,2185
노원구,4008. 하계 어린이 공원,202606,880,860
노원구,4009. 월계프라자,202606,611,188
노원구,4011. 월계 센트럴 아이파크,202606,1304,1819
노원구,4013. 중계 롯데마트,202606,2099,1983
노원구,4014. 불암산역 3번 출구,202606,710,663
노원구,4016. 노원 마들스타디움,202606,1454,1415
노원구,4017. 월계 청백1단지 아파트 정류장,202606,544,207
노원구,4018. 상계주공15단지 버스정류소,202606,1141,1154
노원구,4019. 상계주공10단지 버스정류소,202606,1549,1538
노원구,4020. 중계동 성모빌딩 앞 ,202606,1640,1628
노원구,4021. 중계본동 입구,202606,208,108
노원구,4023. 월계역 1번 출구,202606,1084,1292
노원구,4024. 꿈의숲 SK뷰 아파트,202606,1863,1764
노원구,4025. 한천교 동편,202606,1204,1313
노원구,4026. 상계주공1단지아파트,202606,2608,2570
노원구,4027. 한내 행복발전소 옆,202606,2331,2393
노원구,4028. 한일유앤아이아파트 105동 인근,202606,1252,1172
노원구,4029. 청소년수련관 후문,202606,3873,3894
노원구,4031. 청암예술학교 앞,202606,2006,1968
노원구,4032. 불암주유소 앞,202606,1500,1493
노원구,4033. 녹천역 4번 출구 옆,202606,532,640
노원구,4035. 휴플러스 수락한신아파트 101동 앞,202606,814,679
노원구,4036. 하계역 6번출구,202606,1907,2098
노원구,4037. 물넘이교,202606,3162,3135
노원구,4039. 서울시 북부여성발전센터,202606,1156,1116
노원구,4040. 공릉로 26길,202606,908,942
노원구,4041. 공릉역3번출구,202606,2442,2661
노원구,4042. 상계문화정보도서관,202606,1213,1215
노원구,4043. 상계주공13단지 1301동,202606,462,333
노원구,4044. 공릉산 백세문 입구,202606,144,143
노원구,4045. 은하수 공원,202606,767,804
노원구,5301. 상계주공1단지 버스정류장 옆(대원빌딩 앞),202606,2403,2365
노원구,5305. 대륜E&S 서울지사 앞,202606,614,589
노원구,5308. 상계신동아아파트,202606,34,33
노원구,5309. 월계 롯데캐슬아파트 뒤,202606,1322,1320
노원구,5310. 목련아파트,202606,1000,965
노원구,5311. 주공601동 상가 노원지하보도 앞,202606,2594,2614
노원구,5313. 중계주공2단지 앞,202606,832,835
노원구,5314. 월계1동주민센터 앞,202606,1120,1186
노원구,5315. 불암산역 앞,202606,358,334
노원구,5317. 공릉동 신도1차 아파트 뒤,202606,1301,1506
노원구,5318. 극동의 푸른별 아파트 뒤(중계4동주민센터 앞),202606,815,768
노원구,5319. 연해피빌 앞,202606,1732,1913
노원구,5320. 국제 스케이트장,202606,88,42
노원구,5321.불암아파트 앞,202606,750,742
노원구,5322.노원성당 앞,202606,865,866
노원구,5323. 하계역 4번출구 앞,202606,1506,1531
노원구,5325.상계주공7단지 아파트 앞,202606,1250,1046
노원구,5326. 대진고교앞 교차로,202606,1469,1467
노원구,5327. 태릉선수촌 앞,202606,70,38
노원구,5328.롯데캐슬시그니처아파트 앞,202606,974,810
노원구,5329. 상계주공15단지 1509동 앞,202606,1147,1126
노원구,5330. 구립수락노인종합복지관,202606,1085,1119
노원구,5331. 공릉동 풍림아파트 112동 앞,202606,311,313
노원구,5332. 마들역 4번출구,202606,1293,1290
노원구,5333. 노원역9번-10번 출구 앞,202606,3520,4017
노원구,5334. 화랑대역 3번출구,202606,333,316
노원구,5335. 하계역 1번 출구,202606,979,921
노원구,5336. 월계 고등학교 앞,202606,491,400
노원구,5337. 태강릉 앞,202606,103,82
노원구,5338. 상계초교 입구 교차로,202606,1374,1367
노원구,5339. 은빛1단지 아파트 앞,202606,263,262
노원구,5341.공릉동효성아파트 앞,202606,1342,1304
노원구,5342. 상계공원 입구,202606,998,1098
도봉구,1702. 녹천역 1번출구 앞,202606,893,1010
도봉구,1703. 도봉산광역환승센터앞 ,202606,343,302
도봉구,1705. 도봉구청 정문앞,202606,1969,1994
도봉구,1706. 방학동우체국 건너편,202606,1156,1174
도봉구,1707. 도봉구민회관,202606,1364,1278
도봉구,1708. 도봉보건소사거리,202606,2108,2156
도봉구,1709. 쌍문역4번출구 주변,202606,1252,1126
도봉구,1713. 쌍문동 이안아파트 앞,202606,845,208
도봉구,1714. 도봉문화정보도서관 삼거리,202606,460,104
도봉구,1715. 서울특별시교육청도봉도서관,202606,883,840
도봉구,1716. 창동역 1번출구 건너편,202606,2349,2625
도봉구,1719. 신도봉사거리 버스정류장,202606,818,925
도봉구,1720. 도봉구청 옆(중랑천변),202606,2499,2495
도봉구,1722. 창동청소년수련관,202606,1228,1158
도봉구,1725. 창1동주민센터,202606,491,549
도봉구,1726. 삼익세라믹아파트교차로,202606,1398,1385
도봉구,1727. 서울도봉초등학교인근,202606,769,742
도봉구,1728. 서울북부지방법원,202606,352,328
도봉구,1729. 도봉한신아파트 버스정류장,202606,1408,1441
도봉구,1730. 도봉산역 교차로 앞,202606,170,221
도봉구,1731. 도봉고등학교 맞은편,202606,262,135
도봉구,1732. 방학역사거리,202606,813,853
도봉구,1733. 방학사거리 (봄마당 앞),202606,579,625
도봉구,1734. 쌍문현대1차아파트 108동 앞,202606,884,717
도봉구,"1735. 도봉역 1,2번 출구사이 건너편",202606,1097,1118
도봉구,1736. 버스정류장 앞,202606,680,647
도봉구,1737. 신창시장,202606,1951,2211
도봉구,1738. 창동주공17단지 상가앞,202606,1710,1867
도봉구,1741. 제일강산수산입구,202606,1363,1089
도봉구,1742. 북한산 코오롱 하늘채,202606,1806,1854
도봉구,1743.창동19단지아파트 관리사무소앞,202606,1112,1100
도봉구,1744.도봉소방서 옆,202606,1868,1909
도봉구,1749. ESA아파트 상가 앞,202606,1438,1459
도봉구,1750. 창포원 남쪽 입구,202606,987,1054
도봉구,1751. 창원초등학교 교차로,202606,746,747
도봉구,1752. 창동 주공 4단지 입구 옆,202606,837,971
도봉구,1754. 창동시장입구 사거리,202606,992,856
도봉구,1756.서울북부광역등기국,202606,337,328
도봉구,1757.솔밭공원역 1번출구 앞,202606,464,415
도봉구,1758.솔밭공원역 1번출구 주변,202606,676,649
도봉구,1759.서울북부지방법원 앞,202606,742,746
도봉구,1761.방학중학교 앞,202606,478,322
도봉구,1762.북한산 한신휴플러스APT앞,202606,2071,1785
도봉구,1765.쌍문역 1번출구 주변,202606,1140,999
도봉구,1767.방학초등학교 앞,202606,1390,1762
도봉구,1768.신동아타워 버스정류소,202606,979,1018
도봉구,1770.도봉한신아파트 주변,202606,1528,1549
도봉구,1771.성원APT버스정류소,202606,1162,625
도봉구,1772.시립도봉노인복지관 버스정류소,202606,833,794
도봉구,1774.정의여중고 버스정류소,202606,567,560
도봉구,1775.신원리베르텔 앞,202606,1136,1148
도봉구,4054. 창동한신아파트 버스정류소,202606,921,533
도봉구,4058. 다락원체육공원 전망대 입구,202606,588,585
도봉구,4062. 평화도봉공원 주변,202606,1132,1179
도봉구,4064. 신창아파트 입구 앞,202606,586,541
도봉구,4073.방아골종합사회복지관,202606,734,696
도봉구,4074. 도봉구육아종합지원센터(창동),202606,1241,1609
도봉구,4078. 원당공원 앞,202606,1426,1445
도봉구,4080. 창동주공19단지앞 ,202606,1388,1363
도봉구,4083.도봉아이나라도서관 앞,202606,1684,1769
도봉구,4084. 도봉동실내스포츠센터,202606,1437,1513
도봉구,4086. 도봉로 534,202606,403,265
도봉구,4087. 우이교 교차로,202606,1809,1873
도봉구,4088. 김근태도서관,202606,290,234
도봉구,4089. 동부센트레빌 앞,202606,1453,1652
도봉구,4090. 녹천교 앞 사거리,202606,1558,1480
도봉구,4091. 방학역2번출구,202606,1993,2058
도봉구,4092. 도봉경찰서 교차로,202606,1498,1506
도봉구,4094.도봉여성센터,202606,603,653
도봉구,4095. 방학브라운스톤아파트,202606,927,955
도봉구,4096.창동역2번출구 하나은행365 앞,202606,2865,4185
도봉구,4097.숭미파출소 사거리,202606,844,894
도봉구,4098.창동역 1번출구 인근,202606,2076,2068
도봉구,4099.창동역 이마트 건너편,202606,393,387
동대문구,4102. 휘경1동주민센터 앞,202606,1532,1557
동대문구,4103. 휘경sk뷰아파트 앞,202606,332,283
동대문구,4104. 외대앞역 교차로,202606,825,863
동대문구,4105. 서울교통공사사거리 교통섬,202606,1028,908
동대문구,4107. 장안동근린공원 입구,202606,783,898
동대문구,4108. 답십리파크자이아파트 앞,202606,3797,3700
동대문구,4110. 용두롯데캐슬리치아파트 앞,202606,1013,971
동대문구,4113. 한국국방연구원 앞,202606,1436,1557
동대문구,4114. 휘경여중고삼거리,202606,1332,1508
동대문구,4116. 이문e편한세상아파트 앞,202606,819,880
동대문구,4117. 휘경119안전센터 앞,202606,959,941
동대문구,4121. 서울문화재단 앞,202606,1728,1781
동대문구,4122. 청계9가교차로 앞,202606,2748,3120
동대문구,4123. 배봉초교 교차로,202606,887,1042
동대문구,4128.  종암초등학교 뒤(새울센스빌),202606,796,778
동대문구,4131. 베네스트 오피스텔 앞,202606,1452,1335
동대문구,4132. 이문삼익아파트 앞,202606,362,357
동대문구,4133.래미안허브리츠아파트 앞,202606,902,895
동대문구,4134. 제기동 현대아파트 앞,202606,603,622
동대문구,4135. 삼성생명 앞,202606,3294,3521
동대문구,4136. 롯데캐슬SKY-L65 D동 앞,202606,2060,2270
동대문구,4137. 답십리역 4번출구,202606,5068,5894
동대문구,4138. 조일빌딩 앞,202606,1077,1086
동대문구,4139. 답십리 사거리,202606,1370,1436
동대문구,4140. 신설동역 4번출구,202606,1852,1950
동대문구,4141. 우리은행장안지점 앞,202606,2270,2330
동대문구,4142. 현대썬앤빌 앞,202606,2890,3255
동대문구,4143.서울동물복지지원센터 동대문,202606,1519,1747
동대문구,4144.시립대학교 박물관 앞,202606,522,267
동대문구,4145.청량리동 주민센터,202606,1211,1235
동대문구,4146.이삭어린이공원,202606,1334,1089
동대문구,4147.청량리역광장,202606,1756,1772
동대문구,4148.동대문구 장안동 씨젠의료재단,202606,1947,1956
동대문구,4149.제기동역 5번출구,202606,2309,2308
동대문구,600. 휘경2동 주민센터,202606,267,319
동대문구,602. 장안동 사거리,202606,2404,2690
동대문구,605. 신설동역8번출구,202606,1374,1428
동대문구,606. 서울반도체고 앞,202606,468,529
동대문구,607. 신이문역 2번출구,202606,895,902
동대문구,608. 전농삼성아파트,202606,319,304
동대문구,609. 제기2교,202606,1692,1759
동대문구,610. 동대문중 교차로,202606,1393,1222
동대문구,612. 시립동부병원 앞 사거리,202606,2828,2999
동대문구,613. 신설동역 10번출구 앞,202606,2001,2086
동대문구,614. 용두동 사거리,202606,2511,2326
동대문구,615. 용두동 래미안허브리츠아파트 앞,202606,2187,2279
동대문구,616. 서울시립대 정문 앞 A,202606,318,104
동대문구,617. 청솔우성아파트 앞,202606,929,973
동대문구,621. 전농초등학교 건너편,202606,738,598
동대문구,622. 전농사거리 교통섬,202606,1245,1535
동대문구,623. 서울시립대 정문 앞 B,202606,1726,1098
동대문구,624. 전농동 동아아파트 앞,202606,2144,2349
동대문구,626. 군자교 서측 녹지대,202606,2472,2488
동대문구,627. 장안동삼거리 교통섬,202606,1395,1465
동대문구,628. 휘봉고등학교 앞,202606,903,975
동대문구,630. 동대문구 보건소,202606,2802,2976
동대문구,631. 답십리역 1번출구,202606,3861,4537
동대문구,633. 청량리 기업은행 앞,202606,1832,1940
동대문구,634. 외국어대 정문 앞,202606,2384,2458
동대문구,635. 시조사 앞,202606,1443,1397
동대문구,636. 세종대왕기념관 교차로,202606,578,612
동대문구,637. KAIST 경영대학 앞,202606,938,820
동대문구,638. 서울시립대 정보기술관,202606,736,668
동대문구,639. 서울시립대 후문,202606,777,560
동대문구,640. 동대문경찰서 교차로,202606,951,1095
동대문구,641. 용두역 4번출구,202606,1687,1839
동대문구,642. 신답역 사거리,202606,2163,2136
동대문구,643. 동대문구민체육센터 (육교아래),202606,2292,2592
동대문구,648. 장안동위더스빌옆,202606,3131,3491
동대문구,650. 중랑교사거리,202606,1535,1484
동대문구,652. 답십리 래미안엘파인아파트 입구,202606,844,820
동대문구,654. 전농동 텃골공원,202606,779,546
동대문구,656. 영휘원 교차로,202606,1308,1386
동대문구,657. 동대문롯데캐슬아파트 앞,202606,1913,2036
동대문구,661. 경희대학교 청운관,202606,1142,1112
동대문구,663. 외대앞역 3번출구,202606,2931,3177
동대문구,664. 서울시립대 건설공학관,202606,434,368
동대문구,665.이문동 쌍용아파트 정문,202606,918,1048
동대문구,666.이문대성유니드아파트 앞,202606,872,873
동대문구,667.청량차도 육교 밑,202606,528,406
동대문구,669.청계한신휴플러스앞 삼거리,202606,1767,1771
동대문구,670.삼육서울병원 버스정류장,202606,3581,3837
동대문구,671.대광빌딩,202606,425,393
동대문구,672.대광고등학교,202606,1149,1333
동대문구,673.안암골벽산아파트(후문),202606,993,970
동대문구,674.고대앞사거리 교통섬,202606,1285,1343
동대문구,676.FITI시험연구원 앞,202606,803,795
동대문구,678.장안힐스테이트(아) 앞,202606,1681,2051
동대문구,679.전농SK아파트 앞,202606,471,413
동대문구,680.꿈마루어린이도서관 앞,202606,1749,1735
동대문구,681.서울특별시 동부교육지원청(육교),202606,162,162
동작구,2002. 노들역 1번출구,202606,3477,4135
동작구,2003. 사육신공원앞,202606,1298,1347
동작구,2007. 유한양행앞,202606,27,21
동작구,2008. 노량진근린공원 대방공원,202606,666,389
동작구,2009. 보라매역 8번출구,202606,935,966
동작구,2012. 대림사거리(동작상떼빌아파트),202606,1002,1081
동작구,2013. 장승배기역 5번출구,202606,1368,1119
동작구,2015. 신대방삼거리역 6번출구쪽,202606,2063,2234
동작구,2016. 신대방삼거리역 3번출구쪽,202606,1151,1235
동작구,2020. 장승배기역2번출구뒷편쪽,202606,664,707
동작구,2024. 상도역 1번출구,202606,437,430
동작구,2025. 흑석역 1번출구,202606,2237,2713
동작구,2026. 흑석역 4번출구,202606,576,752
동작구,2027. 중앙대학교 정문 1,202606,573,777
동작구,2032. 이수역 11번출구쪽,202606,2013,2777
동작구,2033. 사당동 아르테스 웨딩앞,202606,1199,1234
동작구,2034. 사당역 7번출구쪽,202606,810,924
동작구,2036. 정금마을 마을버스정류장,202606,731,818
동작구,2038. 동작역 7번출구,202606,673,672
동작구,2040. 비계 버스정류소,202606,231,139
동작구,2041. 사당중학교 버스정류소,202606,290,218
동작구,2048. 삼일초등학교 인근,202606,1258,502
동작구,2050. 노량진역 5번출구,202606,2237,2845
동작구,2054. 삼익아파트,202606,1367,1295
동작구,2056. 동작구민 체육센터,202606,1385,1181
동작구,2057. 상도 아이파크 아파트,202606,512,204
동작구,2058. 동작경찰서,202606,1800,2351
동작구,2059. 보라매공원 정문,202606,1572,1655
동작구,2060. 남성역3번출구 뒤,202606,1618,1921
동작구,2062. 사당새마을금고,202606,545,527
동작구,2064. 흑석한강푸르지오 106동앞,202606,45,44
동작구,2065. 서울시여성가족재단,202606,470,466
동작구,2066. 양문교회 앞,202606,1339,1514
동작구,2067. 보라매역․동작세무서 버스정류장(강남중학교방면),202606,1648,1717
동작구,2069. 숭실대 입구역3번 출구 앞,202606,663,441
동작구,2070. 노량진역 2번 출구 앞,202606,1258,1644
동작구,2077.노들역 3번출구,202606,1322,1605
동작구,2078.흑석 아크로리버하임(103동),202606,198,50
동작구,2079.중앙대학교 중앙광장,202606,183,187
동작구,2080. 대방지하보도(대방동경남아너스빌아파트),202606,1304,1394
동작구,2082.7호선 이수역7번출구,202606,999,999
동작구,2083.흑석롯데캐슬에듀포레(107동),202606,513,472
동작구,2084.e편한세상 상도노빌리티 앞,202606,695,592
동작구,2085.강남중학교 앞,202606,1215,1049
동작구,2086.삼일수영장 앞,202606,1599,937
동작구,2088.상도중앙하이츠빌 입구,202606,407,372
동작구,2089.사당역10번출구(금강빌딩),202606,1023,1207
동작구,2090.기아자동차 사당점 앞,202606,1149,1196
동작구,2091. 이수역9번출구,202606,1024,1222
동작구,2092.흑석한강푸르지오(110동),202606,318,39
동작구,2093.상도SH빌아파트 입구,202606,294,102
동작구,2094.숭실대학교(중문) ,202606,366,56
동작구,2095.경문고등학교 앞,202606,868,940
동작구,2096.서울특별시 동작관악교육지원청,202606,120,53
동작구,237. 보라매 두산위브 건너편,202606,1895,2023
동작구,4152. 상도효성해링턴플레이스,202606,637,503
동작구,4153. 흑석동효사정앞,202606,338,173
동작구,4158. 노량진근린공원,202606,214,76
동작구,4162. 노량진1동 청소년독서실,202606,530,121
동작구,4167. 구로교 아래,202606,1460,1070
동작구,4169. 신대방삼거리,202606,1386,1420
동작구,4173. 중대후문 마을버스정류장,202606,711,528
동작구,4175. 대방역2번출구,202606,948,1033
동작구,4177. 롯데캐슬 101동 앞,202606,320,170
동작구,4178. 이수성결교회 옆,202606,153,156
동작구,4179. 보라매병원역 1번출구,202606,2821,2831
동작구,4180. 흑석동주민센터 입구,202606,304,359
동작구,4181. 보라매공원역 2번출구,202606,1495,1437
동작구,4182.보라매병원역 2번출구,202606,2551,2767
마포구,102. 망원역 1번출구 앞,202606,3620,3708
마포구,103. 망원역 2번출구 앞,202606,2985,3180
마포구,104. 합정역 1번출구 앞,202606,1501,1258
마포구,105. 합정역 5번출구 앞,202606,833,730
마포구,106. 합정역 7번출구 앞,202606,2307,2291
마포구,107. 수협 연남동지점,202606,1555,1690
마포구,108. 서교동 사거리,202606,1407,1426
마포구,111. 상수역 2번출구 앞,202606,1832,1834
마포구,113. 홍대입구역 2번출구 앞,202606,5283,6718
마포구,114. 홍대입구역 8번출구 앞,202606,1859,1899
마포구,118. 광흥창역 2번출구 앞,202606,727,697
마포구,119. 서강나루 공원,202606,1878,2036
마포구,120. 신수동 사거리,202606,610,620
마포구,121. 마포소방서 앞,202606,896,909
마포구,122. 신성기사식당 앞,202606,918,915
마포구,124. 서강대 정문 건너편,202606,1443,1302
마포구,126. 서강대 후문 옆,202606,814,794
마포구,129. 신촌역(2호선) 6번출구 옆,202606,779,779
마포구,130. 신촌역(2호선) 7번출구 앞,202606,2076,2112
마포구,142. 아현역 4번출구 앞,202606,679,680
마포구,143. 공덕역 2번출구,202606,1126,1388
마포구,145. 공덕역 5번출구,202606,1685,2289
마포구,146. 마포역 2번출구 뒤,202606,2764,3001
마포구,147. 마포역 4번출구 뒤,202606,3780,4261
마포구,148. 용강동 주민센터 앞,202606,1604,1658
마포구,150. 서강대역 2번출구 앞,202606,1253,1267
마포구,153. 성산2교 사거리,202606,2448,2490
마포구,154. 마포구청역 ,202606,2910,3221
마포구,155. 가좌역1 번출구 앞,202606,1511,1492
마포구,156. 서울서부지방법원 앞,202606,981,1302
마포구,157. 애오개역 4번출구 앞,202606,1827,1911
마포구,181. 망원초록길 입구,202606,1087,1082
마포구,182. 망원2빗물펌프장 앞,202606,1003,990
마포구,183. 하늘채코오롱아파트 건너편,202606,3400,3020
마포구,184.망원우체국사거리 인근,202606,2676,2990
마포구,185. 마포 신수공원 앞,202606,1253,1042
마포구,186. 월드컵공원,202606,2645,2528
마포구,199. 서울 월드컵 경기장,202606,1136,704
마포구,3002.벽산상암스마트큐브 ,202606,2994,3020
마포구,3003.래미안신공덕3차아파트,202606,126,63
마포구,3005.마포구청 청사내,202606,453,448
마포구,3006. 상암월드컵파크5단지(상암중학교),202606,727,634
마포구,3007.MBC 앞,202606,866,917
마포구,3008.DMC역7번출구,202606,871,538
마포구,3009. 홍대입구역 사거리,202606,1669,1720
마포구,3010.홍대입구역 3번출구,202606,3269,3320
마포구,400. 상암한화오벨리스크 1차 앞,202606,1272,1370
마포구,401. 상암월드컵파크 10단지 앞,202606,1196,1245
마포구,402. 상암월드컵파크 9단지 앞,202606,733,699
마포구,403. 부엉이공원 앞,202606,1220,556
마포구,405. DMC빌 앞,202606,638,638
마포구,406. 상암월드컵파크 7단지 앞,202606,747,770
마포구,407. 마포구 육아종합지원센터,202606,1674,1733
마포구,408. LG CNS앞,202606,794,780
마포구,409. 누리꿈스퀘어 옆,202606,2052,2308
마포구,410. 상암중학교 옆,202606,433,271
마포구,411. DMC홍보관,202606,1219,1490
마포구,412. DMC산학협력연구센터 앞,202606,1512,1537
마포구,413. 상암월드컵파크 3단지 후문,202606,835,856
마포구,414. 상암동주민센터 옆,202606,1862,2011
마포구,415. DMC역 9번출구 앞,202606,3089,2685
마포구,416. 상암월드컵파크 1단지 교차로,202606,687,328
마포구,417. DMC역 2번출구 옆,202606,1535,1455
마포구,418. 월드컵경기장역 3번출구 옆,202606,639,628
마포구,419. 홈플러스 마포점 앞,202606,3530,3296
마포구,420. 서울시 공공자전거 상암센터,202606,1767,1345
마포구,4202. 프런트원(공덕역4번출구 앞),202606,757,935
마포구,4206. 광흥창역5번출구,202606,676,658
마포구,4207. 아만티호텔 앞,202606,1574,1651
마포구,4208. 스타벅스(동교동) 앞,202606,940,1120
마포구,421. 마포구청 앞,202606,2559,2537
마포구,4210. 가좌행복주택 앞,202606,1460,1487
마포구,4211. 시석빌딩 앞,202606,990,985
마포구,4212. 한화오벨리스크 앞,202606,861,814
마포구,4213. 마포구중앙도서관 정문 앞,202606,2921,2755
마포구,4214. JTBC 앞,202606,1135,1256
마포구,4216. 망원정 앞,202606,798,883
마포구,4217. 한강공원 망원나들목,202606,4861,4881
마포구,4218. 디지털매직스페이스,202606,1839,2045
마포구,422. 문화비축기지,202606,338,345
마포구,4220. 신촌 청년주택,202606,1724,1819
마포구,4221. 솔리스타오피스텔(공덕동주민센터),202606,818,86
마포구,4222. 서울디자인고등학교 앞,202606,1505,1743
마포구,4224. 서부운전면허시험장,202606,1013,1074
마포구,4226. 마포프레스티지자이 1,202606,1050,991
마포구,4233. 코오롱아파트사거리,202606,4074,4130
마포구,4234. 에스테반,202606,702,287
마포구,4238. 상암한샘빌딩앞,202606,1315,1289
마포구,424. 롯데하이마트 (상암월드컵점) ,202606,507,417
마포구,4240. 아현문화건강센터,202606,384,40
마포구,4244. 당인리발전소 공원 앞,202606,2065,2199
마포구,4246. 상수역새마을금고,202606,776,774
마포구,4247. 서울서부지방법원등기국앞,202606,560,657
마포구,4248. 신촌 교보빌딩,202606,380,376
마포구,425. DMC첨단산업센터,202606,430,430
마포구,426. 서울신용보증재단,202606,1454,1701
마포구,427. 성산시영아파트,202606,1702,1769
마포구,432. 마포중앙도서관,202606,238,50
마포구,436. 이대역 5번출구,202606,740,197
마포구,437. 대흥역 1번출구,202606,1108,1121
마포구,438. 성산2-1 공영주차장,202606,1612,1412
마포구,440. 하늘공원 입구,202606,984,936
마포구,488.푸르메병원,202606,1577,1706
마포구,489.구룡근린공원,202606,477,398
마포구,490.가온문화공원,202606,1474,1580
마포구,491.월드컵파크 4단지,202606,385,354
마포구,493.홍대입구역 6번출구,202606,1547,1612
마포구,494.신수동주민센터,202606,395,393
마포구,495.염리초등학교 앞,202606,1368,1513
마포구,497.합정동주민센터 앞,202606,2595,1991
마포구,498.연남동주민센터 앞,202606,2365,2490
마포구,5503. 마포아트센터 앞,202606,1659,1624
마포구,5504.아현교회,202606,238,92
마포구,5506. 월드컵참누리아파트,202606,980,1023
마포구,5507. 아현래미안푸르지오아파트 104동 앞,202606,319,70
마포구,5508. 성산유수지공원,202606,1267,1343
마포구,5509.신석초교 앞,202606,1731,2096
마포구,5513. 마포음식문화거리,202606,1618,1724
마포구,5514.공덕역 1번출구,202606,2075,2362
마포구,5515.한강버스 망원 선착장,202606,13435,12482
서대문구,115. 마스타 빌딩 앞,202606,936,788
서대문구,117. 홍은사거리,202606,3561,3603
서대문구,123. 문화촌 공원,202606,2016,2014
서대문구,128. 신촌역(2호선) 1번출구 옆,202606,934,928
서대문구,131. 증산2교,202606,1903,2081
서대문구,133. 해담는다리,202606,2300,2545
서대문구,134. 연세로 명물길,202606,721,761
서대문구,135. 명물길 원형무대 앞,202606,529,545
서대문구,137. 신촌기차역입구 교차로,202606,440,288
서대문구,138. 신촌동 제1공영주차장 앞,202606,609,602
서대문구,139. 연세대 정문 건너편,202606,336,248
서대문구,140. 이화여대 후문,202606,744,745
서대문구,141. 연대 대운동장 옆,202606,268,234
서대문구,159. 이대역 4번 출구,202606,332,196
서대문구,160. 북아현동 가구거리,202606,447,319
서대문구,161. 무악재역1번 출구,202606,228,219
서대문구,162. 봉원고가차도 밑,202606,770,240
서대문구,163. 명지전문대학교 정문 앞,202606,727,691
서대문구,164. 북가좌1동 주민센터 ,202606,567,426
서대문구,165. 중앙근린공원,202606,1425,1180
서대문구,166. 가재울 초등학교,202606,1929,1896
서대문구,167. 연가초등학교 옆,202606,570,75
서대문구,169. 북가좌 삼거리,202606,572,557
서대문구,170. DMC파크뷰자이아파트 302동 앞,202606,1171,1196
서대문구,171. 임광빌딩 앞,202606,567,570
서대문구,173. 서대문역 8번출구 앞,202606,298,296
서대문구,175. 홍연2교옆,202606,1380,1378
서대문구,176. 명지대학교 도서관,202606,1902,1959
서대문구,177. 북가좌 초등학교,202606,805,852
서대문구,178. 증산3교 앞,202606,1542,1601
서대문구,179. 가좌역 4번출구 앞,202606,2008,2129
서대문구,180. 충정로역 7번출구 아래,202606,711,508
서대문구,188. 홍은동 정원여중 입구,202606,757,751
서대문구,191. 서우빌딩,202606,898,1125
서대문구,192. 연서어린이공원,202606,547,527
서대문구,194. 증산교 앞,202606,2081,2155
서대문구,195. 모래내고가차도 ,202606,937,937
서대문구,196. 연희교차로 인근,202606,44,37
서대문구,198. 충정2교,202606,455,458
서대문구,3100. 북성초교,202606,200,199
서대문구,3101. 서대문구청,202606,436,362
서대문구,3102. 연희삼거리,202606,1241,1232
서대문구,3103. 홍제삼거리 북측,202606,946,961
서대문구,3104. e편한세상 신촌4단지 앞,202606,930,912
서대문구,3105. 홍은센트레빌 아파트 앞,202606,301,90
서대문구,3109.북한산더샾 106동 앞,202606,308,312
서대문구,3110.홍은 현대아이파크 아파트 202동 앞,202606,773,781
서대문구,3111.무악재역 4번 출구,202606,268,269
서대문구,3113. 독립문 앞,202606,922,775
서대문구,3114.충정로역 3번 출구,202606,317,279
서대문구,3115.북아현 치안센터 인근,202606,862,773
서대문구,3116.신촌역 4번출구,202606,616,615
서대문구,3117.이화여대 인문관 인근,202606,222,221
서대문구,3119.연희 브라운스톤 아파트 앞,202606,1576,1560
서대문구,3120.DMC엘가아파트 앞,202606,1402,1389
서대문구,3121.가좌삼거리,202606,1446,1437
서대문구,3122.북가좌삼거리2,202606,809,793
서대문구,3123.DMC파크뷰자이1단지 110동 앞,202606,968,1004
서대문구,3125.연희파크푸르지오아파트 앞,202606,1427,1444
서대문구,3127.홍은2파출소 옆,202606,838,845
서대문구,3128.동신병원 맞은편,202606,1479,1497
서대문구,3129.DMC래미안e편한세상203동옆,202606,797,788
서대문구,3130.가재울사거리,202606,856,497
서대문구,3131.연가교 교차로,202606,1382,1322
서대문구,3132.홍제교,202606,722,731
서대문구,3134.SK리쳄블(서울아리수본부),202606,284,279
서대문구,4253. 홍은도담도서관,202606,919,855
서대문구,4255. 래미안 루센티아 아파트 108동 앞,202606,975,578
서대문구,4264. 홍남교 버스정류장,202606,708,724
서대문구,4266.국민연금공단충정로사옥,202606,380,364
서대문구,4267. 서대문역 2번 출구,202606,1474,1479
서대문구,4269. 연희IC 남측,202606,947,945
서대문구,4270. 우국한마음 아파트 맞은편,202606,1511,1595
서대문구,4271. 충정로역 1번 출구,202606,213,150
서대문구,4272. 홍남교 사거리,202606,1364,1480
서대문구,4273. 홍연2교 사거리,202606,643,662
서대문구,4274. 신촌 파랑고래 입구,202606,884,883
서대문구,4275.농협생명본사빌딩 서관,202606,1,1
서대문구,4277. 서대문우체국 정류소 옆,202606,377,367
서대문구,4278. 홍은2동주민센터,202606,555,560
서대문구,4280.북가좌2동 주민센터,202606,1121,1246
서대문구,4281.명지대사거리,202606,1129,908
서초구,2202.청계산입구역 1번출구,202606,1625,1592
서초구,2203. 청계산입구역 2번출구,202606,337,218
서초구,2205. 내곡3단지 어린이공원 앞,202606,735,662
서초구,2206. 언남초등학교 앞,202606,1069,1063
서초구,2207. 내곡파출소 뒤 정자,202606,167,136
서초구,2210. 반포1동 주민센터 앞,202606,389,246
서초구,2211. 서초구립반포도서관 앞,202606,1673,1668
서초구,2212.서초현대4차아파트 201동 맞은편,202606,981,988
서초구,2213. 고속터미널역 5번출구 앞,202606,1243,850
서초구,2214. 신반포역 2번출구 앞,202606,1628,1934
서초구,2215. 반포종합운동장 입구,202606,938,958
서초구,2217.아크로리버뷰 부지 앞,202606,2991,3861
서초구,"2219. 고속터미널역 8-1번, 8-2번 출구 사이",202606,4134,4154
서초구,2221. 방일초교 마을버스 정류장,202606,1173,1334
서초구,2222.사당역 12번출구 뒤,202606,2152,2593
서초구,2223. 방배래미안 정문 앞,202606,240,242
서초구,2225.백석예술대학교 제3캠퍼스 앞,202606,186,95
서초구,2226. 신동아럭스빌아파트 앞,202606,317,58
서초구,2227.방배열린문화센터 앞,202606,881,884
서초구,2228.뒷벌공원 옆,202606,2054,2369
서초구,2229.로고스교회 맞은 편,202606,760,829
서초구,2230.이수역 4번 출구,202606,1963,2225
서초구,2231. 삼성타운(삼성생명) A동 맞은편,202606,1652,1693
서초구,2233. 서초신동아1차아파트 옆,202606,555,563
서초구,2235.KT 서초지사 앞,202606,360,186
서초구,2237.서울남부터미널 대합실 입구,202606,862,729
서초구,2239.교대역 6번출구,202606,725,729
서초구,2241.양재전화국 사거리,202606,1014,794
서초구,2242.양재역 10번 출구 앞,202606,938,935
서초구,2243.서울가정법원,202606,945,381
서초구,2244. 말죽거리공원 사거리,202606,1302,1506
서초구,2245.양재초등학교 맞은편,202606,920,977
서초구,2246. 서울시 품질시험소 앞,202606,677,722
서초구,2247.섬들근린공원,202606,1335,1467
서초구,2248. 서초리슈빌S 글로벌 앞,202606,307,287
서초구,2249. 우솔초등학교 맞은편,202606,298,305
서초구,2250. 서초유치원 맞은편,202606,959,979
서초구,2251. 더케이호텔 입구(양재2) ,202606,837,842
서초구,2252. 잔디마을 마을버스 정류장,202606,1440,1383
서초구,2255. 양재시민의숲역 1번출구,202606,2497,2543
서초구,2256.양재동 꽃시장 입구,202606,433,419
서초구,2257. 청계산 입구 삼거리,202606,203,202
서초구,2258.구룡사 삼거리,202606,567,192
서초구,2259. 잠원역 3번-4번 출구사이 ,202606,1874,2140
서초구,2263. 바우뫼문화복지회관,202606,765,771
서초구,2264. 이수역 1번출구,202606,2682,2949
서초구,2265. 이수고가차도 남단,202606,1616,1801
서초구,2266. 서초역 3번출구,202606,822,825
서초구,2269. 주홍교 하부,202606,371,245
서초구,2270. 서초포레스타 7단지,202606,353,353
서초구,2271. 내방역 8번출구 앞,202606,856,975
서초구,2272. 교대입구 교차로,202606,630,623
서초구,2273. 일동제약 사거리,202606,697,762
서초구,2274. 양재시민의숲역 3번출구,202606,1946,1892
서초구,2276. 영동1교 (양재천근린공원),202606,1101,1132
서초구,2277. 길마중4교 하부,202606,1146,1222
서초구,2279. 교대역 5번출구뒤,202606,1654,1795
서초구,2281. 서울교통공사 사당별관 건너편,202606,408,390
서초구,2283. 그룹한빌딩옆,202606,399,130
서초구,2284. CJ오쇼핑앞,202606,191,74
서초구,2285. LH서초3단지 301동 맞은편,202606,354,354
서초구,2286. 탑성마을입구,202606,42,10
서초구,2287. 능안마을입구,202606,27,16
서초구,2288. 안골마을입구,202606,41,17
서초구,2289. 남태령역 2번출구,202606,134,40
서초구,2293. SPC 앞,202606,759,736
서초구,2294. 두상빌딩 앞,202606,1426,1555
서초구,2297. 남부터미널역 1번출구,202606,824,681
서초구,2299. 한전아트센터 앞,202606,976,945
서초구,2501. 서초 포레스타5단지,202606,687,603
서초구,2502. 서초역1번출구 앞,202606,636,550
서초구,2503. 반포1동 서초빌딩 앞,202606,1110,1117
서초구,2504. 신사역 4번출구 뒤,202606,1372,1017
서초구,2505. 우성아파트사거리 (기업은행앞),202606,1077,1078
서초구,2506. LG유플러스 (방배사옥),202606,108,37
서초구,2509. 심산기념문화센터,202606,667,677
서초구,2510. JW타워,202606,514,347
서초구,2511. 이수역 6번출구 앞,202606,1215,1233
서초구,2514.사평역 2번출구,202606,1155,1017
서초구,2515.서초초등학교 후문,202606,1372,1374
서초구,2516.본마을 노인복지센터 앞,202606,329,440
서초구,2517. 서초그랑자이 앞,202606,934,956
서초구,2518. 서초동 현대아파트 앞,202606,7,12
서초구,2519.서초2교(사임당로 방면),202606,256,247
서초구,2520.서초1교 (진흥아파트 방면),202606,545,543
서초구,2521.서초 크로바타워 앞,202606,826,835
서초구,2523.뉴코아 킴스클럽 앞,202606,1254,1390
서초구,2524.반포쇼핑타운 8동 앞,202606,822,832
서초구,2525.반포쇼핑타운 2동 앞,202606,3084,3531
서초구,2529.우리은행 방배동지점 앞,202606,922,1063
서초구,2530.삼호3차아파트 앞,202606,1252,1456
서초구,2531.멤피스아파트 앞,202606,1962,2173
서초구,2532.국립국악원 앞,202606,284,63
서초구,2533.한가람미술관 앞,202606,273,230
서초구,2535.신반포역 3번출구 뒤,202606,517,628
서초구,2536.서초AICT 우수기업센터 앞,202606,349,282
서초구,2537.양재역 8번출구 앞,202606,1769,1153
서초구,2538.사평리근린공원,202606,978,1043
서초구,2539.대한무역투자진흥공사 KOTRA 앞,202606,1747,1806
서초구,2540.반포천 앞,202606,1306,1343
서초구,2541.옛골 입구,202606,93,18
서초구,2542.신논현타워 앞,202606,1264,1183
서초구,2545.국립중앙도서관(국제회의장옆),202606,516,179
서초구,2547. 반포래미안 리오센트,202606,969,1052
서초구,2548.반포1동 자율방범초소 옆,202606,490,295
서초구,2549.호반써밋서초파크 403동,202606,706,719
서초구,2550.양재동 꽃시장 건너편,202606,936,947
서초구,4303. 매헌역 2번출구앞광역버스 정류장앞(22-297),202606,1255,1250
서초구,4304. 서울고앞,202606,418,353
서초구,4305. 서일스포츠센터,202606,255,238
서초구,4306. 서래공원 앞,202606,866,863
서초구,4307. 고투몰 gate 15옆,202606,1020,1157
서초구,4309. 서초케이타운앞,202606,137,120
서초구,4310. 염곡동(염통골) 입구,202606,299,274
서초구,4312. 반포미도2차아파트 옆,202606,698,699
서초구,4313. 반포종합운동장,202606,782,816
서초구,4315. 이투스교육 앞,202606,456,418
서초구,4316. 고속터미널역 3번출구,202606,744,528
서초구,4317. 양재근린공원,202606,1637,1735
서초구,4318. 방배역 2번 출구,202606,832,995
서초구,4319. 삼성전자R&D어린이집 뒤,202606,283,185
서초구,4320. 비석공원,202606,900,1162
서초구,4322.서울추모공원 입구,202606,78,38
서초구,4323. 내곡도서관,202606,235,294
서초구,4324. 세화고등학교,202606,321,377
서초구,4327. 몽마르뜨공원입구,202606,314,61
서초구,4329. SC제일은행 양재동지점 앞,202606,981,576
서초구,4332. 이수교차로,202606,2285,2348
서초구,4333. 서울고등학교 건너편,202606,294,285
서초구,4334. 인재개발원 데이터센터,202606,158,51
서초구,4336. 서울교육청 교육연수원 앞,202606,155,34
서초구,4337. 우면산등산로 입구,202606,69,15
서초구,4338.새정이마을버스정류장 앞,202606,28,7
서초구,4340. 방배래미안아트힐아파트 앞,202606,449,39
서초구,4341. 영동1교 북단,202606,825,872
서초구,4343. 헌인릉 입구,202606,28,46
서초구,4344. 양재대로(구룡지하차도 앞),202606,364,278
서초구,4345. 반포역 4번출구,202606,934,993
서초구,4346.장학재단빌딩 앞,202606,510,230
서초구,4347. 논현지하보도,202606,1407,1390
서초구,4348. 사당역 1번출구,202606,119,372
서초구,4349.삼성화재서초타워,202606,1866,1911
서초구,4350.누리숲어린이공원 앞,202606,1199,1215
서초구,4351.서울AI허브 앞,202606,478,471
서초구,5601.감정평가사회관앞,202606,240,130
서초구,5602.래미안신반포리오센트 후문,202606,773,875
성동구,3511. 응봉역 1번출구,202606,4015,4498
성동구,3513. 상왕십리역 1번출구,202606,2592,1419
성동구,3514. 왕십리교회옆,202606,2926,3047
성동구,3525. 금호스포츠센터앞,202606,647,784
성동구,3527. 왕십리 자이아파트(101동 앞),202606,43,41
성동구,3530. 왕십리자이아파트 후문(삼거리),202606,422,304
성동구,3531. 논골사거리(금호도서관 입구),202606,253,43
성동구,3532. 왕십리KCC스위첸아파트,202606,219,209
성동구,3544.한양대역 3번 출구,202606,1631,1524
성동구,3545.한양대역 1번출구,202606,785,788
성동구,3547.상왕십리역 6번 출입구,202606,1107,573
성동구,3548.뚝섬역 6번출구,202606,2803,2344
성동구,3549.건영아파트 앞,202606,2218,2214
성동구,3550.금호나들목,202606,1378,1572
성동구,3551.성동도로사업소,202606,1014,1099
성동구,3552.서울숲 공영주차장앞,202606,900,953
성동구,3553.마장역3번출구,202606,622,649
성동구,3555.양지사거리(센트라스APT 115동앞),202606,297,196
성동구,3556.신금호파크자이APT앞,202606,409,26
성동구,3557.서울숲리버뷰자이APT105동 앞,202606,902,862
성동구,3558.마장동 금호어울림APT앞,202606,1054,697
성동구,3559.성동구민종합체육센터 앞,202606,2257,2296
성동구,3560.성동구 견인차량 보관소 앞,202606,1691,1602
성동구,3561.행당동 삼부APT후문,202606,288,219
성동구,3600.사근빗물펌프장 건너편,202606,3527,3743
성동구,4353. 코오롱디지털타워 3차앞,202606,2139,2164
성동구,4360. 르노삼성자동차 성수사업소 앞,202606,1048,896
성동구,4362. 행당중학교 후문,202606,733,744
성동구,4363. 신금호역 2번출구 앞,202606,49,47
성동구,4367. kt 행당빌딩 앞,202606,890,1106
성동구,4370. 성동교 사거리,202606,985,799
성동구,4373. 서울숲 지식산업센터,202606,2672,2741
성동구,4377. 우영테크노센터 앞,202606,2177,2494
성동구,4381. 더스페이스타워 앞,202606,1480,1489
성동구,4382. 페코텍글로벌허브빌딩 앞,202606,3393,3871
성동구,4383. 푸조비즈타워 앞,202606,2177,3265
성동구,4385. 용답동 우체국 주변,202606,1932,1933
성동구,4386. 현대자동차 동부서비스센터 주변,202606,1578,1329
성동구,4387. 성수역 1번출구 주변,202606,1743,1856
성동구,4389. 서울숲역3번출구,202606,724,732
성동구,4390. 신답역 1번출구,202606,625,652
성동구,4393. 상원삼거리 장안철교 아래,202606,1641,1785
성동구,4394.서울시립24시간게스트하우스,202606,889,1062
성동구,4396. 마장축산물시장 서문 인근,202606,534,584
성동구,4397. 마장축산물시장 북문 건너편,202606,1449,1592
성동구,4398. 유원지식산업센터 앞,202606,3433,3418
성동구,4399. 더리브 세종타워 앞,202606,2503,2529
성동구,4401.뚝섬유수지 공영주차장,202606,879,852
성동구,506. 금호 어울림 아파트 앞,202606,1106,1133
성동구,508. 성수아카데미타워 앞,202606,5381,4922
성동구,510. 뚝도아리수정수센터 버스정류소 옆,202606,1323,1398
성동구,511. 서울숲역 5번 출구 옆,202606,1013,1011
성동구,512. 뚝섬역 1번 출구 옆,202606,2823,2771
성동구,513. 뚝섬역 5번 출구 정류소 옆,202606,1401,1395
성동구,514. 성수사거리 버스정류장 앞,202606,2794,2966
성동구,518. 청계천 박물관 앞,202606,937,985
성동구,519. 양지사거리,202606,1191,944
성동구,520. 상왕십리역 4번 출구 앞,202606,881,870
성동구,521. 왕십리역 11번 출구 앞,202606,1694,1678
성동구,522. 금호역 1번출구 앞,202606,262,265
성동구,523. 옥수동성당 옆,202606,117,33
성동구,524. 래미안금호하이리버 아파트 102동 옆,202606,336,345
성동구,525. 한양대병원사거리,202606,1553,1316
성동구,526. 용답토속공원 앞,202606,914,916
성동구,529. 장한평역 8번 출구 앞,202606,5465,5321
성동구,530. 청계벽산아파트 앞,202606,1837,1993
성동구,533. 금남시장 교차로,202606,422,634
성동구,534. 금호사거리,202606,283,331
성동구,535. 응봉삼거리,202606,651,270
성동구,536. 행당역 2번출구 앞,202606,786,921
성동구,537. 한양대후문역 부근,202606,1234,1230
성동구,550. 서울시설공단 앞,202606,1607,1657
성동구,556. 달맞이공원,202606,55,55
성동구,557. 도선동 주민센터 앞,202606,1401,1582
성동구,558. 성동광진 교육지원청 앞,202606,1822,1775
성동구,559. 왕십리역 4번 출구 건너편,202606,2072,2097
성동구,560. 비전교회 앞,202606,2709,2738
성동구,561. 서울숲역 2번출구 앞,202606,2058,2020
성동구,563. 성동세무서 건너편,202606,1408,1553
성동구,564. 금호역 3번출구,202606,169,132
성동구,565. 옥수역 3번출구,202606,2789,2780
성동구,5651.한강버스 옥수 선착장,202606,8369,8219
성동구,568. 청계8가 사거리 B,202606,2937,3183
성동구,569. 응봉현대아파트 정류소,202606,235,213
성동구,578. 성동세무서 부근,202606,1783,1780
성동구,579. 마장역 4번출구,202606,1270,1282
성동구,582. 경일중학교 앞,202606,2200,2227
성동구,583. 청계천 생태교실 앞,202606,6501,6782
성동구,585. 성수2가1동 공영주차장 인근,202606,5157,5282
성동구,586. 마장동 주민센터,202606,1150,1170
성동구,587. 유니베라 앞,202606,1855,1974
성동구,594. 중랑물재생센터(서울새활용플라자),202606,1051,1137
성북구,1302. 한성대입구역6번출구 뒤,202606,1112,1103
성북구,1303. 돈암초교 입구,202606,756,752
성북구,1304. 만해공원,202606,372,90
성북구,1305. 성북구청,202606,1748,1951
성북구,1306. 한성대입구역2번출구,202606,1555,1536
성북구,1308. 안암로터리 버스정류장 앞,202606,3224,3500
성북구,1314. 정릉꿈에그린1단지 201동 앞,202606,374,381
성북구,1315. 고려사대부속중고 정문,202606,283,214
성북구,1316. 고려사대부속중고 건너편 ,202606,350,236
성북구,1318. 길음역 3번출구 뒤,202606,1207,1279
성북구,1319. 종암박스파크,202606,2141,2190
성북구,1321. 국민은행 종암동지점 앞,202606,1837,2247
성북구,1322. 래미안라센트아파트 103동 앞,202606,943,1110
성북구,1325. 상월곡역 4번출구,202606,604,455
성북구,1326. 상월곡역 1번출구,202606,802,770
성북구,1327. 상월곡역 3번출구,202606,1511,1584
성북구,1328. 월곡역 3번출구,202606,2436,2793
성북구,1332. 석계역 5번출구 건너편,202606,1084,1244
성북구,1333. 석관초등학교 앞,202606,2402,2710
성북구,1334. 석관동주민센터 앞,202606,1561,1518
성북구,1336. 성북3교 위,202606,971,959
성북구,1337. 돈암성당 옆,202606,1988,2165
성북구,1338. 용문2교 옆,202606,2279,2318
성북구,1339. 삼성전자서비스 성북센터,202606,909,949
성북구,1340. 광운초등학교 앞,202606,774,805
성북구,1342. 성북쉼터 앞,202606,200,53
성북구,1343. 한성대7번출구 앞,202606,607,597
성북구,1344. 아리랑시네센터 앞,202606,295,201
성북구,1346. 길음8골어린이공원 옆,202606,875,799
성북구,1347. 길음래미안아파트817동 상가 앞,202606,414,415
성북구,1348. 성북제일새마을금고 본점 앞,202606,548,564
성북구,1349. 월계2교 버스정류장 앞,202606,565,600
성북구,1351. 안암2교 옆,202606,1670,1608
성북구,1352. e 편한세상 보문아파트 내,202606,301,201
성북구,1353. 금호어울림센터힐 내,202606,213,212
성북구,1354. 고려대학교 2번출구,202606,1805,1834
성북구,1357. 북한산보국문역,202606,306,320
성북구,1358. 정릉도서관 앞,202606,484,494
성북구,1360. 정릉역,202606,542,571
성북구,1361. 홍익중고 입구,202606,1303,1017
성북구,1363. 보문4교 인근,202606,2783,2869
성북구,1364. 성북동 치안센터 앞,202606,823,821
성북구,1365. 선잠단지 앞,202606,332,291
성북구,1366. 일신초등학교 옆,202606,372,413
성북구,1367. 길음문화복합미디어센터,202606,796,911
성북구,1368. 성신여대입구 교차로,202606,839,919
성북구,1370. 복자사랑 피정의 집,202606,224,117
성북구,1372. KEB은행 고대점,202606,1133,871
성북구,1373. 성북구보건소 건너편,202606,1260,1365
성북구,1375. 생명의 전화 종합복지관 앞 교차로,202606,1156,1126
성북구,1376. 한국과학기술연구원 중문,202606,515,407
성북구,1377. 한국과학기술연구원 북문,202606,307,250
성북구,1379.길음뉴타운푸르지오아파트 3단지,202606,292,9
성북구,1380.월곡역 5번출구 앞,202606,1555,1743
성북구,1381.석계역 4번출구 뒤,202606,2563,2734
성북구,1382.래미안월곡아파트 입구,202606,1357,1339
성북구,1384.성신여대입구역 5번출구,202606,1461,1475
성북구,1385.성신여대입구역 3번출구 앞,202606,1849,1937
성북구,1386.동선고가차도 초입,202606,444,422
성북구,1388. 돈암초교입구 버스정류장(한성대입구역 방면),202606,664,656
성북구,1390.석관래미안아트리치,202606,1635,1837
성북구,1391.성북청소년센터,202606,954,1022
성북구,1392.돈암삼성풍림아파트,202606,327,30
성북구,1393.돈암육교 하단,202606,239,97
성북구,1394.길음뉴타운 래미안9단지,202606,699,631
성북구,1395.래미안장위포레카운티(102동),202606,916,926
성북구,1396.래미안장위퍼스트하이(513동),202606,1147,1256
성북구,4406. 장곡초등학교 앞,202606,1050,897
성북구,4411. 동산어린이공원 앞,202606,1016,990
성북구,4414. 안암역 3번 출구,202606,862,766
성북구,4415. 미아초교버스승강장,202606,84,54
성북구,4417. 성북청소년문화의집,202606,241,48
성북구,4418. 종암동 동덕여대 제2생활관 앞,202606,1588,1802
성북구,4419. 성북구 한예종 캠퍼스 본관,202606,554,490
성북구,4420. 성북구 한예종 캠퍼스 별관,202606,695,737
성북구,4421. 롯데캐슬클라시아 입구 앞,202606,216,199
성북구,4423.현대백화점 미아점,202606,885,887
성북구,4425. 하늘채코오롱아파트 앞,202606,1325,1366
성북구,4427. 동일하이빌뉴시티,202606,1081,1089
성북구,4428.돈암동부센트레빌상가,202606,532,564
송파구,1201. 가락시장역 3번 출구,202606,1901,1892
송파구,1203. 밀리아나2빌딩 앞,202606,1097,1104
송파구,1204. 거여역 3번출구,202606,1598,1633
송파구,1205. 종합운동장역 4번출구,202606,1866,1759
송파구,1206. 9호선종합운동장역 9번출구,202606,1615,1583
송파구,1207. 마천중앙시장,202606,630,626
송파구,1208. 풍납현대아파트쉼터,202606,3170,3129
송파구,1209. 잠실나루역 (2번 출구 쪽),202606,4731,4733
송파구,1210. 롯데월드타워(잠실역2번출구 쪽),202606,11874,11813
송파구,1212. 송파역 2번 출구앞,202606,1838,1830
송파구,1213. 백토공원 앞,202606,403,416
송파구,1214. 오금역 7번 출구 인근,202606,822,798
송파구,1215. 올림픽공원역 1번출구 앞,202606,2457,2438
송파구,1217. 송파파인타운 7단지,202606,1104,1096
송파구,1218. 방이역 4번출구,202606,3317,3255
송파구,1220. 잠실근린공원,202606,2462,2871
송파구,1221. 삼전역 4번출구,202606,2088,2343
송파구,1222. 잠실새내역 5번 출구 뒤,202606,5569,5578
송파구,1224. 아시아지하보도 2번 출구,202606,2104,2078
송파구,1226. 잠실4동 주민센터 옆,202606,3642,3691
송파구,1227. 거여역 8번출구 뒤,202606,1393,1407
송파구,1228. 마천사거리 ,202606,923,1000
송파구,1229. 송파체육문화회관 앞,202606,1353,1347
송파구,1230. 송파중학교 정문,202606,566,548
송파구,1231. 잠실역 6번출구,202606,3203,3565
송파구,1232. 잠실주공 521동 건너편,202606,3269,3315
송파구,1233. 잠실3거리(갤러리아팰리스),202606,1296,1279
송파구,1235. 잠실트리지움310동 옆,202606,2945,3024
송파구,1239. 문정 법조단지3,202606,966,977
송파구,1240. 문정 법조단지4,202606,751,746
송파구,1241. 문정 법조단지5,202606,661,599
송파구,1242. 문정 법조단지6,202606,123,89
송파구,1243. 문정 법조단지7,202606,2558,2658
송파구,1244. 문정 법조단지8,202606,3073,3047
송파구,1245. 문정 법조단지9,202606,1688,1662
송파구,1246. 문정 법조단지10,202606,2255,2235
송파구,1247. 문정 법조단지11,202606,789,762
송파구,1248. 방이초등학교,202606,2625,2333
송파구,1250.문정2동 주민센터,202606,193,143
송파구,1251. 석촌역 2번출구,202606,3097,3085
송파구,1253. 오금역 3번 출구 뒤,202606,752,710
송파구,1256. 문정현대아파트 교차로,202606,751,678
송파구,1258. 가락미륭아파트 앞,202606,354,274
송파구,1259. 방이역 1번출구,202606,2122,2102
송파구,1260. 방이동 한양3차아파트 옆,202606,1493,1487
송파구,1262. 송파여성문화회관 앞,202606,2738,2736
송파구,1263. 장지공영차고지,202606,407,434
송파구,1264. 천호역 10번 출구 앞,202606,4275,4250
송파구,1265. 문정동 근린공원,202606,1543,1507
송파구,1266. 문정동 글샘 공원,202606,738,730
송파구,1267. 올림픽공원 남2문 앞,202606,2385,2357
송파구,1268. 몽촌토성역 1번출구 옆,202606,1236,1244
송파구,1269. 리센츠아파트 ,202606,2402,2224
송파구,1271. 송파도서관,202606,1185,1189
송파구,1274. 영파여고 앞,202606,1930,1803
송파구,1275. 거여초등학교 옆,202606,689,801
송파구,1277. 성내7교,202606,1297,1346
송파구,1278. 송파구청 교차로,202606,3576,3569
송파구,1279. 마천금호어울림 1차아파트 건너편,202606,526,525
송파구,1282. 송파소방서 맞은편(성내4교),202606,1777,2106
송파구,1283. 오금공원 사거리,202606,194,147
송파구,1285. 위례별 유치원 뒤,202606,548,536
송파구,1286. 위례중앙푸르지오 1단지 앞,202606,1157,1157
송파구,1287. 위례아이파크 101동 맞은편,202606,716,722
송파구,1288. 문정중교 사거리,202606,1616,1398
송파구,1289. 풍납토성 서성벽터B,202606,955,950
송파구,1290. 위례송파꿈에그린아파트24단지 앞 성벽 다리 밑,202606,842,884
송파구,1291. 서울체육고등학교 앞,202606,2654,2673
송파구,1293. 석촌호수 서호 사거리,202606,3498,3526
송파구,1295. 잠실역 8번출구,202606,4109,4093
송파구,1296. 석촌호수교차로 (송파나루근린공원 앞),202606,761,757
송파구,1297. 석촌호수교차로(동호 팔각정 앞),202606,3787,3777
송파구,1299. 송파소방서 (방이119안전센터),202606,684,606
송파구,1300. 오륜사거리,202606,943,953
송파구,2601. 석촌호수 아뜰리에,202606,2810,2788
송파구,2603. 송파 글마루 도서관,202606,1112,954
송파구,2604. 풍납토성 서성벽터A,202606,1927,1949
송파구,2605. 복정역 1번 출구 앞,202606,1624,1665
송파구,2606. 위례동주민센터,202606,4,4
송파구,2608. 송파구청,202606,7652,7672
송파구,2609. 보성중고등학교 후문 앞,202606,420,392
송파구,2611. 송파지역자활센터 뒤,202606,3191,3349
송파구,2613. 잠실나들목,202606,2252,2336
송파구,2614. 가락고등학교 앞,202606,594,573
송파구,2615. 테라타워2,202606,2732,2728
송파구,2616. 거여동 사거리,202606,519,522
송파구,2617. 가락삼환아파트 앞,202606,432,427
송파구,2618. 삼전역 1번출구,202606,2281,2491
송파구,2619. 석촌고분역 4번출구,202606,2338,2386
송파구,2620. 송파나루역 4번 출구옆,202606,6075,6111
송파구,2621. 한성백제역 2번 출구,202606,3824,3805
송파구,2622. 올림픽공원역 3번출구,202606,10072,9938
송파구,2623.석촌동 주민센터,202606,3773,3671
송파구,2625.가락종합 사회복지관,202606,338,316
송파구,"2626.경찰병원역 1,2번 출구 사이",202606,661,646
송파구,2627.문정시영아파트 5동 앞 공원,202606,1395,705
송파구,2628.문정역 1번출구,202606,4065,4151
송파구,2630.서울방이동 고분군,202606,2134,2137
송파구,2631.배명고등학교,202606,810,845
송파구,2632.석촌고분역 2번 출구,202606,3306,3394
송파구,2633.송파학사 옆,202606,1195,1130
송파구,2634.위례포레샤인아파트 정류장,202606,915,956
송파구,2635.잠실새내역 1번출구,202606,3065,2977
송파구,2637. 아시아지하보도 14번 출구,202606,3308,3337
송파구,2639.석촌역 8번출구,202606,4191,4168
송파구,2641.송파역 4번출구,202606,3440,3437
송파구,2642.마천동 성내천 쉼터,202606,1133,1181
송파구,2643.풍납중학교 측면,202606,435,399
송파구,2644. 성내5교,202606,991,1041
송파구,2645.잠실나들목2(엘스아파트136동),202606,1243,1226
송파구,2646.레이크펠리스101동앞,202606,3968,4063
송파구,2647.잠실 자전거 수리센터 앞,202606,1854,1963
송파구,2648.헬리오시티 112동 앞,202606,1382,1357
송파구,2649.오금공원사거리2,202606,298,240
송파구,2650.위례22단지 2208동 다리앞,202606,570,567
송파구,2651.경찰병원역 3번출구 앞,202606,1541,1539
송파구,2652.송파 레미니스1단지 102동 앞,202606,902,863
송파구,2653.올림픽공원사거리(선수촌아파트),202606,1952,1960
송파구,2654.올림픽선수촌아파트 136동 앞,202606,813,747
송파구,2655.송이공원,202606,1023,874
송파구,2656.풍납동 아이파크 107동 앞,202606,1688,1688
송파구,2657.송파 파인타운 11단지 ,202606,779,728
송파구,2658.가락몰 업무동,202606,1793,1806
송파구,2659.서울친환경유통센터,202606,269,269
송파구,4452. 삼성SDS,202606,4309,4317
송파구,4453. 위례중앙푸르지오 201동 앞,202606,1455,1452
송파구,4454. 위례 포레샤인 1809동 부근,202606,317,123
송파구,4457. 아산병원 기숙사 부근,202606,5460,6581
송파구,4458. 가락2동주민센터 인근,202606,585,585
송파구,4460. 올림픽훼미리아파트 112동 앞,202606,1465,1444
송파구,4461. 한양3차아파트 3동 앞,202606,331,308
송파구,4462. 가락중학교 앞,202606,709,701
송파구,4463. 방이역 2번 출구,202606,975,982
송파구,4464. 올림픽공원 북2문 A,202606,1428,1431
송파구,4465. 건영아파트앞 사거리,202606,1784,1784
송파구,4468. 가락1동주민센터 ,202606,1602,1651
송파구,4469. 거여동 어울림아파트  102동앞,202606,542,524
송파구,4472. 송파파크데일 1단지 115동 건너편,202606,508,501
송파구,4473. 마천금호어울림 1차 102동앞,202606,259,262
송파구,4474. 가락현대 1차 11동 앞,202606,587,406
송파구,4475. 송파파인타운 4단지 403동,202606,562,563
송파구,4478. 문정근린공원2,202606,1077,1077
송파구,4479. 문정중학교,202606,366,278
송파구,4480. 가락시장 남1문 사거리,202606,1962,1964
송파구,4481. 올림픽공원 북2문 B,202606,3021,3030
송파구,4483. 잠실나들목4,202606,1334,1347
송파구,4484. 잠실나루역4번출구뒤,202606,2707,2702
송파구,4485. 잠실나루역 고가하부,202606,856,720
송파구,4486. 홈플러스 잠실점,202606,2335,2333
송파구,"4488. 문현중,고등학교 사이",202606,252,238
송파구,4490. 송파파인타운 10단지 1005동,202606,323,312
송파구,4491. 장지역 1번출구,202606,1692,1702
송파구,4493. 마천사거리 2,202606,371,420
송파구,4496. 잠실 파크리오 120동 앞,202606,2574,2578
송파구,4497. 아시아선수촌아파트 교차로,202606,2269,2296
송파구,4499. 세양청마루 101동 앞,202606,932,434
송파구,4852. 서울복합물류 게이트 1,202606,1652,1830
송파구,4854. 가락시장역 2번 출구,202606,1613,1600
송파구,4855. 거여5단지 503동 앞,202606,592,593
송파구,4856. 올림픽공원 서1문 앞,202606,2556,2522
송파구,4857. 올림픽공원 장미광장,202606,949,932
송파구,4859. 잠실나루 나들목,202606,2098,2104
송파구,4860. 가락쌍용2차아파트 103동,202606,974,968
송파구,4862. 성내교 남단,202606,654,590
송파구,4863. 잠실나들목5,202606,626,646
송파구,4864. 송파사거리,202606,3098,3071
송파구,4865. 한성백제역 1번출구 뒤,202606,3794,3805
송파구,4867. 가락대림아파트 앞,202606,1163,1149
송파구,4868. 석촌호수 서호 남단,202606,3607,3632
송파구,4870. 몽촌토성역 3번 출구,202606,7190,7161
송파구,4871. 오금동 대림아파트 정문,202606,796,798
송파구,4872. 개롱역 3번 출구 뒤,202606,1357,1328
송파구,4873. 개롱역사거리 2번 출구,202606,1189,1182
송파구,4874. 탄천1교 하부보도,202606,702,789
송파구,4875. 위례포레샤인13단지,202606,462,457
송파구,4879. 마천청소년센터,202606,196,190
송파구,4880. 송파청소년센터,202606,1136,1134
송파구,4881. 거여동사거리 송파둘레길 입구,202606,161,160
송파구,4882. 위례포레샤인18단지 1802동,202606,408,351
송파구,4883. 위례포레샤인18단지 1812동,202606,222,57
송파구,4884. H비즈니스파크,202606,1847,2204
송파구,4885. 가든파이브 리빙관,202606,406,407
송파구,4886. 배명고등학교 건너편,202606,1261,1387
송파구,4887. 호돌이상가,202606,1168,1196
송파구,4888. 둔촌오륜역 2번출구,202606,724,579
송파구,4889. 마천역 1번 출구 인근②,202606,480,449
송파구,4891. 위례포레나송파,202606,690,658
송파구,4892. 성내유수지 체육공원,202606,423,329
송파구,4893. 문정법조단지12,202606,2376,3097
송파구,4895. 송파레이크힐 상가,202606,1126,1127
송파구,4896. 송파레이크힐,202606,93,79
송파구,4897. 잠실주공5단지1,202606,3964,4042
송파구,5751. 송파여성축구장,202606,492,478
송파구,5752. 풍납백제문화공원 옆 인근,202606,3800,3946
송파구,5753. 호반써밋,202606,1084,996
송파구,5756. 극동아파트,202606,1198,1189
송파구,5758. 올림픽선수기자촌아파트 123동 근처,202606,1091,759
송파구,5759. 풍납근린공원,202606,1048,1046
송파구,5760. 풍납사거리 성내유수지,202606,1164,1127
송파구,5761. 버섯분수대,202606,1253,1248
송파구,5763. 세륜초등학교 건너편,202606,833,591
송파구,5764. 한국체육대학교,202606,1221,1216
송파구,5765. 삼전동주민센터 건너편,202606,2606,3146
송파구,5766. 북위례1,202606,411,194
송파구,5767. 북위례2,202606,325,324
송파구,5768.방이삼거리,202606,6824,6949
송파구,5773. 송파시그니처롯데캐슬,202606,422,457
송파구,5774. 가락본동주민센터 인근,202606,1463,1459
송파구,5775. 가락시장역 5번출구,202606,1026,1020
송파구,5777. 호반써밋12단지,202606,669,604
송파구,5778. 북위례3,202606,503,261
송파구,5779. 나래교,202606,426,427
송파구,5780. 송파세무서,202606,504,502
송파구,5781. 올림픽공원 수영장,202606,5403,5416
송파구,5782. 오금현대 아파트 상가입구 앞,202606,1070,1067
송파구,5783.성내5교 2,202606,884,973
송파구,5784.한강버스 잠실 선착장,202606,6973,6274
송파구,5785.한림연예예술고등학교,202606,778,752
송파구,5786.문정로데오거리입구,202606,832,820
양천구,4507. 신정제일시장,202606,1177,1183
양천구,4508. 유원목동아파트 103동 앞,202606,4356,4501
양천구,4509. 서울영상고교 입구,202606,4299,4506
양천구,4510. 신정네거리역 교차로,202606,1666,1636
양천구,4512. 목동13_14단지 사거리,202606,1505,1051
양천구,4514. 목동성당 앞,202606,4170,3892
양천구,4515. 동문굿모닝탑,202606,3993,3958
양천구,4517. 성보하이드로빌딩,202606,1276,1287
양천구,4518. 청기와빌딩,202606,1038,1049
양천구,4519. 양원보도육교,202606,506,507
양천구,4520. 대성유니드아파트,202606,1041,1335
양천구,4522. 신곡시장,202606,1914,2765
양천구,4523. 구립양천어르신요양센터,202606,79,50
양천구,4526. 목동아파트2단지 222동 앞,202606,1698,1784
양천구,4527. 목동신시가지아파트6단지,202606,3101,3074
양천구,4528. 양천구청역 1번출구,202606,2006,1918
양천구,4530. 방아다리어린이공원,202606,1093,1026
양천구,4531. 목동아파트 613동 앞,202606,4626,4616
양천구,4532. 목동현대아파트 후문 앞,202606,2092,2046
양천구,4535. 목동12단지 아파트,202606,3765,3611
양천구,4536. 양천해누리체육공원,202606,1531,2192
양천구,4537. 서울남부지방검찰청 후문 ,202606,2345,2025
양천구,4538. 양천공영차고지,202606,217,268
양천구,4539. 목동7단지아파트 A상가,202606,1172,1106
양천구,4540. 목동역 3번 출구,202606,3976,4411
양천구,4541. 갈산문화예술센터,202606,3025,3057
양천구,4542. 월정초 사거리,202606,921,985
양천구,4543. 오목교역 6번 출구,202606,5108,5551
양천구,4544.경창시장,202606,885,1388
양천구,4545. 청소년음악센터,202606,1204,1176
양천구,4546. 목동운동장 주경기장,202606,614,663
양천구,4547. 목동역 2번 출구,202606,3817,3913
양천구,4548.신목동역1번출구,202606,1210,1027
양천구,4549.목동4단지아파트,202606,2273,2295
양천구,700. KB국민은행 염창역 지점 앞,202606,1489,1286
양천구,701. 목동사거리 부근,202606,1996,2013
양천구,702. 목4동주민센터 옆,202606,2555,2584
양천구,703. 오목교역 7번출구 앞,202606,3685,4042
양천구,704. 남부법원검찰청 교차로,202606,2882,2830
양천구,706. 신정네거리역,202606,1397,1351
양천구,708. 서울출입국관리사무소 앞,202606,5258,5453
양천구,709. 신정3동 현장민원실 앞,202606,716,674
양천구,710. 금옥여고보도육교,202606,704,699
양천구,711. 신일해피트리아파트 앞,202606,1083,317
양천구,713. 양서중학교 옆,202606,822,795
양천구,714. 한국SGI 양천문화회관 앞,202606,909,766
양천구,716.신정6동 주민센터 인근,202606,2027,1996
양천구,719. 홍익병원앞 교차로,202606,1801,1811
양천구,720. 서울강월초등학교 앞,202606,938,510
양천구,722. 경서농협 버스정류장(우리은행신정동지점방향),202606,1416,1494
양천구,723. SBS방송국,202606,2168,2191
양천구,724. 계남공원 입구 주출입구 좌측,202606,450,255
양천구,726. 목동3단지 시내버스정류장,202606,5213,5249
양천구,729. 서부식자재마트 건너편,202606,1901,2128
양천구,731. 서울시 도로환경관리센터,202606,3591,3739
양천구,733. 신정이펜하우스314동,202606,743,383
양천구,734. 신트리공원 입구,202606,3627,3600
양천구,735. 영도초등학교,202606,3336,3545
양천구,736. 오솔길공원,202606,1295,1408
양천구,737. 장수공원,202606,609,543
양천구,739. 신월사거리,202606,1223,1223
양천구,740. 으뜸공원,202606,1124,1187
양천구,741. 화곡로 입구 교차로,202606,453,445
양천구,742. 등촌역 5번 출구 뒤,202606,1475,1474
양천구,743. 현대6차아파트 101동 옆,202606,1095,1340
양천구,744. 신목동역 2번 출구,202606,4554,4180
양천구,745. 강서초등학교,202606,787,837
양천구,746. 목동2단지 상가,202606,4858,4793
양천구,747. 목동3단지 상가,202606,3238,3248
양천구,748. 목동운동장,202606,760,814
양천구,749. 이대목동병원보도육교,202606,2462,2613
양천구,750. 연의근린공원 건너편,202606,986,1091
양천구,752. 성원2차 아파트,202606,1144,967
양천구,754. 목동1단지아파트 118동 앞,202606,3096,3074
양천구,755. 목동1단지아파트 상가 앞,202606,3729,3705
양천구,756. 목동주차장,202606,2006,2096
양천구,757. 신정이펜하우스 1단지아파트 입구 사거리,202606,573,321
양천구,758. 한사랑교회 앞,202606,1528,1524
양천구,759. 보아스아파트 앞,202606,1013,1044
양천구,760. 잣절보도육교 아래,202606,658,588
양천구,762. 오목로 무중력지대 앞,202606,962,959
양천구,763. 목동11단지 아파트,202606,2005,1567
양천구,764. 목동청소년수련관,202606,1,1
양천구,765. 오목교역 3번출구,202606,6245,6740
양천구,766. 신목동역 3번출구,202606,1261,1274
양천구,767.신정숲속마을아파트,202606,824,269
양천구,768.목동5단지아파트 501동,202606,3067,3127
양천구,769.CBS방송국 앞,202606,6713,6793
양천구,770.목동역5번출구,202606,4750,5290
양천구,771.목동아파트 703동 앞,202606,2881,2877
양천구,"773.염창역 3, 4번 출구 사이",202606,1840,1797
양천구,774.등촌역 4번 출구 ,202606,872,852
양천구,775.세종그랑시아 앞(102동),202606,786,723
양천구,776.목마공원,202606,811,724
양천구,777.신월6차보람아파트 앞,202606,1280,1294
양천구,779. 신정1동 주민센터 앞,202606,4419,4641
양천구,780.신정교 하부,202606,3878,4239
양천구,781.신정보도육교 아래,202606,4832,4796
양천구,782.서남병원 후문,202606,1176,663
양천구,"785.양천구청, 보건소 사잇길",202606,6899,6989
양천구,786.목동아파트 8단지 상가동 앞,202606,2934,2903
양천구,787.양천아파트 입구,202606,4751,4876
양천구,788.양천구청역 2번출구 옆,202606,3571,4115
양천구,791.현대하이페리온,202606,3808,3684
양천구,792.목동트라팰리스 웨스턴에비뉴,202606,7006,7062
양천구,793.목동5단지아파트 534동,202606,3686,3679
양천구,794.양천문화회관,202606,3813,3787
양천구,795.양천 해누리타운,202606,4546,4530
양천구,796.목동아파트 14단지 B상가 앞,202606,3227,3118
양천구,797.목동아파트 1422동 1434동 사잇길,202606,5115,5176
영등포구,200. 국회의원회관,202606,286,215
영등포구,201. 진미파라곤 앞,202606,1498,1493
영등포구,202. 국민일보 앞,202606,3880,4186
영등포구,203. 국회의사당역 3번출구 옆,202606,2815,2724
영등포구,204. 국회의사당역 5번출구 옆,202606,1617,1584
영등포구,205. 산업은행 앞,202606,1564,1510
영등포구,206. KBS 앞,202606,3116,3179
영등포구,207. 여의나루역 1번출구 앞,202606,3055,2726
영등포구,209. 유진투자증권빌딩 앞,202606,4598,4992
영등포구,212. 여의도역 1번출구 옆,202606,1,2
영등포구,213. KT앞,202606,3404,2410
영등포구,214. 금융감독원 앞,202606,1724,1683
영등포구,215. 여의도고교 앞,202606,1341,1339
영등포구,217. NH농협은행 앞,202606,4023,4283
영등포구,219. 롯데캐슬엠파이어 옆,202606,2682,2674
영등포구,220. 미성아파트 A동 앞,202606,1887,1863
영등포구,221. 여의도초교 앞,202606,1672,1622
영등포구,222. 시범아파트버스정류장 옆,202606,2353,2333
영등포구,223. 진주아파트상가 앞,202606,1351,1260
영등포구,224. 롯데캐슬 앞,202606,2351,2355
영등포구,225. 앙카라공원 앞,202606,2201,1952
영등포구,226. 샛강역 1번출구 앞,202606,3034,2521
영등포구,227. 양평1나들목 보행통로 입구,202606,2443,2538
영등포구,228. 선유도역 3번출구 앞,202606,4276,4356
영등포구,229. 양평1 보행육교 앞,202606,2698,2705
영등포구,230. 영등포구청역 7번출구,202606,7679,7238
영등포구,231. 남부고용노동지청 남측,202606,2861,2874
영등포구,232. 양평우림 이비즈센타 앞,202606,3847,3632
영등포구,233. 양평1동 YP센터 앞,202606,1208,1309
영등포구,236. 문래동자이아파트 앞,202606,3685,3839
영등포구,238. 제2구민체육센타 앞,202606,3165,3139
영등포구,239. 유스호스텔 앞,202606,1392,1407
영등포구,240. 문래역 4번출구 앞,202606,4579,4156
영등포구,241. 신길우성1차아파트 앞 공원,202606,1306,1201
영등포구,242. 신길선원가와인아파트 앞,202606,1104,633
영등포구,243. 이앤씨드림타워 앞,202606,4280,4298
영등포구,244. 영등포삼환아파트 앞,202606,2182,2056
영등포구,245. 삼성생명 당산사옥 앞,202606,3925,3938
영등포구,247. 당산역 10번출구 앞,202606,8759,8934
영등포구,248. 초원아파트 앞,202606,1258,1241
영등포구,249. 여의도중학교 옆,202606,832,821
영등포구,250. 대림아파트 사거리,202606,674,636
영등포구,251. 서울지방병무청 버스정류장,202606,874,763
영등포구,252. 보라매역4번출구,202606,1818,2007
영등포구,254. 도림신협 앞,202606,1704,1774
영등포구,255. 도림사거리,202606,1389,1343
영등포구,256. 동아에코빌입구,202606,1635,1609
영등포구,258. 신길역3번출구,202606,1918,1918
영등포구,259. 대방역6번출구,202606,3550,3850
영등포구,260. 여의도 마리나선착장 앞,202606,609,472
영등포구,263. 근로자회관 사거리,202606,4002,4247
영등포구,264. 교보생명보험 앞,202606,2088,1934
영등포구,265. 영등포유통상가 사거리,202606,1572,1367
영등포구,266. 영등포청과시장 사거리,202606,1768,1719
영등포구,267. 삼성화재 사옥 옆,202606,2305,2209
영등포구,268. 그랜드컨벤션센터 앞,202606,3401,3413
영등포구,270. 증권거래소후문교차로,202606,1414,1400
영등포구,271. 샛강생태공원방문자센터 앞,202606,509,466
영등포구,272. 당산육갑문,202606,6527,6754
영등포구,275. 신동아아파트,202606,3875,3954
영등포구,276. 영등포로터리2,202606,1261,1252
영등포구,278. 쌍용플레티넘오피스텔,202606,3315,3073
영등포구,279. 영등포 푸르지오 아파트 B,202606,2522,2099
영등포구,280. 양평동6차현대아파트 앞,202606,3758,3649
영등포구,281. 대림신동아아파트 앞,202606,1236,1175
영등포구,282. 신한은행 대림동지점,202606,878,1048
영등포구,283. 아크로타워 스퀘어(영등포시장),202606,3394,3109
영등포구,284. 센트럴 푸르지오 시티 앞,202606,2789,2528
영등포구,285. 콤텍시스템 앞,202606,983,1133
영등포구,286. 우성아파트 교차로,202606,1108,1159
영등포구,287. 영등포전화국사거리 (서강어린이공원),202606,2299,2280
영등포구,288. 쌍용예가(구청별관),202606,1843,1851
영등포구,289. 대림3동사거리,202606,1414,1449
영등포구,290. 새말소공원,202606,3288,3066
영등포구,291. 문래동 하이테크 시티,202606,3121,3172
영등포구,292. 영일 어린이공원,202606,1840,1775
영등포구,293. 충북 미래관,202606,2700,2525
영등포구,295.영등포공원 분수대 앞,202606,337,337
영등포구,296.KT플라자 영등포점,202606,3261,3198
영등포구,297.국회3문,202606,233,175
영등포구,298.KBS 연구동 건너편,202606,772,547
영등포구,299.여의도 순복음교회,202606,672,660
영등포구,3201.당산skv1센터,202606,1914,1903
영등포구,3202.당산롯데캐슬프레스티지,202606,3826,3795
영등포구,3203.도림동배드민턴체육관,202606,1510,1436
영등포구,3204.도림고가도로 밑,202606,1128,1083
영등포구,3205.문래현대2차,202606,2640,2656
영등포구,3206.문래동 주민센터,202606,1598,1529
영등포구,3207.양남사거리1,202606,1214,1102
영등포구,3211.신길 래미안 프레비뉴,202606,879,817
영등포구,3212.신풍역 6번출구,202606,1135,1164
영등포구,3214.영등포 푸르지오 아파트 A,202606,2338,2056
영등포구,3215.강변삼성래미안,202606,1900,1664
영등포구,3219.영등포역 1번출구,202606,3998,4783
영등포구,3220.래미안에스티움 앞 (신풍로),202606,1076,1077
영등포구,3221.서울특별시 남부교육지원청,202606,1058,1052
영등포구,4552. 코레일유통본사,202606,908,907
영등포구,4553. 당산삼성2차아파트,202606,3465,3331
영등포구,4555. 대림우성2차아파트,202606,586,702
영등포구,4556. 리버뷰신안인스빌1차 후문,202606,1762,1919
영등포구,4557. 리버뷰신안인스빌2차 후문,202606,2072,2009
영등포구,4558. 대영중고 후문,202606,1143,1171
영등포구,4559. 신길역 2번출구,202606,2334,1846
영등포구,4560. 양평동성원아파트,202606,1758,1821
영등포구,4561. 양평역 1번출구,202606,4699,4609
영등포구,4563. 여의도 은하아파트,202606,896,880
영등포구,4564. 63스퀘어,202606,3557,3703
영등포구,4565. 영등포 신세계백화점,202606,6266,6254
영등포구,4566. 대림성원상떼빌아파트,202606,2000,2296
영등포구,4567. 한림대학교 강남성심병원 신관,202606,1691,1800
영등포구,4569. 힐스테이트클래시안아파트,202606,1322,1319
영등포구,4571. 문래동롯데캐슬아파트,202606,4850,4806
영등포구,4573. 두산위브아파트,202606,755,706
영등포구,4574. 영등포시장역 포레나영등포,202606,5367,5382
영등포구,4575. 대림동 e편한세상영등포아델포레,202606,2061,2302
영등포구,4576.보라매sk뷰 108동 앞,202606,932,963
영등포구,4578.보라매sk뷰,202606,530,471
영등포구,4579. 국회의사당 본관,202606,674,388
영등포구,4580. 국회제2의원회관,202606,852,839
영등포구,4581. 국회소통관,202606,470,455
영등포구,4582. 국회도서관,202606,757,648
영등포구,4583. 의정관,202606,280,255
영등포구,4584. 국회2문,202606,284,114
영등포구,4585. 국회6문,202606,615,582
영등포구,4588.양남사거리2,202606,1374,1302
영등포구,4589. KRX한국거래소(1),202606,1289,1293
영등포구,4591. 신길자이아파트,202606,1130,218
영등포구,4592. 신길우성4차아파트,202606,1702,2062
영등포구,4594. 양평교 영등포대여소,202606,2827,2855
영등포구,4598. 오목교 동측 지하보도,202606,2414,2465
영등포구,4599. 대림우성아파트 사거리,202606,506,531
영등포구,4600. 서울 영등포구 우체국,202606,2353,2348
영등포구,4601.양평역2번출구 뒤,202606,1428,1307
영등포구,5851. 도림천 건널목 위,202606,2005,1771
영등포구,5852. 대림동현대2차 201동 앞,202606,312,242
영등포구,5853. 여의도역2번출구 앞,202606,1713,1729
영등포구,5854. 신한금융투자 앞,202606,1,2
영등포구,5857. U레지던스 앞,202606,1055,1115
영등포구,5858. 영등포역5번출구,202606,5430,6105
영등포구,5859. 여의도 삼부아파트,202606,1645,1638
영등포구,5860. 어울림병원 앞,202606,1111,1188
영등포구,5861. 보라주유소 앞,202606,711,764
영등포구,5864.장훈고 앞,202606,948,984
영등포구,5865.더리브오피스텔 앞,202606,2830,2445
영등포구,5866.포레나 당산,202606,3704,3660
영등포구,5867. H타워 앞,202606,3770,3485
영등포구,5868. 로프트시티오피스텔,202606,2536,2776
영등포구,5869. 영등포아트홀 앞,202606,1310,1308
영등포구,5870. LG트윈타워 앞,202606,3558,3344
영등포구,5871. 건영상가 앞,202606,709,681
영등포구,5872. 서경팰리스 앞,202606,1337,1360
영등포구,5876. 에이스하이테크시티 4동 앞,202606,965,988
영등포구,5877. 문래동 꽃밭정원,202606,1291,1264
영등포구,5878. 우리은행 앞,202606,3059,3585
영등포구,5879. 국회도서관 2문 앞,202606,388,266
영등포구,5880. 국회박물관,202606,146,101
영등포구,5881. 세계청소년NGO교육문화원,202606,2211,2189
영등포구,5882. 휴젠느,202606,4179,4161
영등포구,5883. 영문초사거리,202606,3596,3619
영등포구,5884. GS강서타워,202606,2580,2817
영등포구,5885. 신정교하부(도림천역 방면),202606,1618,1345
영등포구,5886.신풍역 2번출구,202606,2662,2725
영등포구,5887.나루마을 마당공원,202606,3709,3689
영등포구,5888.여의도성당,202606,125,110
영등포구,5889.의원회관출입구 앞,202606,371,258
영등포구,5890.여의나루역 3번출구,202606,2259,2223
영등포구,5891.한강버스 여의도 선착장,202606,10513,8978
영등포구,5892.국회의사당본관 좌측,202606,362,325
영등포구,5893.한국산업은행,202606,2080,2214
영등포구,5894.영등포세무서,202606,1755,1804
영등포구,5895.생각공장당산,202606,2532,2516
영등포구,5896.영등포구청역 6번출구,202606,3001,2412
영등포구,5897.여의도공작아파트,202606,853,839
영등포구,5898.당산역 1번출구,202606,1157,1150
용산구,4603. 한강GS에클라트 건너편 교통섬,202606,944,917
용산구,4604. 원효로다목적체육관 앞,202606,507,500
용산구,4607. 국립중앙박물관 -용산가족공원 앞,202606,323,258
용산구,4608. 국립중앙박물관 정문 앞,202606,282,195
용산구,4609. 파크타워 104동 앞,202606,381,372
용산구,4610. 한남나인원 105동 앞,202606,399,446
용산구,4611. 국제루터교회 앞,202606,229,197
용산구,4612. 이태원로 255,202606,103,67
용산구,4613. 서울갤러리아 앞,202606,178,150
용산구,4615. 크라운호텔앞 버스정류소,202606,679,791
용산구,4616. 신용산지하차도 앞,202606,812,916
용산구,4617. 동원베네스트 건너편,202606,148,197
용산구,4618. 풍전아파트 건너편,202606,1308,1401
용산구,4619. 한강트럼프월드3차 앞,202606,1608,1605
용산구,4620. 삼각지역 14번 출구 앞(교통섬),202606,1275,1386
용산구,4621. 남산도서관 앞,202606,493,87
용산구,4622. 한강중학교 앞 버스정류장,202606,458,495
용산구,4623. 라인프랜즈이태원점 앞,202606,219,111
용산구,4625. 용산공원갤러리앞,202606,366,375
용산구,4627. 효창공원앞역 5번출구 옆,202606,441,425
용산구,4629. 한강초교보도육교 앞,202606,1180,1350
용산구,4632. 용산 푸르지오 파크타운 1단지 앞,202606,433,203
용산구,4633. 센트럴파크타워 앞,202606,2128,2168
용산구,4634. 이태원역 3번 출구,202606,455,418
용산구,4636. 용산구꿈나무종합타운 앞,202606,1002,1119
용산구,4637. 용산시티파크 101동 앞,202606,609,595
용산구,4638. 청파동삼거리 앞,202606,854,940
용산구,4639. 동빙고근린공원,202606,783,866
용산구,4640. 원효로2가 교차로,202606,980,1272
용산구,4641. 아메리칸센터,202606,648,648
용산구,4642. 용산더프라임아파트 101동 앞,202606,436,463
용산구,4643. 한가람아파트 앞,202606,1177,1283
용산구,4644.서울특별시교육청 앞,202606,787,772
용산구,800. 목월공원 앞,202606,1228,1164
용산구,802. 한강진역 2번 출구 앞,202606,547,190
용산구,805. 문배어린이공원 앞,202606,1090,1096
용산구,806. 전자랜드 본관 앞,202606,1301,1256
용산구,807. 서울역 12번 출구 앞,202606,1040,1032
용산구,808. 서빙고동 금호맨션 앞,202606,342,351
용산구,809. 한남 유수지 복개주차장,202606,1137,1075
용산구,810. 이태원지하보도,202606,685,670
용산구,811. 녹사평역1번출구,202606,799,268
용산구,813. 삼각지역 3번출구,202606,879,1019
용산구,815. LIG강촌아파트 103동앞,202606,1460,1695
용산구,816. 신용산역 6번출구 앞,202606,2263,2383
용산구,817. 삼각지역 4번출구 앞,202606,1060,1082
용산구,818. 숙명여대 입구 교차로,202606,1485,1571
용산구,819. 선린인터넷 고등학교,202606,1504,1543
용산구,820. 청파동입구 교차로,202606,890,894
용산구,822. 이촌1동 마을공원,202606,591,597
용산구,823. 효창동주민센터 앞,202606,392,341
용산구,825. 서빙고동 주민센터 앞,202606,2603,3017
용산구,827. 국군복지단,202606,288,135
용산구,828. 숙대입구역 8번,202606,1095,1242
용산구,829. 한강대교 북단 교차로,202606,2483,2358
용산구,830. 강변삼성스위트아파트 앞,202606,409,383
용산구,832. 이촌1동 주민센터 뒤,202606,1226,1193
용산구,834. 효창공원앞역 3번출구 앞,202606,1620,1711
용산구,835. 남영역 건너편,202606,1253,1329
용산구,836. 현대자동차서비스 앞,202606,767,762
용산구,837. 한남나들목 입구,202606,1408,1365
용산구,838. 숙대입구역 4번출구,202606,1440,1471
용산구,839. 보광동 삼성리버빌아파트 앞,202606,812,814
용산구,840. 용산 파크타워 앞,202606,565,552
용산구,841. 신용산역 1번 출구,202606,1888,1989
용산구,843. 이태원관광특구 입구(용산구청방향),202606,761,303
용산구,844. 이촌2동 동원베네스트 아파트 앞,202606,1303,1508
용산구,845. 용산 선인상가,202606,599,629
용산구,846. 용산중학교,202606,943,886
용산구,848. 삼각지12번 출구,202606,759,804
용산구,849. 삼각지 자이아파트,202606,1408,1398
용산구,850.KCC용산웰츠(WELLTZ)타워,202606,602,607
용산구,851.효창 푸르지오 앞,202606,509,207
용산구,852. 청암자이아파트 앞,202606,1126,829
용산구,853.용산역 맞은편,202606,3813,3954
용산구,854.HID 유족동지회 앞,202606,154,80
용산구,855.이촌역5번출구 앞,202606,197,195
용산구,857. 현대 안성타워,202606,273,111
용산구,858.녹사평역3번 출구,202606,331,200
용산구,859.남산공원 야외식물원 앞,202606,141,65
용산구,860.LG한강 자이아파트 앞,202606,1500,1506
용산구,863.이촌역2번 출구,202606,502,526
용산구,864.순천향대학병원(한남오거리),202606,756,785
용산구,866.브라운스톤 남산아파트,202606,619,418
용산구,867.서빙고역 광장(1번출구),202606,363,371
용산구,869.노들섬 동측 앞,202606,575,571
용산구,870.노들섬 서측 앞,202606,1432,1428
은평구,4652. 신사두산위브2차아파트 앞,202606,1418,1195
은평구,4653. 불광역 9번 출구 맞은편,202606,971,992
은평구,4657. 본 서부병원 교차로 사거리,202606,1483,1498
은평구,4658. 녹번역1번출구앞,202606,674,440
은평구,4659. 신진과학기술고등학교 버스정류장(응암시장 방면),202606,1195,1421
은평구,"4663. 불광역3,6호선 버스정류장(동명여고 방면)",202606,890,897
은평구,4665. 응암역3번 출구(서부경찰서 방면),202606,283,317
은평구,4667. 폭포동입구 교차로,202606,299,261
은평구,4668. 기자촌사거리 B,202606,455,146
은평구,4671. 청구성심병원 앞,202606,770,766
은평구,4672. 준빌딩 앞,202606,267,271
은평구,4674. 녹번역e편한세상 캐슬 정문 앞,202606,1129,994
은평구,4676. 갈현1동 주민센터,202606,363,363
은평구,4677. 백련산 SK뷰 아이파크 해모로 아파트 앞,202606,1305,1473
은평구,4678. 백련산로 녹번센트레빌 ,202606,821,650
은평구,4681.박석고개(은평소방서) 앞,202606,226,201
은평구,4683. 은평 성모병원 사거리,202606,576,536
은평구,4684. 응암2동주민센터 버스정류장(영락중학교 방면),202606,582,110
은평구,4685. DMC역 5번 출구(수색역 방향),202606,2094,2072
은평구,4686. 우물골 근린공원,202606,629,569
은평구,4687. 역촌센트레빌아파트 101동 앞,202606,696,203
은평구,4689. 은평서해그랑블아파트앞,202606,926,530
은평구,4690.은평뉴타운폭포동 힐스테이트4단지,202606,130,100
은평구,4693. 수색감리교회,202606,1910,2017
은평구,900. 은평예술회관,202606,701,686
은평구,902. 진관동 은빛초등학교,202606,593,594
은평구,903. 은평뉴타운 아이파크,202606,861,865
은평구,904. 은평뉴타운 푸르지오,202606,778,858
은평구,905. 구파발역 2번출구,202606,2286,3017
은평구,906. 연신내역 5번출구,202606,2672,3029
은평구,907. CJ 드림시티,202606,3884,4795
은평구,908. 구산역 4번출구,202606,1188,1215
은평구,909. 백련산 힐스테이트 3차,202606,194,49
은평구,911. 은평평화공원(역촌역4번출구),202606,2112,2146
은평구,912. 응암오거리,202606,2202,2614
은평구,913. 이마트 버스정류장(서부경찰서 방면),202606,2286,2275
은평구,914. 새절역 2번출구,202606,2637,3255
은평구,915. 증산역 4번출구,202606,1345,1607
은평구,916. 평생학습관 앞,202606,1347,1566
은평구,917. 녹번역 3번출구,202606,1450,1437
은평구,919. 서울혁신파크,202606,652,651
은평구,921. 신도고등학교,202606,184,107
은평구,922. 연신내역 4번출구,202606,540,540
은평구,923. 국민은행 연서지점,202606,621,645
은평구,925. 불광역 2번출구,202606,848,906
은평구,927. 연신내역 3번출구 인근,202606,482,487
은평구,928. 은평역사한옥박물관,202606,261,169
은평구,930. 구 서부경찰서 건너편,202606,848,927
은평구,931. 역촌파출소,202606,3491,3916
은평구,932. 예일여중,202606,1319,1386
은평구,933. 역촌종합시장 버스정류장(예일여고 방면),202606,1969,2354
은평구,937. 상림마을 롯데캐슬2단지 옆,202606,97,93
은평구,938. 금암 문화공원,202606,232,237
은평구,939. 은평구청 교차로,202606,722,661
은평구,941. 은평뉴타운 도서관,202606,657,285
은평구,942. 상림마을 생태공원,202606,379,329
은평구,943. 은평구청 보건소,202606,1703,2266
은평구,945. 기자촌 사거리 A,202606,349,105
은평구,946. 독바위역 ,202606,550,522
은평구,947. 연신내 선일하이츠빌 정류소,202606,285,275
은평구,948. 디지털미디어 시티역 4번출구(DMC역),202606,767,981
은평구,949. 연신내역 1번 출구 ,202606,1307,1734
은평구,950. 구산역 2번 출구 예일여고 버스정류장,202606,921,1268
은평구,952. 서울연신중학교,202606,765,590
은평구,953. 서울연신초등학교,202606,511,396
은평구,954. 은평뉴타운구파발9단지,202606,692,711
은평구,956. 응암시장교차로,202606,2314,2851
은평구,958. 본 서부병원 버스정류장(은평 세무서 방면),202606,1266,1353
은평구,959. 구파발10단지 인근,202606,548,615
은평구,960. 구파발역 환승센터,202606,969,1218
은평구,962. 은평뉴타운엘크루 앞,202606,1063,1075
은평구,963. 불광롯데캐슬아파트 앞,202606,477,492
은평구,964. 북한산힐스테이트 7차아파트,202606,453,342
은평구,965. 서울특별시 은평병원,202606,683,153
은평구,966. 서울혁신파크1,202606,162,168
은평구,967. 서울혁신파크2,202606,324,337
은평구,968. 은평뉴타운 상림마을 13단지,202606,166,141
은평구,969. 은평 지웰테라스,202606,108,107
은평구,971. 역촌 센트레빌 아파트,202606,868,135
은평구,973.제각말푸르지오 5-1단지 아파트,202606,267,113
은평구,974.연신초등학교옆 마을마당,202606,175,147
은평구,975.백련산 힐스테이트상가앞,202606,752,178
은평구,976.진관고등학교앞,202606,631,611
은평구,977.신도중학교앞,202606,228,66
은평구,978.녹번 힐스테이트상가앞,202606,322,159
은평구,979.원풍빌라앞,202606,860,831
은평구,982. 녹번초등학교(서오릉로),202606,741,779
은평구,984.상신초등학교앞 버스정류장,202606,1126,1108
은평구,985. 은평세무서 버스정류장(은평구청 방면),202606,1214,1254
은평구,989. 신응교(가좌로) 앞,202606,1481,1926
은평구,991.흥국사 정류장,202606,112,124
은평구,992.북한산입구 정류장,202606,215,228
은평구,993.은평뉴타운 은뜨락아파트앞,202606,608,261
은평구,994.북한산생태공원입구(교통섬),202606,397,322
은평구,995.은평다목적체육관,202606,488,407
은평구,996.응암역2번출구 국민은행 앞,202606,4052,5810
종로구,301. 경복궁역 7번출구 앞,202606,844,536
종로구,302. 경복궁역 6번출구 뒤,202606,3210,2634
종로구,303. 광화문역 1번출구 앞,202606,2419,2313
종로구,305. 종로구청 옆,202606,2563,2494
종로구,307. 서울역사박물관 앞,202606,1177,1167
종로구,308. 광화문 S타워 앞,202606,2782,2785
종로구,309. 광화문역 6번출구 옆 B,202606,673,517
종로구,314. 국립현대미술관,202606,1258,1259
종로구,316. 종각역 1번출구 앞,202606,2236,2181
종로구,326. 안국역 5번출구 앞,202606,1465,1108
종로구,327. 낙원상가 옆,202606,1239,1240
종로구,328. 탑골공원 앞,202606,844,843
종로구,329. 청계2가 사거리 옆,202606,1482,1408
종로구,334. 종로3가역 2번출구 뒤,202606,1482,1431
종로구,335. 종로3가역 15번출구 뒤,202606,1272,1263
종로구,337. 창경궁 입구,202606,754,766
종로구,338. 세운스퀘어 앞,202606,659,655
종로구,339. 종로4가 사거리,202606,1419,1362
종로구,340. 혜화동 로터리,202606,1284,1271
종로구,3401.창신두산아파트,202606,200,190
종로구,3402.이화공영주차장,202606,397,394
종로구,3404.서울특별시 중부교육지원청,202606,153,158
종로구,3405.파크팰리스,202606,973,897
종로구,3407.안국동사거리(신),202606,1669,1615
종로구,3408.종로타워빌딩,202606,1220,1196
종로구,341. 혜화역 3번출구 뒤,202606,991,959
종로구,3410.종로3가역 8번출구,202606,3122,3153
종로구,3411.종묘,202606,1214,1206
종로구,3412.세운상가,202606,968,963
종로구,3413.종로플레이스,202606,3183,3161
종로구,3414.종로5가역 4번출구,202606,1600,1630
종로구,3415.동대문역6번출구,202606,1710,1810
종로구,3416.동묘앞역 6번출구,202606,2514,2641
종로구,3417.창신3동주민센터,202606,1047,1034
종로구,3418.창신역2번 출구,202606,421,169
종로구,3419.국립어린이과학관,202606,444,434
종로구,342. 대학로 마로니에공원,202606,2348,2346
종로구,3420. 성균관대입구 사거리 B,202606,878,851
종로구,3421.혜화역 1번출구,202606,2077,2064
종로구,3422.성균관대 정문,202606,2066,1701
종로구,3425.광화문 풍림스페이스본 1단지앞,202606,957,570
종로구,3426.독립문역 2번출구 뒤,202606,406,318
종로구,3427.인왕산 아이파크 정문,202606,336,267
종로구,3428.서울미술관,202606,219,107
종로구,3429.HW컨벤션센터 앞,202606,178,56
종로구,343. 힐스테이트창경궁 아파트 앞,202606,1434,1226
종로구,3431.로제우스 레포츠센터,202606,229,100
종로구,3432.종로2가 사거리,202606,1404,1270
종로구,344. 성균관대 E하우스 앞,202606,1058,1056
종로구,345. 서울보증보험본사 앞,202606,1512,1654
종로구,348. 독립문역 사거리,202606,1035,875
종로구,349. 어린이도서관,202606,611,597
종로구,351. 청운초교 앞 삼거리,202606,482,441
종로구,352. 중앙고입구 삼거리,202606,328,181
종로구,353. 재동초교 앞 삼거리,202606,848,844
종로구,354. 포르투갈 대사관 앞,202606,992,593
종로구,355. 서울사대부설초등학교 앞,202606,1526,1570
종로구,356. KT혜화지사 앞,202606,1354,1345
종로구,358. 성균관대입구 사거리 A,202606,878,874
종로구,359. 원남동사거리,202606,1097,1175
종로구,361. 동묘앞역 1번출구 뒤,202606,3309,3546
종로구,362. 청계8가사거리 A,202606,2552,2670
종로구,363. 신설동역 11번출구 뒤,202606,2146,2184
종로구,364. 창신역 1번출구 앞,202606,580,424
종로구,367. 독립문역 3-1번출구 ,202606,1290,1015
종로구,368. SK 서린빌딩 앞,202606,2061,2031
종로구,385. 종각역 5번출구,202606,1874,1842
종로구,388. 동성중학교 앞,202606,483,475
종로구,393. 동대문역 8번 출구,202606,2570,2712
종로구,394. 경희궁 자이 3단지,202606,1266,1320
종로구,397. 종묘공영주차장 건너편,202606,441,428
종로구,446. 상명대입구,202606,551,440
종로구,447. 신영동삼거리,202606,138,91
종로구,449. 일성아파트,202606,251,63
종로구,450. 효자동 삼거리,202606,1142,733
종로구,451. 청와대앞길,202606,179,114
종로구,452. 동대문 종합시장 버스정류장,202606,793,792
종로구,453. 종로오가 지하쇼핑센터 14번출구,202606,1397,1421
종로구,454. 종로2가 버스정류장 (종각방향),202606,1189,1185
종로구,455. 종로6가역 버스정류장(동대문 방향),202606,1414,1458
종로구,456. 숭인2동 주민센터 입구,202606,1333,1482
종로구,457. 종로꽃시장 입구 옆,202606,1310,1337
종로구,458. 광화문역 5번출구,202606,2600,2457
종로구,461. 서울경찰청,202606,1030,971
종로구,464. 삼청동 골목,202606,871,873
종로구,465. 삼청공원 앞,202606,163,94
종로구,4703. 쌍용아파트2단지 정문,202606,623,33
종로구,4705. 웰니스센터(민방위교육장 앞),202606,1532,1515
종로구,4707. 청계3가 사거리,202606,1274,1223
종로구,4708. 조계사앞사거리,202606,1491,1493
종로구,4710. 자교교회 앞,202606,970,997
종로구,4711. 올림픽기념 국민생활관 로터리,202606,1286,1276
종로구,4713. 현대 뜨레비앙 아파트 앞,202606,1559,1499
종로구,4715. 돈의문 박물관 마을,202606,655,435
종로구,4718. 광화문역 6번출구 옆 A,202606,922,914
종로구,4719. 종로문화원 건너편,202606,1190,1158
종로구,4721. 통인시장 정자,202606,1769,1786
종로구,486. 평창동주민센터 앞,202606,143,100
중구,300. 정동사거리,202606,1048,1030
중구,3013.서울지방고용노동청 앞,202606,1788,1924
중구,310. 청계광장 옆,202606,2094,1912
중구,318. 광교사거리 남측,202606,1227,1210
중구,320. 을지로입구역 4번출구 앞,202606,1453,1447
중구,321. KEB 하나금융그룹 명동사옥 옆,202606,1050,1042
중구,322. 명동성당 앞,202606,817,813
중구,324. 신세계백화점 본점 앞,202606,866,884
중구,331. 을지로2가 사거리 북측,202606,1176,1174
중구,332. 을지로2가 사거리 남측,202606,917,917
중구,336. 충무로역 6번출구 앞,202606,1365,1301
중구,346. 맥스타일 앞,202606,1138,1155
중구,347. 동대문역사문화공원역 9번출구 앞,202606,844,696
중구,370. 시청역(2호선) 9번출구 뒤,202606,2016,1882
중구,371. 동대입구역 6번출구 뒤,202606,438,432
중구,372. 약수역 3번출구 뒤,202606,705,711
중구,374. 신당동주민센터앞,202606,1172,1254
중구,379. 서울역9번출구,202606,917,898
중구,380. CJ제일제당 앞,202606,1746,1940
중구,381. 장충체육관,202606,130,89
중구,382. 약수역 10번출구 앞,202606,421,413
중구,383. 신당역 12번 출구 뒤,202606,2877,2834
중구,384. 중림동삼거리,202606,525,513
중구,387. 훈련원공원주차장 앞,202606,986,913
중구,389. 을지로4가역 1번출구,202606,1274,1210
중구,390. 충무로역 1번출구,202606,923,850
중구,391. 시립미술관,202606,936,941
중구,398. 을지로3가역 3번출구,202606,2063,2009
중구,399. 서울역 센트럴 자이아파트,202606,1041,682
중구,428. 명보사거리,202606,693,658
중구,429. 송도병원,202606,78,41
중구,430. 장충동먹자골목 앞,202606,843,930
중구,431. 청계천 영도교,202606,4238,4113
중구,433. 을지로입구역 2번출구,202606,1759,1620
중구,434. 신당 래미안 버스정류장,202606,679,42
중구,435. SK 남산빌딩,202606,354,336
중구,441.염천교사거리,202606,952,943
중구,442.서울역 서부,202606,363,333
중구,443.호암아트홀,202606,261,264
중구,445.대한상공회의소,202606,941,940
중구,466.롯데호텔,202606,547,365
중구,467.한국은행,202606,226,238
중구,468.웨스틴 조선호텔,202606,516,555
중구,469.회현역 1번출구,202606,328,325
중구,470.회현역 7번출구,202606,293,276
중구,471.회현사거리 남측,202606,524,504
중구,472.삼일교(시그니쳐 타워),202606,1289,1293
중구,473.을지로4가역 9번출구,202606,2375,2156
중구,474.동대문역사문화공원역 1번출구 뒤편,202606,2804,2293
중구,475.DDP 패션몰,202606,1562,1349
중구,4752. 삼성사이버빌리지아파트,202606,277,270
중구,4753. 시청역 10번출구,202606,581,582
중구,476.광희문,202606,753,747
중구,4760. 서울역 7번출구,202606,165,161
중구,4761. 중부경찰서앞사거리 건너편,202606,498,480
중구,4762. 국제빌딩,202606,534,521
중구,4765. 동대문디자인플라자,202606,1940,1875
중구,4766. 서소문성지역사박물관,202606,579,507
중구,477.앰배서더 호텔 주변,202606,445,163
중구,4772. 중앙일보,202606,133,79
중구,4774. 을지로입구역 8번출구,202606,527,519
중구,4775. 을지로지하쇼핑센터,202606,614,610
중구,4776. 신세계면세점,202606,406,387
중구,4777. 약수동 주민센터,202606,132,103
중구,4781. 브라운스위트레지던스,202606,386,387
중구,4784. 중부경찰서앞 사거리,202606,554,539
중구,4785. 롯데시티호텔,202606,547,544
중구,479.동대입구역 3번 출구,202606,419,401
중구,4791. 명동역9번 출구,202606,1111,1090
중구,4792. 퇴계로4가 교차로(중구청),202606,1550,1515
중구,4793. 동대문역사문화공원역 5번출구,202606,1106,1101
중구,4794. 서울역 서부교차로(3),202606,1418,1430
중구,4796. 서울시청,202606,2015,1711
중구,4797. KG타워 앞,202606,999,1012
중구,4798. 황학동롯데캐슬,202606,2471,2646
중구,480.약수역 6번 출구,202606,395,427
중구,4800. 필동 삼거리,202606,884,876
중구,4801. 충정로역 2호선(엘리베이터 앞),202606,306,97
중구,483.남산타운아파트 버스정류장,202606,332,143
중구,485.서울역5번출구,202606,1037,1064
중구,6053. 중부세무서 앞,202606,345,213
중구,6054.청구e편한세상아파트 113동 앞,202606,1332,1428
중구,6055. 한국경제,202606,556,560
중구,6057. 을지로5가(방산시장),202606,819,837
중구,6058. 시청역 2번출구,202606,3664,3518
중구,6059. 덕수중학교,202606,732,592
중구,6060. 신한은행 본점,202606,1456,1508
중구,6061.충무아트센터,202606,1499,1493
중구,6062.서울역파출소,202606,695,764
중구,6063.NH농협은행(신당역6번출구),202606,912,919
중구,826. 서울역 서부교차로2,202606,1469,1482
중랑구,1401. 극동늘푸른아파트,202606,1449,1668
중랑구,1402. 금란주차장 앞,202606,846,831
중랑구,1403. 중화빌딩 앞 (동부시장),202606,861,912
중랑구,1404. 동일로 지하차도,202606,1565,1560
중랑구,1405. 망우역 1번출구,202606,696,688
중랑구,1407. 먹골역 1번출구 뒤,202606,1187,1339
중랑구,1408. 먹골역 6번출구 앞,202606,1105,1301
중랑구,1410. 면목 대원칸타빌아파트,202606,307,100
중랑구,1411. 상봉시장앞 교차로 한성빌딩 앞,202606,1286,1270
중랑구,1414. 사가정역 2번출구,202606,2758,2940
중랑구,1416. 상봉역 3번출구,202606,1945,2117
중랑구,1418. 새솔초등학교,202606,205,99
중랑구,1420. 신내어울공원 앞,202606,891,983
중랑구,1421. 신내역 4번출구,202606,685,619
중랑구,1422. 신내우디안아파트 1단지,202606,238,63
중랑구,1424. 양원역 2번출구,202606,212,187
중랑구,1425. 신성미소지움아파트,202606,871,567
중랑구,1426. 면목도시개발아파트 1동 앞,202606,561,187
중랑구,1427. 용마산역 1번출구,202606,377,141
중랑구,1428. 원묵고등학교,202606,1357,628
중랑구,1429. 장안중학교,202606,844,918
중랑구,1430. 중랑구청,202606,1191,645
중랑구,1431. 중랑구청 사거리,202606,1079,835
중랑구,1433. 중화역 2번출구,202606,1364,1614
중랑구,1435. 능산삼거리,202606,189,187
중랑구,1436. 동원베네스트 건물 앞,202606,598,347
중랑구,1437. 늘푸른공원 앞,202606,910,1223
중랑구,1438. 홈플러스 신내점 앞,202606,1830,2333
중랑구,1440. 면목2동 사거리,202606,1329,1541
중랑구,1441. 신내능말공원,202606,737,362
중랑구,1442. 중랑구청 중화동 별관 앞,202606,2126,2296
중랑구,1444. 면목4치안센터,202606,1349,1718
중랑구,1445. 용마지구대 A,202606,224,275
중랑구,1446. 중랑전화국 교차로,202606,1957,2267
중랑구,1447. 면목역 3번출구,202606,2815,3456
중랑구,1448. 코스트코 상봉점,202606,2354,2352
중랑구,1449. 상봉역 1번출구,202606,2817,2809
중랑구,1450. 화랑대역 7번출구,202606,1734,1770
중랑구,1451. 중랑세무서,202606,3026,3462
중랑구,1452. 겸재교 진입부,202606,2374,2853
중랑구,1453. 중랑캠핑숲,202606,191,170
중랑구,1454. 한국전력공사(동대문 중랑지사),202606,842,894
중랑구,1455. 상봉역 2번 출구,202606,2573,2823
중랑구,1456. 상아빌딩(우림시장 교차로),202606,1312,1355
중랑구,1457. 동원사거리,202606,760,571
중랑구,1458. 상봉터미널2,202606,2051,2065
중랑구,1459. 용마한신아파트사거리,202606,177,172
중랑구,1461.동양엔파트 앞,202606,1152,1154
중랑구,1462.동부시장 북문 앞,202606,2147,2279
중랑구,1464.중화역 4번출구,202606,867,1022
중랑구,1466.두산대림아파트 삼거리,202606,348,438
중랑구,1467.sk신내 주유소앞(용마산로),202606,257,317
중랑구,1468.먹골역 7번 출구,202606,859,998
중랑구,1469.먹골역 4번출구,202606,926,1054
중랑구,1470.중화동 우리은행 앞,202606,1146,1251
중랑구,1471.동양쇼핑 정류소 앞,202606,1627,1923
중랑구,1472.영성빌딩(PAT),202606,686,857
중랑구,1473.중랑역 1번 출구(중화문화복지센터),202606,1097,1368
중랑구,1474.서울중랑우체국,202606,769,745
중랑구,1477.면목삼익아파트 앞,202606,353,372
중랑구,1478.홈플러스 상봉점 앞,202606,1478,1514
중랑구,1479.면목 홈플러스 2 ,202606,285,327
중랑구,1480. 용마지구대 B,202606,452,489
중랑구,4802. 새우개마을,202606,296,318
중랑구,4803. 상봉2동 주민센터 앞,202606,994,1005
중랑구,4804. 동서울농협 앞,202606,1712,1825
중랑구,4807. 라코지스테이 앞,202606,677,663
중랑구,4808. 신내2동 주민센터 앞,202606,729,598
중랑구,"4809. 동성1,2차 아파트 앞",202606,1236,963
중랑구,4811. 한양수자인아파트 앞,202606,784,251
중랑구,4812. 묵동 이마트 앞,202606,1564,1609
중랑구,4813. 망우지구대,202606,1716,1862
중랑구,4815. 중랑데시앙플렉스 앞,202606,571,545
중랑구,4819. 면목동 새싹어린이공원 앞,202606,1370,1445
중랑구,4820. 망우역 2번 출구,202606,1883,1950
중랑구,4823. 방정환교육지원센터 옆,202606,1203,1266
중랑구,4824. 상봉신협 앞,202606,1772,1752
중랑구,4825. 신내동 벽산아파트 후문 앞,202606,940,781
중랑구,4826. 홈플러스 면목점,202606,940,1027
중랑구,4827. 신내SK V1센터 앞,202606,390,253
중랑구,4828. 신내동 한살림 중랑지구 앞,202606,1194,1220
중랑구,4829. 신내동 한살림 중랑지구 건너편,202606,422,402
중랑구,4830. 신내 우디안 111동 앞,202606,418,221
중랑구,4834. 용마복지센터 앞,202606,607,248
중랑구,4835. 망우동 본죽 앞,202606,909,938
중랑구,4836. 양원역 1번 출구,202606,663,654
중랑구,4837. 양원지구 힐데스하임 앞,202606,518,381
중랑구,4838.동원사거리 행복오피스텔 앞,202606,623,460
중랑구,4840. 서울시 북부병원 앞,202606,407,417
중랑구,4841. 중화수경공원,202606,1802,1997
중랑구,4842. 면목라온프라이빗 아파트,202606,1025,1065
중랑구,4843. 봉화산역 4번 출구,202606,1088,1257
중랑구,4845. 신내역금강펜테리움센트럴파크,202606,233,206
중랑구,4846. 상봉동양엔파트 앞,202606,985,989
중랑구,4847. 신내역시티프라디움 앞,202606,874,849
