사업장명,소재지도로명주소,소재지지번주소,위도,경도,폐기물분류명,폐기물세부종류명,처리방법내용,전화번호,배출량,신고기준연도,관리기관명,관리기관전화번호,데이터기준일자,제공기관코드,제공기관명
경상남도소방본부119특수대응단119항공대,경상남도 합천군 용주면 고품부흥1길 10-28,경상남도 합천군 용주면 고품리 910-210,35.5545936329,128.1146876734,의료폐기물,,,,0.36,2025,경상남도 합천군,055-930-3303,2026-04-16,5480000,경상남도 합천군
합천축협 유전자원센터,경상남도 합천군 적중면 정토양림길 42-30,경상남도 합천군 적중면 정토리 329-8,35.5321902746,128.2608816319,의료폐기물,,,,1.5,2025,경상남도 합천군,055-930-3303,2026-04-16,5480000,경상남도 합천군
대병구급대,경상남도 합천군 대병면 신성동길 23,경상남도 합천군 대병면 회양리 896-1,35.5214322225,128.0147070627,의료폐기물,,,,0.36,2025,경상남도 합천군,055-930-3303,2026-04-16,5480000,경상남도 합천군
덕곡지역대,경상남도 합천군 덕곡면 율지2길 13-9,경상남도 합천군 덕곡면 율지리 144-7,35.6151959482,128.360166011,의료폐기물,,,,0.36,2025,경상남도 합천군,055-930-3303,2026-04-16,5480000,경상남도 합천군
북부119안전센터,경상남도 합천군 야로면 월광2길 5,경상남도 합천군 야로면 월광리 241-4,35.7343117551,128.1566329969,의료폐기물,,,,0.36,2025,경상남도 합천군,055-930-3303,2026-04-16,5480000,경상남도 합천군
삼가119안전센터,경상남도 합천군 삼가면 삼가로 287,경상남도 합천군 삼가면 소오리 17-3,35.4084501163,128.1199755897,의료폐기물,,,,0.36,2025,경상남도 합천군,055-930-3303,2026-04-16,5480000,경상남도 합천군
초계119안전센터,경상남도 합천군 초계면 양동로 6-16,경상남도 합천군 초계면 초계리 409-7,35.5568996138,128.2616495082,의료폐기물,,,,0.36,2025,경상남도 합천군,055-930-3303,2026-04-16,5480000,경상남도 합천군
합천119안전센터,경상남도 합천군 합천읍 인덕로 2453,경상남도 합천군 합천읍 서산리 860,35.5728082963,128.1485374566,의료폐기물,,,,0.36,2025,경상남도 합천군,055-930-3303,2026-04-16,5480000,경상남도 합천군
가야연합의원,경상남도 합천군 가야면 황산3길 8,경상남도 합천군 가야면 야천리 457-8,35.7615041725,128.1382214279,의료폐기물,,,,0.78,2023,경상남도 합천군,055-930-3303,2026-04-16,5480000,경상남도 합천군
합천동물병원,경상남도 합천군 합천읍 동서로 51-1,경상남도 합천군 합천읍 합천리 550,35.5672422206,128.1581944195,의료폐기물,,,,0.3,2023,경상남도 합천군,055-930-3303,2026-04-16,5480000,경상남도 합천군
연우실버케어주간보호센터,경상남도 합천군 합천읍 서산길 77,경상남도 합천군 합천읍 서산리 816-7,35.5733596967,128.1465553103,의료폐기물,,,,0.3,2022,경상남도 합천군,055-930-3303,2026-04-16,5480000,경상남도 합천군
경상남도 합천군 농업기술센터(축산과),경상남도 합천군 용주면 고품부흥1길 7-3,경상남도 합천군 용주면 고품리 910-338,35.551546,128.111956,의료폐기물,,,,4.32,2020,경상남도 합천군,055-930-3303,2026-04-16,5480000,경상남도 합천군
본치과의원,경상남도 합천군 합천읍 동서로 95(3층 301호),경상남도 합천군 합천읍 합천리 322-5,35.5666765082,128.162819391,의료폐기물,,,,0.312,2020,경상남도 합천군,055-930-3303,2026-04-16,5480000,경상남도 합천군
새로이 치과의원,경상남도 합천군 합천읍 옥산로 68(3층),경상남도 합천군 합천읍 합천리 413-15,35.5681252735,128.1626860109,의료폐기물,,,,0.312,2020,경상남도 합천군,055-930-3303,2026-04-16,5480000,경상남도 합천군
합천속편한내과,경상남도 합천군 합천읍 옥산로 62(2층),경상남도 합천군 합천읍 합천리 413-3,35.5682216222,128.1620778642,의료폐기물,,,,0.96,2019,경상남도 합천군,055-930-3303,2026-04-16,5480000,경상남도 합천군
정담한의원,경상남도 합천군 삼가면 삼가중앙2길 7(1층),경상남도 합천군 삼가면 일부리 927-2,35.4137702021,128.121664386,의료폐기물,,,,0.36,2019,경상남도 합천군,055-930-3303,2026-04-16,5480000,경상남도 합천군
합천 참 정형외과의원,경상남도 합천군 합천읍 대야로 894(2층),경상남도 합천군 합천읍 대야로 894(2층),35.5680104608,128.1636381465,의료폐기물,,,,1.5,2018,경상남도 합천군,055-930-3303,2026-04-16,5480000,경상남도 합천군
(의)용성의료재단 합천고려요양병원,경상남도 합천군 대양면 대야로 737-20,경상남도 합천군 대양면 정양리 587-5,35.5530403574,128.1612807182,의료폐기물,,,,79.68,2018,경상남도 합천군,055-930-3303,2026-04-16,5480000,경상남도 합천군
태민동물병원,경상남도 합천군 합천읍 옥산로 16(101호),경상남도 합천군 합천읍 합천리 1256,35.568754324,128.1566733525,의료폐기물,,,,2.724,2016,경상남도 합천군,055-930-3303,2026-04-16,5480000,경상남도 합천군
소리샘이비인후과의원,경상남도 합천군 합천읍 옥산로 86,경상남도 합천군 합천읍 합천리 434-6,35.5679536156,128.1644010654,의료폐기물,,,,0.516,2016,경상남도 합천군,055-930-3303,2026-04-16,5480000,경상남도 합천군
합천밝은안과,경상남도 합천군 합천읍 옥산로 70,경상남도 합천군 합천읍 합천리 413-9,35.5681044773,128.1628612036,의료폐기물,,,,0.42,2015,경상남도 합천군,055-930-3303,2026-04-16,5480000,경상남도 합천군
의료법인 유원의료재단 합천요양병원,경상남도 합천군 합천읍 신소양2길 40,경상남도 합천군 합천읍 영창리 133,35.5813405692,128.1674868119,의료폐기물,,,,52.2,2015,경상남도 합천군,055-930-3303,2026-04-16,5480000,경상남도 합천군
합천 자연한의원,경상남도 합천군 합천읍 대야로 889,경상남도 합천군 합천읍 합천리 411-1,35.5677999187,128.1629951227,의료폐기물,,,,0.3,2015,경상남도 합천군,055-930-3303,2026-04-16,5480000,경상남도 합천군
합천미치과,경상남도 합천군 합천읍 대야로 895(2층),경상남도 합천군 합천읍 합천리 418-5,35.5684795556,128.1631245149,의료폐기물,,,,0.444,2014,경상남도 합천군,055-930-3303,2026-04-16,5480000,경상남도 합천군
우리한의원,경상남도 합천군 합천읍 옥산로 88,경상남도 합천군 합천읍 합천리 435-4,35.5679750072,128.1646589335,의료폐기물,,,,0.3,2014,경상남도 합천군,055-930-3303,2026-04-16,5480000,경상남도 합천군
초계시장한의원,경상남도 합천군 초계면 초계중앙로 61,경상남도 합천군 초계면 초계리 50-1,35.559314875,128.2668344988,의료폐기물,,,,0.3,2014,경상남도 합천군,055-930-3303,2026-04-16,5480000,경상남도 합천군
한천의료생활협동조합,경상남도 합천군 합천읍 충효로 98-14,경상남도 합천군 합천읍 합천리 415-2,35.5686473269,128.1629791321,의료폐기물,,,,2.16,2013,경상남도 합천군,055-930-3303,2026-04-16,5480000,경상남도 합천군
(의)용성의려재단 삼성합천병원,경상남도 합천군 합천읍 대야로 876,경상남도 합천군 합천읍 합천리 325-5,35.5664697542,128.1633341583,의료폐기물,,,,35.8,2012,경상남도 합천군,055-930-3303,2026-04-16,5480000,경상남도 합천군
탑치과,경상남도 합천군 합천읍 대야로 891(2층),경상남도 합천군 합천읍 합천리 413-7,35.5680036362,128.1630472623,의료폐기물,,,,0.312,2012,경상남도 합천군,055-930-3303,2026-04-16,5480000,경상남도 합천군
초계한의원,경상남도 합천군 초계면 초계중앙로 56,경상남도 합천군 초계면 초계리 107-1,35.5590739259,128.2660157747,의료폐기물,,,,0.3,2012,경상남도 합천군,055-930-3303,2026-04-16,5480000,경상남도 합천군
강형모동물병원,경상남도 합천군 합천읍 충효로 106-4(202호),경상남도 합천군 합천읍 합천리 1547,35.5696763569,128.1620356677,의료폐기물,,,,0.168,2012,경상남도 합천군,055-930-3303,2026-04-16,5480000,경상남도 합천군
미타노인요양원,경상남도 합천군 적중면 우회로 1198,경상남도 합천군 적중면 옥두리 630-6,35.5512322045,128.2929645152,의료폐기물,,,,0.3,2011,경상남도 합천군,055-930-3303,2026-04-16,5480000,경상남도 합천군
사회복지법인에벤에셀,경상남도 합천군 야로면 가야산로 728,경상남도 합천군 야로면 월광리 245,35.735457799,128.1559071598,의료폐기물,,,,2.46,2011,경상남도 합천군,055-930-3303,2026-04-16,5480000,경상남도 합천군
광명노인요양원,경상남도 합천군 가야면 치인5길 118,경상남도 합천군 가야면 치인리 352,35.7999404235,128.057609755,의료폐기물,,,,0.3,2011,경상남도 합천군,055-930-3303,2026-04-16,5480000,경상남도 합천군
이사랑치과의원,경상남도 합천군 가야면 가야시장로 67,경상남도 합천군 가야면 황산리 15-6,35.7606080052,128.1387071073,의료폐기물,,,,0.192,2011,경상남도 합천군,055-930-3303,2026-04-16,5480000,경상남도 합천군
㈜합천장례식장,경상남도 합천군 대양면 동부로 64-2,경상남도 합천군 대양면 정양리 98-3,35.5554284762,128.168935723,의료폐기물,,,,0.18,2010,경상남도 합천군,055-930-3303,2026-04-16,5480000,경상남도 합천군
합천노인복지센터,경상남도 합천군 삼가면 삼가로 10-13,경상남도 합천군 삼가면 어전리 438,35.3828119089,128.1170981663,의료폐기물,,,,0.324,2010,경상남도 합천군,055-930-3303,2026-04-16,5480000,경상남도 합천군
노블하임노인전문요양원,경상남도 합천군 용주면 연촌우곡길 70,경상남도 합천군 용주면 월평리 781,35.5666110564,128.1158409789,의료폐기물,,,,1.8,2009,경상남도 합천군,055-930-3303,2026-04-16,5480000,경상남도 합천군
천 야로의원,경상남도 합천군 야로면 가야산로 349-5,경상남도 합천군 야로면 구정리 278-1,35.7053811782,128.1683610625,의료폐기물,,,,0.36,2008,경상남도 합천군,055-930-3303,2026-04-16,5480000,경상남도 합천군
가야한의원,경상남도 합천군 가야면 가야시장로 73-1,경상남도 합천군 가야면 야천리 454-8,35.7611890652,128.1387877012,의료폐기물,,,,0.3,2008,경상남도 합천군,055-930-3303,2026-04-16,5480000,경상남도 합천군
초계치과의원,경상남도 합천군 초계면 초계중앙로 61,경상남도 합천군 초계면 초계리 50-1,35.559314875,128.2668344988,의료폐기물,,,,0.162,2007,경상남도 합천군,055-930-3303,2026-04-16,5480000,경상남도 합천군
경상남도 합천군립노인전문요양원,경상남도 합천군 초계면 우회로 72-14,경상남도 합천군 초계면 대동리 245,35.560115436,128.2462130019,의료폐기물,,,,1.02,2007,경상남도 합천군,055-930-3303,2026-04-16,5480000,경상남도 합천군
주식회사 합천추모공원장례식장,경상남도 합천군 합천읍 합천호수로 1613,경상남도 합천군 합천읍 합천리 1359,35.565897838,128.1452246589,의료폐기물,,,,0.18,2007,경상남도 합천군,055-930-3303,2026-04-16,5480000,경상남도 합천군
이홍석내과,경상남도 합천군 합천읍 옥산로 90,경상남도 합천군 합천읍 합천리 381-6,35.5679039413,128.1650929414,의료폐기물,,,,0.816,2006,경상남도 합천군,055-930-3303,2026-04-16,5480000,경상남도 합천군
합천노인전문요양원,경상남도 합천군 삼가면 삼가로 10-13,경상남도 합천군 삼가면 어전리 438,35.3828119089,128.1170981663,의료폐기물,,,,0.36,2005,경상남도 합천군,055-930-3303,2026-04-16,5480000,경상남도 합천군
제일치과의원,경상남도 합천군 삼가면 삼가중앙길 21,경상남도 합천군 삼가면 일부리 925-8,35.4134019929,128.1219697447,의료폐기물,,,,0.162,2005,경상남도 합천군,055-930-3303,2026-04-16,5480000,경상남도 합천군
삼대경희한의원,경상남도 합천군 가야면 가야시장로 71-10,경상남도 합천군 가야면 야천리 454-2,35.7611445676,128.13835695,의료폐기물,,,,0.3,2005,경상남도 합천군,055-930-3303,2026-04-16,5480000,경상남도 합천군
단아미소치과의원,경상남도 합천군 합천읍 옥산로 89,경상남도 합천군 합천읍 합천리 435-3,35.5683026613,128.1649704308,의료폐기물,,,,0.444,2004,경상남도 합천군,055-930-3303,2026-04-16,5480000,경상남도 합천군
인제한의원,경상남도 합천군 합천읍 대야로 888,경상남도 합천군 합천읍 합천리 403-3,35.5675213794,128.1634212783,의료폐기물,,,,0.252,2002,경상남도 합천군,055-930-3303,2026-04-16,5480000,경상남도 합천군
안재규한의원,경상남도 합천군 합천읍 대야로 895,경상남도 합천군 합천읍 합천리 418-5,35.5684795556,128.1631245149,의료폐기물,,,,0.24,2002,경상남도 합천군,055-930-3303,2026-04-16,5480000,경상남도 합천군
파티마의원,경상남도 합천군 합천읍 옥산로 69,경상남도 합천군 합천읍 합천리 413-2,35.5684256085,128.1628310984,의료폐기물,,,,0.906,2001,경상남도 합천군,055-930-3303,2026-04-16,5480000,경상남도 합천군
합천축산업협동조합,경상남도 합천군 율곡면 임북1길 25,경상남도 합천군 율곡면 임북리 571,35.5751245676,128.1749432319,의료폐기물,,,,0.18,2001,경상남도 합천군,055-930-3303,2026-04-16,5480000,경상남도 합천군
십자가축병원,경상남도 합천군 합천읍 충효로 24,경상남도 합천군 합천읍 합천리 891-8,35.5624659732,128.1607660611,의료폐기물,,,,0.096,2001,경상남도 합천군,055-930-3303,2026-04-16,5480000,경상남도 합천군
박동물병원,경상남도 합천군 가야면 가야시장로 84,경상남도 합천군 가야면 야천리 465-7,35.7619158166,128.1391574155,의료폐기물,,,,0.096,2001,경상남도 합천군,055-930-3303,2026-04-16,5480000,경상남도 합천군
가야농협동물병원,경상남도 합천군 가야면 가야시장로 53,경상남도 합천군 가야면 황산리 18-8,35.759469803,128.1382374487,의료폐기물,,,,1.62,2001,경상남도 합천군,055-930-3303,2026-04-16,5480000,경상남도 합천군
소망가축병원,경상남도 합천군 삼가면 삼가1로 89,경상남도 합천군 삼가면 금리 55-1,35.4141766005,128.1226323491,의료폐기물,,,,0.096,2001,경상남도 합천군,055-930-3303,2026-04-16,5480000,경상남도 합천군
삼가가축병원,경상남도 합천군 삼가면 삼가중앙1길 33,경상남도 합천군 삼가면 일부리 933-4,35.4140665825,128.1204557009,의료폐기물,,,,0.096,2001,경상남도 합천군,055-930-3303,2026-04-16,5480000,경상남도 합천군
합천고려한의원,경상남도 합천군 합천읍 옥산로 69,경상남도 합천군 합천읍 합천리 413-2,35.5684256085,128.1628310984,의료폐기물,,,,0.18,2000,경상남도 합천군,055-930-3303,2026-04-16,5480000,경상남도 합천군
창신한의원,경상남도 합천군 삼가면 삼가중앙1길 39,경상남도 합천군 삼가면 일부리 931-7,35.4143312498,128.1206245063,의료폐기물,,,,0.096,2000,경상남도 합천군,055-930-3303,2026-04-16,5480000,경상남도 합천군
허승무한의원,경상남도 합천군 합천읍 충효로 77-8,경상남도 합천군 합천읍 합천리 598-3,35.5673942773,128.1608814863,의료폐기물,,,,0.156,2000,경상남도 합천군,055-930-3303,2026-04-16,5480000,경상남도 합천군
경상남도동물위생시험소 북부지소,경상남도 합천군 합천읍 인덕로 1665,경상남도 합천군 합천읍 장계리 825,35.6107158344,128.1143231839,의료폐기물,,,,5.88,2000,경상남도 합천군,055-930-3303,2026-04-16,5480000,경상남도 합천군
예일치과,경상남도 합천군 합천읍 대야로 888,경상남도 합천군 합천읍 합천리 403-3,35.5675213794,128.1634212783,의료폐기물,,,,0.306,2000,경상남도 합천군,055-930-3303,2026-04-16,5480000,경상남도 합천군
안동환치과의원,경상남도 합천군 합천읍 충효로1길 11-21,경상남도 합천군 합천읍 합천리 686-3,35.5639064043,128.1623393887,의료폐기물,,,,0.138,2000,경상남도 합천군,055-930-3303,2026-04-16,5480000,경상남도 합천군
동부의원,경상남도 합천군 초계면 초계중앙로 54,경상남도 합천군 초계면 초계리 104-2,35.5590908516,128.2659058613,의료폐기물,,,,0.288,2000,경상남도 합천군,055-930-3303,2026-04-16,5480000,경상남도 합천군
성심의원,경상남도 합천군 삼가면 삼가중앙길 23,경상남도 합천군 삼가면 일부리 925-1,35.4134624406,128.1220599781,의료폐기물,,,,0.48,2000,경상남도 합천군,055-930-3303,2026-04-16,5480000,경상남도 합천군
경남연합의원,경상남도 합천군 합천읍 옥산로 70,경상남도 합천군 합천읍 합천리 413-9,35.5681044773,128.1628612036,의료폐기물,,,,1.266,2000,경상남도 합천군,055-930-3303,2026-04-16,5480000,경상남도 합천군
제일의원,경상남도 합천군 초계면 초계중앙로 86,경상남도 합천군 초계면 초계리 24-13,35.5588312488,128.2694843137,의료폐기물,,,,1.098,2000,경상남도 합천군,055-930-3303,2026-04-16,5480000,경상남도 합천군
바른윤내과의원,"경상남도 합천군 합천읍 동서로 95(101호, 201호)",경상남도 합천군 합천읍 합천리 322-5,35.5666765082,128.162819391,의료폐기물,,,,2.784,2000,경상남도 합천군,055-930-3303,2026-04-16,5480000,경상남도 합천군
중앙의원,경상남도 합천군 합천읍 대야로 889,경상남도 합천군 합천읍 합천리 411-1,35.5677999187,128.1629951227,의료폐기물,,,,0.5316,2000,경상남도 합천군,055-930-3303,2026-04-16,5480000,경상남도 합천군
현대의원,경상남도 합천군 삼가면 삼가1로 94,경상남도 합천군 삼가면 일부리 883-2,35.4137365659,128.1228205598,의료폐기물,,,,0.936,2000,경상남도 합천군,055-930-3303,2026-04-16,5480000,경상남도 합천군
삼가의원,경상남도 합천군 삼가면 삼가중앙길 27-8,경상남도 합천군 삼가면 금리 55-4,35.4137722317,128.1223480937,의료폐기물,,,,0.54,2000,경상남도 합천군,055-930-3303,2026-04-16,5480000,경상남도 합천군
낙진보건진료소,경상남도 합천군 청덕면 앙진길 417,경상남도 합천군 청덕면 앙진리 513,35.5231394756,128.3586225508,의료폐기물,,,,0.24,2017,경상남도 합천군,055-930-3303,2026-04-16,5480000,경상남도 합천군
와리보건진료소,경상남도 합천군 율곡면 와리길 5-10,경상남도 합천군 율곡면 와리 735-9,35.611100327,128.1962211072,의료폐기물,,,,0.24,2014,경상남도 합천군,055-930-3303,2026-04-16,5480000,경상남도 합천군
장인보건진료소,경상남도 합천군 합천읍 인덕로 1679,경상남도 합천군 합천읍 장계리 853-4,35.6116784922,128.1166542911,의료폐기물,,,,0.24,2014,경상남도 합천군,055-930-3303,2026-04-16,5480000,경상남도 합천군
병목보건진료소,경상남도 합천군 대병면 서부로 2417,경상남도 합천군 대병면 유전리 960,35.5404311395,127.9890810658,의료폐기물,,,,0.24,2013,경상남도 합천군,055-930-3303,2026-04-16,5480000,경상남도 합천군
장단보건진료소,경상남도 합천군 대병면 대병3산로 287,경상남도 합천군 대병면 장단리 892-1,35.5157534854,128.0461447489,의료폐기물,,,,0.24,2007,경상남도 합천군,055-930-3303,2026-04-16,5480000,경상남도 합천군
대기보건진료소,경상남도 합천군 가회면 황매산로 533,경상남도 합천군 가회면 중촌리 416-7,35.4632973465,128.0013092319,의료폐기물,,,,0.24,2007,경상남도 합천군,055-930-3303,2026-04-16,5480000,경상남도 합천군
동리보건진료소,경상남도 합천군 삼가면 동리4길 7-29,경상남도 합천군 삼가면 동리 696-1,35.418232084,128.1468145473,의료폐기물,,,,0.24,2007,경상남도 합천군,055-930-3303,2026-04-16,5480000,경상남도 합천군
평지보건진료소,경상남도 합천군 쌍백면 청정로 261,경상남도 합천군 쌍백면 평지리 589-2,35.4401316543,128.1716454741,의료폐기물,,,,0.24,2007,경상남도 합천군,055-930-3303,2026-04-16,5480000,경상남도 합천군
백산보건진료소,경상남도 합천군 대양면 대한로 653-6,경상남도 합천군 대양면 백암리 262,35.4953958133,128.2187913709,의료폐기물,,,,0.24,2007,경상남도 합천군,055-930-3303,2026-04-16,5480000,경상남도 합천군
소례보건진료소,경상남도 합천군 청덕면 강북로 362,경상남도 합천군 청덕면 삼학리 700-1,35.5941532986,128.3376090047,의료폐기물,,,,0.24,2007,경상남도 합천군,055-930-3303,2026-04-16,5480000,경상남도 합천군
대동보건진료소,경상남도 합천군 덕곡면 오광대로 737,경상남도 합천군 덕곡면 장리 523-1,35.6278314717,128.3234089402,의료폐기물,,,,0.24,2007,경상남도 합천군,055-930-3303,2026-04-16,5480000,경상남도 합천군
이책보건진료소,경상남도 합천군 쌍책면 쌍쌍로 3,경상남도 합천군 쌍책면 하신리 84,35.6208476812,128.2527746538,의료폐기물,,,,0.24,2007,경상남도 합천군,055-930-3303,2026-04-16,5480000,경상남도 합천군
하남보건진료소,경상남도 합천군 초계면 국사봉로 935,경상남도 합천군 초계면 상대리 275-24,35.5339989143,128.2509467262,의료폐기물,,,,0.24,2007,경상남도 합천군,055-930-3303,2026-04-16,5480000,경상남도 합천군
숭산보건진료소,경상남도 합천군 가야면 매안대전길 27,경상남도 합천군 가야면 매안리 522-1,35.7313893432,128.1057322556,의료폐기물,,,,0.24,2007,경상남도 합천군,055-930-3303,2026-04-16,5480000,경상남도 합천군
양지보건진료소,경상남도 합천군 봉산면 서부로 3640,경상남도 합천군 봉산면 양지리 785,35.5876987224,128.0031497016,의료폐기물,,,,0.24,2007,경상남도 합천군,055-930-3303,2026-04-16,5480000,경상남도 합천군
용주면보건지소,경상남도 합천군 용주면 황계폭포로 1154-1,경상남도 합천군 용주면 용지리 271,35.5404239636,128.1137035986,의료폐기물,,,,0.24,2007,경상남도 합천군,055-930-3303,2026-04-16,5480000,경상남도 합천군
대병면보건지소,경상남도 합천군 대병면 신성동길 21,경상남도 합천군 대병면 회양리 896-1,35.5212969161,128.0145924724,의료폐기물,,,,0.216,2007,경상남도 합천군,055-930-3303,2026-04-16,5480000,경상남도 합천군
가회면보건지소,경상남도 합천군 가회면 황매산로 58-12,경상남도 합천군 가회면 덕촌리 273,35.4367081811,128.0344445842,의료폐기물,,,,0.252,2007,경상남도 합천군,055-930-3303,2026-04-16,5480000,경상남도 합천군
삼가면보건지소,경상남도 합천군 삼가면 삼가로 299,경상남도 합천군 삼가면 소오리 25-3,35.4092310806,128.1207314651,의료폐기물,,,,0.252,2007,경상남도 합천군,055-930-3303,2026-04-16,5480000,경상남도 합천군
쌍백면보건지소,경상남도 합천군 쌍백면 평구3길 14,경상남도 합천군 쌍백면 평구리 546-4,35.4397705808,128.1460636119,의료폐기물,,,,0.24,2007,경상남도 합천군,055-930-3303,2026-04-16,5480000,경상남도 합천군
대양면보건지소,경상남도 합천군 대양면 대야로 267,경상남도 합천군 대양면 덕정리 924-7,35.5162199664,128.1736659713,의료폐기물,,,,0.24,2007,경상남도 합천군,055-930-3303,2026-04-16,5480000,경상남도 합천군
적중면보건지소,경상남도 합천군 적중면 적중로 101-8,경상남도 합천군 적중면 부수리 835-5,35.5479912414,128.2800905384,의료폐기물,,,,0.252,2007,경상남도 합천군,055-930-3303,2026-04-16,5480000,경상남도 합천군
청덕면보건지소,경상남도 합천군 청덕면 동부로 1754,경상남도 합천군 청덕면 두곡리 347-1,35.5593790504,128.3217717958,의료폐기물,,,,0.252,2007,경상남도 합천군,055-930-3303,2026-04-16,5480000,경상남도 합천군
덕곡면보건지소,경상남도 합천군 덕곡면 율지2길 5,경상남도 합천군 덕곡면 율지리 143-2,35.6156643407,128.3590131103,의료폐기물,,,,0.252,2007,경상남도 합천군,055-930-3303,2026-04-16,5480000,경상남도 합천군
쌍책면보건지소,경상남도 합천군 쌍책면 성산우회로 8,경상남도 합천군 쌍책면 성산리 125-2,35.5748856073,128.2878339687,의료폐기물,,,,0.252,2007,경상남도 합천군,055-930-3303,2026-04-16,5480000,경상남도 합천군
초계면보건지소,경상남도 합천군 초계면 초계2길 19,경상남도 합천군 초계면 초계리 27-4,35.5573942463,128.2680623233,의료폐기물,,,,0.24,2007,경상남도 합천군,055-930-3303,2026-04-16,5480000,경상남도 합천군
율곡면보건지소,경상남도 합천군 율곡면 영전3길 29,경상남도 합천군 율곡면 영전리 458-5,35.5724717253,128.2187687212,의료폐기물,,,,0.24,2007,경상남도 합천군,055-930-3303,2026-04-16,5480000,경상남도 합천군
가야면보건지소,경상남도 합천군 가야면 가야시장로 87,경상남도 합천군 가야면 야천리 467-10,35.7622970922,128.1389985424,의료폐기물,,,,0.132,2007,경상남도 합천군,055-930-3303,2026-04-16,5480000,경상남도 합천군
묘산면보건지소,경상남도 합천군 묘산면 묘산로 173,경상남도 합천군 묘산면 산제리 37-3,35.6584070374,128.1130270726,의료폐기물,,,,0.24,2007,경상남도 합천군,055-930-3303,2026-04-16,5480000,경상남도 합천군
봉산면보건지소,경상남도 합천군 봉산면 서부로 4344-7,경상남도 합천군 봉산면 김봉리 1,35.6278476339,128.0446771635,의료폐기물,,,,0.252,2007,경상남도 합천군,055-930-3303,2026-04-16,5480000,경상남도 합천군
북부보건지소,경상남도 합천군 야로면 향교길 8,경상남도 합천군 야로면 구정리 287-1,35.7047637988,128.16812433,의료폐기물,,,,0.528,2007,경상남도 합천군,055-930-3303,2026-04-16,5480000,경상남도 합천군
경상남도 합천군보건소,경상남도 합천군 합천읍 동서로 39,경상남도 합천군 합천읍 합천리 524-1,35.5679281117,128.1567533594,의료폐기물,,,,6.42,2007,경상남도 합천군,055-930-3303,2026-04-16,5480000,경상남도 합천군
(의)용성의료재단 합천고려병원,경상남도 합천군 대양면 대야로 737-20,경상남도 합천군 대양면 정양리 587-5,35.5530403574,128.1612807182,의료폐기물,,,,4.44,2000,경상남도 합천군,055-930-3303,2026-04-16,5480000,경상남도 합천군
㈜케이티엠오에스남부,경상남도 합천군 가회면 두심2길 17-1,경상남도 합천군 가회면 둔내리 517-1,35.4912719985,128.0228781376,지정폐기물,,,,48,2025,경상남도 합천군,055-930-3303,2026-04-16,5480000,경상남도 합천군
㈜케이티엠오에스남부,경상남도 합천군 쌍책면 성산안길 31,경상남도 합천군 쌍책면 성산리 153-7,35.5768855614,128.2847301995,지정폐기물,,,,48,2025,경상남도 합천군,055-930-3303,2026-04-16,5480000,경상남도 합천군
㈜케이티엠오에스남부,경상남도 합천군 봉산면 양지3길 11,경상남도 합천군 봉산면 양지리 596,35.5946835903,128.0052804949,지정폐기물,,,,48,2025,경상남도 합천군,055-930-3303,2026-04-16,5480000,경상남도 합천군
㈜케이티엠오에스남부,경상남도 합천군 대병면 대지1길 30-6,경상남도 합천군 대병면 대지리 98,35.5419042707,127.9829610942,지정폐기물,,,,48,2025,경상남도 합천군,055-930-3303,2026-04-16,5480000,경상남도 합천군
㈜케이티엠오에스남부,경상남도 합천군 적중면 상중부우회길 7,경상남도 합천군 적중면 상부리 830-5,35.5482766307,128.2777484249,지정폐기물,,,,48,2025,경상남도 합천군,055-930-3303,2026-04-16,5480000,경상남도 합천군
㈜케이티엠오에스남부,경상남도 합천군 야로면 가야산로 344,경상남도 합천군 야로면 구정리 245-1,35.7049643878,128.1690640067,지정폐기물,,,,48,2025,경상남도 합천군,055-930-3303,2026-04-16,5480000,경상남도 합천군
경상남도 합천군시설관리공단 (합천공공하수처리시설),경상남도 합천군 합천읍 동서로 39,경상남도 합천군 합천읍 합천리 524-1,35.5679281117,128.1567533594,지정폐기물,,,,1,2025,경상남도 합천군,055-930-3303,2026-04-16,5480000,경상남도 합천군
프로콘코리아㈜,경상남도 합천군 야로면 야로공단길 15,경상남도 합천군 야로면 매촌리 666-22,35.716033697,128.1655501012,지정폐기물,,,,4,2022,경상남도 합천군,055-930-3303,2026-04-16,5480000,경상남도 합천군
경상남도 119특수대응단 119항공대,경상남도 합천군 용주면 고품부흥1길 10-28,경상남도 합천군 용주면 고품리 910-210,35.5545936329,128.1146876734,지정폐기물,,,,3.3,2022,경상남도 합천군,055-930-3303,2026-04-16,5480000,경상남도 합천군
KT합천지점,경상남도 합천군 합천읍 옥산로 40,경상남도 합천군 합천읍 합천리 479-5,35.5680973691,128.1592295735,지정폐기물,,,,0.9,2021,경상남도 합천군,055-930-3303,2026-04-16,5480000,경상남도 합천군
합천밧데리할인점,경상남도 합천군 합천읍 중앙로 82(1층),경상남도 합천군 합천읍 합천리 482-7,35.5679667995,128.1590119389,지정폐기물,,,,36,2020,경상남도 합천군,055-930-3303,2026-04-16,5480000,경상남도 합천군
현대약품㈜,경상남도 합천군 율곡면 임북길 196,경상남도 합천군 율곡면 임북리 433-21,35.576519154,128.1810369923,지정폐기물,,,,0.04,2018,경상남도 합천군,055-930-3303,2026-04-16,5480000,경상남도 합천군
주식회사 에이스컨트리클럽,경상남도 합천군 가야면 가조가야로 1916-10,경상남도 합천군 가야면 성기리 산 112-2,35.6966118773,128.0809386248,지정폐기물,,,,30,2011,경상남도 합천군,055-930-3303,2026-04-16,5480000,경상남도 합천군
광명노인요양원,경상남도 합천군 가야면 치인5길 118,경상남도 합천군 가야면 치인리 352,35.7999404235,128.057609755,지정폐기물,,,,1,2009,경상남도 합천군,055-930-3303,2026-04-16,5480000,경상남도 합천군
상민석재,경상남도 합천군 율곡면 임북공단길 20,경상남도 합천군 율곡면 임북리 493-10,35.580118775,128.1801261999,지정폐기물,,,,1,2009,경상남도 합천군,055-930-3303,2026-04-16,5480000,경상남도 합천군
한국수자원공사 합천댐지사,경상남도 합천군 용주면 합천호수로 705,경상남도 합천군 용주면 가호리 553,35.5458862451,128.0679984009,지정폐기물,,,,9.2,2008,경상남도 합천군,055-930-3303,2026-04-16,5480000,경상남도 합천군
합천종합자동차해체재활용업 대야카센타,경상남도 합천군 합천읍 대야로 969(1층),경상남도 합천군 합천읍 영창리 467-1,35.5744036567,128.1656717744,지정폐기물,,,,49.2,2008,경상남도 합천군,055-930-3303,2026-04-16,5480000,경상남도 합천군
경상남도 합천군청(적중정수장),경상남도 합천군 적중면 황강옥전로 1705,경상남도 합천군 적중면 죽고리 684-1,35.5710930234,128.2943343738,사업장폐기물,,,,60,2023,경상남도 합천군,055-930-3303,2026-04-16,5480000,경상남도 합천군
㈜세농유비농업회사법인,경상남도 합천군 율곡면 동부로 899-48,경상남도 합천군 율곡면 낙민리 48,35.5695030508,128.2569969056,사업장폐기물,,,,300,2023,경상남도 합천군,055-930-3303,2026-04-16,5480000,경상남도 합천군
경상남도 합천군시설관리공단(율곡 농공단지 폐수처리시설),경상남도 합천군 율곡면 임북공단길 12-7,경상남도 합천군 율곡면 임북리 433-1,35.5795617238,128.1797669914,사업장폐기물,,,,20,2023,경상남도 합천군,055-930-3303,2026-04-16,5480000,경상남도 합천군
㈜경남실업,경상남도 합천군 대양면 대한로 276,경상남도 합천군 대양면 무곡리 산 158,35.5129560373,128.1931468357,사업장폐기물,,,,45000,2022,경상남도 합천군,055-930-3303,2026-04-16,5480000,경상남도 합천군
백일정미소,경상남도 합천군 삼가면 일부4길 9,경상남도 합천군 삼가면 일부리 908-9,35.4113537303,128.1230803428,사업장폐기물,,,,2000,2021,경상남도 합천군,055-930-3303,2026-04-16,5480000,경상남도 합천군
미농영농조합법인,경상남도 합천군 청덕면 가현길 100-11,경상남도 합천군 청덕면 가현리 375-1,35.5695227445,128.3321680499,사업장폐기물,,,,1000,2021,경상남도 합천군,055-930-3303,2026-04-16,5480000,경상남도 합천군
진성개발㈜,경상남도 합천군 용주면 노리팔산길 279-109,경상남도 합천군 용주면 팔산리 산 5-1,35.5384653138,128.1413911347,사업장폐기물,,,,12000,2021,경상남도 합천군,055-930-3303,2026-04-16,5480000,경상남도 합천군
늘푸른자원㈜,경상남도 합천군 청덕면 초곡3길 10,경상남도 합천군 청덕면 앙진리 851-1,35.5119691042,128.3515697742,사업장폐기물,,,,30,2021,경상남도 합천군,055-930-3303,2026-04-16,5480000,경상남도 합천군
경상남도 합천군시설관리공단(폐기물매립시설),경상남도 합천군 대양면 합천대로 2586-35,경상남도 합천군 대양면 정양리 59,35.5492051296,128.1708878293,사업장폐기물,,,,170,2021,경상남도 합천군,055-930-3303,2026-04-16,5480000,경상남도 합천군
이레산업㈜,경상남도 합천군 용주면 합천호수로 947-61,경상남도 합천군 용주면 봉기리 54,35.5461519242,128.0955835758,사업장폐기물,,,,288,2019,경상남도 합천군,055-930-3303,2026-04-16,5480000,경상남도 합천군
동아에코팩 주식회사 가야산샘물,경상남도 합천군 묘산면 영서로 1724-12,경상남도 합천군 묘산면 반포리 553-1,35.6415706446,128.0836505881,사업장폐기물,,,,60,2019,경상남도 합천군,055-930-3303,2026-04-16,5480000,경상남도 합천군
경상남도 합천군시설관리공단(용주 가호 공공하수처리시설),경상남도 합천군 용주면 합천호수로 828-4,경상남도 합천군 용주면 봉기리 666-1,35.5473157291,128.0792422667,사업장폐기물,,,,600,2019,경상남도 합천군,055-930-3303,2026-04-16,5480000,경상남도 합천군
㈜합천레미콘,경상남도 합천군 합천읍 마령로 401-34,경상남도 합천군 합천읍 용계리 223,35.6231493652,128.1561166189,사업장폐기물,,,,750,2018,경상남도 합천군,055-930-3303,2026-04-16,5480000,경상남도 합천군
아일수지공업㈜,경상남도 합천군 율곡면 임북길 179,경상남도 합천군 율곡면 임북리 433-12,35.5786750328,128.1805642716,사업장폐기물,,,,6,2018,경상남도 합천군,055-930-3303,2026-04-16,5480000,경상남도 합천군
상민석재,경상남도 합천군 율곡면 임북리 임북공단길 20,경상남도 합천군 율곡면 임북리 493-10,35.580118775,128.1801261999,사업장폐기물,,,,110,2017,경상남도 합천군,055-930-3303,2026-04-16,5480000,경상남도 합천군
합천종합자동차해체재활용업 대야카센타,경상남도 합천군 합천읍 대야로 969,경상남도 합천군 합천읍 영창리 467-1,35.5744036567,128.1656717744,사업장폐기물,,,,259,2015,경상남도 합천군,055-930-3303,2026-04-16,5480000,경상남도 합천군
주원산업,경상남도 합천군 초계면 동부로 993,경상남도 합천군 초계면 대동리 10-3,35.5667977908,128.25073711,사업장폐기물,,,,100,2015,경상남도 합천군,055-930-3303,2026-04-16,5480000,경상남도 합천군
(주)상원그린콘,경상남도 합천군 가야면 매화산로 56-9,경상남도 합천군 가야면 사촌리 932-1,35.7488835406,128.1217435151,사업장폐기물,,,,150,2015,경상남도 합천군,055-930-3303,2026-04-16,5480000,경상남도 합천군
㈜구일알앤씨,경상남도 합천군 율곡면 임북길 175,경상남도 합천군 율곡면 임북리 433-11,35.5789257004,128.1800362165,사업장폐기물,,,,1650,2012,경상남도 합천군,055-930-3303,2026-04-16,5480000,경상남도 합천군
경상남도 합천군시설관리공단(삼가 공공하수처리시설),경상남도 합천군 삼가면 서부로 165-32,경상남도 합천군 삼가면 두모리 529,35.4121279605,128.105965741,사업장폐기물,,,,330,2012,경상남도 합천군,055-930-3303,2026-04-16,5480000,경상남도 합천군
경상남도 합천군시설관리공단(초계·적중 공공하수처리시설),경상남도 합천군 적중면 동부로 1421-25,경상남도 합천군 적중면 옥두리 694,35.5551341811,128.2891833362,사업장폐기물,,,,390,2012,경상남도 합천군,055-930-3303,2026-04-16,5480000,경상남도 합천군
경상남도 합천군시설관리공단(가야·야로 공공하수처리시설),경상남도 합천군 야로면 가야산로 242-15,경상남도 합천군 야로면 정대리 478-9,35.6977187652,128.1737871685,사업장폐기물,,,,300,2012,경상남도 합천군,055-930-3303,2026-04-16,5480000,경상남도 합천군
디케이㈜,경상남도 합천군 율곡면 임북길 171,경상남도 합천군 율곡면 임북리 433-10,35.5784122566,128.179273009,사업장폐기물,,,,1200,2011,경상남도 합천군,055-930-3303,2026-04-16,5480000,경상남도 합천군
동흥식품,경상남도 합천군 야로면 야로공단길 40,경상남도 합천군 야로면 매촌리 666-1,35.7183003389,128.1652624127,사업장폐기물,,,,600,2009,경상남도 합천군,055-930-3303,2026-04-16,5480000,경상남도 합천군
㈜성지이테크,경상남도 합천군 율곡면 황강옥전로 292-3,경상남도 합천군 율곡면 두사리 275,35.6045209875,128.2254662476,사업장폐기물,,,,1100,2008,경상남도 합천군,055-930-3303,2026-04-16,5480000,경상남도 합천군
㈜에이스컨트리클럽,경상남도 합천군 가야면 가조가야로 1916-10,경상남도 합천군 가야면 성기리 산 112-2,35.6966118773,128.0809386248,사업장폐기물,,,,149,2007,경상남도 합천군,055-930-3303,2026-04-16,5480000,경상남도 합천군
경상남도 합천군시설관리공단(가축분뇨처리시설),경상남도 합천군 대양면 합천대로 2586-35,경상남도 합천군 대양면 정양리 59,35.5492051296,128.1708878293,사업장폐기물,,,,3600,2007,경상남도 합천군,055-930-3303,2026-04-16,5480000,경상남도 합천군
(주)보광아스콘,경상남도 합천군 율곡면 대야로 1669,경상남도 합천군 율곡면 와리 152-2,35.6248704996,128.2005916565,사업장폐기물,,,,480,2006,경상남도 합천군,055-930-3303,2026-04-16,5480000,경상남도 합천군
현대약품㈜,경상남도 합천군 율곡면 임북길 196,경상남도 합천군 율곡면 임북리 433-21,35.576519154,128.1810369923,사업장폐기물,,,,0.5,2006,경상남도 합천군,055-930-3303,2026-04-16,5480000,경상남도 합천군
형제농업회사법인㈜,경상남도 합천군 청덕면 초곡3길 62,경상남도 합천군 청덕면 초곡리 99,35.5140251945,128.3474908988,사업장폐기물,,,,22456.8,2005,경상남도 합천군,055-930-3303,2026-04-16,5480000,경상남도 합천군
경상남도 합천군시설관리공단(야로 농공단지 폐수처리시설),경상남도 합천군 야로면 야로공단길 11,경상남도 합천군 야로면 야로리 436-1,35.7156527311,128.1653941534,사업장폐기물,,,,220,2005,경상남도 합천군,055-930-3303,2026-04-16,5480000,경상남도 합천군
경상남도 합천군시설관리공단(축산폐수공공처리장),경상남도 합천군 대양면 합천대로 2586-35,경상남도 합천군 대양면 정양리 59,35.5492051296,128.1708878293,사업장폐기물,,,,120,2005,경상남도 합천군,055-930-3303,2026-04-16,5480000,경상남도 합천군
㈜상원엔텍,경상남도 합천군 율곡면 황강옥전로 292-3,경상남도 합천군 율곡면 두사리 275,35.6045209875,128.2254662476,사업장폐기물,,,,1700,2004,경상남도 합천군,055-930-3303,2026-04-16,5480000,경상남도 합천군
한국전력공사합천지사,경상남도 합천군 합천읍 대야로 921,경상남도 합천군 합천읍 합천리 1524,35.5706950747,128.1631799256,사업장폐기물,,,,1500,2004,경상남도 합천군,055-930-3303,2026-04-16,5480000,경상남도 합천군
㈜초계산업,경상남도 합천군 적중면 황강옥전로 1861,경상남도 합천군 적중면 죽고리 895-14,35.5579782047,128.2871990299,사업장폐기물,,,,360,2004,경상남도 합천군,055-930-3303,2026-04-16,5480000,경상남도 합천군
경상남도 합천군시설관리공단(합천 공공하수처리시설),경상남도 합천군 합천읍 강변로 1,경상남도 합천군 합천읍 합천리 1-4,35.5739536735,128.1681010454,사업장폐기물,,,,600,2004,경상남도 합천군,055-930-3303,2026-04-16,5480000,경상남도 합천군
㈜경산세라믹,경상남도 합천군 율곡면 임북길 195,경상남도 합천군 율곡면 임북리 433-17,35.5779984866,128.1818689898,사업장폐기물,,,,480,2002,경상남도 합천군,055-930-3303,2026-04-16,5480000,경상남도 합천군
참빛동아산업㈜,경상남도 합천군 율곡면 임북공단길 40,경상남도 합천군 율곡면 임북리 493(율곡농공단지내),35.581409915,128.1813096996,사업장폐기물,,,,650,1996,경상남도 합천군,055-930-3303,2026-04-16,5480000,경상남도 합천군
한국환경공단 영남지역본부(합천폐비닐처리시설),경상남도 합천군 쌍백면 쌍백중앙로 624-6,경상남도 합천군 쌍백면 장전리 376,35.4852618682,128.1552131003,사업장폐기물,,,,300,1998,경상남도 합천군,055-930-3303,2026-04-16,5480000,경상남도 합천군
초계석재,경상남도 합천군 율곡면 동부로 899-8,경상남도 합천군 율곡면 낙민리 108-5,35.5738114787,128.2479317398,사업장폐기물,,,,60,1998,경상남도 합천군,055-930-3303,2026-04-16,5480000,경상남도 합천군
㈜보림산업,경상남도 합천군 용주면 연촌우곡길 165-24,경상남도 합천군 용주면 방곡리 560-1,35.5694892593,128.1034964809,사업장폐기물,,,,900,1996,경상남도 합천군,055-930-3303,2026-04-16,5480000,경상남도 합천군
흥진산업㈜,경상남도 합천군 적중면 황강옥전로 1839,경상남도 합천군 적중면 죽고리 888,35.5601152612,128.2896293867,사업장폐기물,,,,210,1998,경상남도 합천군,055-930-3303,2026-04-16,5480000,경상남도 합천군
탐라산업,제주특별자치도 서귀포시 토평공단로115번길29(토평동),,33.29075514,126.5814489,사업장폐기물,,,,2040,2025,제주특별자치도 서귀포시청,064-760-2945,2026-04-23,6520000,제주특별자치도 서귀포시
유한회사 세림,제주특별자치도 서귀포시 호근서호로92번길 84-7(호근동),,33.26049186,126.5397626,사업장폐기물,,,,50,2025,제주특별자치도 서귀포시청,064-760-2945,2026-04-23,6520000,제주특별자치도 서귀포시
농업회사법인 미귤주식회사,제주특별자치도 서귀포시 문필로 27 제주감귤마을 (보목동),,33.23932583,126.5967228,사업장폐기물,,,,50,2025,제주특별자치도 서귀포시청,064-760-2945,2026-04-23,6520000,제주특별자치도 서귀포시
주식회사 더클래식씨씨,제주특별자치도 서귀포시 남원읍 남조로 1105,,33.3706623,126.6798697,사업장폐기물,,,,109.2,2025,제주특별자치도 서귀포시청,064-760-2945,2026-04-23,6520000,제주특별자치도 서귀포시
주식회사 백두자원,제주특별자치도 서귀포시 516로 110-5 (토평동),,33.26307454,126.5839985,사업장폐기물,,,,360,2025,제주특별자치도 서귀포시청,064-760-2945,2026-04-23,6520000,제주특별자치도 서귀포시
가마자원,제주특별자치도 서귀포시 표선면 세성로 114-10,,33.31666843,126.8031692,사업장폐기물,,,,25,2024,제주특별자치도 서귀포시청,064-760-2945,2026-04-23,6520000,제주특별자치도 서귀포시
주식회사 청우,제주특별자치도 서귀포시 표선면 돈오름로 53-21,,33.33481517,126.8047944,사업장폐기물,,,,420,2024,제주특별자치도 서귀포시청,064-760-2945,2026-04-23,6520000,제주특별자치도 서귀포시
주식회사 제주런드리,제주특별자치도 서귀포시 토평공단로139번길 5,,33.29338075,126.5820366,사업장폐기물,,,,100,2024,제주특별자치도 서귀포시청,064-760-2945,2026-04-23,6520000,제주특별자치도 서귀포시
씨에스 호텔 앤 리조트,제주특별자치도 서귀포시 중문관광로 198 (중문동),,33.24291592,126.4202933,사업장폐기물,,,,100,2024,제주특별자치도 서귀포시청,064-760-2945,2026-04-23,6520000,제주특별자치도 서귀포시
제주특별자치도 광역음식물류폐기물 자원화시설,,제주특별자치도 서귀포시 색달동 산6,33.30502862,126.4184035,사업장폐기물,,,,35600,2024,제주특별자치도 서귀포시청,064-760-2945,2026-04-23,6520000,제주특별자치도 서귀포시
제주특별자치도(광역음식물류자원화시설),제주특별자치도 서귀포시 산록남로1241번길 129,,33.3047768,126.4185987,지정폐기물,,,,5.8,2024,제주특별자치도 서귀포시청,064-760-2945,2026-04-23,6520000,제주특별자치도 서귀포시
제주양돈축협수출육가공공장,제주특별자치도 서귀포시 대정읍 일주서로3000번길 145,,33.25807492,126.2295162,사업장폐기물,,,,1000,2024,제주특별자치도 서귀포시청,064-760-2945,2026-04-23,6520000,제주특별자치도 서귀포시
㈜경일산업,제주특별자치도 서귀포시 남원읍 남조로 871-43,,33.35339148,126.6926647,사업장폐기물,,,,50,2024,제주특별자치도 서귀포시청,064-760-2945,2026-04-23,6520000,제주특별자치도 서귀포시
주식회사 제주포트,제주특별자치도 서귀포시 강정통물로 1,,33.22854736,126.474979,사업장폐기물,,,,500,2024,제주특별자치도 서귀포시청,064-760-2945,2026-04-23,6520000,제주특별자치도 서귀포시
강정항만용역,제주특별자치도 서귀포시 강정통물로 1 302호,,33.22854736,126.474979,사업장폐기물,,,,100,2024,제주특별자치도 서귀포시청,064-760-2945,2026-04-23,6520000,제주특별자치도 서귀포시
삼매봉개발 주식회사,제주특별자치도 서귀포시 태평로 152 (호근동),,33.24330619,126.5380301,사업장폐기물,,,,378,2023,제주특별자치도 서귀포시청,064-760-2945,2026-04-23,6520000,제주특별자치도 서귀포시
주식회사 금양,제주특별자치도 서귀포시 중앙로 228 (서홍동),,33.26483696,126.5585575,사업장폐기물,,,,92.3,2023,제주특별자치도 서귀포시청,064-760-2945,2026-04-23,6520000,제주특별자치도 서귀포시
서귀포시청,제주특별자치도 서귀포시 중앙로 105_ 서귀포시청 (서홍동),,33.253925,126.5597874,사업장폐기물,,,,70,2023,제주특별자치도 서귀포시청,064-760-2945,2026-04-23,6520000,제주특별자치도 서귀포시
배터리프랜즈 제주지사,제주특별자치도 서귀포시 중산간동로8330번길 1 (호근동),,33.26163764,126.5265521,지정폐기물,,,,20,2023,제주특별자치도 서귀포시청,064-760-2945,2026-04-23,6520000,제주특별자치도 서귀포시
해동아스콘(주),제주특별자치도 서귀포시 안덕면 화순서동로56번길 89,,33.2628724,126.3399033,사업장폐기물,,,,60,2023,제주특별자치도 서귀포시청,064-760-2945,2026-04-23,6520000,제주특별자치도 서귀포시
행진산업,제주특별자치도 서귀포시 안덕면 화순서동로56번길 100,,33.26355208,126.3406077,사업장폐기물,,,,60,2023,제주특별자치도 서귀포시청,064-760-2945,2026-04-23,6520000,제주특별자치도 서귀포시
서귀포시(생활환경과),제주특별자치도 서귀포시 산록남로1241번길 145 (색달동),,33.30694743,126.4189701,지정폐기물,,,,1,2023,제주특별자치도 서귀포시청,064-760-2945,2026-04-23,6520000,제주특별자치도 서귀포시
식품의약품안전평가원(국립생약자원관 제주센터),제주특별자치도 서귀포시 돈내코로 260 (상효동),,33.30656781,126.5709294,지정폐기물,,,,12,2023,제주특별자치도 서귀포시청,064-760-2945,2026-04-23,6520000,제주특별자치도 서귀포시
(주)신세계푸드 세인트존스베리 아카데미,제주특별자치도 서귀포시 대정읍 글로벌에듀로304번길 10,,33.28529333,126.2843128,사업장폐기물,,,,264,2023,제주특별자치도 서귀포시청,064-760-2945,2026-04-23,6520000,제주특별자치도 서귀포시
농업회사법인 제주낭(주),제주특별자치도 서귀포시 남원읍 태위로 123-3,,33.27554116,126.6606854,사업장폐기물,,,,100,2023,제주특별자치도 서귀포시청,064-760-2945,2026-04-23,6520000,제주특별자치도 서귀포시
농업회사법인 주식회사 오설록농장,제주특별자치도 서귀포시 남원읍 서성로652번길 199,,33.31707728,126.6821873,사업장폐기물,,,,106,2023,제주특별자치도 서귀포시청,064-760-2945,2026-04-23,6520000,제주특별자치도 서귀포시
제주전분(주),제주특별자치도 서귀포시 표선면 일주동로5661번길 58,,33.3354528,126.8464835,사업장폐기물,,,,350,2022,제주특별자치도 서귀포시청,064-760-2945,2026-04-23,6520000,제주특별자치도 서귀포시
제주감귤농업협동조합 동부사업소(감협 9유통),제주특별자치도 서귀포시 표선면 돈오름로 121,,33.33226582,126.811214,사업장폐기물,,,,70,2022,제주특별자치도 서귀포시청,064-760-2945,2026-04-23,6520000,제주특별자치도 서귀포시
파르나스 호텔 제주,제주특별자치도 서귀포시 중문관광로72번길 100 (색달동),,33.24416948,126.4055743,사업장폐기물,,,,408,2022,제주특별자치도 서귀포시청,064-760-2945,2026-04-23,6520000,제주특별자치도 서귀포시
서귀포타일,제주특별자치도 서귀포시 일주동로 9003 (호근동),,33.24753967,126.5308276,사업장폐기물,,,,100,2022,제주특별자치도 서귀포시청,064-760-2945,2026-04-23,6520000,제주특별자치도 서귀포시
제주감귤농업협동조합 동부사업소(감협 2유통),제주특별자치도 서귀포시 남원읍 태신로130번길 170,,33.31274316,126.7439372,사업장폐기물,,,,70,2022,제주특별자치도 서귀포시청,064-760-2945,2026-04-23,6520000,제주특별자치도 서귀포시
암퀘스트농업회사법인주식회사,제주특별자치도 서귀포시 남원읍 서의로 234,,33.30838126,126.7150282,사업장폐기물,,,,100,2022,제주특별자치도 서귀포시청,064-760-2945,2026-04-23,6520000,제주특별자치도 서귀포시
제주감귤농업협동조합 중부사업소(감협 1유통),제주특별자치도 서귀포시 516로 354,,33.28320062,126.5910995,사업장폐기물,,,,70,2022,제주특별자치도 서귀포시청,064-760-2945,2026-04-23,6520000,제주특별자치도 서귀포시
제주감귤농업협동조합 서부사업소(감협 3유통),제주특별자치도 서귀포시 1100로 120,,33.25837188,126.4400468,사업장폐기물,,,,70,2022,제주특별자치도 서귀포시청,064-760-2945,2026-04-23,6520000,제주특별자치도 서귀포시
제주특별자치도 농업기술원,제주특별자치도 서귀포시 중산간서로 212 (강정동),,33.26145729,126.4886383,지정폐기물,,,,1,2021,제주특별자치도 서귀포시청,064-760-2945,2026-04-23,6520000,제주특별자치도 서귀포시
인하네 농업회사법인(주),제주특별자치도 서귀포시 안덕면 감천로 240,,33.25713648,126.3540286,사업장폐기물,,,,30,2021,제주특별자치도 서귀포시청,064-760-2945,2026-04-23,6520000,제주특별자치도 서귀포시
온새미영농조합법인,제주특별자치도 서귀포시 서리오름로 252 (신효동),,33.26125496,126.6098094,사업장폐기물,,,,100,2021,제주특별자치도 서귀포시청,064-760-2945,2026-04-23,6520000,제주특별자치도 서귀포시
모슬포수산업협동조합,제주특별자치도 서귀포시 대정읍 하모항구로 30,,33.21690595,126.2508164,사업장폐기물,,,,50,2021,제주특별자치도 서귀포시청,064-760-2945,2026-04-23,6520000,제주특별자치도 서귀포시
서귀포스톤,제주특별자치도 서귀포시 516로 351 (토평동),,33.28391606,126.5898126,사업장폐기물,,,,100,2021,제주특별자치도 서귀포시청,064-760-2945,2026-04-23,6520000,제주특별자치도 서귀포시
(주)이웰에너지,제주특별자치도 서귀포시 토평공단로127번길 33 (토평동),,33.29130561,126.5804162,사업장폐기물,,,,10670,2020,제주특별자치도 서귀포시청,064-760-2945,2026-04-23,6520000,제주특별자치도 서귀포시
(주)조선호텔앤리조트 그랜드 조선 제주,제주특별자치도 서귀포시 중문관광로72번길 60 (색달동),,33.25421861,126.4114343,사업장폐기물,,,,570,2020,제주특별자치도 서귀포시청,064-760-2945,2026-04-23,6520000,제주특별자치도 서귀포시
한라환경산업(주),제주특별자치도 서귀포시 인정오름로86번길 63 (토평동),,33.29240648,126.5760799,사업장폐기물,,,,5460,2020,제주특별자치도 서귀포시청,064-760-2945,2026-04-23,6520000,제주특별자치도 서귀포시
서귀포해양경찰서,제주특별자치도 서귀포시 서호남로 11 (서호동),,33.25131497,126.5138568,지정폐기물,,,,10,2020,제주특별자치도 서귀포시청,064-760-2945,2026-04-23,6520000,제주특별자치도 서귀포시
농업회사법인(주)한라산바이오,제주특별자치도 서귀포시 안덕면 한창로 732-14,,33.32125737,126.3357932,사업장폐기물,,,,30,2019,제주특별자치도 서귀포시청,064-760-2945,2026-04-23,6520000,제주특별자치도 서귀포시
성산포수협수산물직판장,제주특별자치도 서귀포시 성산읍 성산등용로 130-19,,33.47291138,126.9337831,사업장폐기물,,,,110,2019,제주특별자치도 서귀포시청,064-760-2945,2026-04-23,6520000,제주특별자치도 서귀포시
호텔더본제주,제주특별자치도 서귀포시 색달로 18 (색달동),,33.25953238,126.4064978,사업장폐기물,,,,288,2019,제주특별자치도 서귀포시청,064-760-2945,2026-04-23,6520000,제주특별자치도 서귀포시
서귀포시(생활자원회수센터),제주특별자치도 서귀포시 산록남로1241번길 145,,33.30694743,126.4189701,사업장폐기물,,,,8908,2019,제주특별자치도 서귀포시청,064-760-2945,2026-04-23,6520000,제주특별자치도 서귀포시
(주)화송산업,제주특별자치도 서귀포시 대정읍 일주서로3000번길 155-13,,33.25830869,126.2291057,사업장폐기물,,,,450,2019,제주특별자치도 서귀포시청,064-760-2945,2026-04-23,6520000,제주특별자치도 서귀포시
(주)부강테크,제주특별자치도 서귀포시 대정읍 대한로 366-40,,33.25862421,126.2487951,지정폐기물,,,,0.3,2019,제주특별자치도 서귀포시청,064-760-2945,2026-04-23,6520000,제주특별자치도 서귀포시
가마자원,제주특별자치도 서귀포시 표선면 세성로 114-10,,33.31666843,126.8031692,사업장폐기물,,,,1864,2018,제주특별자치도 서귀포시청,064-760-2945,2026-04-23,6520000,제주특별자치도 서귀포시
주식회사 비지에프푸드제주,제주특별자치도 서귀포시 토평공단로155번길 45 (토평동),,33.29219472,126.5779691,사업장폐기물,,,,414,2018,제주특별자치도 서귀포시청,064-760-2945,2026-04-23,6520000,제주특별자치도 서귀포시
효돈농업협동조합 유통사업소,제주특별자치도 서귀포시 칠십리로 712,,33.2556595,126.6179008,사업장폐기물,,,,100,2018,제주특별자치도 서귀포시청,064-760-2945,2026-04-23,6520000,제주특별자치도 서귀포시
제주양돈축산업협동조합 축산물종합유통센터,제주특별자치도 서귀포시 안덕면 한창로 746-31,,33.32380895,126.3364232,사업장폐기물,,,,10611,2018,제주특별자치도 서귀포시청,064-760-2945,2026-04-23,6520000,제주특별자치도 서귀포시
주식회사 제주현무암,제주특별자치도 서귀포시 대정읍 무영로40번길 90,,33.26658494,126.225703,사업장폐기물,,,,200,2018,제주특별자치도 서귀포시청,064-760-2945,2026-04-23,6520000,제주특별자치도 서귀포시
서귀포수산업협동조합,제주특별자치도 서귀포시 칠십리로 44 (서귀동),,33.24072168,126.5611482,지정폐기물,,,,6,2017,제주특별자치도 서귀포시청,064-760-2945,2026-04-23,6520000,제주특별자치도 서귀포시
해군제주기지전대,제주특별자치도 서귀포시 이어도로 662 (강정동),,33.2324447,126.4882116,사업장폐기물,,,,1486,2017,제주특별자치도 서귀포시청,064-760-2945,2026-04-23,6520000,제주특별자치도 서귀포시
제주신화월드 주식회사,제주특별자치도 서귀포시 안덕면 신화역사로304번길 139,,33.3013855,126.3175252,사업장폐기물,,,,6743.6,2017,제주특별자치도 서귀포시청,064-760-2945,2026-04-23,6520000,제주특별자치도 서귀포시
성산포수산업협동조합,제주특별자치도 서귀포시 성산읍 성산등용로 4,,33.46462069,126.9338911,지정폐기물,,,,7,2017,제주특별자치도 서귀포시청,064-760-2945,2026-04-23,6520000,제주특별자치도 서귀포시
모술포수산업협동조합,제주특별자치도 서귀포시 대정읍 하모항구로 30 (수협),,33.21690595,126.2508164,지정폐기물,,,,6.5,2017,제주특별자치도 서귀포시청,064-760-2945,2026-04-23,6520000,제주특별자치도 서귀포시
어업회사법인(주)씨그린제주,제주특별자치도 서귀포시 대정읍 무릉도원로 87,,33.28067464,126.2004337,사업장폐기물,,,,120,2017,제주특별자치도 서귀포시청,064-760-2945,2026-04-23,6520000,제주특별자치도 서귀포시
해군제주기지전대,제주특별자치도 서귀포시 이어도로 662 (강정동),,33.2324447,126.4882116,지정폐기물,,,,191.8,2016,제주특별자치도 서귀포시청,064-760-2945,2026-04-23,6520000,제주특별자치도 서귀포시
승인자원,제주특별자치도 서귀포시 대정읍 암반수마농로 271,,33.25261624,126.2382987,사업장폐기물,,,,250,2016,제주특별자치도 서귀포시청,064-760-2945,2026-04-23,6520000,제주특별자치도 서귀포시
씨제이대한통운(주),제주특별자치도 서귀포시 안덕면 광평로 34-156,,33.3403726,126.4042502,지정폐기물,,,,10,2016,제주특별자치도 서귀포시청,064-760-2945,2026-04-23,6520000,제주특별자치도 서귀포시
해비치호텔앤드리조트(주),제주특별자치도 서귀포시 남원읍 원님로399번길 319 (해비치골프장),,33.36230953,126.7218981,지정폐기물,,,,24,2016,제주특별자치도 서귀포시청,064-760-2945,2026-04-23,6520000,제주특별자치도 서귀포시
신례새마을영농조합법인,제주특별자치도 서귀포시 남원읍 신례중앙로 26,,33.28884789,126.627476,사업장폐기물,,,,50,2016,제주특별자치도 서귀포시청,064-760-2945,2026-04-23,6520000,제주특별자치도 서귀포시
삼다감귤영농조합법인,제주특별자치도 서귀포시 효돈순환로 296 (하효동),,33.25965221,126.6148383,사업장폐기물,,,,200,2015,제주특별자치도 서귀포시청,064-760-2945,2026-04-23,6520000,제주특별자치도 서귀포시
표선농업협동조합,제주특별자치도 서귀포시 표선면 표선동서로 233,,33.32477593,126.8318707,사업장폐기물,,,,200,2015,제주특별자치도 서귀포시청,064-760-2945,2026-04-23,6520000,제주특별자치도 서귀포시
(주)미래자원,제주특별자치도 서귀포시 토평로19번길 91 (토평동),,33.27643212,126.5863357,사업장폐기물,,,,320,2015,제주특별자치도 서귀포시청,064-760-2945,2026-04-23,6520000,제주특별자치도 서귀포시
(주)이웰,제주특별자치도 서귀포시 토평공단로115번길 32 (토평동),,33.29093563,126.5809903,사업장폐기물,,,,1850,2015,제주특별자치도 서귀포시청,064-760-2945,2026-04-23,6520000,제주특별자치도 서귀포시
(주)부영주택 제주부영호텔＆리조트,제주특별자치도 서귀포시 중문관광로 222 (중문동_ 부영호텔),,33.2425599,126.4232474,사업장폐기물,,,,360,2015,제주특별자치도 서귀포시청,064-760-2945,2026-04-23,6520000,제주특별자치도 서귀포시
안덕농업협동조합 농산물산지유통센터,제주특별자치도 서귀포시 안덕면 화순중앙로12번길 36,,33.25003311,126.3302232,사업장폐기물,,,,100,2015,제주특별자치도 서귀포시청,064-760-2945,2026-04-23,6520000,제주특별자치도 서귀포시
(주)김정문알로에,제주특별자치도 서귀포시 성산읍 성읍정의현로32번길 43,,33.38431629,126.8059755,사업장폐기물,,,,90,2015,제주특별자치도 서귀포시청,064-760-2945,2026-04-23,6520000,제주특별자치도 서귀포시
(주)제주해양과학관,제주특별자치도 서귀포시 성산읍 섭지코지로 95,,33.43297686,126.9277955,사업장폐기물,,,,111.84,2015,제주특별자치도 서귀포시청,064-760-2945,2026-04-23,6520000,제주특별자치도 서귀포시
서귀포해양경찰서,제주특별자치도 서귀포시 서호남로 11 (서호동),,33.25131497,126.5138568,지정폐기물,,,,10,2015,제주특별자치도 서귀포시청,064-760-2945,2026-04-23,6520000,제주특별자치도 서귀포시
제주감귤마을영농조합법인,제주특별자치도 서귀포시 문필로 27 (보목동_ 제주감귤마을),,33.23932583,126.5967228,사업장폐기물,,,,40,2015,제주특별자치도 서귀포시청,064-760-2945,2026-04-23,6520000,제주특별자치도 서귀포시
삼성아스콘,제주특별자치도 서귀포시 대정읍 평화로89번길 171,,33.27121003,126.2925838,사업장폐기물,,,,500,2015,제주특별자치도 서귀포시청,064-760-2945,2026-04-23,6520000,제주특별자치도 서귀포시
위미농업협동조합 유통사업소,제주특별자치도 서귀포시 남원읍 하례로 552,,33.29554902,126.617406,사업장폐기물,,,,460,2015,제주특별자치도 서귀포시청,064-760-2945,2026-04-23,6520000,제주특별자치도 서귀포시
금호리조트(주),제주특별자치도 서귀포시 남원읍 태위로 522-12,,33.27365626,126.702756,사업장폐기물,,,,233.44,2015,제주특별자치도 서귀포시청,064-760-2945,2026-04-23,6520000,제주특별자치도 서귀포시
제주감귤농업협동조합위미지소,제주특별자치도 서귀포시 남원읍 위미대성로 24,,33.27997192,126.6690707,사업장폐기물,,,,70,2015,제주특별자치도 서귀포시청,064-760-2945,2026-04-23,6520000,제주특별자치도 서귀포시
한라이엔지(주),제주특별자치도 서귀포시 토평공단로 113 (토평동),,33.29194369,126.5840079,사업장폐기물,,,,15990,2014,제주특별자치도 서귀포시청,064-760-2945,2026-04-23,6520000,제주특별자치도 서귀포시
서귀포농협 유통사업본부,제주특별자치도 서귀포시 중산간동로 7800-9 (토평동),,33.26888051,126.5828471,사업장폐기물,,,,300,2014,제주특별자치도 서귀포시청,064-760-2945,2026-04-23,6520000,제주특별자치도 서귀포시
(주)호텔롯데 롯데호텔제주,제주특별자치도 서귀포시 중문관광로72번길 35 (색달동),,33.24859961,126.4103301,사업장폐기물,,,,1103,2014,제주특별자치도 서귀포시청,064-760-2945,2026-04-23,6520000,제주특별자치도 서귀포시
진시황영농조합법인,제주특별자치도 서귀포시 용흥로66번길 177-19 (강정동),,33.26848538,126.4833438,사업장폐기물,,,,200,2014,제주특별자치도 서귀포시청,064-760-2945,2026-04-23,6520000,제주특별자치도 서귀포시
글래드호텔앤리조트(주)제주항공우주호텔,제주특별자치도 서귀포시 안덕면 녹차분재로 216,,33.30246391,126.2945827,사업장폐기물,,,,81.2,2014,제주특별자치도 서귀포시청,064-760-2945,2026-04-23,6520000,제주특별자치도 서귀포시
(주)대유산업,제주특별자치도 서귀포시 상예로 381 (상예동),,33.27897819,126.3942299,사업장폐기물,,,,200,2014,제주특별자치도 서귀포시청,064-760-2945,2026-04-23,6520000,제주특별자치도 서귀포시
남원농협유통사업소,제주특별자치도 서귀포시 남원읍 태신로 106,,33.295309,126.7443799,사업장폐기물,,,,280,2014,제주특별자치도 서귀포시청,064-760-2945,2026-04-23,6520000,제주특별자치도 서귀포시
수창영농조합법인,제주특별자치도 서귀포시 흙담솔로 86 (서홍동),,33.25900209,126.5503585,사업장폐기물,,,,90,2013,제주특별자치도 서귀포시청,064-760-2945,2026-04-23,6520000,제주특별자치도 서귀포시
이도에코표선 주식회사,제주특별자치도 서귀포시 표선면 세성로 650,,33.35852043,126.7986497,사업장폐기물,,,,3862,2013,제주특별자치도 서귀포시청,064-760-2945,2026-04-23,6520000,제주특별자치도 서귀포시
성산포수산업협동조합,제주특별자치도 서귀포시 성산읍 성산등용로 4,,33.46462069,126.9338911,사업장폐기물,,,,60,2013,제주특별자치도 서귀포시청,064-760-2945,2026-04-23,6520000,제주특별자치도 서귀포시
중문농업협동조합(유통사업소),제주특별자치도 서귀포시 색달로 166 (색달동_ 중문거점APC),,33.26071757,126.421247,사업장폐기물,,,,100,2013,제주특별자치도 서귀포시청,064-760-2945,2026-04-23,6520000,제주특별자치도 서귀포시
해비치호텔앤드리조트(주),제주특별자치도 서귀포시 남원읍 원님로399번길 319,,33.36230953,126.7218981,지정폐기물,,,,24,2013,제주특별자치도 서귀포시청,064-760-2945,2026-04-23,6520000,제주특별자치도 서귀포시
주식회사 부영CC,제주특별자치도 서귀포시 남원읍 남조로 960,,33.3592183,126.7124642,지정폐기물,,,,12,2013,제주특별자치도 서귀포시청,064-760-2945,2026-04-23,6520000,제주특별자치도 서귀포시
(주)칠십리환경산업,제주특별자치도 서귀포시 토평공단로 106 (토평동),,33.29217168,126.5850523,사업장폐기물,,,,20822,2012,제주특별자치도 서귀포시청,064-760-2945,2026-04-23,6520000,제주특별자치도 서귀포시
(주)레이크힐스,제주특별자치도 서귀포시 산록남로 1391,,33.29711773,126.4353859,지정폐기물,,,,12,2012,제주특별자치도 서귀포시청,064-760-2945,2026-04-23,6520000,제주특별자치도 서귀포시
성진산업(주),제주특별자치도 서귀포시 남원읍 위미항구로 502,,33.31765557,126.6454191,사업장폐기물,,,,29182,2012,제주특별자치도 서귀포시청,064-760-2945,2026-04-23,6520000,제주특별자치도 서귀포시
동남산업(주),제주특별자치도 서귀포시 토평공단로106번길 18 (토평동),,33.2932165,126.5841675,사업장폐기물,,,,21030,2011,제주특별자치도 서귀포시청,064-760-2945,2026-04-23,6520000,제주특별자치도 서귀포시
사)한국항만물류협회제주,제주특별자치도 서귀포시 칠십리로72번길 14 (서귀동),,33.23890498,126.564869,사업장폐기물,,,,324,2011,제주특별자치도 서귀포시청,064-760-2945,2026-04-23,6520000,제주특별자치도 서귀포시
일승산업(주),제주특별자치도 서귀포시 성산읍 중산간동로 4364-64,,33.39140232,126.8239567,사업장폐기물,,,,12510,2011,제주특별자치도 서귀포시청,064-760-2945,2026-04-23,6520000,제주특별자치도 서귀포시
(주)동국개발 스프링데일,제주특별자치도 서귀포시 남원읍 서성로 459,,33.32955108,126.6384879,사업장폐기물,,,,1093,2011,제주특별자치도 서귀포시청,064-760-2945,2026-04-23,6520000,제주특별자치도 서귀포시
오성콘크리트(주),제주특별자치도 서귀포시 토평공단로155번길 21 (토평동),,33.29306759,126.5801292,사업장폐기물,,,,1500,2010,제주특별자치도 서귀포시청,064-760-2945,2026-04-23,6520000,제주특별자치도 서귀포시
색달하수처리장,제주특별자치도 서귀포시 예래해안로 348 (색달동),,33.24212089,126.3964713,사업장폐기물,,,,5360,2010,제주특별자치도 서귀포시청,064-760-2945,2026-04-23,6520000,제주특별자치도 서귀포시
제주특별자치도 수자원본부(호근위생처리장),제주특별자치도 서귀포시 속골로 13 (호근동),,33.24092514,126.527518,사업장폐기물,,,,450,2010,제주특별자치도 서귀포시청,064-760-2945,2026-04-23,6520000,제주특별자치도 서귀포시
제주특별자치도 수자원본부(보목하수처리장),제주특별자치도 서귀포시 보목로64번길 155 (보목동),,33.24333746,126.5914173,사업장폐기물,,,,2060,2010,제주특별자치도 서귀포시청,064-760-2945,2026-04-23,6520000,제주특별자치도 서귀포시
동원개발,제주특별자치도 서귀포시 남원읍 중산간동로 6251,,33.32285005,126.7035162,사업장폐기물,,,,870,2010,제주특별자치도 서귀포시청,064-760-2945,2026-04-23,6520000,제주특별자치도 서귀포시
성진환경,제주특별자치도 서귀포시 토평공단로139번길 22 (토평동),,33.29299353,126.5802791,사업장폐기물,,,,39,2009,제주특별자치도 서귀포시청,064-760-2945,2026-04-23,6520000,제주특별자치도 서귀포시
제주특별자치도 수자원본부 신산위생처리장,제주특별자치도 서귀포시 성산읍 환해장성로 265,,33.38855269,126.8934206,사업장폐기물,,,,6,2009,제주특별자치도 서귀포시청,064-760-2945,2026-04-23,6520000,제주특별자치도 서귀포시
제주특별자치도 수자원본부 (남원하수처리장),제주특별자치도 서귀포시 남원읍 태신해안로 39,,33.28817567,126.7544532,사업장폐기물,,,,2600,2009,제주특별자치도 서귀포시청,064-760-2945,2026-04-23,6520000,제주특별자치도 서귀포시
(주)동광주택 제주부영CC,제주특별자치도 서귀포시 남원읍 남조로 960,,33.3592183,126.7124642,사업장폐기물,,,,362.2,2009,제주특별자치도 서귀포시청,064-760-2945,2026-04-23,6520000,제주특별자치도 서귀포시
해양환경공단,제주특별자치도 서귀포시 칠십리로72번길 14 (서귀동),,33.23890498,126.564869,지정폐기물,,,,25,2008,제주특별자치도 서귀포시청,064-760-2945,2026-04-23,6520000,제주특별자치도 서귀포시
휘닉스중앙제주(주),제주특별자치도 서귀포시 성산읍 섭지코지로 107,,33.42603156,126.9264499,사업장폐기물,,,,559.8,2008,제주특별자치도 서귀포시청,064-760-2945,2026-04-23,6520000,제주특별자치도 서귀포시
전우실업(주)가파도사업소,제주특별자치도 서귀포시 대정읍 가파로91번길 23,,33.16938626,126.2735013,지정폐기물,,,,4,2008,제주특별자치도 서귀포시청,064-760-2945,2026-04-23,6520000,제주특별자치도 서귀포시
성일레미콘(주),제주특별자치도 서귀포시 안덕면 화순서동로56번길 258-3,,33.27514076,126.3345944,사업장폐기물,,,,504,2007,제주특별자치도 서귀포시청,064-760-2945,2026-04-23,6520000,제주특별자치도 서귀포시
(주)소노인터내셔널 서귀포 지점,제주특별자치도 서귀포시 표선면 일주동로 6347-17,,33.30601259,126.7928947,사업장폐기물,,,,2041.9,2007,제주특별자치도 서귀포시청,064-760-2945,2026-04-23,6520000,제주특별자치도 서귀포시
(주)한라콘크리트,제주특별자치도 서귀포시 표선면 세성로212번길 134,,33.32113638,126.8102503,사업장폐기물,,,,1460,2007,제주특별자치도 서귀포시청,064-760-2945,2026-04-23,6520000,제주특별자치도 서귀포시
주식회사 낙원산업,제주특별자치도 서귀포시 표선면 세성로 114-26,,33.31832741,126.8045281,사업장폐기물,,,,180,2007,제주특별자치도 서귀포시청,064-760-2945,2026-04-23,6520000,제주특별자치도 서귀포시
해비치호텔앤드리조트(주),제주특별자치도 서귀포시 표선면 민속해안로 537,,33.32304283,126.8441927,사업장폐기물,,,,294.52,2007,제주특별자치도 서귀포시청,064-760-2945,2026-04-23,6520000,제주특별자치도 서귀포시
한국공항(주),제주특별자치도 서귀포시 표선면 녹산로 871-79,,33.42079006,126.7167995,사업장폐기물,,,,60.4,2007,제주특별자치도 서귀포시청,064-760-2945,2026-04-23,6520000,제주특별자치도 서귀포시
(주)제주스톤,제주특별자치도 서귀포시 표선면 가시로198번길 150-38,,33.34873283,126.8126911,사업장폐기물,,,,3600,2007,제주특별자치도 서귀포시청,064-760-2945,2026-04-23,6520000,제주특별자치도 서귀포시
부국개발(주)여미지식물원,제주특별자치도 서귀포시 중문관광로 93 (색달동),,33.2544646,126.4144764,사업장폐기물,,,,244,2007,제주특별자치도 서귀포시청,064-760-2945,2026-04-23,6520000,제주특별자치도 서귀포시
테디밸리골프앤리조트,제주특별자치도 서귀포시 안덕면 한창로 365,,33.28898616,126.3514096,사업장폐기물,,,,4016.6,2007,제주특별자치도 서귀포시청,064-760-2945,2026-04-23,6520000,제주특별자치도 서귀포시
씨제이대한통운(주),제주특별자치도 서귀포시 안덕면 광평로 34-156,,33.3403726,126.4042502,사업장폐기물,,,,1817.9,2007,제주특별자치도 서귀포시청,064-760-2945,2026-04-23,6520000,제주특별자치도 서귀포시
제주특별자치도 상하수도 본부 (성산하수처리장),제주특별자치도 서귀포시 성산읍 고성동서로 115,,33.45179775,126.9190337,사업장폐기물,,,,6160,2007,제주특별자치도 서귀포시청,064-760-2945,2026-04-23,6520000,제주특별자치도 서귀포시
(주)호텔롯데스카이힐제주CC,제주특별자치도 서귀포시 상예로 530 (색달동),,33.28727222,126.4052791,사업장폐기물,,,,992.2,2007,제주특별자치도 서귀포시청,064-760-2945,2026-04-23,6520000,제주특별자치도 서귀포시
서귀포산업 주식회사,제주특별자치도 서귀포시 산록남로1241번길 168 (색달동),,33.30854591,126.4205082,사업장폐기물,,,,5232,2007,제주특별자치도 서귀포시청,064-760-2945,2026-04-23,6520000,제주특별자치도 서귀포시
제주특별자치도 수자원본부 (대정하수처리장),제주특별자치도 서귀포시 대정읍 최남단해안로302번길 37,,33.19852794,126.2664191,사업장폐기물,,,,6144,2007,제주특별자치도 서귀포시청,064-760-2945,2026-04-23,6520000,제주특별자치도 서귀포시
(주)제주페이퍼텍,제주특별자치도 서귀포시 대정읍 일주서로3000번길 137-19,,33.25824053,126.2271446,사업장폐기물,,,,3804,2007,제주특별자치도 서귀포시청,064-760-2945,2026-04-23,6520000,제주특별자치도 서귀포시
서귀포시(축산과),제주특별자치도 서귀포시 대정읍 대한로 366-40,,33.25862421,126.2487951,사업장폐기물,,,,6056,2007,제주특별자치도 서귀포시청,064-760-2945,2026-04-23,6520000,제주특별자치도 서귀포시
해비치호텔앤드리조트(주),제주특별자치도 서귀포시 남원읍 원님로399번길 319,,33.36230953,126.7218981,사업장폐기물,,,,2035.58,2007,제주특별자치도 서귀포시청,064-760-2945,2026-04-23,6520000,제주특별자치도 서귀포시
제주특별자치도개발공사,제주특별자치도 서귀포시 남원읍 서성로 684-22,,33.32550138,126.669001,사업장폐기물,,,,799.5,2007,제주특별자치도 서귀포시청,064-760-2945,2026-04-23,6520000,제주특별자치도 서귀포시
남영산업(주),제주특별자치도 서귀포시 표선면 번영로 2300,,33.41111391,126.7521221,사업장폐기물,,,,1655.412,2006,제주특별자치도 서귀포시청,064-760-2945,2026-04-23,6520000,제주특별자치도 서귀포시
(주)한라,제주특별자치도 서귀포시 토평공단로107번길 1 (토평동),,33.29085368,126.5838643,사업장폐기물,,,,1080,2006,제주특별자치도 서귀포시청,064-760-2945,2026-04-23,6520000,제주특별자치도 서귀포시
홈플러스(주)서귀포점,제주특별자치도 서귀포시 중앙로 180,,33.26048599,126.5599346,사업장폐기물,,,,417.2,2006,제주특별자치도 서귀포시청,064-760-2945,2026-04-23,6520000,제주특별자치도 서귀포시
한국관광공사 제주지사,제주특별자치도 서귀포시 중문관광로72번길 60 (색달동),,33.25421861,126.4114343,사업장폐기물,,,,386.92,2006,제주특별자치도 서귀포시청,064-760-2945,2026-04-23,6520000,제주특별자치도 서귀포시
한국관광공사,제주특별자치도 서귀포시 중문관광로110번길 15  (색달동),,33.25005433,126.4129698,사업장폐기물,,,,72,2006,제주특별자치도 서귀포시청,064-760-2945,2026-04-23,6520000,제주특별자치도 서귀포시
(주)이마트서귀포점,제주특별자치도 서귀포시 일주동로 9209 (법환동),,33.24833803,126.5091174,사업장폐기물,,,,799,2006,제주특별자치도 서귀포시청,064-760-2945,2026-04-23,6520000,제주특별자치도 서귀포시
한국남부발전(주)남제주빛드림본부,제주특별자치도 서귀포시 안덕면 화순해안로106번길 55,,33.23754712,126.3416314,지정폐기물,,,,47.1,2006,제주특별자치도 서귀포시청,064-760-2945,2026-04-23,6520000,제주특별자치도 서귀포시
한국남부발전(주)남제주 빛 드림본부,제주특별자치도 서귀포시 안덕면 화순해안로106번길 55,,33.23754712,126.3416314,사업장폐기물,,,,1942,2006,제주특별자치도 서귀포시청,064-760-2945,2026-04-23,6520000,제주특별자치도 서귀포시
(주)캐슬렉스제주,제주특별자치도 서귀포시 안덕면 평화로 1241,,33.33834117,126.3487166,사업장폐기물,,,,1892.1,2006,제주특별자치도 서귀포시청,064-760-2945,2026-04-23,6520000,제주특별자치도 서귀포시
서귀포시축산업협동조합 산지육가공공장,제주특별자치도 서귀포시 안덕면 중산간서로 1914-11,,33.29117651,126.3177247,사업장폐기물,,,,9360,2006,제주특별자치도 서귀포시청,064-760-2945,2026-04-23,6520000,제주특별자치도 서귀포시
세기레미콘(주),제주특별자치도 서귀포시 소보리당로164번길 125 (상예동),,33.26965338,126.3825152,사업장폐기물,,,,950,2006,제주특별자치도 서귀포시청,064-760-2945,2026-04-23,6520000,제주특별자치도 서귀포시
롯데칠성음료(주),제주특별자치도 서귀포시 남원읍 일주동로 7908,,33.26697456,126.6404977,사업장폐기물,,,,76.072,2006,제주특별자치도 서귀포시청,064-760-2945,2026-04-23,6520000,제주특별자치도 서귀포시
주식회사 낙원레미콘,제주특별자치도 서귀포시 표선면 세성로 114-26,,33.31832741,126.8045281,사업장폐기물,,,,126,2005,제주특별자치도 서귀포시청,064-760-2945,2026-04-23,6520000,제주특별자치도 서귀포시
(주)교원프라퍼티 스위트호텔 제주,제주특별자치도 서귀포시 중문관광로72번길 67,,33.24904921,126.4083474,사업장폐기물,,,,168,2005,제주특별자치도 서귀포시청,064-760-2945,2026-04-23,6520000,제주특별자치도 서귀포시
(주)서일아스콘,제주특별자치도 서귀포시 표선면 돈오름로 130-52,,33.32895033,126.8093615,사업장폐기물,,,,480,2004,제주특별자치도 서귀포시청,064-760-2945,2026-04-23,6520000,제주특별자치도 서귀포시
(주)KAL호텔네트워크(서귀포KAL)호텔,제주특별자치도 서귀포시 칠십리로 242 (토평동),,33.24432528,126.5807944,사업장폐기물,,,,1756,2004,제주특별자치도 서귀포시청,064-760-2945,2026-04-23,6520000,제주특별자치도 서귀포시
(주)호텔신라 제주호텔,제주특별자치도 서귀포시 중문관광로72번길 75 (색달동),,33.24802204,126.4086786,사업장폐기물,,,,1476,2004,제주특별자치도 서귀포시청,064-760-2945,2026-04-23,6520000,제주특별자치도 서귀포시
(주)한창산업,제주특별자치도 서귀포시 안덕면 산록남로 354-41,,33.32976853,126.3459364,사업장폐기물,,,,4500,2004,제주특별자치도 서귀포시청,064-760-2945,2026-04-23,6520000,제주특별자치도 서귀포시
성수레미콘(주),제주특별자치도 서귀포시 성산읍 금백조로 439,,33.43249141,126.8286763,사업장폐기물,,,,410,2004,제주특별자치도 서귀포시청,064-760-2945,2026-04-23,6520000,제주특별자치도 서귀포시
금오개발,제주특별자치도 서귀포시 대정읍 일주서로3000번길 136,,33.2568843,126.2287809,사업장폐기물,,,,588,2004,제주특별자치도 서귀포시청,064-760-2945,2026-04-23,6520000,제주특별자치도 서귀포시
(주)서일레미콘,제주특별자치도 서귀포시 표선면 돈오름로 130-52,,33.32895033,126.8093615,사업장폐기물,,,,960,2003,제주특별자치도 서귀포시청,064-760-2945,2026-04-23,6520000,제주특별자치도 서귀포시
현대아스콘(주),제주특별자치도 서귀포시 안덕면 화순서동로 282,,33.27606548,126.3344657,사업장폐기물,,,,250,2003,제주특별자치도 서귀포시청,064-760-2945,2026-04-23,6520000,제주특별자치도 서귀포시
(주)한송산업,제주특별자치도 서귀포시 안덕면 서광동로34번길 82-6,,33.290689,126.3379786,사업장폐기물,,,,720,2003,제주특별자치도 서귀포시청,064-760-2945,2026-04-23,6520000,제주특별자치도 서귀포시
에스케이핀크스 주식회사,제주특별자치도 서귀포시 안덕면 산록남로 863,,33.30536047,126.3936854,사업장폐기물,,,,1141.6,2003,제주특별자치도 서귀포시청,064-760-2945,2026-04-23,6520000,제주특별자치도 서귀포시
주식회사 한승개발,제주특별자치도 서귀포시 대정읍 평화로89번길 171,,33.27121003,126.2925959,사업장폐기물,,,,844.9,2001,제주특별자치도 서귀포시청,064-760-2945,2026-04-23,6520000,제주특별자치도 서귀포시
코리아마트(주),제주특별자치도 서귀포시 동홍서로 42-6 (동홍동_ 코리아마트(주)),,33.25237988,126.5701137,사업장폐기물,,,,126,1998,제주특별자치도 서귀포시청,064-760-2945,2026-04-23,6520000,제주특별자치도 서귀포시
제주특별자치도 서귀포의료원,제주특별자치도 서귀포시 장수로 47 (동홍동),,33.25598099,126.5629489,사업장폐기물,,,,298.48,1997,제주특별자치도 서귀포시청,064-760-2945,2026-04-23,6520000,제주특별자치도 서귀포시
닥터 헤어리의원,대구광역시 중구 국채보상로 622 (공평동 2층),,35.87014016,128.5987314,의료폐기물,,,,59,2013,대구광역시 중구청,053-661-2725,2026-06-08,3410000,대구광역시 중구
나비피부과의원,대구광역시 중구 달구벌대로 2179 (삼덕동2가 9층),,35.86374995,128.6019258,의료폐기물,,,,29,2007,대구광역시 중구청,053-661-2725,2026-06-08,3410000,대구광역시 중구
글로미의원,대구광역시 중구 동성로2길 81 (공평동 4층),,35.86954385,128.5969651,의료폐기물,,,,111,2015,대구광역시 중구청,053-661-2725,2026-06-08,3410000,대구광역시 중구
삼덕 정형외과,대구광역시 중구 동덕로 99 (삼덕동2가 삼덕빌딩 4층),,35.86374024,128.6023837,의료폐기물,,,,620,2023,대구광역시 중구청,053-661-2725,2026-06-08,3410000,대구광역시 중구
톡톡사랑니치과,대구광역시 중구 중앙대로 390 (동성로3가 센트럴엠 4층 402&403호),,35.86776615,128.5939001,의료폐기물,,,,610,2023,대구광역시 중구청,053-661-2725,2026-06-08,3410000,대구광역시 중구
대봉 문치과,대구광역시 중구 대봉로 226 (대봉동 대봉화성그린빌아파트 상가동 501호),,35.85883997,128.6018187,의료폐기물,,,,202,2023,대구광역시 중구청,053-661-2725,2026-06-08,3410000,대구광역시 중구
대구퍼스트치과의원,대구광역시 중구 중앙대로 359 (남산동 312층 반월당메티칼오피스타워),,35.86509162,128.5927746,의료폐기물,,,,1088,2011,대구광역시 중구청,053-661-2725,2026-06-08,3410000,대구광역시 중구
오늘도원치과의원,대구광역시 중구 태평로 50 (도원동 힐스테이트 도원 센트럴 B02동 220221호),,35.87639732,128.5825046,의료폐기물,,,,114,2024,대구광역시 중구청,053-661-2725,2026-06-08,3410000,대구광역시 중구
이튼연합치과 남산점,대구광역시 중구 남산로 61 (남산동 대구은행 2층),,35.86206057,128.5821275,의료폐기물,,,,169,2017,대구광역시 중구청,053-661-2725,2026-06-08,3410000,대구광역시 중구
김지용치과교정과치과의원,대구광역시 중구 동성로 2 (동성로3가 우봉빌딩 4층 401호),,35.86717578,128.5940449,의료폐기물,,,,75,2023,대구광역시 중구청,053-661-2725,2026-06-08,3410000,대구광역시 중구
편한구강내과치과의원,대구광역시 중구 명륜로23길 106 (봉산동 반월당 클래시아2차 5층 501호),,35.86472997,128.5948678,의료폐기물,,,,200,2006,대구광역시 중구청,053-661-2725,2026-06-08,3410000,대구광역시 중구
아름다운차이치과,대구광역시 중구 달구벌대로 1999 (동산동 5층),,35.8654569,128.5827018,의료폐기물,,,,555,2018,대구광역시 중구청,053-661-2725,2026-06-08,3410000,대구광역시 중구
바른이치과교정과치과의원,대구광역시 중구 동덕로 99 (삼덕동2가 삼덕빌딩 3층),,35.86374024,128.6023837,의료폐기물,,,,58,2005,대구광역시 중구청,053-661-2725,2026-06-08,3410000,대구광역시 중구
로앤산부인과의원,대구광역시 중구 동성로 39 (동성로2가 씨네시티한일 4층 9호),,35.87048971,128.5953769,의료폐기물,,,,592,2019,대구광역시 중구청,053-661-2725,2026-06-08,3410000,대구광역시 중구
이상호치과교정과치과의원,대구광역시 중구 달구벌대로 2141 (삼덕동1가 4층),,35.86502761,128.5980409,의료폐기물,,,,93,2017,대구광역시 중구청,053-661-2725,2026-06-08,3410000,대구광역시 중구
영나은마취통증의학과,대구광역시 중구 달성로 1 (대신동 5층),,35.86519904,128.582028,의료폐기물,,,,391,2016,대구광역시 중구청,053-661-2725,2026-06-08,3410000,대구광역시 중구
리쥬엘의원 동성로점,대구광역시 중구 동성로6길 12-13 (공평동 7층),,35.86841782,128.5958169,의료폐기물,,,,388,2021,대구광역시 중구청,053-661-2725,2026-06-08,3410000,대구광역시 중구
디자인치과교정과치과의원,대구광역시 중구 국채보상로 598 (동성로2가 5층),,35.8705465,128.596034,의료폐기물,,,,223,2014,대구광역시 중구청,053-661-2725,2026-06-08,3410000,대구광역시 중구
더원이비인후과,대구광역시 중구 달구벌대로 2127 (봉산동 S타워),,35.86532785,128.5965724,의료폐기물,,,,158,2017,대구광역시 중구청,053-661-2725,2026-06-08,3410000,대구광역시 중구
아이백안과의원,대구광역시 중구 동덕로 106-4 (삼덕동2가 1-4층),,35.86400974,128.603097,의료폐기물,,,,1552,2023,대구광역시 중구청,053-661-2725,2026-06-08,3410000,대구광역시 중구
로제유외과,대구광역시 중구 달구벌대로 2167 (삼덕동2가 201호),,35.86399708,128.6005373,의료폐기물,,,,349,2023,대구광역시 중구청,053-661-2725,2026-06-08,3410000,대구광역시 중구
대구동성로예쁨주의쁨의원,대구광역시 중구 동성로 39 (동성로2가 씨네시티한일 5&6층),,35.87048971,128.5953769,의료폐기물,,,,3337,2021,대구광역시 중구청,053-661-2725,2026-06-08,3410000,대구광역시 중구
보람요양원,대구광역시 중구 명덕로 125 (남산동 5~7층),,35.8566954,128.5838592,의료폐기물,,,,30,2019,대구광역시 중구청,053-661-2725,2026-06-08,3410000,대구광역시 중구
메디아트의원,대구광역시 중구 달구벌대로 2199 (삼덕동2가 세기헬스마트 2층),,35.86322062,128.6039109,의료폐기물,,,,162,2011,대구광역시 중구청,053-661-2725,2026-06-08,3410000,대구광역시 중구
모제림외과,대구광역시 중구 중앙대로 366 (덕산동 13층),,35.86611701,128.593836,의료폐기물,,,,405,2013,대구광역시 중구청,053-661-2725,2026-06-08,3410000,대구광역시 중구
수아벨의원,대구광역시 중구 국채보상로 630 (공평동 메트로타워 10층),,35.86996785,128.5994567,의료폐기물,,,,661,2019,대구광역시 중구청,053-661-2725,2026-06-08,3410000,대구광역시 중구
브이라이프 영상의학과 의원,대구광역시 중구 공평로10길 18 (삼덕동2가 23층),,35.86778598,128.6008446,의료폐기물,,,,4738,2020,대구광역시 중구청,053-661-2725,2026-06-08,3410000,대구광역시 중구
라성형외과,대구광역시 중구 동성로3길 106 (공평동 4층),,35.86998308,128.5987931,의료폐기물,,,,124,2021,대구광역시 중구청,053-661-2725,2026-06-08,3410000,대구광역시 중구
박준식 이비인후과 의원,대구광역시 중구 동덕로 141 (삼덕동2가 분홍빛으로병원 2층),,35.86718105,128.6033983,의료폐기물,,,,55,2015,대구광역시 중구청,053-661-2725,2026-06-08,3410000,대구광역시 중구
고철우클리닉의원,대구광역시 중구 중앙대로 359 (남산동 반월당메티칼오피스타워 9층),,35.86509162,128.5927746,의료폐기물,,,,127,2021,대구광역시 중구청,053-661-2725,2026-06-08,3410000,대구광역시 중구
이룸비뇨의학과의원,대구광역시 중구 달구벌대로 2105 (덕산동 대구은행 반월당지점 2층),,35.8657921,128.5940771,의료폐기물,,,,4799,2021,대구광역시 중구청,053-661-2725,2026-06-08,3410000,대구광역시 중구
헤이븐의원,대구광역시 중구 동성로 36 (동성로2가 4층),,35.87014104,128.5958191,의료폐기물,,,,217,2017,대구광역시 중구청,053-661-2725,2026-06-08,3410000,대구광역시 중구
팜치과의원 대구점,대구광역시 중구 달구벌대로 2135 (봉산동 3층),,35.86509767,128.5972181,의료폐기물,,,,464,2023,대구광역시 중구청,053-661-2725,2026-06-08,3410000,대구광역시 중구
브이성형외과의원,대구광역시 중구 공평로10길 18 (삼덕동2가 4층&5층&7층),,35.86778598,128.6008446,의료폐기물,,,,4718,2011,대구광역시 중구청,053-661-2725,2026-06-08,3410000,대구광역시 중구
닥터조제통외과의원,대구광역시 중구 중앙대로 359 (남산동 반월당메티칼오피스타워 11층),,35.86509162,128.5927746,의료폐기물,,,,449,2011,대구광역시 중구청,053-661-2725,2026-06-08,3410000,대구광역시 중구
윤당내과의원,대구광역시 중구 동덕로 75 (대봉동 2층),,35.86145717,128.6032567,의료폐기물,,,,59,2016,대구광역시 중구청,053-661-2725,2026-06-08,3410000,대구광역시 중구
상상의원,대구광역시 중구 동성로 39 (동성로2가 씨네시티한일 1314층),,35.87048971,128.5953769,의료폐기물,,,,1851,2020,대구광역시 중구청,053-661-2725,2026-06-08,3410000,대구광역시 중구
척탑병원,대구광역시 중구 달구벌대로 1999 (동산동 6층),,35.8654569,128.5827018,의료폐기물,,,,27225,2013,대구광역시 중구청,053-661-2725,2026-06-08,3410000,대구광역시 중구
글래드성형외과,대구광역시 중구 국채보상로 630 (공평동 메트로타워 6층 601~604호),,35.86996785,128.5994567,의료폐기물,,,,327,2019,대구광역시 중구청,053-661-2725,2026-06-08,3410000,대구광역시 중구
바른연합정형외과의원,대구광역시 중구 달구벌대로 1988-3 (남산동 1층일부 6층7층),,35.86420934,128.5816562,의료폐기물,,,,298,2017,대구광역시 중구청,053-661-2725,2026-06-08,3410000,대구광역시 중구
브라이트치과교정과치과의원,대구광역시 중구 달구벌대로 2188 (대봉동 4층),,35.86286557,128.6024389,의료폐기물,,,,124,2023,대구광역시 중구청,053-661-2725,2026-06-08,3410000,대구광역시 중구
서울니어치과의원,대구광역시 중구 달구벌대로 2095 (덕산동 삼성생명 4층),,35.86631838,128.5927988,의료폐기물,,,,1061,2021,대구광역시 중구청,053-661-2725,2026-06-08,3410000,대구광역시 중구
메디하트내과,대구광역시 중구 달구벌대로 2143 (삼덕동1가 3층),,35.86494646,128.5982072,의료폐기물,,,,22,2007,대구광역시 중구청,053-661-2725,2026-06-08,3410000,대구광역시 중구
와이레이디여성의원,대구광역시 중구 공평로8길 11-1 (삼덕동2가 2층),,35.86719476,128.6007082,의료폐기물,,,,627,2021,대구광역시 중구청,053-661-2725,2026-06-08,3410000,대구광역시 중구
준 성형외과,대구광역시 중구 동성로6길 16 (공평동 3층),,35.86887847,128.5961769,의료폐기물,,,,71,2016,대구광역시 중구청,053-661-2725,2026-06-08,3410000,대구광역시 중구
루백외과의원,대구광역시 중구 동덕로 106-4 (삼덕동2가 8층),,35.86400974,128.603097,의료폐기물,,,,698,2024,대구광역시 중구청,053-661-2725,2026-06-08,3410000,대구광역시 중구
미라클여성의원,대구광역시 중구 태평로 160 (북성로1가 대구스테이션센터 4층),,35.87470717,128.5952666,의료폐기물,,,,27345,2023,대구광역시 중구청,053-661-2725,2026-06-08,3410000,대구광역시 중구
메이린의원,대구광역시 중구 달구벌대로 2077 (계산동2가 현대백화점 6층),,35.8666296,128.5906257,의료폐기물,,,,598,2022,대구광역시 중구청,053-661-2725,2026-06-08,3410000,대구광역시 중구
마음으로치과의원,대구광역시 중구 공평로 16 (삼덕동2가 4층),,35.86537886,128.6001679,의료폐기물,,,,418,2014,대구광역시 중구청,053-661-2725,2026-06-08,3410000,대구광역시 중구
(주)글로벌표준인증원,대구광역시 중구 태평로 160 (북성로1가 대구스테이션센터 3층),,35.87470717,128.5952666,의료폐기물,,,,84,2023,대구광역시 중구청,053-661-2725,2026-06-08,3410000,대구광역시 중구
김앤김치과의원,대구광역시 중구 명륜로23길 111 (남산동 소암빌딩),,35.8648475,128.5944653,의료폐기물,,,,190,2009,대구광역시 중구청,053-661-2725,2026-06-08,3410000,대구광역시 중구
티아라의원,대구광역시 중구 동성로5길 26 (삼덕동1가 701호),,35.86755287,128.5959211,의료폐기물,,,,207,2011,대구광역시 중구청,053-661-2725,2026-06-08,3410000,대구광역시 중구
우리연합신경외과의원,대구광역시 중구 태평로 13 (달성동),,35.87823466,128.5795182,의료폐기물,,,,27,2024,대구광역시 중구청,053-661-2725,2026-06-08,3410000,대구광역시 중구
홍정수성형외과의원,대구광역시 중구 국채보상로 630 (공평동 메트로타워 503호),,35.86996785,128.5994567,의료폐기물,,,,13,2008,대구광역시 중구청,053-661-2725,2026-06-08,3410000,대구광역시 중구
서울하정외과,대구광역시 중구 달구벌대로 2094 (남산동 6층 601호),,35.8652832,128.5925911,의료폐기물,,,,294,2013,대구광역시 중구청,053-661-2725,2026-06-08,3410000,대구광역시 중구
경대에스디의원,대구광역시 중구 달구벌대로 2207 (삼덕동2가 8층),,35.86307079,128.6047451,의료폐기물,,,,161,2021,대구광역시 중구청,053-661-2725,2026-06-08,3410000,대구광역시 중구
가가성형외과의원,대구광역시 중구 동성로1길 38 (봉산동 3층),,35.86612262,128.5954427,의료폐기물,,,,102,2008,대구광역시 중구청,053-661-2725,2026-06-08,3410000,대구광역시 중구
더바디2.0의원,대구광역시 중구 달구벌대로 2155 (삼덕동1가 4층),,35.86429129,128.5992325,의료폐기물,,,,119,2014,대구광역시 중구청,053-661-2725,2026-06-08,3410000,대구광역시 중구
스타s피부과,대구광역시 중구 중앙대로 366 (덕산동 15층 1501&1502&1503호),,35.86611701,128.593836,의료폐기물,,,,128,2011,대구광역시 중구청,053-661-2725,2026-06-08,3410000,대구광역시 중구
누네안과병원,대구광역시 중구 달구벌대로 2179 (삼덕동2가 2~6층),,35.86374995,128.6019258,의료폐기물,,,,11664,2018,대구광역시 중구청,053-661-2725,2026-06-08,3410000,대구광역시 중구
배세복치과의원,대구광역시 중구 중앙대로 360 (남산동),,35.86487044,128.5938304,의료폐기물,,,,507,2008,대구광역시 중구청,053-661-2725,2026-06-08,3410000,대구광역시 중구
리즈치과의원,대구광역시 중구 동성로1길 81 (삼덕동1가),,35.86519425,128.597654,의료폐기물,,,,473,2005,대구광역시 중구청,053-661-2725,2026-06-08,3410000,대구광역시 중구
미드림 치과의원,대구광역시 중구 달구벌대로 2199 (삼덕동2가),,35.86322062,128.6039109,의료폐기물,,,,214,2005,대구광역시 중구청,053-661-2725,2026-06-08,3410000,대구광역시 중구
명진치과의원,대구광역시 중구 중앙대로 354 (남산동),,35.8645835,128.5936615,의료폐기물,,,,1774,2007,대구광역시 중구청,053-661-2725,2026-06-08,3410000,대구광역시 중구
에필성형외과의원,대구광역시 중구 달구벌대로 2111 (덕산동),,35.86556358,128.5947622,의료폐기물,,,,149,2011,대구광역시 중구청,053-661-2725,2026-06-08,3410000,대구광역시 중구
큰나래연합외과의원,대구광역시 중구 달성로 37 (대신동),,35.86846404,128.5818726,의료폐기물,,,,592,2006,대구광역시 중구청,053-661-2725,2026-06-08,3410000,대구광역시 중구
리메이드의원,대구광역시 중구 달구벌대로 2163 (삼덕동2가),,35.86404434,128.5999659,의료폐기물,,,,181,2012,대구광역시 중구청,053-661-2725,2026-06-08,3410000,대구광역시 중구
박우용외과의원,대구광역시 중구 태평로 287 (동인동3가),,35.87323009,128.6086317,의료폐기물,,,,49,2008,대구광역시 중구청,053-661-2725,2026-06-08,3410000,대구광역시 중구
파르베의원,대구광역시 중구 중앙대로 413-1 (남일동),,35.87009229,128.5934775,의료폐기물,,,,978,2006,대구광역시 중구청,053-661-2725,2026-06-08,3410000,대구광역시 중구
라파엘병원,대구광역시 중구 중앙대로 303 (남산동),,35.86044465,128.5918052,의료폐기물,,,,12132,2013,대구광역시 중구청,053-661-2725,2026-06-08,3410000,대구광역시 중구
고운美피부과,대구광역시 중구 달구벌대로 2127 (봉산동),,35.86532785,128.5965724,의료폐기물,,,,216,2008,대구광역시 중구청,053-661-2725,2026-06-08,3410000,대구광역시 중구
클레오여성의원,대구광역시 중구 중앙대로 360 (남산동),,35.86487044,128.5938304,의료폐기물,,,,101,2004,대구광역시 중구청,053-661-2725,2026-06-08,3410000,대구광역시 중구
파파스남성의원,대구광역시 중구 동덕로 91 (대봉동),,35.86268222,128.6026255,의료폐기물,,,,991,2011,대구광역시 중구청,053-661-2725,2026-06-08,3410000,대구광역시 중구
푸른미래내과,대구광역시 중구 명륜로23길 111 (남산동),,35.8648475,128.5944653,의료폐기물,,,,258,2008,대구광역시 중구청,053-661-2725,2026-06-08,3410000,대구광역시 중구
유앤미 치과의원,대구광역시 중구 중앙대로 352 (남산동),,35.86440207,128.5936439,의료폐기물,,,,623,2006,대구광역시 중구청,053-661-2725,2026-06-08,3410000,대구광역시 중구
으뜸병원,대구광역시 중구 국채보상로 536 (수동 대신증권),,35.87006166,128.5893556,의료폐기물,,,,16296,2016,대구광역시 중구청,053-661-2725,2026-06-08,3410000,대구광역시 중구
오블리제성형외과의원,대구광역시 중구 동성로1길 77 (삼덕동1가 동서빌딩23층)),,35.86531052,128.5974419,의료폐기물,,,,60,2014,대구광역시 중구청,053-661-2725,2026-06-08,3410000,대구광역시 중구
세원치과의원,대구광역시 중구 달구벌대로 1975 (대신동),,35.86541167,128.5792375,의료폐기물,,,,67,2008,대구광역시 중구청,053-661-2725,2026-06-08,3410000,대구광역시 중구
김정식영상의학과의원,대구광역시 중구 달구벌대로 2181 (삼덕동2가),,35.86363609,128.6021452,의료폐기물,,,,12,2008,대구광역시 중구청,053-661-2725,2026-06-08,3410000,대구광역시 중구
한빛안과의원,대구광역시 중구 달구벌대로 2109  (덕산동),,35.86567325,128.5946258,의료폐기물,,,,79,2005,대구광역시 중구청,053-661-2725,2026-06-08,3410000,대구광역시 중구
더로즈성형외과의원,대구광역시 중구 동성로6길 2-23  (삼덕동1가),,35.86803711,128.5955301,의료폐기물,,,,60,2008,대구광역시 중구청,053-661-2725,2026-06-08,3410000,대구광역시 중구
미치과교정치과의원,대구광역시 중구 달구벌대로 2230 (대봉동),,35.86201447,128.6069967,의료폐기물,,,,79,2003,대구광역시 중구청,053-661-2725,2026-06-08,3410000,대구광역시 중구
조동규내과의원,대구광역시 중구 달구벌대로 2191 (삼덕동2가소석문화센타 5층),,35.86357738,128.6030873,의료폐기물,,,,155,2006,대구광역시 중구청,053-661-2725,2026-06-08,3410000,대구광역시 중구
박창석치과의원,대구광역시 중구 중앙대로 333 (남산동),,35.86289517,128.5928698,의료폐기물,,,,72,2003,대구광역시 중구청,053-661-2725,2026-06-08,3410000,대구광역시 중구
탑여성앤탑성형외과의원,대구광역시 중구 달구벌대로 2210 (대봉동),,35.86237391,128.604680,의료폐기물,,,,486,2005,대구광역시 중구청,053-661-2725,2026-06-08,3410000,대구광역시 중구
중앙이비인후과,대구광역시 중구 달구벌대로 2191  (삼덕동2가소석문화센터 7층),,35.86357738,128.6030873,의료폐기물,,,,474,2008,대구광역시 중구청,053-661-2725,2026-06-08,3410000,대구광역시 중구
참조은치과의원,대구광역시 중구 명덕로 59 (남산동2층),,35.85905563,128.5775149,의료폐기물,,,,66,2003,대구광역시 중구청,053-661-2725,2026-06-08,3410000,대구광역시 중구
김해동치과의원,대구광역시 중구 달구벌대로 2143 (삼덕동1가),,35.86494646,128.5982072,의료폐기물,,,,111,2008,대구광역시 중구청,053-661-2725,2026-06-08,3410000,대구광역시 중구
필라인의원,대구광역시 중구 동성로5길 31 (삼덕동1가),,35.86787674,128.5962738,의료폐기물,,,,190,2014,대구광역시 중구청,053-661-2725,2026-06-08,3410000,대구광역시 중구
퀸성형외과의원,대구광역시 중구 동성로6길 22 (공평동),,35.86881747,128.596563,의료폐기물,,,,39,2004,대구광역시 중구청,053-661-2725,2026-06-08,3410000,대구광역시 중구
스마일치과의원,대구광역시 중구 남산로 83-1 (남산동),,35.86398821,128.5820798,의료폐기물,,,,250,2015,대구광역시 중구청,053-661-2725,2026-06-08,3410000,대구광역시 중구
대명이비인후과의원,대구광역시 중구 명덕로 63-1 (남산동),,35.85874868,128.5779213,의료폐기물,,,,38,2008,대구광역시 중구청,053-661-2725,2026-06-08,3410000,대구광역시 중구
예인치과의원,대구광역시 중구 동성로2길 83 (동성로2가),,35.86973646,128.5969896,의료폐기물,,,,104,2003,대구광역시 중구청,053-661-2725,2026-06-08,3410000,대구광역시 중구
안기영성형외과,대구광역시 중구 동성로3길 11  (봉산동),,35.8659239,128.5972474,의료폐기물,,,,19,2006,대구광역시 중구청,053-661-2725,2026-06-08,3410000,대구광역시 중구
이동훈성형외과의원,대구광역시 중구 동성로 26  (동성로2가),,35.86902346,128.5953837,의료폐기물,,,,24,2008,대구광역시 중구청,053-661-2725,2026-06-08,3410000,대구광역시 중구
뷰티라인치과의원,대구광역시 중구 달구벌대로 2078 (남산동),,35.86563793,128.5908743,의료폐기물,,,,255,2009,대구광역시 중구청,053-661-2725,2026-06-08,3410000,대구광역시 중구
김앤정류마내과,대구광역시 중구 달구벌대로 2126 (봉산동대성빌딩 4층),,35.86467561,128.5960158,의료폐기물,,,,800,2006,대구광역시 중구청,053-661-2725,2026-06-08,3410000,대구광역시 중구
분홍빛으로병원,대구광역시 중구 동덕로 141 (삼덕동2가),,35.86718105,128.6033983,의료폐기물,,,,2494,2008,대구광역시 중구청,053-661-2725,2026-06-08,3410000,대구광역시 중구
이가치과의원,대구광역시 중구 동성로 39 (동성로2가),,35.87048971,128.5953769,의료폐기물,,,,246,2015,대구광역시 중구청,053-661-2725,2026-06-08,3410000,대구광역시 중구
홍성주성형외과의원,대구광역시 중구 동성로6길 12 (동성로2가),,35.86893902,128.5960152,의료폐기물,,,,102,2008,대구광역시 중구청,053-661-2725,2026-06-08,3410000,대구광역시 중구
뮤즈의원,대구광역시 중구 달구벌대로 2109 (덕산동 교원구몬빌딩4층),,35.86567325,128.5946258,의료폐기물,,,,29,2013,대구광역시 중구청,053-661-2725,2026-06-08,3410000,대구광역시 중구
요셉신경외과의원,대구광역시 중구 동덕로 91 (대봉동),,35.86268222,128.6026255,의료폐기물,,,,273,2012,대구광역시 중구청,053-661-2725,2026-06-08,3410000,대구광역시 중구
자연미인성형외과의원,대구광역시 중구 달구벌대로 2126 (봉산동),,35.86467561,128.5960158,의료폐기물,,,,330,2007,대구광역시 중구청,053-661-2725,2026-06-08,3410000,대구광역시 중구
비에스치과교정과치과의원,대구광역시 중구 중앙대로 359 (남산동),,35.86509162,128.5927746,의료폐기물,,,,771,2007,대구광역시 중구청,053-661-2725,2026-06-08,3410000,대구광역시 중구
신세계연합의원,대구광역시 중구 달구벌대로 2143 (삼덕동1가),,35.86494646,128.5982072,의료폐기물,,,,123,2007,대구광역시 중구청,053-661-2725,2026-06-08,3410000,대구광역시 중구
티나성형외과,대구광역시 중구 동성로3길 106 (공평동),,35.86998308,128.5987931,의료폐기물,,,,265,2020,대구광역시 중구청,053-661-2725,2026-06-08,3410000,대구광역시 중구
김은진산부인과,대구광역시 중구 달구벌대로 2120 (봉산동),,35.86486168,128.595427,의료폐기물,,,,102,2005,대구광역시 중구청,053-661-2725,2026-06-08,3410000,대구광역시 중구
진이비인후과의원,대구광역시 중구 중앙대로 360 (남산동),,35.86487044,128.5938304,의료폐기물,,,,81,2005,대구광역시 중구청,053-661-2725,2026-06-08,3410000,대구광역시 중구
김일동치과의원,대구광역시 중구 동덕로 49 (대봉동),,35.85946243,128.6042397,의료폐기물,,,,86,2004,대구광역시 중구청,053-661-2725,2026-06-08,3410000,대구광역시 중구
박의현 구심내과의원,대구광역시 중구 달구벌대로 2208  (대봉동),,35.86253307,128.6045166,의료폐기물,,,,11,2010,대구광역시 중구청,053-661-2725,2026-06-08,3410000,대구광역시 중구
건강제일내과의원,대구광역시 중구 달구벌대로 1993  (대신동),,35.86506213,128.5819477,의료폐기물,,,,84,2011,대구광역시 중구청,053-661-2725,2026-06-08,3410000,대구광역시 중구
남산병원,대구광역시 중구 남산로13길 9 (남산동),,35.86146152,128.5819066,의료폐기물,,,,7587,2006,대구광역시 중구청,053-661-2725,2026-06-08,3410000,대구광역시 중구
굿맨비뇨기과의원,대구광역시 중구 달구벌대로 2191 (삼덕동2가 소석문화센터),,35.86357738,128.6030873,의료폐기물,,,,162,2016,대구광역시 중구청,053-661-2725,2026-06-08,3410000,대구광역시 중구
유안과,대구광역시 중구 국채보상로 540  (상서동),,35.87012017,128.5896464,의료폐기물,,,,26,2011,대구광역시 중구청,053-661-2725,2026-06-08,3410000,대구광역시 중구
유스마일치과의원,대구광역시 중구 달구벌대로 2076 (남산동),,35.86569582,128.5906544,의료폐기물,,,,76,2013,대구광역시 중구청,053-661-2725,2026-06-08,3410000,대구광역시 중구
김진영유외과,대구광역시 중구 달구벌대로 2126 (봉산동),,35.86467561,128.5960158,의료폐기물,,,,45,2010,대구광역시 중구청,053-661-2725,2026-06-08,3410000,대구광역시 중구
임재양외과의원,대구광역시 중구 달구벌대로445길 21 (삼덕동3가),,35.86361334,128.6062983,의료폐기물,,,,14,2012,대구광역시 중구청,053-661-2725,2026-06-08,3410000,대구광역시 중구
정수광비뇨기과의원,대구광역시 중구 달성로 95 (달성동),,35.87372984,128.5819029,의료폐기물,,,,75,2011,대구광역시 중구청,053-661-2725,2026-06-08,3410000,대구광역시 중구
마이닥터하우스의원,대구광역시 중구 중앙대로 415 (남일동),,35.87019761,128.5935543,의료폐기물,,,,14,2010,대구광역시 중구청,053-661-2725,2026-06-08,3410000,대구광역시 중구
미소가있는치과의원,대구광역시 중구 달구벌대로 2095 (덕산동),,35.86631838,128.5927988,의료폐기물,,,,80,2008,대구광역시 중구청,053-661-2725,2026-06-08,3410000,대구광역시 중구
금백치과의원,대구광역시 중구 대봉로 257 (봉산동),,35.86155887,128.6001104,의료폐기물,,,,119,2008,대구광역시 중구청,053-661-2725,2026-06-08,3410000,대구광역시 중구
한영안과,대구광역시 중구 국채보상로 542  (상서동),,35.87007074,128.590072,의료폐기물,,,,70,2011,대구광역시 중구청,053-661-2725,2026-06-08,3410000,대구광역시 중구
닥터오성형외과의원,대구광역시 중구 동성로6길 2-19 (삼덕동1가 2층3층),,35.86813443,128.5955643,의료폐기물,,,,98,2009,대구광역시 중구청,053-661-2725,2026-06-08,3410000,대구광역시 중구
서정희피부과의원,대구광역시 중구 달구벌대로 2208 (대봉동),,35.86253307,128.6045166,의료폐기물,,,,8,2010,대구광역시 중구청,053-661-2725,2026-06-08,3410000,대구광역시 중구
애플 산부인과 의원,대구광역시 중구 동성로 25 (사일동 3층 영스퀘어),,35.86938789,128.5950849,의료폐기물,,,,605,2015,대구광역시 중구청,053-661-2725,2026-06-08,3410000,대구광역시 중구
경대연합이비인후과의원,대구광역시 중구 달구벌대로 2188 (대봉동),,35.86286557,128.6024389,의료폐기물,,,,204,2022,대구광역시 중구청,053-661-2725,2026-06-08,3410000,대구광역시 중구
김재연박동옥치과의원,대구광역시 중구 국채보상로 540-2 (상서동),,35.87019412,128.5898805,의료폐기물,,,,72,2003,대구광역시 중구청,053-661-2725,2026-06-08,3410000,대구광역시 중구
신피부과의원,대구광역시 중구 국채보상로 632 (공평동),,35.86992738,128.5997617,의료폐기물,,,,217,2003,대구광역시 중구청,053-661-2725,2026-06-08,3410000,대구광역시 중구
의미심장내과,대구광역시 중구 달구벌대로 2163 (삼덕동2가),,35.86404434,128.5999659,의료폐기물,,,,12,2014,대구광역시 중구청,053-661-2725,2026-06-08,3410000,대구광역시 중구
엠에스(MS)재건병원,대구광역시 중구 동덕로 194 (동인동1가 동화빌딩),,35.87187803,128.604892,의료폐기물,,,,50800,2017,대구광역시 중구청,053-661-2725,2026-06-08,3410000,대구광역시 중구
나종헌치과의원,대구광역시 중구 국채보상로 694 (동인동2가),,35.86874872,128.6063215,의료폐기물,,,,68,2008,대구광역시 중구청,053-661-2725,2026-06-08,3410000,대구광역시 중구
미도의원,대구광역시 중구 동성로5길 63 (삼덕동1가),,35.8674646,128.5981135,의료폐기물,,,,268,2012,대구광역시 중구청,053-661-2725,2026-06-08,3410000,대구광역시 중구
유니나치과,대구광역시 중구 달구벌대로 1988-3 (남산동),,35.86420934,128.5816562,의료폐기물,,,,256,2016,대구광역시 중구청,053-661-2725,2026-06-08,3410000,대구광역시 중구
종로치과의원,대구광역시 중구 종로 56 (종로1가),,35.87085498,128.5912375,의료폐기물,,,,63,2008,대구광역시 중구청,053-661-2725,2026-06-08,3410000,대구광역시 중구
부강연합외과의원,대구광역시 중구 국채보상로 716 (동인동4가),,35.86839961,128.608867,의료폐기물,,,,3533,2004,대구광역시 중구청,053-661-2725,2026-06-08,3410000,대구광역시 중구
아세아신경외과,대구광역시 중구 국채보상로 542  (상서동),,35.87007074,128.590072,의료폐기물,,,,26,2011,대구광역시 중구청,053-661-2725,2026-06-08,3410000,대구광역시 중구
신남미래연합신경정형외과,대구광역시 중구 달구벌대로 1992 (남산동),,35.86444051,128.5821063,의료폐기물,,,,400,2009,대구광역시 중구청,053-661-2725,2026-06-08,3410000,대구광역시 중구
닥터스마일치과의원,대구광역시 중구 달구벌대로 2198 (대봉동),,35.86268003,128.6034988,의료폐기물,,,,124,2013,대구광역시 중구청,053-661-2725,2026-06-08,3410000,대구광역시 중구
경북대학교 실험동물자원관리센터,대구광역시 중구 국채보상로 680 (동인동2가),,35.86783816,128.6040529,의료폐기물,,,,5931,2010,대구광역시 중구청,053-661-2725,2026-06-08,3410000,대구광역시 중구
경북이비인후과의원,대구광역시 중구 국채보상로 548  (상서동),,35.87029611,128.5905758,의료폐기물,,,,41,2011,대구광역시 중구청,053-661-2725,2026-06-08,3410000,대구광역시 중구
센트럴내과,대구광역시 중구 서성로 96 (수창동),,35.87522634,128.5881119,의료폐기물,,,,857,2021,대구광역시 중구청,053-661-2725,2026-06-08,3410000,대구광역시 중구
서문치과의원,대구광역시 중구 국채보상로 468 (대신동),,35.87032763,128.5819192,의료폐기물,,,,76,2008,대구광역시 중구청,053-661-2725,2026-06-08,3410000,대구광역시 중구
닥터김노인요양센터,대구광역시 중구 태평로 304 (동인동3가),,35.87317266,128.6105837,의료폐기물,,,,120,2013,대구광역시 중구청,053-661-2725,2026-06-08,3410000,대구광역시 중구
삼성안과의원,대구광역시 중구 공평로 20 (삼덕동2가),,35.865731,128.6002371,의료폐기물,,,,492,2008,대구광역시 중구청,053-661-2725,2026-06-08,3410000,대구광역시 중구
웰비뇨기과의원,대구광역시 중구 달구벌대로 1993 (대신동),,35.86506213,128.5819477,의료폐기물,,,,84,2008,대구광역시 중구청,053-661-2725,2026-06-08,3410000,대구광역시 중구
연세수치과의원,대구광역시 중구 국채보상로 606 (문화동),,35.87045842,128.5969582,의료폐기물,,,,68,2008,대구광역시 중구청,053-661-2725,2026-06-08,3410000,대구광역시 중구
하승우내과의원,대구광역시 중구 달구벌대로 2212 (대봉동),,35.86240826,128.6050093,의료폐기물,,,,28,2004,대구광역시 중구청,053-661-2725,2026-06-08,3410000,대구광역시 중구
블리비의원,대구광역시 중구 중앙대로 403 (남일동),,35.86907306,128.5932969,의료폐기물,,,,847,2022,대구광역시 중구청,053-661-2725,2026-06-08,3410000,대구광역시 중구
남산경대의원,대구광역시 중구 남산로3길 52 (남산동),,35.86091445,128.5776368,의료폐기물,,,,141,2016,대구광역시 중구청,053-661-2725,2026-06-08,3410000,대구광역시 중구
동성로 김앤송 성형외과,대구광역시 중구 동성로5길 26 (삼덕동1가),,35.86755287,128.5959211,의료폐기물,,,,49,2006,대구광역시 중구청,053-661-2725,2026-06-08,3410000,대구광역시 중구
동서치과교정과치과의원,대구광역시 중구 동성로1길 77 (삼덕동1가),,35.86531052,128.5974419,의료폐기물,,,,115,2008,대구광역시 중구청,053-661-2725,2026-06-08,3410000,대구광역시 중구
서문미의원,대구광역시 중구 달성로 37 (대신동 계성빌딩3층),,35.86846404,128.5818726,의료폐기물,,,,60,2015,대구광역시 중구청,053-661-2725,2026-06-08,3410000,대구광역시 중구
김영준치과의원,대구광역시 중구 남산로 83 (남산동),,35.86411604,128.5821381,의료폐기물,,,,182,2008,대구광역시 중구청,053-661-2725,2026-06-08,3410000,대구광역시 중구
미사랑치과의원,대구광역시 중구 중앙대로 372 (덕산동),,35.86632737,128.5936837,의료폐기물,,,,137,2006,대구광역시 중구청,053-661-2725,2026-06-08,3410000,대구광역시 중구
우리들병원,대구광역시 중구 국채보상로 648 (동성로2가),,35.86935562,128.6011875,의료폐기물,,,,31553,2007,대구광역시 중구청,053-661-2725,2026-06-08,3410000,대구광역시 중구
영남의원,대구광역시 중구 국채보상로 726-1 (동인동4가),,35.86838244,128.6100478,의료폐기물,,,,84,2007,대구광역시 중구청,053-661-2725,2026-06-08,3410000,대구광역시 중구
수성형외과의원,대구광역시 중구 동성로6길 2-1 (동성로2가),,35.86899411,128.5956467,의료폐기물,,,,57,2003,대구광역시 중구청,053-661-2725,2026-06-08,3410000,대구광역시 중구
성치과의원,대구광역시 중구 명덕로 173 (남산동),,35.85703678,128.5891242,의료폐기물,,,,68,2003,대구광역시 중구청,053-661-2725,2026-06-08,3410000,대구광역시 중구
청담스타일성형외과,대구광역시 중구 동성로1길 29-32 (삼덕동1가),,35.86728967,128.5955664,의료폐기물,,,,295,2019,대구광역시 중구청,053-661-2725,2026-06-08,3410000,대구광역시 중구
김성조성형외과의원,대구광역시 중구 국채보상로 550  (상서동),,35.87037842,128.5908589,의료폐기물,,,,28,2011,대구광역시 중구청,053-661-2725,2026-06-08,3410000,대구광역시 중구
김경택성형외과,대구광역시 중구 동성로6길 32 (공평동 3층),,35.86869984,128.597067,의료폐기물,,,,127,2007,대구광역시 중구청,053-661-2725,2026-06-08,3410000,대구광역시 중구
에스엠영상의학과의원,대구광역시 중구 공평로 16 (삼덕동2가 5-13층),,35.86537886,128.6001679,의료폐기물,,,,20598,2005,대구광역시 중구청,053-661-2725,2026-06-08,3410000,대구광역시 중구
화이트의원,대구광역시 중구 동성로3길 20 (삼덕동1가 3층 314-321호),,35.86623249,128.5977802,의료폐기물,,,,111,2016,대구광역시 중구청,053-661-2725,2026-06-08,3410000,대구광역시 중구
로제피부과의원,대구광역시 중구 달구벌대로 2126 (봉산동 미래에셋증권),,35.86467561,128.5960158,의료폐기물,,,,349,2006,대구광역시 중구청,053-661-2725,2026-06-08,3410000,대구광역시 중구
더리즈의원,대구광역시 중구 공평로 20 (삼덕동2가 삼성빌딩 7층),,35.865731,128.6002371,의료폐기물,,,,254,2021,대구광역시 중구청,053-661-2725,2026-06-08,3410000,대구광역시 중구
몸편한재활의학과의원,대구광역시 중구 명덕로 67 (남산동 1층),,35.85872416,128.5784499,의료폐기물,,,,296,2023,대구광역시 중구청,053-661-2725,2026-06-08,3410000,대구광역시 중구
키(key)성형외과,대구광역시 중구 동성로5길 31 (삼덕동1가 3층),,35.86787674,128.5962738,의료폐기물,,,,215,2022,대구광역시 중구청,053-661-2725,2026-06-08,3410000,대구광역시 중구
더맑은이비인후과의원,대구광역시 중구 달성로 123 (달성동 달성파크푸르지오힐스테이트 504동 201&202호),,35.87679712,128.5803924,의료폐기물,,,,120,2024,대구광역시 중구청,053-661-2725,2026-06-08,3410000,대구광역시 중구
대구중부소방서,대구광역시 중구 달구벌대로 1926 (남산동 대구중부소방서),,35.86257857,128.5752422,의료폐기물,,,,1743,2022,대구광역시 중구청,053-661-2725,2026-06-08,3410000,대구광역시 중구
트루맨 남성의원,대구광역시 중구 달구벌대로 2126 (봉산동 미래에셋증권 8층),,35.86467561,128.5960158,의료폐기물,,,,216,2016,대구광역시 중구청,053-661-2725,2026-06-08,3410000,대구광역시 중구
현풍제일에스의원,대구광역시 중구 이천로 237 (봉산동 13층),,35.86231283,128.5990228,의료폐기물,,,,161,2015,대구광역시 중구청,053-661-2725,2026-06-08,3410000,대구광역시 중구
연세에스비뇨의학과의원,대구광역시 중구 달구벌대로 2202 (대봉동 대봉빌딩 3층),,35.86260953,128.6040205,의료폐기물,,,,226,2007,대구광역시 중구청,053-661-2725,2026-06-08,3410000,대구광역시 중구
이지동안의원,대구광역시 중구 달구벌대로 2149 (삼덕동1가 반월타워 3층),,35.86458533,128.5989348,의료폐기물,,,,116,2016,대구광역시 중구청,053-661-2725,2026-06-08,3410000,대구광역시 중구
남산치과의원,대구광역시 중구 남산로7길 7 (남산동 남산역화성파크드림아파트 302동 207&208호),,35.85868965,128.5823261,의료폐기물,,,,127,2018,대구광역시 중구청,053-661-2725,2026-06-08,3410000,대구광역시 중구
황승욱K유외과,대구광역시 중구 달구벌대로 2210 (대봉동 호박빌딩 8층),,35.86237391,128.604680,의료폐기물,,,,19,2016,대구광역시 중구청,053-661-2725,2026-06-08,3410000,대구광역시 중구
지니소아청소년과 의원,대구광역시 중구 달구벌대로 1955 (대신동 대신센트럴자이 3층 301&302호),,35.86386652,128.5777187,의료폐기물,,,,34,2017,대구광역시 중구청,053-661-2725,2026-06-08,3410000,대구광역시 중구
앙뜨레21성형외과,대구광역시 중구 달구벌대로 2094 (남산동 8층 801호),,35.8652832,128.5925911,의료폐기물,,,,180,2016,대구광역시 중구청,053-661-2725,2026-06-08,3410000,대구광역시 중구
지수치과교정과치과의원,대구광역시 중구 국채보상로 622 (공평동 7층),,35.87014016,128.5987314,의료폐기물,,,,284,2019,대구광역시 중구청,053-661-2725,2026-06-08,3410000,대구광역시 중구
폼의원,대구광역시 중구 달구벌대로 2141 (삼덕동1가 3층),,35.86502761,128.5980409,의료폐기물,,,,127,2017,대구광역시 중구청,053-661-2725,2026-06-08,3410000,대구광역시 중구
모생외과의원,대구광역시 중구 국채보상로 717 (동인동4가 2층),,35.86890362,128.6090891,의료폐기물,,,,66,2008,대구광역시 중구청,053-661-2725,2026-06-08,3410000,대구광역시 중구
남문비뇨기과의원,대구광역시 중구 중앙대로 307 (남산동 2층),,35.86074762,128.5921654,의료폐기물,,,,34,2004,대구광역시 중구청,053-661-2725,2026-06-08,3410000,대구광역시 중구
경대연합엠플랜의원,대구광역시 중구 중앙대로 359 (남산동 반월당메티칼오피스타워 7층),,35.86509162,128.5927746,의료폐기물,,,,112,2021,대구광역시 중구청,053-661-2725,2026-06-08,3410000,대구광역시 중구
나의계절의원,대구광역시 중구 명륜로23길 106 (봉산동 반월당 클래시아2차 502&503호),,35.86472997,128.5948678,의료폐기물,,,,311,2020,대구광역시 중구청,053-661-2725,2026-06-08,3410000,대구광역시 중구
닥터튠즈의원,대구광역시 중구 중앙대로 366 (덕산동 103&104&401&402호),,35.86611701,128.593836,의료폐기물,,,,510,2018,대구광역시 중구청,053-661-2725,2026-06-08,3410000,대구광역시 중구
청라맑은비뇨의학과의원,대구광역시 중구 달구벌대로 1988-3 (남산동 5층),,35.86420934,128.5816562,의료폐기물,,,,424,2022,대구광역시 중구청,053-661-2725,2026-06-08,3410000,대구광역시 중구
반월당플러스간호학원,대구광역시 중구 달구벌대로 2105 (덕산동 대구은행 반월당지점 9층),,35.8657921,128.5940771,의료폐기물,,,,18,2016,대구광역시 중구청,053-661-2725,2026-06-08,3410000,대구광역시 중구
하프의원,대구광역시 중구 동성로 25 (사일동 영스퀘어 6층),,35.86938789,128.5950849,의료폐기물,,,,783,2024,대구광역시 중구청,053-661-2725,2026-06-08,3410000,대구광역시 중구
베러미의원,대구광역시 중구 동성로 17 (동성로2가 대암빌딩 5층),,35.86859497,128.5945623,의료폐기물,,,,101,2024,대구광역시 중구청,053-661-2725,2026-06-08,3410000,대구광역시 중구
대구자생한방병원,대구광역시 중구 달구벌대로 2033 (동산동 엘디스리젠트호텔 6~10층),,35.8665443,128.5860299,의료폐기물,,,,5310,2015,대구광역시 중구청,053-661-2725,2026-06-08,3410000,대구광역시 중구
박민수 신경과,대구광역시 중구 달구벌대로 2191 (삼덕동2가 소석문화센터 3층),,35.86357738,128.6030873,의료폐기물,,,,38,2020,대구광역시 중구청,053-661-2725,2026-06-08,3410000,대구광역시 중구
잘가요사랑니치과의원,대구광역시 중구 달구벌대로 2094 (남산동 2층 203호),,35.8652832,128.5925911,의료폐기물,,,,34,2024,대구광역시 중구청,053-661-2725,2026-06-08,3410000,대구광역시 중구
닥터스영상의학과의원,대구광역시 중구 동덕로 115 (진석타워 2층),,35.86509362,128.6026658,의료폐기물,,,,4885,2014,대구광역시 중구청,053-661-2725,2026-06-08,3410000,대구광역시 중구
바움성형외과의원,대구광역시 중구 동성로3길 106 (공평동 5층),,35.86998308,128.5987931,의료폐기물,,,,3094,2014,대구광역시 중구청,053-661-2725,2026-06-08,3410000,대구광역시 중구
에스(s)성형외과의원,대구광역시 중구 중앙대로 421 (남일동 34층),,35.87074309,128.5937568,의료폐기물,,,,58,2020,대구광역시 중구청,053-661-2725,2026-06-08,3410000,대구광역시 중구
위드의원,대구광역시 중구 국채보상로 541 (상서동 대구YMCA청소년회관 5층),,35.87062616,128.5898575,의료폐기물,,,,27,2022,대구광역시 중구청,053-661-2725,2026-06-08,3410000,대구광역시 중구
엣지성형외과,대구광역시 중구 동성로1길 28 (봉산동 동성타워 4층),,35.8662646,128.5950179,의료폐기물,,,,4493,2020,대구광역시 중구청,053-661-2725,2026-06-08,3410000,대구광역시 중구
서문신경외과의원,대구광역시 중구 국채보상로 458 (대신동 서남빌딩 2층 201호),,35.87026615,128.5809082,의료폐기물,,,,58,2024,대구광역시 중구청,053-661-2725,2026-06-08,3410000,대구광역시 중구
임정근신경과의원,대구광역시 중구 달성로 37 (대신동 계성빌딩 4층),,35.86846404,128.5818726,의료폐기물,,,,48,2017,대구광역시 중구청,053-661-2725,2026-06-08,3410000,대구광역시 중구
위드정내과의원,대구광역시 중구 달성로 123 (달성동 달성파크푸르지오힐스테이트 504동 301&302&303호),,35.87679712,128.5803924,의료폐기물,,,,357,2024,대구광역시 중구청,053-661-2725,2026-06-08,3410000,대구광역시 중구
비엘성형외과의원,대구광역시 중구 동성로2길 95 (동성로2가 BL타워),,35.87018992,128.5969011,의료폐기물,,,,10549,2014,대구광역시 중구청,053-661-2725,2026-06-08,3410000,대구광역시 중구
한음한방신경정신과한의원대구점,대구광역시 중구 달구벌대로 2094 (남산동 7층 703호),,35.8652832,128.5925911,의료폐기물,,,,23,2024,대구광역시 중구청,053-661-2725,2026-06-08,3410000,대구광역시 중구
하루치과의원,대구광역시 중구 달구벌대로 2191 (삼덕동2가 소석문화센터 8층),,35.86357738,128.6030873,의료폐기물,,,,127,2024,대구광역시 중구청,053-661-2725,2026-06-08,3410000,대구광역시 중구
분홍빛산부인과의원,대구광역시 중구 동덕로 141 (삼덕동2가 5층),,35.86718105,128.6033983,의료폐기물,,,,171,2008,대구광역시 중구청,053-661-2725,2026-06-08,3410000,대구광역시 중구
전준하내과의원,대구광역시 중구 달성로 71 (대신동 청라힐 지웰 더 센트로 3층 310&311호),,35.87127818,128.581890,의료폐기물,,,,57,2023,대구광역시 중구청,053-661-2725,2026-06-08,3410000,대구광역시 중구
대구헬스케어의원,대구광역시 중구 국채보상로 586 (동성로2가 교보생명빌딩 7층 ),,35.87059419,128.594818,의료폐기물,,,,83,2011,대구광역시 중구청,053-661-2725,2026-06-08,3410000,대구광역시 중구
손희용치과의원,대구광역시 중구 달구벌대로 2167 (삼덕동2가 4층),,35.86399708,128.6005373,의료폐기물,,,,681,2007,대구광역시 중구청,053-661-2725,2026-06-08,3410000,대구광역시 중구
시티여성의원,대구광역시 중구 중앙대로66길 20 (남산동 반월당효성해링턴플레이스 b동 지하1층 103호),,35.86173173,128.5933434,의료폐기물,,,,111,2010,대구광역시 중구청,053-661-2725,2026-06-08,3410000,대구광역시 중구
후이비인후과,대구광역시 중구 동성로1길 81 (삼덕동1가 리즈타워3층),,35.86519425,128.597654,의료폐기물,,,,714,2015,대구광역시 중구청,053-661-2725,2026-06-08,3410000,대구광역시 중구
최종원한의원,대구광역시 중구 국채보상로 622 (공평동 4층),,35.87014016,128.5987314,의료폐기물,,,,61,2016,대구광역시 중구청,053-661-2725,2026-06-08,3410000,대구광역시 중구
난초꽃피다안과의원,대구광역시 중구 달구벌대로 2127 (봉산동 7층),,35.86532785,128.5965724,의료폐기물,,,,482,2020,대구광역시 중구청,053-661-2725,2026-06-08,3410000,대구광역시 중구
진심내과의원,대구광역시 중구 달구벌대로 1999 (동산동 3층),,35.8654569,128.5827018,의료폐기물,,,,130,2019,대구광역시 중구청,053-661-2725,2026-06-08,3410000,대구광역시 중구
우리내과의원,대구광역시 중구 동성로3길 99 (공평동 기산빌딩 1층),,35.86981844,128.5983057,의료폐기물,,,,425,2011,대구광역시 중구청,053-661-2725,2026-06-08,3410000,대구광역시 중구
유달리의원,대구광역시 중구 국채보상로 582 (남일동 미도빌딩 15층),,35.87067953,128.5943565,의료폐기물,,,,189,2023,대구광역시 중구청,053-661-2725,2026-06-08,3410000,대구광역시 중구
시온치과의원,대구광역시 중구 중앙대로79길 13 (남일동 102호),,35.86911347,128.5928116,의료폐기물,,,,71,2003,대구광역시 중구청,053-661-2725,2026-06-08,3410000,대구광역시 중구
에스(S)요셉성형외과의원,대구광역시 중구 동성로3길 99 (공평동 4층),,35.86981844,128.5983057,의료폐기물,,,,6,2024,대구광역시 중구청,053-661-2725,2026-06-08,3410000,대구광역시 중구
후한의원,대구광역시 중구 동성로2길 95 (동성로2가 BL타워 3층 302호),,35.87018992,128.5969011,의료폐기물,,,,122,2012,대구광역시 중구청,053-661-2725,2026-06-08,3410000,대구광역시 중구
올포스킨피부과의원,대구광역시 중구 동성로5길 26 (삼덕동1가 501호),,35.86755287,128.5959211,의료폐기물,,,,131,2006,대구광역시 중구청,053-661-2725,2026-06-08,3410000,대구광역시 중구
이신일그레이스성형외과,대구광역시 중구 동성로2길 81 (동성로2가 3층),,35.86954385,128.5969651,의료폐기물,,,,119,2007,대구광역시 중구청,053-661-2725,2026-06-08,3410000,대구광역시 중구
마음에 속드는 내과,대구광역시 중구 동덕로 91 (대봉동 대봉동PYLON빌딩 2층),,35.86268222,128.6026255,의료폐기물,,,,221,2015,대구광역시 중구청,053-661-2725,2026-06-08,3410000,대구광역시 중구
가톨릭비뇨의학과의원,대구광역시 중구 달성로 76 (시장북로 1층),,35.87192114,128.582479,의료폐기물,,,,22,2020,대구광역시 중구청,053-661-2725,2026-06-08,3410000,대구광역시 중구
김윤년 내과의원,대구광역시 중구 달구벌대로 2021 (동산동 청라언덕역 서한포레스트 3층),,35.8664188,128.584172,의료폐기물,,,,306,2018,대구광역시 중구청,053-661-2725,2026-06-08,3410000,대구광역시 중구
더고른치과교정과치과의원,대구광역시 중구 공평로 10 (삼덕동2가 6층),,35.8648035,128.599916,의료폐기물,,,,112,2015,대구광역시 중구청,053-661-2725,2026-06-08,3410000,대구광역시 중구
본스필한의원,대구광역시 중구 달구벌대로 2191 (삼덕동2가 소석문화센터),,35.86357738,128.6030873,의료폐기물,,,,312,2023,대구광역시 중구청,053-661-2725,2026-06-08,3410000,대구광역시 중구
늘푸른의원,대구광역시 중구 명륜로23길 111 (남산동 소암빌딩),,35.8648475,128.5944653,의료폐기물,,,,38,2011,대구광역시 중구청,053-661-2725,2026-06-08,3410000,대구광역시 중구
프롤로의원,대구광역시 중구 달구벌대로 2188 (대봉동 6~7층),,35.86286557,128.6024389,의료폐기물,,,,250,2022,대구광역시 중구청,053-661-2725,2026-06-08,3410000,대구광역시 중구
서울바른치과교정과치과의원,대구광역시 중구 동성로1길 15 (동성로3가 6층),,35.86700879,128.5946495,의료폐기물,,,,546,2015,대구광역시 중구청,053-661-2725,2026-06-08,3410000,대구광역시 중구
참마취통증의학과의원,대구광역시 중구 공평로 6 (삼덕동2가 2층),,35.86438037,128.6001423,의료폐기물,,,,121,2017,대구광역시 중구청,053-661-2725,2026-06-08,3410000,대구광역시 중구
배성민치과의원,대구광역시 중구 달구벌대로 2149 (삼덕동1가 4층),,35.86458533,128.5989348,의료폐기물,,,,106,2008,대구광역시 중구청,053-661-2725,2026-06-08,3410000,대구광역시 중구
이석종 피부과,대구광역시 중구 달구벌대로 2208 (대봉동 서정희피부과 3층),,35.86253307,128.6045166,의료폐기물,,,,50,2024,대구광역시 중구청,053-661-2725,2026-06-08,3410000,대구광역시 중구
더시원마취통증의학과의원,대구광역시 중구 국채보상로 468 (대신동 3층),,35.87032763,128.5819192,의료폐기물,,,,505,2019,대구광역시 중구청,053-661-2725,2026-06-08,3410000,대구광역시 중구
동산내과의원,대구광역시 중구 달구벌대로 1988-3 (남산동 2&3층),,35.86420934,128.5816562,의료폐기물,,,,391,2008,대구광역시 중구청,053-661-2725,2026-06-08,3410000,대구광역시 중구
해와달연합치과본점,대구광역시 중구 동덕로 66-1 (대봉동 3456층),,35.86082172,128.6040974,의료폐기물,,,,475,2023,대구광역시 중구청,053-661-2725,2026-06-08,3410000,대구광역시 중구
닥터지니성형외과의원,대구광역시 중구 이천로 237 (봉산동 제일에스타운 14층),,35.86231283,128.5990228,의료폐기물,,,,336,2024,대구광역시 중구청,053-661-2725,2026-06-08,3410000,대구광역시 중구
강심내과의원,대구광역시 중구 달구벌대로 2095 (덕산동 삼성생명 3층 312-314호),,35.86631838,128.5927988,의료폐기물,,,,261,2005,대구광역시 중구청,053-661-2725,2026-06-08,3410000,대구광역시 중구
로고스성형외과의원,대구광역시 중구 동성로2길 53 (공평동 3층),,35.86836618,128.5965835,의료폐기물,,,,71,2008,대구광역시 중구청,053-661-2725,2026-06-08,3410000,대구광역시 중구
청담FnB의원,대구광역시 중구 동성로5길 26 (삼덕동1가 동원빌딩 602호),,35.86755287,128.5959211,의료폐기물,,,,532,2019,대구광역시 중구청,053-661-2725,2026-06-08,3410000,대구광역시 중구
김현철내과의원,대구광역시 중구 달구벌대로 2033 (동산동 엘디스리젠트호텔 11&12층),,35.8665443,128.5860299,의료폐기물,,,,19,2012,대구광역시 중구청,053-661-2725,2026-06-08,3410000,대구광역시 중구
공정욱치과의원,대구광역시 중구 명덕로 193 (남산동 코스모스악기),,35.85714359,128.5915665,의료폐기물,,,,150,2008,대구광역시 중구청,053-661-2725,2026-06-08,3410000,대구광역시 중구
참이비인후과 의원,대구광역시 중구 중앙대로 359 (남산동 반월당메티칼오피스타워 13층),,35.86509162,128.5927746,의료폐기물,,,,477,2022,대구광역시 중구청,053-661-2725,2026-06-08,3410000,대구광역시 중구
렛츠성형외과의원,대구광역시 중구 달구벌대로 2149 (삼덕동1가 반월타워 9층),,35.86458533,128.5989348,의료폐기물,,,,2078,2021,대구광역시 중구청,053-661-2725,2026-06-08,3410000,대구광역시 중구
대구봄여성의원,대구광역시 중구 달구벌대로 2094 (남산동 대구메디스퀘어 5층 503호),,35.8652832,128.5925911,의료폐기물,,,,613,2023,대구광역시 중구청,053-661-2725,2026-06-08,3410000,대구광역시 중구
오늘부터치과의원,대구광역시 중구 달구벌대로 2068 (남산동 4층),,35.86570133,128.5899313,의료폐기물,,,,289,2019,대구광역시 중구청,053-661-2725,2026-06-08,3410000,대구광역시 중구
아임유치과의원,대구광역시 중구 달구벌대로 2179 (삼덕동2가 9층 902호),,35.86374995,128.6019258,의료폐기물,,,,159,2010,대구광역시 중구청,053-661-2725,2026-06-08,3410000,대구광역시 중구
더퍼스트의원,대구광역시 중구 동성로3길 106 (공평동 6층),,35.86998308,128.5987931,의료폐기물,,,,136,2012,대구광역시 중구청,053-661-2725,2026-06-08,3410000,대구광역시 중구
반월당 마리아유외과의원,대구광역시 중구 달구벌대로 2094 (남산동 5층 501호),,35.8652832,128.5925911,의료폐기물,,,,260,2023,대구광역시 중구청,053-661-2725,2026-06-08,3410000,대구광역시 중구
경대미래연합의원,대구광역시 중구 국채보상로 476 (동산동 24층),,35.87043795,128.5827316,의료폐기물,,,,95,2011,대구광역시 중구청,053-661-2725,2026-06-08,3410000,대구광역시 중구
안병훈이비인후과의원,대구광역시 중구 달구벌대로 2094 (남산동 2층 201호),,35.8652832,128.5925911,의료폐기물,,,,236,2021,대구광역시 중구청,053-661-2725,2026-06-08,3410000,대구광역시 중구
김세영 마취통증의학과,대구광역시 중구 달구벌대로 2191 (삼덕동2가 소석문화센터 9층),,35.86357738,128.6030873,의료폐기물,,,,68,2024,대구광역시 중구청,053-661-2725,2026-06-08,3410000,대구광역시 중구
경북대학교치과대학,대구광역시 중구 달구벌대로 2177 (삼덕동2가 경북대학교치과대학 1층),,35.86389851,128.6013945,의료폐기물,,,,1404,2005,대구광역시 중구청,053-661-2725,2026-06-08,3410000,대구광역시 중구
센트럴대구산부인과,대구광역시 중구 중앙대로81길 1 (동일동 뉴한글컴퓨터학원 2층),,35.86969423,128.593568,의료폐기물,,,,111,2016,대구광역시 중구청,053-661-2725,2026-06-08,3410000,대구광역시 중구
경대에스비뇨의학과의원,대구광역시 중구 달구벌대로 2167 (삼덕동2가 56층),,35.86399708,128.6005373,의료폐기물,,,,549,2020,대구광역시 중구청,053-661-2725,2026-06-08,3410000,대구광역시 중구
수성마디정형외과의원,대구광역시 중구 중앙대로 295 (남산동 2~4층),,35.85967916,128.5915242,의료폐기물,,,,2487,2019,대구광역시 중구청,053-661-2725,2026-06-08,3410000,대구광역시 중구
강남퍼스트 성형외과,대구광역시 중구 중앙대로 366 (덕산동 1101호),,35.86611701,128.593836,의료폐기물,,,,221,2018,대구광역시 중구청,053-661-2725,2026-06-08,3410000,대구광역시 중구
정재욱치과,대구광역시 중구 달구벌대로 2094 (남산동 6층 602호),,35.8652832,128.5925911,의료폐기물,,,,191,2008,대구광역시 중구청,053-661-2725,2026-06-08,3410000,대구광역시 중구
시온의빛 치과교정과 치과의원,대구광역시 중구 동성로1길 70 (봉산동 2층),,35.86531871,128.5969077,의료폐기물,,,,36,2024,대구광역시 중구청,053-661-2725,2026-06-08,3410000,대구광역시 중구
르씨엘의원,대구광역시 중구 달구벌대로 2207 (삼덕동2가 4층),,35.86307079,128.6047451,의료폐기물,,,,45,2023,대구광역시 중구청,053-661-2725,2026-06-08,3410000,대구광역시 중구
라스트치과의원,대구광역시 중구 달구벌대로 2094 (남산동 7층),,35.8652832,128.5925911,의료폐기물,,,,472,2016,대구광역시 중구청,053-661-2725,2026-06-08,3410000,대구광역시 중구
이경우치과의원,대구광역시 중구 국채보상로 673 (동인동2가 종각빌딩 4층 A호),,35.86936387,128.6044384,의료폐기물,,,,64,2019,대구광역시 중구청,053-661-2725,2026-06-08,3410000,대구광역시 중구
최용준성형외과,대구광역시 중구 국채보상로 512 (계산동1가 하늘빌딩 5층),,35.86996999,128.5866587,의료폐기물,,,,58,2004,대구광역시 중구청,053-661-2725,2026-06-08,3410000,대구광역시 중구
대구차여성의원,대구광역시 중구 달구벌대로 2095 (덕산동 삼성생명 45층),,35.86631838,128.5927988,의료폐기물,,,,19525,2021,대구광역시 중구청,053-661-2725,2026-06-08,3410000,대구광역시 중구
현동명에디성형외과의원,대구광역시 중구 중앙대로 366 (덕산동 반월당센트럴타워 301&302),,35.86611701,128.593836,의료폐기물,,,,15,2017,대구광역시 중구청,053-661-2725,2026-06-08,3410000,대구광역시 중구
삼육오엠씨의원,대구광역시 중구 명륜로23길 106 (봉산동 반월당 클래시아2차 2층),,35.86472997,128.5948678,의료폐기물,,,,5309,2018,대구광역시 중구청,053-661-2725,2026-06-08,3410000,대구광역시 중구
청담필즈성형외과의원,대구광역시 중구 달구벌대로 2076 (남산동 4층),,35.86569582,128.5906544,의료폐기물,,,,77,2016,대구광역시 중구청,053-661-2725,2026-06-08,3410000,대구광역시 중구
끌리어의원,대구광역시 중구 달구벌대로 1992 (남산동 2층),,35.86444051,128.5821063,의료폐기물,,,,43,2008,대구광역시 중구청,053-661-2725,2026-06-08,3410000,대구광역시 중구
영광의원,대구광역시 중구 국채보상로93길 5 (대신동 2층),,35.87087287,128.5808892,의료폐기물,,,,315,2011,대구광역시 중구청,053-661-2725,2026-06-08,3410000,대구광역시 중구
닥터디자이너의원,대구광역시 중구 동성로1길 15 (동성로3가 유니온스퀘어),,35.86700879,128.5946495,의료폐기물,,,,989,2015,대구광역시 중구청,053-661-2725,2026-06-08,3410000,대구광역시 중구
중앙로센텀치과,대구광역시 중구 중앙대로 412 (남일동 아카데미극장 201호),,35.86998306,128.5943208,의료폐기물,,,,1351,2013,대구광역시 중구청,053-661-2725,2026-06-08,3410000,대구광역시 중구
로즈벨여성의원,대구광역시 중구 동성로2길 95 (동성로2가 BL타워 301호),,35.87018992,128.5969011,의료폐기물,,,,1184,2017,대구광역시 중구청,053-661-2725,2026-06-08,3410000,대구광역시 중구
신남에스항외과,대구광역시 중구 달구벌대로 1999 (동산동 4층),,35.8654569,128.5827018,의료폐기물,,,,391,2018,대구광역시 중구청,053-661-2725,2026-06-08,3410000,대구광역시 중구
유앤아이의원대구점,대구광역시 중구 중앙대로 398 (남일동 현대빌딩 3층),,35.86853608,128.5939753,의료폐기물,,,,928,2023,대구광역시 중구청,053-661-2725,2026-06-08,3410000,대구광역시 중구
닥터코코,대구광역시 중구 달구벌대로 2167 (삼덕동2가 3층),,35.86399708,128.6005373,의료폐기물,,,,158,2018,대구광역시 중구청,053-661-2725,2026-06-08,3410000,대구광역시 중구
미소그리다치과교정과치과의원,대구광역시 중구 명륜로23길 106 (봉산동 반월당 클래시아2차 4층),,35.86472997,128.5948678,의료폐기물,,,,227,2013,대구광역시 중구청,053-661-2725,2026-06-08,3410000,대구광역시 중구
김성교치과의원,대구광역시 중구 국채보상로 657 (동인동2가 2층),,35.86974473,128.6026062,의료폐기물,,,,134,2023,대구광역시 중구청,053-661-2725,2026-06-08,3410000,대구광역시 중구
대구예치과의원,대구광역시 중구 달구벌대로 2105 (덕산동 덕산빌딩 6층),,35.8657921,128.5940771,의료폐기물,,,,70,2005,대구광역시 중구청,053-661-2725,2026-06-08,3410000,대구광역시 중구
릴리 성형외과,대구광역시 중구 동덕로 99 (삼덕동2가 삼덕빌딩 6층),,35.86374024,128.6023837,의료폐기물,,,,141,2023,대구광역시 중구청,053-661-2725,2026-06-08,3410000,대구광역시 중구
솜씨있는여성의원,대구광역시 중구 달구벌대로 2109 (덕산동 교원구몬빌딩 4층),,35.86567325,128.5946258,의료폐기물,,,,37,2013,대구광역시 중구청,053-661-2725,2026-06-08,3410000,대구광역시 중구
뉴욕메디슨치과의원,대구광역시 중구 국채보상로 608 (문화동 덕영빌딩 5~6층),,35.87043481,128.597101,의료폐기물,,,,569,2018,대구광역시 중구청,053-661-2725,2026-06-08,3410000,대구광역시 중구
강구태 희망정형외과의원,대구광역시 중구 달구벌대로 2155 (삼덕동1가 3층),,35.86429129,128.5992325,의료폐기물,,,,374,2020,대구광역시 중구청,053-661-2725,2026-06-08,3410000,대구광역시 중구
김인택안과의원,대구광역시 중구 동덕로 91 (대봉동 대봉동PYLON빌딩 8층),,35.86268222,128.6026255,의료폐기물,,,,564,2018,대구광역시 중구청,053-661-2725,2026-06-08,3410000,대구광역시 중구
더채움재활의학과의원,대구광역시 중구 달구벌대로 2094 (남산동 상가 901&902호),,35.8652832,128.5925911,의료폐기물,,,,48,2018,대구광역시 중구청,053-661-2725,2026-06-08,3410000,대구광역시 중구
(재)한국의학연구소대구분사무소,대구광역시 중구 중앙대로66길 20 (남산동 반월당효성해링턴플레이스 지하 1~2층),,35.86173173,128.5933434,의료폐기물,,,,16191,2009,대구광역시 중구청,053-661-2725,2026-06-08,3410000,대구광역시 중구
변진석 성형외과의원,대구광역시 중구 동성로 8-20 (동성로3가 4층),,35.86690164,128.5950842,의료폐기물,,,,301,2023,대구광역시 중구청,053-661-2725,2026-06-08,3410000,대구광역시 중구
차앤백구강악안면외과치과의원,대구광역시 중구 국채보상로 630 (공평동 메트로타워 3층),,35.86996785,128.5994567,의료폐기물,,,,1151,2010,대구광역시 중구청,053-661-2725,2026-06-08,3410000,대구광역시 중구
대구공공시설관리공단 반월당지하도상가,대구광역시 중구 달구벌대로 2100 (덕산동 지하 반월당지하도상가),,35.86442132,128.5933351,사업장폐기물,,,,221040,2025,대구광역시 중구청,053-661-2725,2026-06-08,3410000,대구광역시 중구
한국사학진흥재단행복기숙사(유),대구광역시 중구 서성로20길 25 (수창동 대구행복기숙사),,35.87522764,128.5895531,사업장폐기물,,,,77620,2023,대구광역시 중구청,053-661-2725,2026-06-08,3410000,대구광역시 중구
대한상이군경회-대구중구청,대구광역시 중구 국채보상로139길 1 (동인동2가 중구청),,35.86932566,128.6061577,사업장폐기물,,,,39620,2017,대구광역시 중구청,053-661-2725,2026-06-08,3410000,대구광역시 중구
이경외과의원,대구광역시 중구 명덕로 315 (대봉동 3층&6층),,35.85538358,128.6048405,의료폐기물,,,,91,2010,대구광역시 중구청,053-661-2725,2026-06-08,3410000,대구광역시 중구
곽재혁신경과,대구광역시 중구 달구벌대로 1999 (동산동 4층 메디칼스타빌딩),,35.8654569,128.5827018,의료폐기물,,,,193,2019,대구광역시 중구청,053-661-2725,2026-06-08,3410000,대구광역시 중구
블루미의원,대구광역시 중구 동성로1길 16 (덕산동 동성로타워 3층),,35.86655959,128.594479,의료폐기물,,,,80,2012,대구광역시 중구청,053-661-2725,2026-06-08,3410000,대구광역시 중구
박순원에스앤비의원,대구광역시 중구 동덕로 91 (대봉동 4층),,35.86268222,128.6026255,의료폐기물,,,,23,2008,대구광역시 중구청,053-661-2725,2026-06-08,3410000,대구광역시 중구
라인성형외과,대구광역시 중구 동성로6길 11 (동성로2가 3층),,35.86914074,128.5960384,의료폐기물,,,,75,2008,대구광역시 중구청,053-661-2725,2026-06-08,3410000,대구광역시 중구
에이치성형외과의원,대구광역시 중구 달구벌대로 2094 (남산동 2층 202호),,35.8652832,128.5925911,의료폐기물,,,,71,2018,대구광역시 중구청,053-661-2725,2026-06-08,3410000,대구광역시 중구
우리들제통의원,대구광역시 중구 큰장로 134 (대신동 4층),,35.87007266,128.5797582,의료폐기물,,,,111,2008,대구광역시 중구청,053-661-2725,2026-06-08,3410000,대구광역시 중구
닥터김메디코스의원,대구광역시 중구 동성로1길 70 (봉산동 34층),,35.86531871,128.5969077,의료폐기물,,,,48,2011,대구광역시 중구청,053-661-2725,2026-06-08,3410000,대구광역시 중구
이모아치과의원,대구광역시 중구 이천로 237 (봉산동 12층),,35.86231283,128.5990228,의료폐기물,,,,129,2017,대구광역시 중구청,053-661-2725,2026-06-08,3410000,대구광역시 중구
이홍철한의원,대구광역시 중구 종로 51-1  (종로1가),,35.87034876,128.5910303,의료폐기물,,,,55,2008,대구광역시 중구청,053-661-2725,2026-06-08,3410000,대구광역시 중구
뽀빠이 연합의원,대구광역시 중구 달구벌대로 2105 (덕산동 대구은행 반월당지점 4층),,35.8657921,128.5940771,의료폐기물,,,,376,2023,대구광역시 중구청,053-661-2725,2026-06-08,3410000,대구광역시 중구
조연합치과의원,대구광역시 중구 달구벌대로 2210 (대봉동 6층),,35.86237391,128.604680,의료폐기물,,,,104,2007,대구광역시 중구청,053-661-2725,2026-06-08,3410000,대구광역시 중구
코리아이비인후과,대구광역시 중구 남산로 83-1 (남산동 은혜빌딩 3&4&5층),,35.86398821,128.5820798,의료폐기물,,,,1513,2016,대구광역시 중구청,053-661-2725,2026-06-08,3410000,대구광역시 중구
나비편한샘의원,대구광역시 중구 달구벌대로 2120 (봉산동 3층),,35.86486168,128.595427,의료폐기물,,,,32,2019,대구광역시 중구청,053-661-2725,2026-06-08,3410000,대구광역시 중구
밝은해한의원,대구광역시 중구 태평로 50 (도원동 힐스테이트 도원 센트럴 2층 B204&205호),,35.87639732,128.5825046,의료폐기물,,,,105,2024,대구광역시 중구청,053-661-2725,2026-06-08,3410000,대구광역시 중구
프라임안과의원,대구광역시 중구 달구벌대로 1999 (동산동 2층),,35.8654569,128.5827018,의료폐기물,,,,627,2014,대구광역시 중구청,053-661-2725,2026-06-08,3410000,대구광역시 중구
신통신경과,대구광역시 중구 중앙대로 359 (남산동 반월당메티칼오피스타워 1층),,35.86509162,128.5927746,의료폐기물,,,,606,2023,대구광역시 중구청,053-661-2725,2026-06-08,3410000,대구광역시 중구
하이린의원,대구광역시 중구 달구벌대로 2033 (동산동 엘디스리젠트호텔 3층),,35.8665443,128.5860299,의료폐기물,,,,955,2020,대구광역시 중구청,053-661-2725,2026-06-08,3410000,대구광역시 중구
김준정형외과,대구광역시 중구 경상감영길 42 (서문로1가 김준형정형외과),,35.87125109,128.5899195,의료폐기물,,,,669,2023,대구광역시 중구청,053-661-2725,2026-06-08,3410000,대구광역시 중구
김소아청소년과의원,대구광역시 중구 남산로 48 (남산동 2층),,35.86085336,128.5828486,의료폐기물,,,,85,2007,대구광역시 중구청,053-661-2725,2026-06-08,3410000,대구광역시 중구
바른마취통증의학과의원,대구광역시 중구 달구벌대로 2207 (삼덕동2가 7층),,35.86307079,128.6047451,의료폐기물,,,,142,2022,대구광역시 중구청,053-661-2725,2026-06-08,3410000,대구광역시 중구
유로합동비뇨기과,대구광역시 중구 달구벌대로 2149 (삼덕동1가 반월타워 5층),,35.86458533,128.5989348,의료폐기물,,,,289,2014,대구광역시 중구청,053-661-2725,2026-06-08,3410000,대구광역시 중구
대구달성공원관리사무소,대구광역시 중구 달성공원로 35 (달성동 달성공원),,35.87339859,128.5759183,의료폐기물,,,,41,2008,대구광역시 중구청,053-661-2725,2026-06-08,3410000,대구광역시 중구
타임치과의원,대구광역시 중구 중앙대로 313 (남산동 동산빌딩 2층),,35.86105864,128.5923322,의료폐기물,,,,63,2016,대구광역시 중구청,053-661-2725,2026-06-08,3410000,대구광역시 중구
메디수 의원,대구광역시 중구 동덕로 99 (삼덕동2가 삼덕빌딩 2층),,35.86374024,128.6023837,의료폐기물,,,,306,2022,대구광역시 중구청,053-661-2725,2026-06-08,3410000,대구광역시 중구
대구예스타치과의원,대구광역시 중구 중앙대로 366 (덕산동 16층 1601&1602호),,35.86611701,128.593836,의료폐기물,,,,115,2018,대구광역시 중구청,053-661-2725,2026-06-08,3410000,대구광역시 중구
S삼성성형외과의원,대구광역시 중구 달구벌대로 2109-2 (덕산동 근린생활시설 12층),,35.86565323,128.5944302,의료폐기물,,,,63,2003,대구광역시 중구청,053-661-2725,2026-06-08,3410000,대구광역시 중구
블랑쥬의원 대구점,대구광역시 중구 동성로6길 61 (공평동 4층 412호),,35.86870838,128.5987415,의료폐기물,,,,368,2022,대구광역시 중구청,053-661-2725,2026-06-08,3410000,대구광역시 중구
달성 더원 치과,대구광역시 중구 달성로 123 (달성동 달성파크푸르지오힐스테이트 507동 3층 301&302호),,35.87679712,128.5803924,의료폐기물,,,,322,2023,대구광역시 중구청,053-661-2725,2026-06-08,3410000,대구광역시 중구
요셉성형외과의원,대구광역시 중구 동성로3길 99 (공평동),,35.86981844,128.5983057,의료폐기물,,,,1970,2006,대구광역시 중구청,053-661-2725,2026-06-08,3410000,대구광역시 중구
경북대학교의과대학,대구광역시 중구 국채보상로 680 (동인동2가101),,35.86783816,128.6040529,의료폐기물,,,,32417,2006,대구광역시 중구청,053-661-2725,2026-06-08,3410000,대구광역시 중구
온피부과의원,대구광역시 중구 중앙대로 411 (동일동),,35.8698862,128.5935316,의료폐기물,,,,36,2004,대구광역시 중구청,053-661-2725,2026-06-08,3410000,대구광역시 중구
윤혜정치과,대구광역시 중구 동덕로 141 (삼덕동2가),,35.86718105,128.6033983,의료폐기물,,,,70,2013,대구광역시 중구청,053-661-2725,2026-06-08,3410000,대구광역시 중구
미시건 치과의원,대구광역시 중구 달구벌대로 2120  (봉산동),,35.86486168,128.595427,의료폐기물,,,,118,2005,대구광역시 중구청,053-661-2725,2026-06-08,3410000,대구광역시 중구
본치과의원,대구광역시 중구 달구벌대로 2181 (삼덕동2가),,35.86363609,128.6021452,의료폐기물,,,,127,2010,대구광역시 중구청,053-661-2725,2026-06-08,3410000,대구광역시 중구
화이트치과의원,대구광역시 중구 달구벌대로 1993 (대신동),,35.86506213,128.5819477,의료폐기물,,,,133,2008,대구광역시 중구청,053-661-2725,2026-06-08,3410000,대구광역시 중구
경북대학교치과병원,대구광역시 중구 달구벌대로 2175 (삼덕동2가 경북대학교치과병원),,35.86389851,128.6013945,의료폐기물,,,,18436,2008,대구광역시 중구청,053-661-2725,2026-06-08,3410000,대구광역시 중구
권용철치과의원,대구광역시 중구 공평로 49 (공평동),,35.86855874,128.5996181,의료폐기물,,,,78,2008,대구광역시 중구청,053-661-2725,2026-06-08,3410000,대구광역시 중구
아트너의원,대구광역시 중구 달구벌대로 2094 (남산동),,35.8652832,128.5925911,의료폐기물,,,,817,2023,대구광역시 중구청,053-661-2725,2026-06-08,3410000,대구광역시 중구
진승희치과의원,대구광역시 중구 동덕로 33 (대봉동),,35.85760652,128.6038957,의료폐기물,,,,55,2008,대구광역시 중구청,053-661-2725,2026-06-08,3410000,대구광역시 중구
용치과의원,대구광역시 중구 국채보상로 553 (종로1가),,35.87079256,128.5912486,의료폐기물,,,,140,2008,대구광역시 중구청,053-661-2725,2026-06-08,3410000,대구광역시 중구
대구광역시 중구보건소,대구광역시 중구 태평로 45 (태평로3가),,35.87790606,128.5833355,의료폐기물,,,,116,2008,대구광역시 중구청,053-661-2725,2026-06-08,3410000,대구광역시 중구
광개토병원,대구광역시 중구 중앙대로 366 (덕산동),,35.86611701,128.593836,의료폐기물,,,,11694,2019,대구광역시 중구청,053-661-2725,2026-06-08,3410000,대구광역시 중구
우리요양원,대구광역시 중구 동덕로38길 21 (동인동1가),,35.87144548,128.6057619,의료폐기물,,,,34,2019,대구광역시 중구청,053-661-2725,2026-06-08,3410000,대구광역시 중구
동산마취통증의학과의원,대구광역시 중구 달구벌대로 2127 (봉산동),,35.86532785,128.5965724,의료폐기물,,,,385,2010,대구광역시 중구청,053-661-2725,2026-06-08,3410000,대구광역시 중구
늘푸른우리내과의원,대구광역시 중구 명덕로 59 (남산동),,35.85905563,128.5775149,의료폐기물,,,,117,2004,대구광역시 중구청,053-661-2725,2026-06-08,3410000,대구광역시 중구
씨엘안과의원,대구광역시 중구 달구벌대로 2105  (덕산동),,35.8657921,128.5940771,의료폐기물,,,,121,2006,대구광역시 중구청,053-661-2725,2026-06-08,3410000,대구광역시 중구
김판석피부비뇨기과의원,대구광역시 중구 경상감영길 94 (포정동),,35.8716494,128.5926739,의료폐기물,,,,15,2008,대구광역시 중구청,053-661-2725,2026-06-08,3410000,대구광역시 중구
김영화치과의원,대구광역시 중구 큰장로 134 (대신동),,35.87007266,128.5797582,의료폐기물,,,,73,2008,대구광역시 중구청,053-661-2725,2026-06-08,3410000,대구광역시 중구
이상홍이비인후과,대구광역시 중구 국채보상로 540-2  (상서동),,35.87019412,128.5898805,의료폐기물,,,,111,2003,대구광역시 중구청,053-661-2725,2026-06-08,3410000,대구광역시 중구
경대뉴보자르의원,대구광역시 중구 명륜로23길 111 (남산동 소암빌딩4층),,35.8648475,128.5944653,의료폐기물,,,,145,2008,대구광역시 중구청,053-661-2725,2026-06-08,3410000,대구광역시 중구
멘파워비뇨기과의원,대구광역시 중구 달구벌대로 2109 (덕산동5층),,35.86567325,128.5946258,의료폐기물,,,,51,2010,대구광역시 중구청,053-661-2725,2026-06-08,3410000,대구광역시 중구
해동내과의원,대구광역시 중구 중앙대로 434-18 (포정동),,35.87188952,128.5951757,의료폐기물,,,,293,2020,대구광역시 중구청,053-661-2725,2026-06-08,3410000,대구광역시 중구
해맑은안과의원,대구광역시 중구 국채보상로 598  (동성로2가),,35.8705465,128.596034,의료폐기물,,,,25,2003,대구광역시 중구청,053-661-2725,2026-06-08,3410000,대구광역시 중구
리프트성형외과의원,대구광역시 중구 달구벌대로 2127 (봉산동S타워 11층),,35.86532785,128.5965724,의료폐기물,,,,3050,2013,대구광역시 중구청,053-661-2725,2026-06-08,3410000,대구광역시 중구
에이치프라임외과의원,대구광역시 중구 동성로1길 81 (삼덕동1가 리즈타워5층),,35.86519425,128.597654,의료폐기물,,,,355,2013,대구광역시 중구청,053-661-2725,2026-06-08,3410000,대구광역시 중구
김정철성형외과의원,대구광역시 중구 동성로 2  (동성로3가),,35.86717578,128.5940449,의료폐기물,,,,16,2004,대구광역시 중구청,053-661-2725,2026-06-08,3410000,대구광역시 중구
닥터굿재활의학병원,대구광역시 중구 국채보상로 582  (남일동),,35.87067953,128.5943565,의료폐기물,,,,6,2006,대구광역시 중구청,053-661-2725,2026-06-08,3410000,대구광역시 중구
미소의원,대구광역시 중구 동덕로 125 (삼덕동2가),,35.86587275,128.6030417,의료폐기물,,,,147,2013,대구광역시 중구청,053-661-2725,2026-06-08,3410000,대구광역시 중구
동인치과의원,대구광역시 중구 동덕로 176 (동인동2가),,35.87026789,128.6044797,의료폐기물,,,,74,2003,대구광역시 중구청,053-661-2725,2026-06-08,3410000,대구광역시 중구
이연합치과의원,대구광역시 중구 달구벌대로 2109 (덕산동교원빌딩 7층),,35.86567325,128.5946258,의료폐기물,,,,70,2008,대구광역시 중구청,053-661-2725,2026-06-08,3410000,대구광역시 중구
유로진비뇨기과의원,대구광역시 중구 중앙대로 359 (남산동),,35.86509162,128.5927746,의료폐기물,,,,560,2012,대구광역시 중구청,053-661-2725,2026-06-08,3410000,대구광역시 중구
김기산안과의원,대구광역시 중구 달구벌대로 2126 (봉산동),,35.86467561,128.5960158,의료폐기물,,,,81,2004,대구광역시 중구청,053-661-2725,2026-06-08,3410000,대구광역시 중구
듀오성형외과의원,대구광역시 중구 국채보상로 598 (동성로2가 정호빌딩 6층),,35.8705465,128.596034,의료폐기물,,,,54,2003,대구광역시 중구청,053-661-2725,2026-06-08,3410000,대구광역시 중구
김충남피부비뇨기과,대구광역시 중구 국채보상로 553 (종로1가),,35.87079256,128.5912486,의료폐기물,,,,22,2003,대구광역시 중구청,053-661-2725,2026-06-08,3410000,대구광역시 중구
김진성형외과의원,대구광역시 중구 동성로5길 61 (삼덕동1가),,35.86744216,128.5979308,의료폐기물,,,,34,2008,대구광역시 중구청,053-661-2725,2026-06-08,3410000,대구광역시 중구
디에르치과의원,대구광역시 중구 동성로 25 (사일동59),,35.86938789,128.5950849,의료폐기물,,,,149,2008,대구광역시 중구청,053-661-2725,2026-06-08,3410000,대구광역시 중구
리즈성형외과,대구광역시 중구 동성로2길 83 (동성로2가),,35.86973646,128.5969896,의료폐기물,,,,39,2003,대구광역시 중구청,053-661-2725,2026-06-08,3410000,대구광역시 중구
늘봄플란트치과,대구광역시 중구 중앙대로66길 20 (남산동 반월당효성해링턴플레이스),,35.86173173,128.5933434,의료폐기물,,,,362,2023,대구광역시 중구청,053-661-2725,2026-06-08,3410000,대구광역시 중구
엠성형외과의원,대구광역시 중구 동성로 32-1  (동성로2가),,35.86971901,128.5957399,의료폐기물,,,,87,2007,대구광역시 중구청,053-661-2725,2026-06-08,3410000,대구광역시 중구
대한요양병원,대구광역시 중구 중앙대로 297 (남산동),,35.85989753,128.591577,의료폐기물,,,,1701,2013,대구광역시 중구청,053-661-2725,2026-06-08,3410000,대구광역시 중구
㈜케이에프씨코리아(문화동점),대구광역시 중구 국채보상로 608 (문화동),,35.87043481,128.597101,사업장폐기물,,,,25070,2024,대구광역시 중구청,053-661-2725,2026-06-08,3410000,대구광역시 중구
(재)서현교육관유지재단,대구광역시 중구 달구벌대로 2034 (남산동),,35.8649479,128.586482,사업장폐기물,,,,15820,2017,대구광역시 중구청,053-661-2725,2026-06-08,3410000,대구광역시 중구
토요코인대구동성로점,대구광역시 중구 동성로1길 15 (동성로3가),,35.86700879,128.5946495,사업장폐기물,,,,41180,2019,대구광역시 중구청,053-661-2725,2026-06-08,3410000,대구광역시 중구
대한요양병원,대구광역시 중구 중앙대로 297 (남산동),,35.85989753,128.591577,사업장폐기물,,,,72840,2019,대구광역시 중구청,053-661-2725,2026-06-08,3410000,대구광역시 중구
금복개발(주)삼덕지점,대구광역시 중구 달구벌대로 2195 (삼덕동2가),,35.86344155,128.6034408,사업장폐기물,,,,28470,2011,대구광역시 중구청,053-661-2725,2026-06-08,3410000,대구광역시 중구
(주)디에스아카데미동성로지점,대구광역시 중구 중앙대로 412 (남일동),,35.86998306,128.5943208,사업장폐기물,,,,36990,2012,대구광역시 중구청,053-661-2725,2026-06-08,3410000,대구광역시 중구
(주)대암,대구광역시 중구 동성로 17 (동성로2가),,35.86859497,128.5945623,사업장폐기물,,,,31120,2009,대구광역시 중구청,053-661-2725,2026-06-08,3410000,대구광역시 중구
태성DLP,대구광역시 중구 명덕로35길 115 (남산동),,35.86180323,128.5900558,사업장폐기물,,,,92250,2012,대구광역시 중구청,053-661-2725,2026-06-08,3410000,대구광역시 중구
반월센트럴타워 관리단,대구광역시 중구 중앙대로 366 (덕산동),,35.86611701,128.593836,사업장폐기물,,,,61430,2023,대구광역시 중구청,053-661-2725,2026-06-08,3410000,대구광역시 중구
대구 서문시장 연합회,대구광역시 중구 큰장로26길 45 (대신동),,35.86890721,128.5807718,사업장폐기물,,,,942930,2000,대구광역시 중구청,053-661-2725,2026-06-08,3410000,대구광역시 중구
교보빌딩-동성로(제일종합관리서비스(주)),대구광역시 중구 국채보상로 586 (동성로2가),,35.87059419,128.594818,사업장폐기물,,,,52440,2011,대구광역시 중구청,053-661-2725,2026-06-08,3410000,대구광역시 중구
경북대학교 치과병원,대구광역시 중구 달구벌대로 2175 (삼덕동2가),,35.86389851,128.6013945,사업장폐기물,,,,107950,2016,대구광역시 중구청,053-661-2725,2026-06-08,3410000,대구광역시 중구
(주)씨네시티한일,대구광역시 중구 동성로 39 (동성로2가),,35.87048971,128.5953769,사업장폐기물,,,,112400,2005,대구광역시 중구청,053-661-2725,2026-06-08,3410000,대구광역시 중구
(주)대구백화점대백프라자,대구광역시 중구 명덕로 333 (대봉동),,35.85571704,128.6063616,사업장폐기물,,,,294180,2011,대구광역시 중구청,053-661-2725,2026-06-08,3410000,대구광역시 중구
흥구삼덕빌딩,대구광역시 중구 동성로3길 35 (삼덕동1가),,35.86693505,128.5972768,사업장폐기물,,,,46300,2011,대구광역시 중구청,053-661-2725,2026-06-08,3410000,대구광역시 중구
현대백화점 대구점,대구광역시 중구 달구벌대로 2077 (계산동2가),,35.8666296,128.5906257,사업장폐기물,,,,901243,2011,대구광역시 중구청,053-661-2725,2026-06-08,3410000,대구광역시 중구
한국은행 대구경북본부,대구광역시 중구 동덕로 145 (동인동2가),,35.86796508,128.6031723,사업장폐기물,,,,10180,2011,대구광역시 중구청,053-661-2725,2026-06-08,3410000,대구광역시 중구
한국맥도날드(유)동성로2호점,대구광역시 중구 동성로 23-2 (사일동),,35.86909405,128.5950832,사업장폐기물,,,,50130,2009,대구광역시 중구청,053-661-2725,2026-06-08,3410000,대구광역시 중구
푸른병원,대구광역시 중구 태평로 102 (태평로3가),,35.87595163,128.5889941,사업장폐기물,,,,31940,2013,대구광역시 중구청,053-661-2725,2026-06-08,3410000,대구광역시 중구
태남산업사,대구광역시 중구 국채보상로 535 (수동),,35.87057417,128.5892238,사업장폐기물,,,,16570,2011,대구광역시 중구청,053-661-2725,2026-06-08,3410000,대구광역시 중구
(재)대구구천주교회-교구청,대구광역시 중구 남산로4길 112 (남산동),,35.85984246,128.5878871,사업장폐기물,,,,44230,2011,대구광역시 중구청,053-661-2725,2026-06-08,3410000,대구광역시 중구
진석타워즈,대구광역시 중구 동덕로 115 (삼덕동2가 진석타워),,35.86509362,128.6026642,사업장폐기물,,,,58370,2011,대구광역시 중구청,053-661-2725,2026-06-08,3410000,대구광역시 중구
주식회사 엠시티개발,대구광역시 중구 공평로 16 (삼덕동2가),,35.86537886,128.6001679,사업장폐기물,,,,28350,2018,대구광역시 중구청,053-661-2725,2026-06-08,3410000,대구광역시 중구
제일중학교,대구광역시 중구 명륜로23길 16 (봉산동),,35.86152514,128.5970111,사업장폐기물,,,,25395,2011,대구광역시 중구청,053-661-2725,2026-06-08,3410000,대구광역시 중구
운경의료재단 곽병원,대구광역시 중구 국채보상로 531 (수동),,35.87083192,128.5886771,사업장폐기물,,,,78280,2011,대구광역시 중구청,053-661-2725,2026-06-08,3410000,대구광역시 중구
엠에스재건병원,대구광역시 중구 동덕로 194 (동인동1가 동화빌딩),,35.87187803,128.604892,사업장폐기물,,,,91340,2017,대구광역시 중구청,053-661-2725,2026-06-08,3410000,대구광역시 중구
씨제이푸드빌(주) 빕스 대구 수성교점,대구광역시 중구 달구벌대로 2232 (대봉동),,35.86182424,128.607360,사업장폐기물,,,,59900,2016,대구광역시 중구청,053-661-2725,2026-06-08,3410000,대구광역시 중구
브이디자인웍스,대구광역시 중구 공평로10길 18 (삼덕동2가 17-1),,35.86778598,128.6008446,사업장폐기물,,,,37710,2020,대구광역시 중구청,053-661-2725,2026-06-08,3410000,대구광역시 중구
브로드밴드디앤엠(주) 대구사옥,대구광역시 중구 달구벌대로 2171 (삼덕동2가),,35.86396527,128.6009428,사업장폐기물,,,,33470,2011,대구광역시 중구청,053-661-2725,2026-06-08,3410000,대구광역시 중구
분홍빛으로병원,대구광역시 중구 동덕로 141 (삼덕동2가),,35.86718105,128.6033983,사업장폐기물,,,,25340,2016,대구광역시 중구청,053-661-2725,2026-06-08,3410000,대구광역시 중구
보선건설(주),대구광역시 중구 동성로4길 16 (삼덕동1가 경북대학교 의과대학 기숙사),,35.86557835,128.5985723,사업장폐기물,,,,45840,2017,대구광역시 중구청,053-661-2725,2026-06-08,3410000,대구광역시 중구
번개시장활성화통합상인회,대구광역시 중구 태평로 177-3 (태평로1가 번개시장),,35.87508929,128.5981311,사업장폐기물,,,,154150,2011,대구광역시 중구청,053-661-2725,2026-06-08,3410000,대구광역시 중구
미주빌딩,대구광역시 중구 태평로 290 (동인동3가),,35.87826007,128.5814583,사업장폐기물,,,,11950,2011,대구광역시 중구청,053-661-2725,2026-06-08,3410000,대구광역시 중구
미도빌딩,대구광역시 중구 국채보상로 582 (남일동 미도빌딩),,35.87067953,128.5943565,사업장폐기물,,,,71880,2011,대구광역시 중구청,053-661-2725,2026-06-08,3410000,대구광역시 중구
매일빌딩,대구광역시 중구 서성로 20 (계산동2가 대구매일신문사),,35.87233812,128.5862484,사업장폐기물,,,,36420,2000,대구광역시 중구청,053-661-2725,2026-06-08,3410000,대구광역시 중구
롯데리아 명덕네거리점,대구광역시 중구 명덕로 181 (남산동),,35.85725418,128.5899992,사업장폐기물,,,,17880,2014,대구광역시 중구청,053-661-2725,2026-06-08,3410000,대구광역시 중구
드림저축은행빌딩관리실,대구광역시 중구 국채보상로 645 (동인동2가 드림상호저축은행),,35.87023355,128.6013876,사업장폐기물,,,,29900,2011,대구광역시 중구청,053-661-2725,2026-06-08,3410000,대구광역시 중구
동인꽃시장번영회,대구광역시 중구 태평로 233-1 (동인동1가),,35.87367837,128.6037424,사업장폐기물,,,,30940,2011,대구광역시 중구청,053-661-2725,2026-06-08,3410000,대구광역시 중구
동원빌딩 관리사무소,대구광역시 중구 동성로5길 26 (삼덕동1가),,35.86755287,128.5959211,사업장폐기물,,,,44950,2011,대구광역시 중구청,053-661-2725,2026-06-08,3410000,대구광역시 중구
동아백화점 쇼핑점,대구광역시 중구 달구벌대로 2085 (덕산동),,35.86633351,128.5918416,사업장폐기물,,,,176730,2010,대구광역시 중구청,053-661-2725,2026-06-08,3410000,대구광역시 중구
동산개발(주) 동산빌딩,대구광역시 중구 달성로 10 (동산동),,35.86594075,128.5827754,사업장폐기물,,,,25550,2000,대구광역시 중구청,053-661-2725,2026-06-08,3410000,대구광역시 중구
로이스덕영치과병원,대구광역시 중구 국채보상로 511 (서문로2가),,35.8707882,128.5865789,사업장폐기물,,,,29960,2009,대구광역시 중구청,053-661-2725,2026-06-08,3410000,대구광역시 중구
대한적십자대구경북혈액원,대구광역시 중구 태평로 7 (달성동),,35.8787686,128.5788957,사업장폐기물,,,,41330,2011,대구광역시 중구청,053-661-2725,2026-06-08,3410000,대구광역시 중구
㈜케이에스더블유 대구스테이션센터지점,대구광역시 중구 태평로 160 (북성로1가),,35.87470717,128.5952666,사업장폐기물,,,,20770,2011,대구광역시 중구청,053-661-2725,2026-06-08,3410000,대구광역시 중구
대성개발,대구광역시 중구 달구벌대로 2126 (봉산동),,35.86467561,128.5960158,사업장폐기물,,,,35710,2011,대구광역시 중구청,053-661-2725,2026-06-08,3410000,대구광역시 중구
대구우체국,대구광역시 중구 경상감영길 80 (포정동),,35.87143173,128.5918208,사업장폐기물,,,,19600,2011,대구광역시 중구청,053-661-2725,2026-06-08,3410000,대구광역시 중구
대구서문교회,대구광역시 중구 국채보상로93길 9 (대신동 대구서문교회),,35.87108205,128.580476,사업장폐기물,,,,18530,2011,대구광역시 중구청,053-661-2725,2026-06-08,3410000,대구광역시 중구
대구동부교회,대구광역시 중구 달구벌대로 2225 (삼덕동3가),,35.86279907,128.6065944,사업장폐기물,,,,44560,2011,대구광역시 중구청,053-661-2725,2026-06-08,3410000,대구광역시 중구
대구가톨릭대학교(대신학원),대구광역시 중구 명륜로12길 47 (남산동),,35.8613082,128.5874828,사업장폐기물,,,,49210,2004,대구광역시 중구청,053-661-2725,2026-06-08,3410000,대구광역시 중구
닥터김노인요양센터,대구광역시 중구 태평로 304 (동인동3가),,35.87317266,128.6105837,사업장폐기물,,,,32360,2014,대구광역시 중구청,053-661-2725,2026-06-08,3410000,대구광역시 중구
농협경제지주 대구태평로공판장,대구광역시 중구 태평로 195 (태평로1가 농협태평로공판장),,35.87462969,128.599094,사업장폐기물,,,,49530,2016,대구광역시 중구청,053-661-2725,2026-06-08,3410000,대구광역시 중구
남산병원,대구광역시 중구 남산로13길 9 (남산동),,35.86146152,128.5819066,사업장폐기물,,,,111750,2011,대구광역시 중구청,053-661-2725,2026-06-08,3410000,대구광역시 중구
금복개발(주)덕산지점,대구광역시 중구 달구벌대로 2105 (덕산동),,35.8657921,128.5940771,사업장폐기물,,,,27570,2011,대구광역시 중구청,053-661-2725,2026-06-08,3410000,대구광역시 중구
계명대학교 대구동산병원,대구광역시 중구 달성로 56 (동산동),,35.87017964,128.5825231,사업장폐기물,,,,189238,2005,대구광역시 중구청,053-661-2725,2026-06-08,3410000,대구광역시 중구
경북여자고등학교,대구광역시 중구 중앙대로 288 (남산동),,35.85842716,128.5922004,사업장폐기물,,,,59960,2011,대구광역시 중구청,053-661-2725,2026-06-08,3410000,대구광역시 중구
경북대학교사범대학부설초등학교,대구광역시 중구 달구벌대로 2150 (봉산동),,35.86358373,128.5980664,사업장폐기물,,,,38320,2011,대구광역시 중구청,053-661-2725,2026-06-08,3410000,대구광역시 중구
경북대학교병원,대구광역시 중구 동덕로 130 (삼덕동2가),,35.86623526,128.6043126,사업장폐기물,,,,906314,2005,대구광역시 중구청,053-661-2725,2026-06-08,3410000,대구광역시 중구
경북공업고등학교(사업장),대구광역시 중구 남산로 20 (남산동 경북공업고등학교),,35.85851368,128.5835008,사업장폐기물,,,,28720,2011,대구광역시 중구청,053-661-2725,2026-06-08,3410000,대구광역시 중구
강산백화점,대구광역시 중구 교동길 27-8 (교동),,35.8736407,128.5964106,사업장폐기물,,,,27740,2000,대구광역시 중구청,053-661-2725,2026-06-08,3410000,대구광역시 중구
(주)제일진흥,대구광역시 중구 중앙대로 394 (남일동),,35.86832614,128.593973,사업장폐기물,,,,32650,2000,대구광역시 중구청,053-661-2725,2026-06-08,3410000,대구광역시 중구
(주)영스퀘어,대구광역시 중구 동성로 25 (사일동 영스퀘어),,35.86938789,128.5950849,사업장폐기물,,,,35440,2011,대구광역시 중구청,053-661-2725,2026-06-08,3410000,대구광역시 중구
(주)서원유통탑마트대구점,대구광역시 중구 중앙대로66길 20 (남산동 반월당효성해링턴플레이스),,35.86173173,128.5933434,사업장폐기물,,,,146530,2017,대구광역시 중구청,053-661-2725,2026-06-08,3410000,대구광역시 중구
(주)비엘,대구광역시 중구 동성로2길 95 (동성로2가),,35.87018992,128.5969011,사업장폐기물,,,,68990,2011,대구광역시 중구청,053-661-2725,2026-06-08,3410000,대구광역시 중구
(주)미르개발-미르치과병원,대구광역시 중구 공평로 12 (삼덕동2가),,35.86498963,128.6001019,사업장폐기물,,,,53670,2011,대구광역시 중구청,053-661-2725,2026-06-08,3410000,대구광역시 중구
(주)도원투자개발(동성로스파크),대구광역시 중구 동성로 6길 61 (공평동),,35.86870838,128.5987415,사업장폐기물,,,,208195,2020,대구광역시 중구청,053-661-2725,2026-06-08,3410000,대구광역시 중구
(주)대현프리몰대구지사,대구광역시 중구 국채보상로 580 (남일동),,35.87085255,128.595198,사업장폐기물,,,,118440,2011,대구광역시 중구청,053-661-2725,2026-06-08,3410000,대구광역시 중구
심이비인후과의원,대구광역시 중구 국채보상로 558-1 (종로1가),,35.87048803,128.5918025,의료폐기물,,,,25,2011,대구광역시 중구청,053-661-2725,2026-06-08,3410000,대구광역시 중구
푸른병원,대구광역시 중구 태평로 102 (태평로3가),,35.87595163,128.5889941,의료폐기물,,,,63688,2013,대구광역시 중구청,053-661-2725,2026-06-08,3410000,대구광역시 중구
더원성형외과의원,대구광역시 중구 동성로6길 25  (공평동가전빌딩 2층),,35.86898138,128.5968617,의료폐기물,,,,45,2010,대구광역시 중구청,053-661-2725,2026-06-08,3410000,대구광역시 중구
(복)대구가톨릭사회복지회부설 성심복지의원,대구광역시 중구 관덕정길 42 (남산동),,35.86372637,128.5908034,의료폐기물,,,,22,2004,대구광역시 중구청,053-661-2725,2026-06-08,3410000,대구광역시 중구
대한내과의원,대구광역시 중구 중앙대로 297 (남산동),,35.85989753,128.591577,의료폐기물,,,,1046,2005,대구광역시 중구청,053-661-2725,2026-06-08,3410000,대구광역시 중구
의료법인열린의료재단대구열린의원,대구광역시 중구 중앙대로 359 (남산동 반월메디칼타워5층),,35.86509162,128.5927746,의료폐기물,,,,28,2011,대구광역시 중구청,053-661-2725,2026-06-08,3410000,대구광역시 중구
로이스덕영치과병원,대구광역시 중구 국채보상로 511 (서문로2가),,35.8707882,128.5865789,의료폐기물,,,,3296,2005,대구광역시 중구청,053-661-2725,2026-06-08,3410000,대구광역시 중구
예미안치과교정과치과의원,대구광역시 중구 달구벌대로 2118 (봉산동),,35.86485261,128.595167,의료폐기물,,,,587,2006,대구광역시 중구청,053-661-2725,2026-06-08,3410000,대구광역시 중구
곽병원장례식장,대구광역시 중구 국채보상로 531 (수동),,35.87083192,128.5886771,의료폐기물,,,,18,2008,대구광역시 중구청,053-661-2725,2026-06-08,3410000,대구광역시 중구
동성로행복을심는치과의원,대구광역시 중구 국채보상로 622 (공평동),,35.87014016,128.5987314,의료폐기물,,,,266,2010,대구광역시 중구청,053-661-2725,2026-06-08,3410000,대구광역시 중구
정화선안과의원,대구광역시 중구 달구벌대로 2191 (삼덕동2가5층),,35.86357738,128.6030873,의료폐기물,,,,52,2004,대구광역시 중구청,053-661-2725,2026-06-08,3410000,대구광역시 중구
모두모의원,대구광역시 중구 약령길 8 (계산동2가),,35.86682887,128.589208,의료폐기물,,,,1154,2020,대구광역시 중구청,053-661-2725,2026-06-08,3410000,대구광역시 중구
삼영치과의원,대구광역시 중구 달구벌대로 2117 (봉산동),,35.86549792,128.5954924,의료폐기물,,,,56,2008,대구광역시 중구청,053-661-2725,2026-06-08,3410000,대구광역시 중구
한일안과,대구광역시 중구 국채보상로 550  (상서동),,35.87037842,128.5908589,의료폐기물,,,,34,2011,대구광역시 중구청,053-661-2725,2026-06-08,3410000,대구광역시 중구
백만이의원,대구광역시 중구 국채보상로 558  (종로1가제일화재빌딩 2층),,35.87048709,128.5916827,의료폐기물,,,,27,2011,대구광역시 중구청,053-661-2725,2026-06-08,3410000,대구광역시 중구
원비뇨기과의원,대구광역시 중구 중앙대로 372 (덕산동),,35.86632737,128.5936837,의료폐기물,,,,29,2008,대구광역시 중구청,053-661-2725,2026-06-08,3410000,대구광역시 중구
새이치과,대구광역시 중구 달구벌대로 2127 (봉산동),,35.86532785,128.5965724,의료폐기물,,,,134,2006,대구광역시 중구청,053-661-2725,2026-06-08,3410000,대구광역시 중구
올바른치과교정치과의원,대구광역시 중구 달구벌대로 2135 (봉산동),,35.86509767,128.5972181,의료폐기물,,,,547,2015,대구광역시 중구청,053-661-2725,2026-06-08,3410000,대구광역시 중구
예일피부과의원,대구광역시 중구 국채보상로 606 (문화동),,35.87045842,128.5969582,의료폐기물,,,,45,2007,대구광역시 중구청,053-661-2725,2026-06-08,3410000,대구광역시 중구
센트로꿈을심는연합치과의원,대구광역시 중구 동덕로 91 (대봉동),,35.86268222,128.6026255,의료폐기물,,,,129,2009,대구광역시 중구청,053-661-2725,2026-06-08,3410000,대구광역시 중구
이상도 신경과,대구광역시 중구 달구벌대로415길 25 (계산동2가),,35.86746912,128.5899238,의료폐기물,,,,84,2012,대구광역시 중구청,053-661-2725,2026-06-08,3410000,대구광역시 중구
예담성형외과의원,대구광역시 중구 동성로1길 81 (삼덕동1가),,35.86519425,128.597654,의료폐기물,,,,158,2008,대구광역시 중구청,053-661-2725,2026-06-08,3410000,대구광역시 중구
성누가종합내과외과의원,대구광역시 중구 달구벌대로 2181 (삼덕동2가 2층),,35.86363609,128.6021452,의료폐기물,,,,88,2008,대구광역시 중구청,053-661-2725,2026-06-08,3410000,대구광역시 중구
하얀림치과의원,대구광역시 중구 달구벌대로 2162 (대봉동),,35.86351638,128.5997884,의료폐기물,,,,130,2005,대구광역시 중구청,053-661-2725,2026-06-08,3410000,대구광역시 중구
미르치과병원,대구광역시 중구 공평로 12  (삼덕동2가),,35.86498963,128.6001019,의료폐기물,,,,5339,2005,대구광역시 중구청,053-661-2725,2026-06-08,3410000,대구광역시 중구
서울새론안과,대구광역시 중구 달구벌대로 2207 (삼덕동2가),,35.86307079,128.6047451,의료폐기물,,,,494,2022,대구광역시 중구청,053-661-2725,2026-06-08,3410000,대구광역시 중구
초이스치과의원,대구광역시 중구 달구벌대로 1955 (대신동),,35.86386652,128.5777187,의료폐기물,,,,379,2015,대구광역시 중구청,053-661-2725,2026-06-08,3410000,대구광역시 중구
한림치과의원,대구광역시 중구 동성로 18 (동성로2가),,35.86842123,128.5949693,의료폐기물,,,,75,2008,대구광역시 중구청,053-661-2725,2026-06-08,3410000,대구광역시 중구
내이치과병원,대구광역시 중구 대봉로 267 (봉산동),,35.86218376,128.599918,의료폐기물,,,,383,2007,대구광역시 중구청,053-661-2725,2026-06-08,3410000,대구광역시 중구
우노치과의원,대구광역시 중구 명덕로 205 (남산동),,35.85702224,128.5927328,의료폐기물,,,,76,2010,대구광역시 중구청,053-661-2725,2026-06-08,3410000,대구광역시 중구
굿모닝안과의원,대구광역시 중구 중앙대로 359 (남산동),,35.86509162,128.5927746,의료폐기물,,,,87,2003,대구광역시 중구청,053-661-2725,2026-06-08,3410000,대구광역시 중구
대구시청,대구광역시 중구 공평로 88 (동인동1가 대구광역시청),,35.87155307,128.6012201,의료폐기물,,,,5,2017,대구광역시 중구청,053-661-2725,2026-06-08,3410000,대구광역시 중구
건강지킴가정의학과의원,대구광역시 중구 동덕로30길 45 (동인동4가),,35.86701845,128.6064083,의료폐기물,,,,145,2020,대구광역시 중구청,053-661-2725,2026-06-08,3410000,대구광역시 중구
중앙정형외과의원,대구광역시 중구 명덕로 205 (남산동),,35.85702224,128.5927328,의료폐기물,,,,179,2008,대구광역시 중구청,053-661-2725,2026-06-08,3410000,대구광역시 중구
박준만마취통증의학과의원,대구광역시 중구 남산로2길 3 (남산동),,35.85706892,128.5831214,의료폐기물,,,,25,2019,대구광역시 중구청,053-661-2725,2026-06-08,3410000,대구광역시 중구
유디치과의원,대구광역시 중구 태평로 160 (북성로1가),,35.87470717,128.5952666,의료폐기물,,,,1525,2010,대구광역시 중구청,053-661-2725,2026-06-08,3410000,대구광역시 중구
남대구정형외과의원,대구광역시 중구 명덕로 59 (남산동),,35.85905563,128.5775149,의료폐기물,,,,500,2003,대구광역시 중구청,053-661-2725,2026-06-08,3410000,대구광역시 중구
박정동치과의원,대구광역시 중구 국채보상로 515 (서문로2가갑을빌딩 5층),,35.8704113,128.5869846,의료폐기물,,,,75,2004,대구광역시 중구청,053-661-2725,2026-06-08,3410000,대구광역시 중구
사랑이가득한치과의원,대구광역시 중구 달구벌대로 2033 (동산동),,35.8665443,128.5860299,의료폐기물,,,,210,2006,대구광역시 중구청,053-661-2725,2026-06-08,3410000,대구광역시 중구
이영진성형외과의원,대구광역시 중구 동성로3길 95 (공평동),,35.86966066,128.5982573,의료폐기물,,,,304,2006,대구광역시 중구청,053-661-2725,2026-06-08,3410000,대구광역시 중구
임길웅치과의원,대구광역시 중구 공평로 5 (삼덕동1가),,35.86464185,128.5994615,의료폐기물,,,,157,2005,대구광역시 중구청,053-661-2725,2026-06-08,3410000,대구광역시 중구
박문호소아청소년과의원,대구광역시 중구 동덕로 91 (대봉동 피이론빌딩6층),,35.86268222,128.6026255,의료폐기물,,,,188,2013,대구광역시 중구청,053-661-2725,2026-06-08,3410000,대구광역시 중구
김장환이비인후과,대구광역시 중구 국채보상로 533 (종로1가),,35.8704616,128.5889457,의료폐기물,,,,40,2008,대구광역시 중구청,053-661-2725,2026-06-08,3410000,대구광역시 중구
대구엘에이치과의원,대구광역시 중구 달구벌대로 2181 (삼덕동2가),,35.86363609,128.6021452,의료폐기물,,,,181,2013,대구광역시 중구청,053-661-2725,2026-06-08,3410000,대구광역시 중구
류마내과의원,대구광역시 중구 달구벌대로 2120 (봉산동 2층),,35.86486168,128.595427,의료폐기물,,,,154,2012,대구광역시 중구청,053-661-2725,2026-06-08,3410000,대구광역시 중구
신남 탑 치과,대구광역시 중구 달성로 1 (대신동),,35.86519904,128.582028,의료폐기물,,,,67,2016,대구광역시 중구청,053-661-2725,2026-06-08,3410000,대구광역시 중구
더블랙성형외과의원,대구광역시 중구 달구벌대로 2118 (봉산동),,35.86485261,128.595167,의료폐기물,,,,714,2008,대구광역시 중구청,053-661-2725,2026-06-08,3410000,대구광역시 중구
대구조이맘산부인과,대구광역시 중구 중앙대로 359  (남산동반월메디컬빌딩 8층),,35.86509162,128.5927746,의료폐기물,,,,180,2007,대구광역시 중구청,053-661-2725,2026-06-08,3410000,대구광역시 중구
신동수안과,대구광역시 중구 국채보상로 447 (대신동),,35.87063524,128.5797315,의료폐기물,,,,150,2007,대구광역시 중구청,053-661-2725,2026-06-08,3410000,대구광역시 중구
미즈산부인과의원,대구광역시 중구 달구벌대로 2047  (계산동2가),,35.86686128,128.5877999,의료폐기물,,,,208,2005,대구광역시 중구청,053-661-2725,2026-06-08,3410000,대구광역시 중구
열린구강내과치과의원,대구광역시 중구 달구벌대로 2149 (삼덕동1가),,35.86458533,128.5989348,의료폐기물,,,,302,2015,대구광역시 중구청,053-661-2725,2026-06-08,3410000,대구광역시 중구
(주)대영산업,,강원특별자치도 정선군 임계면 봉산리 444-1,37.4740109083,128.8487093783,지정폐기물,,,,2.4,2000,강원특별자치도 정선군,033-560-2336,2026-06-26,4291000,강원특별자치도 정선군
(주)대영산업,,강원특별자치도 정선군 임계면 봉산리 444-1,37.4740109083,128.8487093783,지정폐기물,,,,0.24,2000,강원특별자치도 정선군,033-560-2336,2026-06-26,4291000,강원특별자치도 정선군
(주)대영산업,,강원특별자치도 정선군 임계면 봉산리 444-1,37.4740109083,128.8487093783,지정폐기물,,,,0.9,2000,강원특별자치도 정선군,033-560-2336,2026-06-26,4291000,강원특별자치도 정선군
(주)대영산업,,강원특별자치도 정선군 임계면 봉산리 444-1,37.4740109083,128.8487093783,지정폐기물,,,,0.12,2000,강원특별자치도 정선군,033-560-2336,2026-06-26,4291000,강원특별자치도 정선군
연세외과의원,,강원특별자치도 정선군 정선읍 봉양리 333-25,37.3788863116,128.6639686985,지정폐기물,,,,0.48,2000,강원특별자치도 정선군,033-560-2336,2026-06-26,4291000,강원특별자치도 정선군
제일의원,강원특별자치도 정선군 사북읍 사북5길 1,강원특별자치도 정선군 사북읍 사북리 372-4,37.2273377846,128.8198910162,지정폐기물,,,,0.36,2000,강원특별자치도 정선군,033-560-2336,2026-06-26,4291000,강원특별자치도 정선군
제일의원,강원특별자치도 정선군 사북읍 사북5길 1,강원특별자치도 정선군 사북읍 사북리 372-4,37.2273377846,128.8198910162,지정폐기물,,,,0.036,2000,강원특별자치도 정선군,033-560-2336,2026-06-26,4291000,강원특별자치도 정선군
한내과의원,,강원특별자치도 정선군 정선읍 봉양리 339-1,37.3798352308,128.6639319795,지정폐기물,,,,0.036,2000,강원특별자치도 정선군,033-560-2336,2026-06-26,4291000,강원특별자치도 정선군
한내과의원,,강원특별자치도 정선군 정선읍 봉양리 339-1,37.3798352308,128.6639319795,지정폐기물,,,,0.36,2000,강원특별자치도 정선군,033-560-2336,2026-06-26,4291000,강원특별자치도 정선군
정선군보건소,강원특별자치도 정선군 정선읍 녹송로 33,강원특별자치도 정선군 정선읍 봉양리 80-5,37.3800927417,128.671485939,지정폐기물,,,,0.06,2000,강원특별자치도 정선군,033-560-2336,2026-06-26,4291000,강원특별자치도 정선군
정선군보건소,강원특별자치도 정선군 정선읍 녹송로 33,강원특별자치도 정선군 정선읍 봉양리 80-5,37.3800927417,128.671485939,지정폐기물,,,,1.2,2000,강원특별자치도 정선군,033-560-2336,2026-06-26,4291000,강원특별자치도 정선군
정선군보건소,강원특별자치도 정선군 정선읍 녹송로 33,강원특별자치도 정선군 정선읍 봉양리 80-5,37.3800927417,128.671485939,지정폐기물,,,,0.24,2000,강원특별자치도 정선군,033-560-2336,2026-06-26,4291000,강원특별자치도 정선군
정선군보건소,강원특별자치도 정선군 정선읍 녹송로 33,강원특별자치도 정선군 정선읍 봉양리 80-5,37.3800927417,128.671485939,지정폐기물,,,,0.36,2000,강원특별자치도 정선군,033-560-2336,2026-06-26,4291000,강원특별자치도 정선군
정선군보건소,강원특별자치도 정선군 정선읍 녹송로 33,강원특별자치도 정선군 정선읍 봉양리 80-5,37.3800927417,128.671485939,지정폐기물,,,,0.024,2000,강원특별자치도 정선군,033-560-2336,2026-06-26,4291000,강원특별자치도 정선군
정선군보건소,강원특별자치도 정선군 정선읍 녹송로 33,강원특별자치도 정선군 정선읍 봉양리 80-5,37.3800927417,128.671485939,지정폐기물,,,,0.12,2000,강원특별자치도 정선군,033-560-2336,2026-06-26,4291000,강원특별자치도 정선군
이치과의원,,강원특별자치도 정선군 정선읍 봉양리 1통4반,37.3858361677,128.6706731881,지정폐기물,,,,0.024,2000,강원특별자치도 정선군,033-560-2336,2026-06-26,4291000,강원특별자치도 정선군
이치과의원,,강원특별자치도 정선군 정선읍 봉양리 1통4반,37.3858361677,128.6706731881,지정폐기물,,,,0.12,2000,강원특별자치도 정선군,033-560-2336,2026-06-26,4291000,강원특별자치도 정선군
이치과의원,,강원특별자치도 정선군 정선읍 봉양리 1통4반,37.3858361677,128.6706731881,지정폐기물,,,,0.036,2000,강원특별자치도 정선군,033-560-2336,2026-06-26,4291000,강원특별자치도 정선군
이치과의원,,강원특별자치도 정선군 정선읍 봉양리 1통4반,37.3858361677,128.6706731881,지정폐기물,,,,0.048,2000,강원특별자치도 정선군,033-560-2336,2026-06-26,4291000,강원특별자치도 정선군
남명개발(주),강원특별자치도 정선군 임계면 사을기길 12,강원특별자치도 정선군 임계면 낙천리 산 166-1,37.4696574883,128.8182707558,지정폐기물,,,,2.4,2001,강원특별자치도 정선군,033-560-2336,2026-06-26,4291000,강원특별자치도 정선군
남명개발(주),강원특별자치도 정선군 임계면 사을기길 12,강원특별자치도 정선군 임계면 낙천리 산 166-1,37.4696574883,128.8182707558,지정폐기물,,,,0.24,2001,강원특별자치도 정선군,033-560-2336,2026-06-26,4291000,강원특별자치도 정선군
남명개발(주),강원특별자치도 정선군 임계면 사을기길 12,강원특별자치도 정선군 임계면 낙천리 산 166-1,37.4696574883,128.8182707558,지정폐기물,,,,0.12,2001,강원특별자치도 정선군,033-560-2336,2026-06-26,4291000,강원특별자치도 정선군
(주)태경레미콘,강원특별자치도 정선군 남면 약수길 22,강원특별자치도 정선군 남면 유평리 437-1,37.2762414115,128.7443491271,지정폐기물,,,,0.12,2001,강원특별자치도 정선군,033-560-2336,2026-06-26,4291000,강원특별자치도 정선군
(주)태경레미콘,강원특별자치도 정선군 남면 약수길 22,강원특별자치도 정선군 남면 유평리 437-1,37.2762414115,128.7443491271,지정폐기물,,,,0.1,2001,강원특별자치도 정선군,033-560-2336,2026-06-26,4291000,강원특별자치도 정선군
(주)태경레미콘,강원특별자치도 정선군 남면 약수길 22,강원특별자치도 정선군 남면 유평리 437-1,37.2762414115,128.7443491271,지정폐기물,,,,1,2001,강원특별자치도 정선군,033-560-2336,2026-06-26,4291000,강원특별자치도 정선군
(주)태경레미콘,강원특별자치도 정선군 남면 약수길 22,강원특별자치도 정선군 남면 유평리 437-1,37.2762414115,128.7443491271,지정폐기물,,,,2.4,2001,강원특별자치도 정선군,033-560-2336,2026-06-26,4291000,강원특별자치도 정선군
의료법인벧엘의료재단삼성한의원,강원특별자치도 정선군 정선읍 비봉로 53,강원특별자치도 정선군 정선읍 봉양리 390-11,37.3813342609,128.6642275979,지정폐기물,,,,0.36,2001,강원특별자치도 정선군,033-560-2336,2026-06-26,4291000,강원특별자치도 정선군
의료법인벧엘의료재단삼성한의원,강원특별자치도 정선군 정선읍 비봉로 53,강원특별자치도 정선군 정선읍 봉양리 390-11,37.3813342609,128.6642275979,지정폐기물,,,,0.06,2001,강원특별자치도 정선군,033-560-2336,2026-06-26,4291000,강원특별자치도 정선군
(주)한두,강원특별자치도 정선군 남면 곰골길 159-13,강원특별자치도 정선군 남면 문곡리 산 330,37.2684202074,128.7088870703,지정폐기물,,,,0.24,2001,강원특별자치도 정선군,033-560-2336,2026-06-26,4291000,강원특별자치도 정선군
(주)한두,강원특별자치도 정선군 남면 곰골길 159-13,강원특별자치도 정선군 남면 문곡리 산 330,37.2684202074,128.7088870703,지정폐기물,,,,0.12,2001,강원특별자치도 정선군,033-560-2336,2026-06-26,4291000,강원특별자치도 정선군
(주)한두,강원특별자치도 정선군 남면 곰골길 159-13,강원특별자치도 정선군 남면 문곡리 산 330,37.2684202074,128.7088870703,지정폐기물,,,,1.2,2001,강원특별자치도 정선군,033-560-2336,2026-06-26,4291000,강원특별자치도 정선군
임계보건지소,,강원특별자치도 정선군 임계면 송계리 695,37.4967387733,128.8514202739,지정폐기물,,,,0.12,2001,강원특별자치도 정선군,033-560-2336,2026-06-26,4291000,강원특별자치도 정선군
임계보건지소,,강원특별자치도 정선군 임계면 송계리 695,37.4967387733,128.8514202739,지정폐기물,,,,0.06,2001,강원특별자치도 정선군,033-560-2336,2026-06-26,4291000,강원특별자치도 정선군
(주)대림레미콘,,강원특별자치도 정선군 남면 무릉리 827-4.10,37.2474726386,128.7773041572,지정폐기물,,,,2.4,2001,강원특별자치도 정선군,033-560-2336,2026-06-26,4291000,강원특별자치도 정선군
(주)대림레미콘,,강원특별자치도 정선군 남면 무릉리 827-4.10,37.2474726386,128.7773041572,지정폐기물,,,,0.1,2001,강원특별자치도 정선군,033-560-2336,2026-06-26,4291000,강원특별자치도 정선군
(주)대림레미콘,,강원특별자치도 정선군 남면 무릉리 827-4.10,37.2474726386,128.7773041572,지정폐기물,,,,1,2001,강원특별자치도 정선군,033-560-2336,2026-06-26,4291000,강원특별자치도 정선군
(주)대림레미콘,,강원특별자치도 정선군 남면 무릉리 827-4.10,37.2474726386,128.7773041572,지정폐기물,,,,1.2,2001,강원특별자치도 정선군,033-560-2336,2026-06-26,4291000,강원특별자치도 정선군
송원개발(주),,강원특별자치도 정선군 신동읍 가사리 산 11,37.2405547399,128.687235991,지정폐기물,,,,0.06,2002,강원특별자치도 정선군,033-560-2336,2026-06-26,4291000,강원특별자치도 정선군
송원개발(주),,강원특별자치도 정선군 신동읍 가사리 산 11,37.2405547399,128.687235991,지정폐기물,,,,0.96,2002,강원특별자치도 정선군,033-560-2336,2026-06-26,4291000,강원특별자치도 정선군
(주)강원랜드,강원특별자치도 정선군 사북읍 하이원길 265,,37.2118740499,128.8214537296,지정폐기물,,,,130,2004,강원특별자치도 정선군,033-560-2336,2026-06-26,4291000,강원특별자치도 정선군
(주)강원랜드,강원특별자치도 정선군 사북읍 하이원길 265 (강원랜드),,37.2118740499,128.8214537296,사업장폐기물,,,,232,2016,강원특별자치도 정선군,033-560-2336,2026-06-26,4291000,강원특별자치도 정선군
(주)충무화학,강원특별자치도 정선군 남면 거칠현길 80,강원특별자치도 정선군 남면 낙동리 49-1,37.3196016391,128.7256592249,사업장폐기물,,,,50,2017,강원특별자치도 정선군,033-560-2336,2026-06-26,4291000,강원특별자치도 정선군
(주)충무화학,강원특별자치도 정선군 남면 거칠현길 80,강원특별자치도 정선군 남면 낙동리 49-1,37.3196016391,128.7256592249,사업장폐기물,,,,2500,2017,강원특별자치도 정선군,033-560-2336,2026-06-26,4291000,강원특별자치도 정선군
한국광해광업공단 강원지사,강원특별자치도 태백시 황지로 68_ 광해방지사업단 강원지사 (황지동),강원특별자치도 태백시 황지동 79-4 광해방지사업단 강원지사,37.1647929147,128.9920361006,사업장폐기물,,,,1600,2017,강원특별자치도 정선군,033-560-2336,2026-06-26,4291000,강원특별자치도 정선군
(주)케이엔비 푸드,강원특별자치도 정선군 신동읍 의림로 141-52,,37.2077881659,128.6373635133,사업장폐기물,,,,264,2017,강원특별자치도 정선군,033-560-2336,2026-06-26,4291000,강원특별자치도 정선군
2018평창동계올림픽대회및장애인동계올림픽조직위원회,강원특별자치도 평창군 대관령면 올림픽로 108-27,,37.6706525654,128.7030359438,사업장폐기물,,,,128,2018,강원특별자치도 정선군,033-560-2336,2026-06-26,4291000,강원특별자치도 정선군
한국광해관리공단 강원지사 (신태일수질정화시설),,강원특별자치도 정선군 정선읍 회동리 283-1,37.4222878725,128.5768761798,사업장폐기물,,,,332,2018,강원특별자치도 정선군,033-560-2336,2026-06-26,4291000,강원특별자치도 정선군
아라리이(합),강원특별자치도 정선군 북평면 서동로 2162-8,강원특별자치도 정선군 북평면 북평리 63-30,37.4535106079,128.6726812406,사업장폐기물,,,,100,2018,강원특별자치도 정선군,033-560-2336,2026-06-26,4291000,강원특별자치도 정선군
아라리이(합),강원특별자치도 정선군 북평면 서동로 2162-8,강원특별자치도 정선군 북평면 북평리 63-30,37.4535106079,128.6726812406,사업장폐기물,,,,18,2018,강원특별자치도 정선군,033-560-2336,2026-06-26,4291000,강원특별자치도 정선군
주식회사 일양웰푸드,강원특별자치도 정선군 신동읍 예미2길 26-49,강원특별자치도 정선군 신동읍 예미리 248-16,37.215022378,128.6508393127,사업장폐기물,,,,50,2018,강원특별자치도 정선군,033-560-2336,2026-06-26,4291000,강원특별자치도 정선군
(주)풀무원푸드앤컬처,강원특별자치도 정선군 사북읍 하이원길 265_ 강원랜드,강원특별자치도 정선군 사북읍 사북리 424 강원랜드,37.2118740499,128.8214537296,사업장폐기물,,,,119,2018,강원특별자치도 정선군,033-560-2336,2026-06-26,4291000,강원특별자치도 정선군
(주)한성식품 정선지점,강원특별자치도 정선군 신동읍 의림로 141-109,강원특별자치도 정선군 신동읍 천포리 500-1,37.205815135,128.6371381793,사업장폐기물,,,,204,2018,강원특별자치도 정선군,033-560-2336,2026-06-26,4291000,강원특별자치도 정선군
(주)한성식품 정선지점,강원특별자치도 정선군 신동읍 의림로 141-109,강원특별자치도 정선군 신동읍 천포리 500-1,37.205815135,128.6371381793,사업장폐기물,,,,1020,2018,강원특별자치도 정선군,033-560-2336,2026-06-26,4291000,강원특별자치도 정선군
아이파크리조트(주)파크로쉬,강원특별자치도 정선군 북평면 중봉길 9-12_ 파크로쉬,강원특별자치도 정선군 북평면 숙암리 482 파크로쉬,37.4747821442,128.6111547727,사업장폐기물,,,,300,2019,강원특별자치도 정선군,033-560-2336,2026-06-26,4291000,강원특별자치도 정선군
아이파크리조트(주)파크로쉬,강원특별자치도 정선군 북평면 중봉길 9-12_ 파크로쉬,강원특별자치도 정선군 북평면 숙암리 482 파크로쉬,37.4747821442,128.6111547727,사업장폐기물,,,,150,2019,강원특별자치도 정선군,033-560-2336,2026-06-26,4291000,강원특별자치도 정선군
주식회사 송담아이엔씨,강원특별자치도 정선군 북평면 중봉길 23_ 포레스트,강원특별자치도 정선군 북평면 숙암리 513-3 포레스트,37.4756034132,128.6123701912,사업장폐기물,,,,500,2019,강원특별자치도 정선군,033-560-2336,2026-06-26,4291000,강원특별자치도 정선군
주식회사 송담아이엔씨,강원특별자치도 정선군 북평면 중봉길 23_ 포레스트,강원특별자치도 정선군 북평면 숙암리 513-3 포레스트,37.4756034132,128.6123701912,사업장폐기물,,,,100,2019,강원특별자치도 정선군,033-560-2336,2026-06-26,4291000,강원특별자치도 정선군
나라환경개발(주),강원특별자치도 정선군 신동읍 의림로 141-76_ 폐수처리장,강원특별자치도 정선군 신동읍 예미리 896-4 폐수처리장,37.2057926441,128.6362361495,사업장폐기물,,,,240,2019,강원특별자치도 정선군,033-560-2336,2026-06-26,4291000,강원특별자치도 정선군
주식회사 정선라마다엔코,강원특별자치도 정선군 사북읍 지장천로 583_ 라마다앙코르정선호텔,강원특별자치도 정선군 사북읍 사북리 354-32 라마다앙코르정선호텔,37.2266895991,128.8123594469,사업장폐기물,,,,60,2019,강원특별자치도 정선군,033-560-2336,2026-06-26,4291000,강원특별자치도 정선군
주식회사 정선라마다엔코,강원특별자치도 정선군 사북읍 지장천로 583_ 라마다앙코르정선호텔,강원특별자치도 정선군 사북읍 사북리 354-32 라마다앙코르정선호텔,37.2266895991,128.8123594469,사업장폐기물,,,,3.6,2019,강원특별자치도 정선군,033-560-2336,2026-06-26,4291000,강원특별자치도 정선군
(주)한국환경엔지니어링,강원특별자치도 정선군 신동읍 예미2길 26-47,강원특별자치도 정선군 신동읍 예미리 248-2,37.2152221506,128.650711057,사업장폐기물,,,,84,2020,강원특별자치도 정선군,033-560-2336,2026-06-26,4291000,강원특별자치도 정선군
정선군 상하수도사업소,강원특별자치도 정선군 신동읍 예미1길 31-80,강원특별자치도 정선군 신동읍 예미리 830,37.2091718333,128.6363215186,사업장폐기물,,,,300,2020,강원특별자치도 정선군,033-560-2336,2026-06-26,4291000,강원특별자치도 정선군
정선군 상하수도사업소,강원특별자치도 정선군 신동읍 예미1길 31-80,강원특별자치도 정선군 신동읍 예미리 830,37.2091718333,128.6363215186,사업장폐기물,,,,180,2020,강원특별자치도 정선군,033-560-2336,2026-06-26,4291000,강원특별자치도 정선군
농업회사법인 (주)채움,강원특별자치도 정선군 신동읍 의림로 141-52,강원특별자치도 정선군 신동읍 예미리 896-1,37.2077881659,128.6373635133,사업장폐기물,,,,100,2021,강원특별자치도 정선군,033-560-2336,2026-06-26,4291000,강원특별자치도 정선군
농업회사법인 (주)채움,강원특별자치도 정선군 신동읍 의림로 141-52,강원특별자치도 정선군 신동읍 예미리 896-1,37.2077881659,128.6373635133,사업장폐기물,,,,120,2021,강원특별자치도 정선군,033-560-2336,2026-06-26,4291000,강원특별자치도 정선군
농업회사법인 (주)채움,강원특별자치도 정선군 신동읍 의림로 141-52,강원특별자치도 정선군 신동읍 예미리 896-1,37.2077881659,128.6373635133,사업장폐기물,,,,60,2021,강원특별자치도 정선군,033-560-2336,2026-06-26,4291000,강원특별자치도 정선군
한국광해광업공단 강원지사,강원특별자치도 정선군 북평면 탑골길 130,강원특별자치도 정선군 북평면 북평리 375-13,37.4651098317,128.6664155817,사업장폐기물,,,,20,2021,강원특별자치도 정선군,033-560-2336,2026-06-26,4291000,강원특별자치도 정선군
한국광해광업공단 강원지사,강원특별자치도 정선군 북평면 탑골길 130,강원특별자치도 정선군 북평면 북평리 375-13,37.4651098317,128.6664155817,사업장폐기물,,,,90,2021,강원특별자치도 정선군,033-560-2336,2026-06-26,4291000,강원특별자치도 정선군
(주)강원랜드,강원특별자치도 정선군 사북읍 하이원길 265 (강원랜드),,37.2118740499,128.8214537296,사업장폐기물,,,,756,2016,강원특별자치도 정선군,033-560-2336,2026-06-26,4291000,강원특별자치도 정선군
강원도정선교육지원청,강원특별자치도 정선군 정선읍 비봉로 41,강원특별자치도 정선군 정선읍 봉양리 400-1,37.3817970635,128.6629727921,사업장폐기물,,,,6,2022,강원특별자치도 정선군,033-560-2336,2026-06-26,4291000,강원특별자치도 정선군
(주)마이애미정선,강원특별자치도 정선군 고한읍 고한로 45,강원특별자치도 정선군 고한읍 고한리 120-6,37.2073689377,128.8444520925,사업장폐기물,,,,30,2022,강원특별자치도 정선군,033-560-2336,2026-06-26,4291000,강원특별자치도 정선군
(주)마이애미정선,강원특별자치도 정선군 고한읍 고한로 45,강원특별자치도 정선군 고한읍 고한리 120-6,37.2073689377,128.8444520925,사업장폐기물,,,,60,2022,강원특별자치도 정선군,033-560-2336,2026-06-26,4291000,강원특별자치도 정선군
본우리집밥 강원랜드그랜드호텔점,강원특별자치도 정선군 사북읍 하이원길 265_ 강원랜드 3층,강원특별자치도 정선군 사북읍 사북리 424 강원랜드,37.2118740499,128.8214537296,사업장폐기물,,,,100,2023,강원특별자치도 정선군,033-560-2336,2026-06-26,4291000,강원특별자치도 정선군
본우리집밥 강원랜드그랜드호텔점,강원특별자치도 정선군 사북읍 하이원길 265_ 강원랜드 3층,강원특별자치도 정선군 사북읍 사북리 424 강원랜드,37.2118740499,128.8214537296,사업장폐기물,,,,40,2023,강원특별자치도 정선군,033-560-2336,2026-06-26,4291000,강원특별자치도 정선군
본우리집밥 강원랜드그랜드호텔점,강원특별자치도 정선군 사북읍 하이원길 265_ 강원랜드 3층,강원특별자치도 정선군 사북읍 사북리 424 강원랜드,37.2118740499,128.8214537296,사업장폐기물,,,,300,2023,강원특별자치도 정선군,033-560-2336,2026-06-26,4291000,강원특별자치도 정선군
정선국토관리사무소,강원특별자치도 정선군 정선읍 와평1길 6,강원특별자치도 정선군 정선읍 신월리 981,37.3692448631,128.6839465716,사업장폐기물,,,,60,2023,강원특별자치도 정선군,033-560-2336,2026-06-26,4291000,강원특별자치도 정선군
한국광해광업공단 강원지사,강원특별자치도 태백시 황지로 68 (황지동_ 광해방지사업단 강원지사),강원특별자치도 태백시 황지동 79-4,37.1647929147,128.9920361006,사업장폐기물,,,,150,2025,강원특별자치도 정선군,033-560-2336,2026-06-26,4291000,강원특별자치도 정선군
사조푸디스트(주),강원특별자치도 정선군 사북읍 하이원길 265_ 강원랜드,강원특별자치도 정선군 사북읍 사북리 424 강원랜드,37.2118740499,128.8214537296,사업장폐기물,,,,300,2025,강원특별자치도 정선군,033-560-2336,2026-06-26,4291000,강원특별자치도 정선군
사조푸디스트(주),강원특별자치도 정선군 사북읍 하이원길 265_ 강원랜드,강원특별자치도 정선군 사북읍 사북리 424 강원랜드,37.2118740499,128.8214537296,사업장폐기물,,,,100,2025,강원특별자치도 정선군,033-560-2336,2026-06-26,4291000,강원특별자치도 정선군
사조푸디스트(주),강원특별자치도 정선군 사북읍 하이원길 265_ 강원랜드,강원특별자치도 정선군 사북읍 사북리 424 강원랜드,37.2118740499,128.8214537296,사업장폐기물,,,,40,2025,강원특별자치도 정선군,033-560-2336,2026-06-26,4291000,강원특별자치도 정선군
강원특별자치도정선교육지원청,강원특별자치도 정선군 정선읍 비봉로 41,강원특별자치도 정선군 정선읍 봉양리 400-1,37.3817970635,128.6629727921,사업장폐기물,,,,400,2025,강원특별자치도 정선군,033-560-2336,2026-06-26,4291000,강원특별자치도 정선군
강원특별자치도정선교육지원청,강원특별자치도 정선군 정선읍 비봉로 41,강원특별자치도 정선군 정선읍 봉양리 400-1,37.3817970635,128.6629727921,사업장폐기물,,,,200,2025,강원특별자치도 정선군,033-560-2336,2026-06-26,4291000,강원특별자치도 정선군
(주)정선라임,강원특별자치도 정선군 사북읍 직전로 650,강원특별자치도 정선군 사북읍 직전리 220-4,37.2687393179,128.8272740839,사업장폐기물,,,,36,2025,강원특별자치도 정선군,033-560-2336,2026-06-26,4291000,강원특별자치도 정선군
(주)신우엠티에스,강원특별자치도 정선군 임계면 송이재길 815,강원특별자치도 정선군 임계면 덕암리 354,37.3515315572,128.8489277863,사업장폐기물,,,,50,2025,강원특별자치도 정선군,033-560-2336,2026-06-26,4291000,강원특별자치도 정선군
한국광해광업공단 강원지사,강원특별자치도 태백시 황지로 68 (황지동_ 광해방지사업단 강원지사),강원특별자치도 태백시 황지동 79-4,37.1647929147,128.9920361006,사업장폐기물,,,,170,2025,강원특별자치도 정선군,033-560-2336,2026-06-26,4291000,강원특별자치도 정선군
정선국토관리사무소,강원특별자치도 정선군 정선읍 와평1길 6,강원특별자치도 정선군 정선읍 신월리 981,37.3692448631,128.6839465716,사업장폐기물,,,,50,2026,강원특별자치도 정선군,033-560-2336,2026-06-26,4291000,강원특별자치도 정선군
호텔아이파크(주)파크로쉬 정선 에프앤비,강원특별자치도 정선군 북평면 중봉길 9-12_ 파크로쉬,강원특별자치도 정선군 북평면 숙암리 482 파크로쉬,37.4747821442,128.6111547727,사업장폐기물,,,,300,2026,강원특별자치도 정선군,033-560-2336,2026-06-26,4291000,강원특별자치도 정선군
(주)강원랜드,강원특별자치도 정선군 사북읍 하이원길 265,,37.2118740499,128.8214537296,지정폐기물,,,,13.3,2004,강원특별자치도 정선군,033-560-2336,2026-06-26,4291000,강원특별자치도 정선군
(주)강원랜드,강원특별자치도 정선군 사북읍 하이원길 265,,37.2118740499,128.8214537296,지정폐기물,,,,1,2004,강원특별자치도 정선군,033-560-2336,2026-06-26,4291000,강원특별자치도 정선군
(주)강원랜드,강원특별자치도 정선군 사북읍 하이원길 265,,37.2118740499,128.8214537296,지정폐기물,,,,8,2004,강원특별자치도 정선군,033-560-2336,2026-06-26,4291000,강원특별자치도 정선군
(주)강원랜드,강원특별자치도 정선군 사북읍 하이원길 265,,37.2118740499,128.8214537296,지정폐기물,,,,10,2004,강원특별자치도 정선군,033-560-2336,2026-06-26,4291000,강원특별자치도 정선군
(주)강원랜드,강원특별자치도 정선군 사북읍 하이원길 265,,37.2118740499,128.8214537296,지정폐기물,,,,6,2004,강원특별자치도 정선군,033-560-2336,2026-06-26,4291000,강원특별자치도 정선군
(주)강원랜드,강원특별자치도 정선군 사북읍 하이원길 265,,37.2118740499,128.8214537296,지정폐기물,,,,12,2004,강원특별자치도 정선군,033-560-2336,2026-06-26,4291000,강원특별자치도 정선군
연세의원,강원특별자치도 정선군 임계면 송계5길 2,강원특별자치도 정선군 임계면 송계리 765-3,37.495473143,128.8500910055,지정폐기물,,,,0.6,2004,강원특별자치도 정선군,033-560-2336,2026-06-26,4291000,강원특별자치도 정선군
연세의원,강원특별자치도 정선군 임계면 송계5길 2,강원특별자치도 정선군 임계면 송계리 765-3,37.495473143,128.8500910055,지정폐기물,,,,0.06,2004,강원특별자치도 정선군,033-560-2336,2026-06-26,4291000,강원특별자치도 정선군
정선군청,강원특별자치도 정선군 남면 광락로 691-233,강원특별자치도 정선군 남면 광덕리 365,37.3072722933,128.6787898746,지정폐기물,,,,72,2005,강원특별자치도 정선군,033-560-2336,2026-06-26,4291000,강원특별자치도 정선군
안성한의원,,강원특별자치도 정선군 여량면 여량리 99-5,37.472012521,128.7255819951,지정폐기물,,,,0.06,2006,강원특별자치도 정선군,033-560-2336,2026-06-26,4291000,강원특별자치도 정선군
안성한의원,,강원특별자치도 정선군 여량면 여량리 99-5,37.472012521,128.7255819951,지정폐기물,,,,0.12,2006,강원특별자치도 정선군,033-560-2336,2026-06-26,4291000,강원특별자치도 정선군
강원도자동차전문정비사업조합정선지회,강원특별자치도 정선군 정선읍 어천길 2,강원특별자치도 정선군 정선읍 애산리 741-7,37.3719133621,128.6703948828,지정폐기물,,,,2,2007,강원특별자치도 정선군,033-560-2336,2026-06-26,4291000,강원특별자치도 정선군
강원도자동차전문정비사업조합정선지회,강원특별자치도 정선군 정선읍 어천길 2,강원특별자치도 정선군 정선읍 애산리 741-7,37.3719133621,128.6703948828,지정폐기물,,,,168,2007,강원특별자치도 정선군,033-560-2336,2026-06-26,4291000,강원특별자치도 정선군
강원도자동차전문정비사업조합정선지회,강원특별자치도 정선군 정선읍 어천길 2,강원특별자치도 정선군 정선읍 애산리 741-7,37.3719133621,128.6703948828,지정폐기물,,,,15.3,2007,강원특별자치도 정선군,033-560-2336,2026-06-26,4291000,강원특별자치도 정선군
강원도자동차전문정비사업조합정선지회,강원특별자치도 정선군 정선읍 어천길 2,강원특별자치도 정선군 정선읍 애산리 741-7,37.3719133621,128.6703948828,지정폐기물,,,,37.2,2007,강원특별자치도 정선군,033-560-2336,2026-06-26,4291000,강원특별자치도 정선군
강원도자동차전문정비사업조합정선지회,강원특별자치도 정선군 정선읍 어천길 2,강원특별자치도 정선군 정선읍 애산리 741-7,37.3719133621,128.6703948828,지정폐기물,,,,3.6,2007,강원특별자치도 정선군,033-560-2336,2026-06-26,4291000,강원특별자치도 정선군
강원도자동차전문정비사업조합정선지회,강원특별자치도 정선군 정선읍 어천길 2,강원특별자치도 정선군 정선읍 애산리 741-7,37.3719133621,128.6703948828,지정폐기물,,,,9.6,2007,강원특별자치도 정선군,033-560-2336,2026-06-26,4291000,강원특별자치도 정선군
조동보건진료소,,강원특별자치도 정선군 신동읍 조동리 216-1,37.2178269424,128.6713910019,지정폐기물,,,,0.06,2008,강원특별자치도 정선군,033-560-2336,2026-06-26,4291000,강원특별자치도 정선군
조동보건진료소,,강원특별자치도 정선군 신동읍 조동리 216-1,37.2178269424,128.6713910019,지정폐기물,,,,0.12,2008,강원특별자치도 정선군,033-560-2336,2026-06-26,4291000,강원특별자치도 정선군
광하보건진료소,,강원특별자치도 정선군 정선읍 광하리 636-1,37.3553965917,128.6025694233,지정폐기물,,,,0.12,2008,강원특별자치도 정선군,033-560-2336,2026-06-26,4291000,강원특별자치도 정선군
광하보건진료소,,강원특별자치도 정선군 정선읍 광하리 636-1,37.3553965917,128.6025694233,지정폐기물,,,,0.06,2008,강원특별자치도 정선군,033-560-2336,2026-06-26,4291000,강원특별자치도 정선군
구절보건진료소,강원특별자치도 정선군 여량면 구절양지말길 28,강원특별자치도 정선군 여량면 구절리 301-1,37.5190682772,128.7347831071,지정폐기물,,,,0.06,2008,강원특별자치도 정선군,033-560-2336,2026-06-26,4291000,강원특별자치도 정선군
구절보건진료소,강원특별자치도 정선군 여량면 구절양지말길 28,강원특별자치도 정선군 여량면 구절리 301-1,37.5190682772,128.7347831071,지정폐기물,,,,0.12,2008,강원특별자치도 정선군,033-560-2336,2026-06-26,4291000,강원특별자치도 정선군
씨아이티건설주식회사,강원특별자치도 정선군 고한읍 물한리길 8,강원특별자치도 정선군 고한읍 고한리 142,37.2114675123,128.8353139044,지정폐기물,,,,8,2008,강원특별자치도 정선군,033-560-2336,2026-06-26,4291000,강원특별자치도 정선군
정선군노인요양원,강원특별자치도 정선군 정선읍 와평2길 1-77,강원특별자치도 정선군 정선읍 신월리 869-1,37.3715803998,128.6806675942,지정폐기물,,,,0.18,2009,강원특별자치도 정선군,033-560-2336,2026-06-26,4291000,강원특별자치도 정선군
정선군노인요양원,강원특별자치도 정선군 정선읍 와평2길 1-77,강원특별자치도 정선군 정선읍 신월리 869-1,37.3715803998,128.6806675942,지정폐기물,,,,0.024,2009,강원특별자치도 정선군,033-560-2336,2026-06-26,4291000,강원특별자치도 정선군
대림산업(주)정선리조트,강원특별자치도 정선군 고한읍 물한리길 8,강원특별자치도 정선군 고한읍 고한리 142,37.2114675123,128.8353139044,지정폐기물,,,,5,2009,강원특별자치도 정선군,033-560-2336,2026-06-26,4291000,강원특별자치도 정선군
현대가축병원,강원특별자치도 정선군 정선읍 정선로 1330,강원특별자치도 정선군 정선읍 봉양리 209-10,37.3792922031,128.6617056466,지정폐기물,,,,0.06,2010,강원특별자치도 정선군,033-560-2336,2026-06-26,4291000,강원특별자치도 정선군
현대가축병원,강원특별자치도 정선군 정선읍 정선로 1330,강원특별자치도 정선군 정선읍 봉양리 209-10,37.3792922031,128.6617056466,지정폐기물,,,,0.12,2010,강원특별자치도 정선군,033-560-2336,2026-06-26,4291000,강원특별자치도 정선군
벧엘동산,강원특별자치도 정선군 임계면 월루길 446,강원특별자치도 정선군 임계면 반천리 23-8,37.4886607127,128.7969612312,지정폐기물,,,,0.12,2011,강원특별자치도 정선군,033-560-2336,2026-06-26,4291000,강원특별자치도 정선군
벧엘동산,강원특별자치도 정선군 임계면 월루길 446,강원특별자치도 정선군 임계면 반천리 23-8,37.4886607127,128.7969612312,지정폐기물,,,,0.06,2011,강원특별자치도 정선군,033-560-2336,2026-06-26,4291000,강원특별자치도 정선군
우리의원,강원특별자치도 정선군 신동읍 의림로 297,강원특별자치도 정선군 신동읍 예미리 668-6,37.2181975634,128.643652189,지정폐기물,,,,0.18,2011,강원특별자치도 정선군,033-560-2336,2026-06-26,4291000,강원특별자치도 정선군
우리의원,강원특별자치도 정선군 신동읍 의림로 297,강원특별자치도 정선군 신동읍 예미리 668-6,37.2181975634,128.643652189,지정폐기물,,,,0.06,2011,강원특별자치도 정선군,033-560-2336,2026-06-26,4291000,강원특별자치도 정선군
유명치과,강원특별자치도 정선군 정선읍 정선로 1365,,37.3801356115,128.6657289343,지정폐기물,,,,0.012,2011,강원특별자치도 정선군,033-560-2336,2026-06-26,4291000,강원특별자치도 정선군
유명치과,강원특별자치도 정선군 정선읍 정선로 1365,,37.3801356115,128.6657289343,지정폐기물,,,,0.048,2011,강원특별자치도 정선군,033-560-2336,2026-06-26,4291000,강원특별자치도 정선군
유명치과,강원특별자치도 정선군 정선읍 정선로 1365,,37.3801356115,128.6657289343,지정폐기물,,,,0.48,2011,강원특별자치도 정선군,033-560-2336,2026-06-26,4291000,강원특별자치도 정선군
다나동물병원,강원특별자치도 정선군 정선읍 비봉로 46,,37.3811027123,128.6631592043,지정폐기물,,,,0.024,2012,강원특별자치도 정선군,033-560-2336,2026-06-26,4291000,강원특별자치도 정선군
다나동물병원,강원특별자치도 정선군 정선읍 비봉로 46,,37.3811027123,128.6631592043,지정폐기물,,,,0.12,2012,강원특별자치도 정선군,033-560-2336,2026-06-26,4291000,강원특별자치도 정선군
대성한의원,,강원특별자치도 정선군 정선읍 봉양리 334-4,37.3792699862,128.6638427191,지정폐기물,,,,0.18,2012,강원특별자치도 정선군,033-560-2336,2026-06-26,4291000,강원특별자치도 정선군
대성한의원,,강원특별자치도 정선군 정선읍 봉양리 334-4,37.3792699862,128.6638427191,지정폐기물,,,,0.06,2012,강원특별자치도 정선군,033-560-2336,2026-06-26,4291000,강원특별자치도 정선군
정선효도마을,강원특별자치도 정선군 임계면 평양마을길 204,강원특별자치도 정선군 임계면 임계리 1117,37.5402199289,128.8712364749,지정폐기물,,,,0.01,2012,강원특별자치도 정선군,033-560-2336,2026-06-26,4291000,강원특별자치도 정선군
정선효도마을,강원특별자치도 정선군 임계면 평양마을길 204,강원특별자치도 정선군 임계면 임계리 1117,37.5402199289,128.8712364749,지정폐기물,,,,0.03,2012,강원특별자치도 정선군,033-560-2336,2026-06-26,4291000,강원특별자치도 정선군
한내과.소아과,강원특별자치도 정선군 정선읍 정선로 1350,강원특별자치도 정선군 정선읍 봉양리 339-9,37.3796136941,128.6639767579,지정폐기물,,,,0.24,2013,강원특별자치도 정선군,033-560-2336,2026-06-26,4291000,강원특별자치도 정선군
한내과.소아과,강원특별자치도 정선군 정선읍 정선로 1350,강원특별자치도 정선군 정선읍 봉양리 339-9,37.3796136941,128.6639767579,지정폐기물,,,,0.12,2013,강원특별자치도 정선군,033-560-2336,2026-06-26,4291000,강원특별자치도 정선군
연세의원,강원특별자치도 정선군 임계면 송계5길 2,강원특별자치도 정선군 임계면 송계리 765-3,37.495473143,128.8500910055,지정폐기물,,,,0.12,2013,강원특별자치도 정선군,033-560-2336,2026-06-26,4291000,강원특별자치도 정선군
연세의원,강원특별자치도 정선군 임계면 송계5길 2,강원특별자치도 정선군 임계면 송계리 765-3,37.495473143,128.8500910055,지정폐기물,,,,0.24,2013,강원특별자치도 정선군,033-560-2336,2026-06-26,4291000,강원특별자치도 정선군
정선한의원,강원특별자치도 정선군 정선읍 봉양5길 22,강원특별자치도 정선군 정선읍 봉양리 335-3,37.379171694,128.6630423772,지정폐기물,,,,0.06,2013,강원특별자치도 정선군,033-560-2336,2026-06-26,4291000,강원특별자치도 정선군
정선한의원,강원특별자치도 정선군 정선읍 봉양5길 22,강원특별자치도 정선군 정선읍 봉양리 335-3,37.379171694,128.6630423772,지정폐기물,,,,0.42,2013,강원특별자치도 정선군,033-560-2336,2026-06-26,4291000,강원특별자치도 정선군
연세외과의원,강원특별자치도 정선군 정선읍 봉양6길 14,강원특별자치도 정선군 정선읍 봉양리 333-25,37.3788863116,128.6639686985,지정폐기물,,,,0.36,2013,강원특별자치도 정선군,033-560-2336,2026-06-26,4291000,강원특별자치도 정선군
연세외과의원,강원특별자치도 정선군 정선읍 봉양6길 14,강원특별자치도 정선군 정선읍 봉양리 333-25,37.3788863116,128.6639686985,지정폐기물,,,,0.06,2013,강원특별자치도 정선군,033-560-2336,2026-06-26,4291000,강원특별자치도 정선군
연세외과의원,강원특별자치도 정선군 정선읍 봉양6길 14,강원특별자치도 정선군 정선읍 봉양리 333-25,37.3788863116,128.6639686985,지정폐기물,,,,0.12,2013,강원특별자치도 정선군,033-560-2336,2026-06-26,4291000,강원특별자치도 정선군
의료법인벧엘의료재단우리들의원,강원특별자치도 정선군 정선읍 비봉로 53,강원특별자치도 정선군 정선읍 봉양리 390-11,37.3813342609,128.6642275979,지정폐기물,,,,0.24,2013,강원특별자치도 정선군,033-560-2336,2026-06-26,4291000,강원특별자치도 정선군
의료법인벧엘의료재단우리들의원,강원특별자치도 정선군 정선읍 비봉로 53,강원특별자치도 정선군 정선읍 봉양리 390-11,37.3813342609,128.6642275979,지정폐기물,,,,0.12,2013,강원특별자치도 정선군,033-560-2336,2026-06-26,4291000,강원특별자치도 정선군
임계한의원,강원특별자치도 정선군 임계면 백두대간로 1362,강원특별자치도 정선군 임계면 송계리 763-3,37.4949758693,128.8500268368,지정폐기물,,,,0.06,2013,강원특별자치도 정선군,033-560-2336,2026-06-26,4291000,강원특별자치도 정선군
임계한의원,강원특별자치도 정선군 임계면 백두대간로 1362,강원특별자치도 정선군 임계면 송계리 763-3,37.4949758693,128.8500268368,지정폐기물,,,,0.18,2013,강원특별자치도 정선군,033-560-2336,2026-06-26,4291000,강원특별자치도 정선군
사북제일의원,강원특별자치도 정선군 사북읍 사북5길 1,강원특별자치도 정선군 사북읍 사북리 372-4,37.2273377846,128.8198910162,지정폐기물,,,,0.12,2013,강원특별자치도 정선군,033-560-2336,2026-06-26,4291000,강원특별자치도 정선군
사북제일의원,강원특별자치도 정선군 사북읍 사북5길 1,강원특별자치도 정선군 사북읍 사북리 372-4,37.2273377846,128.8198910162,지정폐기물,,,,0.6,2013,강원특별자치도 정선군,033-560-2336,2026-06-26,4291000,강원특별자치도 정선군
근로복지공단정선산재병원,강원특별자치도 정선군 정선읍 봉양1길 145,강원특별자치도 정선군 정선읍 봉양리 430,37.3832457391,128.6603132216,지정폐기물,,,,12,2013,강원특별자치도 정선군,033-560-2336,2026-06-26,4291000,강원특별자치도 정선군
김안과의원,강원특별자치도 정선군 정선읍 정선로 1348,강원특별자치도 정선군 정선읍 봉양리 339-7,37.3794987698,128.6637439106,지정폐기물,,,,0.06,2013,강원특별자치도 정선군,033-560-2336,2026-06-26,4291000,강원특별자치도 정선군
김안과의원,강원특별자치도 정선군 정선읍 정선로 1348,강원특별자치도 정선군 정선읍 봉양리 339-7,37.3794987698,128.6637439106,지정폐기물,,,,0.12,2013,강원특별자치도 정선군,033-560-2336,2026-06-26,4291000,강원특별자치도 정선군
에콜리안 정선골프장,강원특별자치도 정선군 신동읍 새골길 112-49,강원특별자치도 정선군 신동읍 조동리 516,37.2221370102,128.679462147,지정폐기물,,,,12,2013,강원특별자치도 정선군,033-560-2336,2026-06-26,4291000,강원특별자치도 정선군
정선장례식장,강원특별자치도 정선군 정선읍 서동로 1277,강원특별자치도 정선군 정선읍 덕송리 363-4,37.4018193779,128.6686468356,지정폐기물,,,,1.2,2013,강원특별자치도 정선군,033-560-2336,2026-06-26,4291000,강원특별자치도 정선군
서울가정의학과의원,강원특별자치도 정선군 정선읍 봉양7길 34,강원특별자치도 정선군 정선읍 봉양리 354-1,37.37961252,128.6654806189,지정폐기물,,,,0.06,2013,강원특별자치도 정선군,033-560-2336,2026-06-26,4291000,강원특별자치도 정선군
서울가정의학과의원,강원특별자치도 정선군 정선읍 봉양7길 34,강원특별자치도 정선군 정선읍 봉양리 354-1,37.37961252,128.6654806189,지정폐기물,,,,0.18,2013,강원특별자치도 정선군,033-560-2336,2026-06-26,4291000,강원특별자치도 정선군
정선실버하우스요양원,강원특별자치도 정선군 북평면 송석길 287-30,강원특별자치도 정선군 북평면 남평리 563-13,37.4404700235,128.6654388519,지정폐기물,,,,0.024,2014,강원특별자치도 정선군,033-560-2336,2026-06-26,4291000,강원특별자치도 정선군
정선실버하우스요양원,강원특별자치도 정선군 북평면 송석길 287-30,강원특별자치도 정선군 북평면 남평리 563-13,37.4404700235,128.6654388519,지정폐기물,,,,0.156,2014,강원특별자치도 정선군,033-560-2336,2026-06-26,4291000,강원특별자치도 정선군
현대밧데리,강원특별자치도 정선군 신동읍 동강로 112-37,강원특별자치도 정선군 신동읍 예미리 396,37.2280739726,128.6340812109,지정폐기물,,,,1.2,2014,강원특별자치도 정선군,033-560-2336,2026-06-26,4291000,강원특별자치도 정선군
정선폐차장,강원특별자치도 정선군 정선읍 망하길 73-19,강원특별자치도 정선군 정선읍 광하리 589-4,37.3584308465,128.6019577777,지정폐기물,,,,20,2014,강원특별자치도 정선군,033-560-2336,2026-06-26,4291000,강원특별자치도 정선군
종합자원자동차해체재활용산업,강원특별자치도 정선군 고한읍 강원남로 6558,,37.1995932167,128.8746330748,지정폐기물,,,,24,2014,강원특별자치도 정선군,033-560-2336,2026-06-26,4291000,강원특별자치도 정선군
두산건설 주식회사,,강원특별자치도 정선군 정선읍 덕송리 산 173,37.392398277,128.6654600255,지정폐기물,,,,0.1,2015,강원특별자치도 정선군,033-560-2336,2026-06-26,4291000,강원특별자치도 정선군
두산건설 주식회사,,강원특별자치도 정선군 정선읍 덕송리 산 173,37.392398277,128.6654600255,지정폐기물,,,,7.5,2015,강원특별자치도 정선군,033-560-2336,2026-06-26,4291000,강원특별자치도 정선군
한국전력공사 강원지역본부,,강원특별자치도 정선군 고한읍 고한리 158-5 한전 고한변전소,37.2190988,128.8399515673,지정폐기물,,,,11,2015,강원특별자치도 정선군,033-560-2336,2026-06-26,4291000,강원특별자치도 정선군
한국전력공사 강원지역본부,,강원특별자치도 정선군 고한읍 고한리 158-5 한전 고한변전소,37.2190988,128.8399515673,지정폐기물,,,,32,2015,강원특별자치도 정선군,033-560-2336,2026-06-26,4291000,강원특별자치도 정선군
강원도정선교육지원청,강원특별자치도 정선군 정선읍 비봉로 41 (정선교육청),,37.3817970635,128.6629727921,지정폐기물,,,,0.02,2015,강원특별자치도 정선군,033-560-2336,2026-06-26,4291000,강원특별자치도 정선군
강원도정선교육지원청,강원특별자치도 정선군 정선읍 비봉로 41 (정선교육청),,37.3817970635,128.6629727921,지정폐기물,,,,0.37,2015,강원특별자치도 정선군,033-560-2336,2026-06-26,4291000,강원특별자치도 정선군
강원도정선교육지원청,강원특별자치도 정선군 정선읍 비봉로 41 (정선교육청),,37.3817970635,128.6629727921,지정폐기물,,,,0.01,2015,강원특별자치도 정선군,033-560-2336,2026-06-26,4291000,강원특별자치도 정선군
강원머티리얼 주식회사(석회석),,강원특별자치도 정선군 임계면 덕암리 375-1번지,37.3523820506,128.8477016711,지정폐기물,,,,1.2,2015,강원특별자치도 정선군,033-560-2336,2026-06-26,4291000,강원특별자치도 정선군
강원머티리얼 주식회사(석회석),,강원특별자치도 정선군 임계면 덕암리 375-1번지,37.3523820506,128.8477016711,지정폐기물,,,,0.6,2015,강원특별자치도 정선군,033-560-2336,2026-06-26,4291000,강원특별자치도 정선군
강원머티리얼 주식회사(석회석),,강원특별자치도 정선군 임계면 덕암리 375-1번지,37.3523820506,128.8477016711,지정폐기물,,,,0.12,2015,강원특별자치도 정선군,033-560-2336,2026-06-26,4291000,강원특별자치도 정선군
강원머티리얼 주식회사(석회석),,강원특별자치도 정선군 임계면 덕암리 375-1번지,37.3523820506,128.8477016711,지정폐기물,,,,2.4,2015,강원특별자치도 정선군,033-560-2336,2026-06-26,4291000,강원특별자치도 정선군
사북읍사무소,강원특별자치도 정선군 사북읍 사북중앙로 65,강원특별자치도 정선군 사북읍 사북리 317-26,37.2277077637,128.8218027319,지정폐기물,,,,0,2015,강원특별자치도 정선군,033-560-2336,2026-06-26,4291000,강원특별자치도 정선군
강원도정선교육지원청,강원특별자치도 정선군 정선읍 비봉로 41_ 정선교육청,강원특별자치도 정선군 정선읍 봉양리 400-1 정선교육청,37.3817970635,128.6629727921,지정폐기물,,,,1,2015,강원특별자치도 정선군,033-560-2336,2026-06-26,4291000,강원특별자치도 정선군
하나의원,강원특별자치도 정선군 고한읍 고토일길 268-11,강원특별자치도 정선군 고한읍 고한리 192,37.2206378738,128.8628123603,지정폐기물,,,,0.42,2016,강원특별자치도 정선군,033-560-2336,2026-06-26,4291000,강원특별자치도 정선군
하나의원,강원특별자치도 정선군 고한읍 고토일길 268-11,강원특별자치도 정선군 고한읍 고한리 192,37.2206378738,128.8628123603,지정폐기물,,,,0.06,2016,강원특별자치도 정선군,033-560-2336,2026-06-26,4291000,강원특별자치도 정선군
정선의료재단 군립병원,강원특별자치도 정선군 사북읍 지장천로 727,,37.2254435031,128.826297575,지정폐기물,,,,0.24,2016,강원특별자치도 정선군,033-560-2336,2026-06-26,4291000,강원특별자치도 정선군
정선의료재단 군립병원,강원특별자치도 정선군 사북읍 지장천로 727,,37.2254435031,128.826297575,지정폐기물,,,,0.6,2016,강원특별자치도 정선군,033-560-2336,2026-06-26,4291000,강원특별자치도 정선군
정선의료재단 군립병원,강원특별자치도 정선군 사북읍 지장천로 727,,37.2254435031,128.826297575,지정폐기물,,,,3.6,2016,강원특별자치도 정선군,033-560-2336,2026-06-26,4291000,강원특별자치도 정선군
정선의료재단 군립병원,강원특별자치도 정선군 사북읍 지장천로 727,,37.2254435031,128.826297575,지정폐기물,,,,1.2,2016,강원특별자치도 정선군,033-560-2336,2026-06-26,4291000,강원특별자치도 정선군
정선의료재단 군립병원,강원특별자치도 정선군 사북읍 지장천로 727,,37.2254435031,128.826297575,지정폐기물,,,,0.12,2016,강원특별자치도 정선군,033-560-2336,2026-06-26,4291000,강원특별자치도 정선군
정선의료재단 군립병원,강원특별자치도 정선군 사북읍 지장천로 727,,37.2254435031,128.826297575,지정폐기물,,,,8.4,2016,강원특별자치도 정선군,033-560-2336,2026-06-26,4291000,강원특별자치도 정선군
정선의료재단 군립병원,강원특별자치도 정선군 사북읍 지장천로 727,,37.2254435031,128.826297575,지정폐기물,,,,0.36,2016,강원특별자치도 정선군,033-560-2336,2026-06-26,4291000,강원특별자치도 정선군
조은의원,강원특별자치도 정선군 신동읍 의림로 297,,37.2181975634,128.643652189,지정폐기물,,,,0.06,2016,강원특별자치도 정선군,033-560-2336,2026-06-26,4291000,강원특별자치도 정선군
조은의원,강원특별자치도 정선군 신동읍 의림로 297,,37.2181975634,128.643652189,지정폐기물,,,,0.18,2016,강원특별자치도 정선군,033-560-2336,2026-06-26,4291000,강원특별자치도 정선군
탄광촌 노인요양원,강원특별자치도 정선군 고한읍 고한9길 26 (한일병원),,37.1968629884,128.8599015642,지정폐기물,,,,0.18,2017,강원특별자치도 정선군,033-560-2336,2026-06-26,4291000,강원특별자치도 정선군
다나동물병원,강원특별자치도 정선군 정선읍 비봉로 46,,37.3811027123,128.6631592043,지정폐기물,,,,0.06,2012,강원특별자치도 정선군,033-560-2336,2026-06-26,4291000,강원특별자치도 정선군
탄광촌 노인요양원,강원특별자치도 정선군 고한읍 고한9길 26 (한일병원),,37.1968629884,128.8599015642,지정폐기물,,,,0.06,2017,강원특별자치도 정선군,033-560-2336,2026-06-26,4291000,강원특별자치도 정선군
강원도정선교육지원청,강원특별자치도 정선군 정선읍 비봉로 41 (정선교육청),,37.3817970635,128.6629727921,지정폐기물,,,,1,2017,강원특별자치도 정선군,033-560-2336,2026-06-26,4291000,강원특별자치도 정선군
2018평창동계올림픽대회및장애인동계올림픽조직위원회,강원특별자치도 평창군 대관령면 올림픽로 108-27,,37.6706525654,128.7030359438,지정폐기물,,,,0.12,2018,강원특별자치도 정선군,033-560-2336,2026-06-26,4291000,강원특별자치도 정선군
2018평창동계올림픽대회및장애인동계올림픽조직위원회,강원특별자치도 평창군 대관령면 올림픽로 108-27,,37.6706525654,128.7030359438,지정폐기물,,,,0.36,2018,강원특별자치도 정선군,033-560-2336,2026-06-26,4291000,강원특별자치도 정선군
정선군청(환경과),강원특별자치도 정선군 정선읍 봉양3길 21 (정선군청),,37.3806405115,128.6608218373,지정폐기물,,,,72,2018,강원특별자치도 정선군,033-560-2336,2026-06-26,4291000,강원특별자치도 정선군
정선군청(안전건설과),강원특별자치도 정선군 정선읍 봉양3길 21 (정선군청),,37.3806405115,128.6608218373,지정폐기물,,,,0.01,2018,강원특별자치도 정선군,033-560-2336,2026-06-26,4291000,강원특별자치도 정선군
정선군청(안전건설과),강원특별자치도 정선군 정선읍 봉양3길 21 (정선군청),,37.3806405115,128.6608218373,지정폐기물,,,,1.88,2018,강원특별자치도 정선군,033-560-2336,2026-06-26,4291000,강원특별자치도 정선군
정선군청(도시건축과),강원특별자치도 정선군 정선읍 봉양3길 21_ 정선군청,강원특별자치도 정선군 정선읍 봉양리 267-2 정선군청,37.3811119934,128.6624480376,지정폐기물,,,,0.01,2018,강원특별자치도 정선군,033-560-2336,2026-06-26,4291000,강원특별자치도 정선군
정선군청(도시건축과),강원특별자치도 정선군 정선읍 봉양3길 21_ 정선군청,강원특별자치도 정선군 정선읍 봉양리 267-2 정선군청,37.3811119934,128.6624480376,지정폐기물,,,,9.19,2018,강원특별자치도 정선군,033-560-2336,2026-06-26,4291000,강원특별자치도 정선군
정선군청유통축산과,강원특별자치도 정선군 정선읍 봉양3길 21_ 정선군청,강원특별자치도 정선군 정선읍 봉양리 267 정선군청,37.3806405115,128.6608218373,지정폐기물,,,,1.2,2020,강원특별자치도 정선군,033-560-2336,2026-06-26,4291000,강원특별자치도 정선군
정선군청유통축산과,강원특별자치도 정선군 정선읍 봉양3길 21_ 정선군청,강원특별자치도 정선군 정선읍 봉양리 267 정선군청,37.3806405115,128.6608218373,지정폐기물,,,,3.6,2020,강원특별자치도 정선군,033-560-2336,2026-06-26,4291000,강원특별자치도 정선군
강원도정선교육지원청,강원특별자치도 정선군 정선읍 비봉로 41,강원특별자치도 정선군 정선읍 봉양리 400-1,37.3817970635,128.6629727921,지정폐기물,,,,0.5,2020,강원특별자치도 정선군,033-560-2336,2026-06-26,4291000,강원특별자치도 정선군
강원도정선교육지원청,강원특별자치도 정선군 정선읍 비봉로 41,강원특별자치도 정선군 정선읍 봉양리 400-1,37.3817970635,128.6629727921,지정폐기물,,,,0.3,2020,강원특별자치도 정선군,033-560-2336,2026-06-26,4291000,강원특별자치도 정선군
나전요양원,강원특별자치도 정선군 북평면 서동로 2049,강원특별자치도 정선군 북평면 북평리 624-1,37.4501667108,128.6619221975,지정폐기물,,,,0.024,2021,강원특별자치도 정선군,033-560-2336,2026-06-26,4291000,강원특별자치도 정선군
나전요양원,강원특별자치도 정선군 북평면 서동로 2049,강원특별자치도 정선군 북평면 북평리 624-1,37.4501667108,128.6619221975,지정폐기물,,,,0.12,2021,강원특별자치도 정선군,033-560-2336,2026-06-26,4291000,강원특별자치도 정선군
(주)강원랜드,강원특별자치도 정선군 사북읍 하이원길 265_ 1층,강원특별자치도 정선군 사북읍 사북리 424 강원랜드,37.2118740499,128.8214537296,지정폐기물,,,,0.1,2021,강원특별자치도 정선군,033-560-2336,2026-06-26,4291000,강원특별자치도 정선군
근로복지공단 정선병원,강원특별자치도 정선군 정선읍 봉양1길 145,강원특별자치도 정선군 정선읍 봉양리 430,37.3832457391,128.6603132216,지정폐기물,,,,2,2022,강원특별자치도 정선군,033-560-2336,2026-06-26,4291000,강원특별자치도 정선군
문래보건진료소,강원특별자치도 정선군 임계면 백두대간로 312_ 문래보건진료소,강원특별자치도 정선군 임계면 문래리 483-11 문래보건진료소,37.4135548447,128.8552947873,지정폐기물,,,,0.024,2023,강원특별자치도 정선군,033-560-2336,2026-06-26,4291000,강원특별자치도 정선군
문래보건진료소,강원특별자치도 정선군 임계면 백두대간로 312_ 문래보건진료소,강원특별자치도 정선군 임계면 문래리 483-11 문래보건진료소,37.4135548447,128.8552947873,지정폐기물,,,,0.096,2023,강원특별자치도 정선군,033-560-2336,2026-06-26,4291000,강원특별자치도 정선군
도전보건진료소,,강원특별자치도 정선군 임계면 도전리 736-5,37.5043522379,128.9090168157,지정폐기물,,,,0.096,2023,강원특별자치도 정선군,033-560-2336,2026-06-26,4291000,강원특별자치도 정선군
도전보건진료소,,강원특별자치도 정선군 임계면 도전리 736-5,37.5043522379,128.9090168157,지정폐기물,,,,0.024,2023,강원특별자치도 정선군,033-560-2336,2026-06-26,4291000,강원특별자치도 정선군
구절보건진료소,강원특별자치도 정선군 여량면 구절양지말길 28,강원특별자치도 정선군 여량면 구절리 301-1,37.5190682772,128.7347831071,지정폐기물,,,,0.024,2023,강원특별자치도 정선군,033-560-2336,2026-06-26,4291000,강원특별자치도 정선군
구절보건진료소,강원특별자치도 정선군 여량면 구절양지말길 28,강원특별자치도 정선군 여량면 구절리 301-1,37.5190682772,128.7347831071,지정폐기물,,,,0.096,2023,강원특별자치도 정선군,033-560-2336,2026-06-26,4291000,강원특별자치도 정선군
남면보건지소,강원특별자치도 정선군 남면 별어곡1길 59,강원특별자치도 정선군 남면 문곡리 329-2,37.266457115,128.7380680752,지정폐기물,,,,0.024,2023,강원특별자치도 정선군,033-560-2336,2026-06-26,4291000,강원특별자치도 정선군
남면보건지소,강원특별자치도 정선군 남면 별어곡1길 59,강원특별자치도 정선군 남면 문곡리 329-2,37.266457115,128.7380680752,지정폐기물,,,,0.096,2023,강원특별자치도 정선군,033-560-2336,2026-06-26,4291000,강원특별자치도 정선군
임계보건지소,강원특별자치도 정선군 임계면 송계8길 9_ 임계보건지소,강원특별자치도 정선군 임계면 송계리 695 임계보건지소,37.4967387733,128.8514202739,지정폐기물,,,,0.096,2023,강원특별자치도 정선군,033-560-2336,2026-06-26,4291000,강원특별자치도 정선군
임계보건지소,강원특별자치도 정선군 임계면 송계8길 9_ 임계보건지소,강원특별자치도 정선군 임계면 송계리 695 임계보건지소,37.4967387733,128.8514202739,지정폐기물,,,,0.024,2023,강원특별자치도 정선군,033-560-2336,2026-06-26,4291000,강원특별자치도 정선군
배현철치과의원,대구광역시 중구 큰장로 110 (대신동),,35.86825253,128.577976,의료폐기물,,,,67,2008,대구광역시 중구청,053-661-2725,2026-06-08,3410000,대구광역시 중구
용탄보건진료소,강원특별자치도 정선군 정선읍 가리왕산로 290_ 용탄보건진료소,강원특별자치도 정선군 정선읍 용탄리 691-29 용탄보건진료소,37.3925585271,128.6020420023,지정폐기물,,,,0.024,2023,강원특별자치도 정선군,033-560-2336,2026-06-26,4291000,강원특별자치도 정선군
용탄보건진료소,강원특별자치도 정선군 정선읍 가리왕산로 290_ 용탄보건진료소,강원특별자치도 정선군 정선읍 용탄리 691-29 용탄보건진료소,37.3925585271,128.6020420023,지정폐기물,,,,0.096,2023,강원특별자치도 정선군,033-560-2336,2026-06-26,4291000,강원특별자치도 정선군
고한사북보건지소,강원특별자치도 정선군 고한읍 물한리길 10_ 정선군보건소고한사북지소,강원특별자치도 정선군 고한읍 고한리 140-5 정선군보건소고한사북지소,37.2109088086,128.8363799198,지정폐기물,,,,0.096,2023,강원특별자치도 정선군,033-560-2336,2026-06-26,4291000,강원특별자치도 정선군
고한사북보건지소,강원특별자치도 정선군 고한읍 물한리길 10_ 정선군보건소고한사북지소,강원특별자치도 정선군 고한읍 고한리 140-5 정선군보건소고한사북지소,37.2109088086,128.8363799198,지정폐기물,,,,0.024,2023,강원특별자치도 정선군,033-560-2336,2026-06-26,4291000,강원특별자치도 정선군
고한사북보건지소,강원특별자치도 정선군 고한읍 물한리길 10_ 정선군보건소고한사북지소,강원특별자치도 정선군 고한읍 고한리 140-5 정선군보건소고한사북지소,37.2109088086,128.8363799198,지정폐기물,,,,0.24,2023,강원특별자치도 정선군,033-560-2336,2026-06-26,4291000,강원특별자치도 정선군
신동보건지소,강원특별자치도 정선군 신동읍 의림로 313_ 신동보건지소,강원특별자치도 정선군 신동읍 예미리 676-2 신동보건지소,37.2197982386,128.6442975319,지정폐기물,,,,0.096,2023,강원특별자치도 정선군,033-560-2336,2026-06-26,4291000,강원특별자치도 정선군
신동보건지소,강원특별자치도 정선군 신동읍 의림로 313_ 신동보건지소,강원특별자치도 정선군 신동읍 예미리 676-2 신동보건지소,37.2197982386,128.6442975319,지정폐기물,,,,0.024,2023,강원특별자치도 정선군,033-560-2336,2026-06-26,4291000,강원특별자치도 정선군
화암면보건지소,강원특별자치도 정선군 화암면 그림바위길 57_ 화암면 보건지소,강원특별자치도 정선군 화암면 화암리 371-2 화암면 보건지소,37.338946655,128.788667939,지정폐기물,,,,0.096,2023,강원특별자치도 정선군,033-560-2336,2026-06-26,4291000,강원특별자치도 정선군
화암면보건지소,강원특별자치도 정선군 화암면 그림바위길 57_ 화암면 보건지소,강원특별자치도 정선군 화암면 화암리 371-2 화암면 보건지소,37.338946655,128.788667939,지정폐기물,,,,0.024,2023,강원특별자치도 정선군,033-560-2336,2026-06-26,4291000,강원특별자치도 정선군
광하보건진료소,강원특별자치도 정선군 정선읍 망하길 87_ 광하보건지소,강원특별자치도 정선군 정선읍 광하리 636-1 광하보건지소,37.3553965917,128.6025694233,지정폐기물,,,,0.024,2023,강원특별자치도 정선군,033-560-2336,2026-06-26,4291000,강원특별자치도 정선군
광하보건진료소,강원특별자치도 정선군 정선읍 망하길 87_ 광하보건지소,강원특별자치도 정선군 정선읍 광하리 636-1 광하보건지소,37.3553965917,128.6025694233,지정폐기물,,,,0.096,2023,강원특별자치도 정선군,033-560-2336,2026-06-26,4291000,강원특별자치도 정선군
조동보건진료소,강원특별자치도 정선군 신동읍 새골길 30_ 신동읍함백출장소,강원특별자치도 정선군 신동읍 조동리 216-1 신동읍함백출장소,37.2178269424,128.6713910019,지정폐기물,,,,0.096,2023,강원특별자치도 정선군,033-560-2336,2026-06-26,4291000,강원특별자치도 정선군
조동보건진료소,강원특별자치도 정선군 신동읍 새골길 30_ 신동읍함백출장소,강원특별자치도 정선군 신동읍 조동리 216-1 신동읍함백출장소,37.2178269424,128.6713910019,지정폐기물,,,,0.024,2023,강원특별자치도 정선군,033-560-2336,2026-06-26,4291000,강원특별자치도 정선군
고성보건진료소,강원특별자치도 정선군 신동읍 창말길 26_ 고성보건진료소,강원특별자치도 정선군 신동읍 고성리 374 고성보건진료소,37.2462685125,128.6035562896,지정폐기물,,,,0.096,2023,강원특별자치도 정선군,033-560-2336,2026-06-26,4291000,강원특별자치도 정선군
고성보건진료소,강원특별자치도 정선군 신동읍 창말길 26_ 고성보건진료소,강원특별자치도 정선군 신동읍 고성리 374 고성보건진료소,37.2462685125,128.6035562896,지정폐기물,,,,0.024,2023,강원특별자치도 정선군,033-560-2336,2026-06-26,4291000,강원특별자치도 정선군
증산보건진료소,강원특별자치도 정선군 남면 도원2길 25_ 증산보건진료소,강원특별자치도 정선군 남면 무릉리 630-5 증산보건진료소,37.2469578426,128.7738208078,지정폐기물,,,,0.024,2023,강원특별자치도 정선군,033-560-2336,2026-06-26,4291000,강원특별자치도 정선군
증산보건진료소,강원특별자치도 정선군 남면 도원2길 25_ 증산보건진료소,강원특별자치도 정선군 남면 무릉리 630-5 증산보건진료소,37.2469578426,128.7738208078,지정폐기물,,,,0.096,2023,강원특별자치도 정선군,033-560-2336,2026-06-26,4291000,강원특별자치도 정선군
광락보건진료소,강원특별자치도 정선군 남면 광락로 46_ 광락보건진료소,강원특별자치도 정선군 남면 낙동리 336-9 광락보건진료소,37.3252437601,128.7116395297,지정폐기물,,,,0.024,2023,강원특별자치도 정선군,033-560-2336,2026-06-26,4291000,강원특별자치도 정선군
광락보건진료소,강원특별자치도 정선군 남면 광락로 46_ 광락보건진료소,강원특별자치도 정선군 남면 낙동리 336-9 광락보건진료소,37.3252437601,128.7116395297,지정폐기물,,,,0.096,2023,강원특별자치도 정선군,033-560-2336,2026-06-26,4291000,강원특별자치도 정선군
반천보건진료소,강원특별자치도 정선군 임계면 반천고양로 796,강원특별자치도 정선군 임계면 반천리 85-2,37.4676427354,128.7984619294,지정폐기물,,,,0.096,2023,강원특별자치도 정선군,033-560-2336,2026-06-26,4291000,강원특별자치도 정선군
반천보건진료소,강원특별자치도 정선군 임계면 반천고양로 796,강원특별자치도 정선군 임계면 반천리 85-2,37.4676427354,128.7984619294,지정폐기물,,,,0.024,2023,강원특별자치도 정선군,033-560-2336,2026-06-26,4291000,강원특별자치도 정선군
여량면보건지소,강원특별자치도 정선군 여량면 서동로 2885_ 여량면사무소,강원특별자치도 정선군 여량면 여량리 305-3 여량면사무소,37.4708282362,128.7207741765,지정폐기물,,,,0.096,2023,강원특별자치도 정선군,033-560-2336,2026-06-26,4291000,강원특별자치도 정선군
여량면보건지소,강원특별자치도 정선군 여량면 서동로 2885_ 여량면사무소,강원특별자치도 정선군 여량면 여량리 305-3 여량면사무소,37.4708282362,128.7207741765,지정폐기물,,,,0.024,2023,강원특별자치도 정선군,033-560-2336,2026-06-26,4291000,강원특별자치도 정선군
호촌보건진료소,강원특별자치도 정선군 화암면 풍촌1길 12-6_ 호촌보건진료소,강원특별자치도 정선군 화암면 호촌리 510-3 호촌보건진료소,37.3076323315,128.8255848722,지정폐기물,,,,0.024,2023,강원특별자치도 정선군,033-560-2336,2026-06-26,4291000,강원특별자치도 정선군
호촌보건진료소,강원특별자치도 정선군 화암면 풍촌1길 12-6_ 호촌보건진료소,강원특별자치도 정선군 화암면 호촌리 510-3 호촌보건진료소,37.3076323315,128.8255848722,지정폐기물,,,,0.096,2023,강원특별자치도 정선군,033-560-2336,2026-06-26,4291000,강원특별자치도 정선군
북평보건지소,강원특별자치도 정선군 북평면 북평6길 34_ 북평면보건지소,강원특별자치도 정선군 북평면 북평리 221-3 북평면보건지소,37.4488911078,128.6704828795,지정폐기물,,,,0.096,2023,강원특별자치도 정선군,033-560-2336,2026-06-26,4291000,강원특별자치도 정선군
북평보건지소,강원특별자치도 정선군 북평면 북평6길 34_ 북평면보건지소,강원특별자치도 정선군 북평면 북평리 221-3 북평면보건지소,37.4488911078,128.6704828795,지정폐기물,,,,0.024,2023,강원특별자치도 정선군,033-560-2336,2026-06-26,4291000,강원특별자치도 정선군
정선군청(건설과),강원특별자치도 정선군 정선읍 봉양3길 21_ 정선군청,강원특별자치도 정선군 정선읍 봉양리 267 정선군청,37.3806405115,128.6608218373,지정폐기물,,,,0.01,2023,강원특별자치도 정선군,033-560-2336,2026-06-26,4291000,강원특별자치도 정선군
정선군청(건설과),강원특별자치도 정선군 정선읍 봉양3길 21_ 정선군청,강원특별자치도 정선군 정선읍 봉양리 267 정선군청,37.3806405115,128.6608218373,지정폐기물,,,,2.85,2023,강원특별자치도 정선군,033-560-2336,2026-06-26,4291000,강원특별자치도 정선군
정선군청(환경과),강원특별자치도 정선군 정선읍 봉양3길 21,강원특별자치도 정선군 정선읍 봉양리 267,37.3806405115,128.6608218373,지정폐기물,,,,90,2023,강원특별자치도 정선군,033-560-2336,2026-06-26,4291000,강원특별자치도 정선군
정선군청(환경과),강원특별자치도 정선군 정선읍 봉양3길 21,강원특별자치도 정선군 정선읍 봉양리 267,37.3806405115,128.6608218373,지정폐기물,,,,6.61,2023,강원특별자치도 정선군,033-560-2336,2026-06-26,4291000,강원특별자치도 정선군
늘푸른의원,강원특별자치도 정선군 신동읍 의림로 284,강원특별자치도 정선군 신동읍 예미리 691-8,37.2170665929,128.644438073,지정폐기물,,,,0.096,2023,강원특별자치도 정선군,033-560-2336,2026-06-26,4291000,강원특별자치도 정선군
늘푸른의원,강원특별자치도 정선군 신동읍 의림로 284,강원특별자치도 정선군 신동읍 예미리 691-8,37.2170665929,128.644438073,지정폐기물,,,,0.024,2023,강원특별자치도 정선군,033-560-2336,2026-06-26,4291000,강원특별자치도 정선군
정선군시설관리공단,,강원특별자치도 정선군 화암면 화암리 534,37.351967563,128.7895481821,지정폐기물,,,,2,2024,강원특별자치도 정선군,033-560-2336,2026-06-26,4291000,강원특별자치도 정선군
근로복지공단 정선병원,강원특별자치도 정선군 정선읍 봉양1길 145,강원특별자치도 정선군 정선읍 봉양리 430,37.3832457391,128.6603132216,지정폐기물,,,,0.84,2024,강원특별자치도 정선군,033-560-2336,2026-06-26,4291000,강원특별자치도 정선군
근로복지공단 정선병원,강원특별자치도 정선군 정선읍 봉양1길 145,강원특별자치도 정선군 정선읍 봉양리 430,37.3832457391,128.6603132216,지정폐기물,,,,0.3,2024,강원특별자치도 정선군,033-560-2336,2026-06-26,4291000,강원특별자치도 정선군
근로복지공단 정선병원,강원특별자치도 정선군 정선읍 봉양1길 145,강원특별자치도 정선군 정선읍 봉양리 430,37.3832457391,128.6603132216,지정폐기물,,,,7.2,2024,강원특별자치도 정선군,033-560-2336,2026-06-26,4291000,강원특별자치도 정선군
근로복지공단 정선병원,강원특별자치도 정선군 정선읍 봉양1길 145,강원특별자치도 정선군 정선읍 봉양리 430,37.3832457391,128.6603132216,지정폐기물,,,,0.24,2024,강원특별자치도 정선군,033-560-2336,2026-06-26,4291000,강원특별자치도 정선군
근로복지공단 정선병원,강원특별자치도 정선군 정선읍 봉양1길 145,강원특별자치도 정선군 정선읍 봉양리 430,37.3832457391,128.6603132216,지정폐기물,,,,0.12,2024,강원특별자치도 정선군,033-560-2336,2026-06-26,4291000,강원특별자치도 정선군
근로복지공단 정선병원,강원특별자치도 정선군 정선읍 봉양1길 145,강원특별자치도 정선군 정선읍 봉양리 430,37.3832457391,128.6603132216,지정폐기물,,,,0.06,2024,강원특별자치도 정선군,033-560-2336,2026-06-26,4291000,강원특별자치도 정선군
근로복지공단 정선병원,강원특별자치도 정선군 정선읍 봉양1길 145,강원특별자치도 정선군 정선읍 봉양리 430,37.3832457391,128.6603132216,지정폐기물,,,,0.36,2024,강원특별자치도 정선군,033-560-2336,2026-06-26,4291000,강원특별자치도 정선군
더나은의원,강원특별자치도 정선군 정선읍 정선로 1348,강원특별자치도 정선군 정선읍 봉양리 339-7,37.3794987698,128.6637439106,지정폐기물,,,,0.36,2024,강원특별자치도 정선군,033-560-2336,2026-06-26,4291000,강원특별자치도 정선군
더나은의원,강원특별자치도 정선군 정선읍 정선로 1348,강원특별자치도 정선군 정선읍 봉양리 339-7,37.3794987698,128.6637439106,지정폐기물,,,,0.12,2024,강원특별자치도 정선군,033-560-2336,2026-06-26,4291000,강원특별자치도 정선군
기초과학연구원,강원특별자치도 정선군 신동읍 함백로 211 (도룡동),강원특별자치도 정선군 신동읍 조동리 263-11,37.2104740413,128.6639449192,지정폐기물,,,,12,2026,강원특별자치도 정선군,033-560-2336,2026-06-26,4291000,강원특별자치도 정선군
기초과학연구원,강원특별자치도 정선군 신동읍 함백로 211 (도룡동),강원특별자치도 정선군 신동읍 조동리 263-11,37.2104740413,128.6639449192,지정폐기물,,,,1.2,2026,강원특별자치도 정선군,033-560-2336,2026-06-26,4291000,강원특별자치도 정선군
기초과학연구원,강원특별자치도 정선군 신동읍 함백로 211 (도룡동),강원특별자치도 정선군 신동읍 조동리 263-11,37.2104740413,128.6639449192,지정폐기물,,,,4.8,2026,강원특별자치도 정선군,033-560-2336,2026-06-26,4291000,강원특별자치도 정선군
동림건업(주),강원특별자치도 정선군 임계면 눈꽃마을길 870-104,강원특별자치도 정선군 임계면 가목리 103,37.5358286953,128.9547352795,지정폐기물,,,,10,2026,강원특별자치도 정선군,033-560-2336,2026-06-26,4291000,강원특별자치도 정선군
정선대리석(주),강원특별자치도 정선군 여량면 되골길 99,강원특별자치도 정선군 여량면 유천리 12,37.4918549941,128.7614640639,사업장폐기물,,,,500,2000,강원특별자치도 정선군,033-560-2336,2026-06-26,4291000,강원특별자치도 정선군
정선대리석(주),강원특별자치도 정선군 여량면 되골길 99,강원특별자치도 정선군 여량면 유천리 12,37.4918549941,128.7614640639,사업장폐기물,,,,2695,2000,강원특별자치도 정선군,033-560-2336,2026-06-26,4291000,강원특별자치도 정선군
(주)정건축석재사업부,강원특별자치도 정선군 여량면 봉정로 432-46,강원특별자치도 정선군 여량면 봉정리 459,37.4635584152,128.7670082632,사업장폐기물,,,,2160,2000,강원특별자치도 정선군,033-560-2336,2026-06-26,4291000,강원특별자치도 정선군
(주)정건축석재사업부,강원특별자치도 정선군 여량면 봉정로 432-46,강원특별자치도 정선군 여량면 봉정리 459,37.4635584152,128.7670082632,사업장폐기물,,,,864,2000,강원특별자치도 정선군,033-560-2336,2026-06-26,4291000,강원특별자치도 정선군
(주)강원랜드,강원특별자치도 정선군 고한읍 고한9길 83,강원특별자치도 정선군 고한읍 고한리 66-5,37.2001767169,128.8555110145,사업장폐기물,,,,216,2000,강원특별자치도 정선군,033-560-2336,2026-06-26,4291000,강원특별자치도 정선군
(주)강원랜드,강원특별자치도 정선군 고한읍 고한9길 83,강원특별자치도 정선군 고한읍 고한리 66-5,37.2001767169,128.8555110145,사업장폐기물,,,,180,2000,강원특별자치도 정선군,033-560-2336,2026-06-26,4291000,강원특별자치도 정선군
(주)대영산업,강원특별자치도 정선군 임계면 백두대간로 1099,강원특별자치도 정선군 임계면 봉산리 444-1,37.4740109083,128.8487093783,사업장폐기물,,,,2500,2000,강원특별자치도 정선군,033-560-2336,2026-06-26,4291000,강원특별자치도 정선군
한국전력공사 정선지사,강원특별자치도 정선군 정선읍 정선로 1219,강원특별자치도 정선군 정선읍 북실리 756-11,37.3800003315,128.6503979652,사업장폐기물,,,,420,2002,강원특별자치도 정선군,033-560-2336,2026-06-26,4291000,강원특별자치도 정선군
한국전력공사 정선지사,강원특별자치도 정선군 정선읍 정선로 1219,강원특별자치도 정선군 정선읍 북실리 756-11,37.3800003315,128.6503979652,사업장폐기물,,,,1.8,2002,강원특별자치도 정선군,033-560-2336,2026-06-26,4291000,강원특별자치도 정선군
(주)동방레미콘,강원특별자치도 정선군 남면 약수길 22,,37.2762414115,128.7443491271,사업장폐기물,,,,500,2002,강원특별자치도 정선군,033-560-2336,2026-06-26,4291000,강원특별자치도 정선군
(주)정선산업,강원특별자치도 정선군 남면 쇄재옛길 353,강원특별자치도 정선군 남면 낙동리 269-1,37.3348134309,128.7105401132,사업장폐기물,,,,1200,2003,강원특별자치도 정선군,033-560-2336,2026-06-26,4291000,강원특별자치도 정선군
(주)미래환경,강원특별자치도 정선군 사북읍 피내길 22,강원특별자치도 정선군 사북읍 직전리 40,37.264135001,128.8284519821,사업장폐기물,,,,1000,2009,강원특별자치도 정선군,033-560-2336,2026-06-26,4291000,강원특별자치도 정선군
(주)미래환경,강원특별자치도 정선군 사북읍 피내길 22,강원특별자치도 정선군 사북읍 직전리 40,37.264135001,128.8284519821,사업장폐기물,,,,360,2009,강원특별자치도 정선군,033-560-2336,2026-06-26,4291000,강원특별자치도 정선군
(주)미래환경,강원특별자치도 정선군 사북읍 피내길 22,강원특별자치도 정선군 사북읍 직전리 40,37.264135001,128.8284519821,사업장폐기물,,,,100,2009,강원특별자치도 정선군,033-560-2336,2026-06-26,4291000,강원특별자치도 정선군
(주)파이닉스알엔디,강원특별자치도 정선군 정선읍 정선로 1047,,37.3873989154,128.6373805389,사업장폐기물,,,,720,2003,강원특별자치도 정선군,033-560-2336,2026-06-26,4291000,강원특별자치도 정선군
(주)파이닉스알엔디,강원특별자치도 정선군 정선읍 정선로 1047,,37.3873989154,128.6373805389,사업장폐기물,,,,7,2003,강원특별자치도 정선군,033-560-2336,2026-06-26,4291000,강원특별자치도 정선군
(주)파이닉스알엔디,강원특별자치도 정선군 정선읍 정선로 1047,,37.3873989154,128.6373805389,사업장폐기물,,,,360,2003,강원특별자치도 정선군,033-560-2336,2026-06-26,4291000,강원특별자치도 정선군
강원레미콘(주),강원특별자치도 정선군 정선읍 정선로 1045,강원특별자치도 정선군 정선읍 북실리 808-1,37.386705303,128.6346649408,사업장폐기물,,,,300,2003,강원특별자치도 정선군,033-560-2336,2026-06-26,4291000,강원특별자치도 정선군
(주)대영아스콘,강원특별자치도 정선군 임계면 백두대간로 1099,강원특별자치도 정선군 임계면 봉산리 444-1,37.4740109083,128.8487093783,사업장폐기물,,,,960,2004,강원특별자치도 정선군,033-560-2336,2026-06-26,4291000,강원특별자치도 정선군
(주)정선레미콘,강원특별자치도 정선군 정선읍 북실싸내길 22,강원특별자치도 정선군 정선읍 북실리 810,37.3862693704,128.6338940334,사업장폐기물,,,,300,2004,강원특별자치도 정선군,033-560-2336,2026-06-26,4291000,강원특별자치도 정선군
나라환경개발(주),,강원특별자치도 정선군 남면 무릉리 430-1,37.2513594541,128.7776687828,사업장폐기물,,,,200,2005,강원특별자치도 정선군,033-560-2336,2026-06-26,4291000,강원특별자치도 정선군
나라환경개발(주),,강원특별자치도 정선군 남면 무릉리 430-1,37.2513594541,128.7776687828,사업장폐기물,,,,940,2005,강원특별자치도 정선군,033-560-2336,2026-06-26,4291000,강원특별자치도 정선군
한국광해광업공단 강원지사,강원특별자치도 정선군 북평면 탑골길 130,강원특별자치도 정선군 북평면 북평리 375-13,37.4651098317,128.6664155817,사업장폐기물,,,,250,2005,강원특별자치도 정선군,033-560-2336,2026-06-26,4291000,강원특별자치도 정선군
한국광해광업공단 강원지사,강원특별자치도 정선군 북평면 탑골길 130,강원특별자치도 정선군 북평면 북평리 375-13,37.4651098317,128.6664155817,사업장폐기물,,,,100,2005,강원특별자치도 정선군,033-560-2336,2026-06-26,4291000,강원특별자치도 정선군
한국광해광업공단 강원지사,강원특별자치도 정선군 북평면 탑골길 130,강원특별자치도 정선군 북평면 북평리 375-13,37.4651098317,128.6664155817,사업장폐기물,,,,80,2005,강원특별자치도 정선군,033-560-2336,2026-06-26,4291000,강원특별자치도 정선군
한국광해광업공단 강원지사,강원특별자치도 정선군 북평면 탑골길 130,강원특별자치도 정선군 북평면 북평리 375-13,37.4651098317,128.6664155817,사업장폐기물,,,,20,2005,강원특별자치도 정선군,033-560-2336,2026-06-26,4291000,강원특별자치도 정선군
(주)오미아코리아,강원특별자치도 정선군 신동읍 함백로 420,강원특별자치도 정선군 신동읍 조동리 508,37.216308554,128.6819932795,사업장폐기물,,,,100,2005,강원특별자치도 정선군,033-560-2336,2026-06-26,4291000,강원특별자치도 정선군
(주)오미아코리아,강원특별자치도 정선군 신동읍 함백로 420,강원특별자치도 정선군 신동읍 조동리 508,37.216308554,128.6819932795,사업장폐기물,,,,24,2005,강원특별자치도 정선군,033-560-2336,2026-06-26,4291000,강원특별자치도 정선군
(주)오미아코리아,강원특별자치도 정선군 신동읍 함백로 420,강원특별자치도 정선군 신동읍 조동리 508,37.216308554,128.6819932795,사업장폐기물,,,,50,2005,강원특별자치도 정선군,033-560-2336,2026-06-26,4291000,강원특별자치도 정선군
주식회사렉셈공장,,강원특별자치도 정선군 사북읍 직전리 221-1,37.2697145934,128.8262739687,사업장폐기물,,,,1000,2005,강원특별자치도 정선군,033-560-2336,2026-06-26,4291000,강원특별자치도 정선군
주식회사렉셈공장,,강원특별자치도 정선군 사북읍 직전리 221-1,37.2697145934,128.8262739687,사업장폐기물,,,,50,2005,강원특별자치도 정선군,033-560-2336,2026-06-26,4291000,강원특별자치도 정선군
주식회사렉셈공장,,강원특별자치도 정선군 사북읍 직전리 221-1,37.2697145934,128.8262739687,사업장폐기물,,,,30,2005,강원특별자치도 정선군,033-560-2336,2026-06-26,4291000,강원특별자치도 정선군
(주)대림레미콘,강원특별자치도 정선군 남면 무릉1로 64,강원특별자치도 정선군 남면 무릉리 827-10,37.2474726386,128.7773041572,사업장폐기물,,,,60,2005,강원특별자치도 정선군,033-560-2336,2026-06-26,4291000,강원특별자치도 정선군
(주)성신미네필드,강원특별자치도 정선군 남면 칠현로 504,강원특별자치도 정선군 남면 유평리 산 21,37.3023919225,128.7329672804,사업장폐기물,,,,80,2005,강원특별자치도 정선군,033-560-2336,2026-06-26,4291000,강원특별자치도 정선군
(주)성신미네필드,강원특별자치도 정선군 남면 칠현로 504,강원특별자치도 정선군 남면 유평리 산 21,37.3023919225,128.7329672804,사업장폐기물,,,,12,2005,강원특별자치도 정선군,033-560-2336,2026-06-26,4291000,강원특별자치도 정선군
낙원산업,강원특별자치도 정선군 남면 칠현로 170,강원특별자치도 정선군 남면 문곡리 51-1,37.2766186607,128.7423104662,사업장폐기물,,,,200,2006,강원특별자치도 정선군,033-560-2336,2026-06-26,4291000,강원특별자치도 정선군
(주)강원식품,강원특별자치도 정선군 신동읍 예미2길 26-64,강원특별자치도 정선군 신동읍 예미리 248-8,37.2145424404,128.6528998003,사업장폐기물,,,,120,2006,강원특별자치도 정선군,033-560-2336,2026-06-26,4291000,강원특별자치도 정선군
씨에이치정선대리석(주),,강원특별자치도 정선군 여량면 유천리 224-4,37.473374504,128.7308416753,사업장폐기물,,,,250,2007,강원특별자치도 정선군,033-560-2336,2026-06-26,4291000,강원특별자치도 정선군
아시아매니징(주),강원특별자치도 정선군 고한읍 물한리길 8_ 메이힐리조트,강원특별자치도 정선군 고한읍 고한리 142 메이힐리조트,37.2114675123,128.8353139044,사업장폐기물,,,,12,2007,강원특별자치도 정선군,033-560-2336,2026-06-26,4291000,강원특별자치도 정선군
아시아매니징(주),강원특별자치도 정선군 고한읍 물한리길 8_ 메이힐리조트,강원특별자치도 정선군 고한읍 고한리 142 메이힐리조트,37.2114675123,128.8353139044,사업장폐기물,,,,30,2007,강원특별자치도 정선군,033-560-2336,2026-06-26,4291000,강원특별자치도 정선군
아시아매니징(주),강원특별자치도 정선군 고한읍 물한리길 8_ 메이힐리조트,강원특별자치도 정선군 고한읍 고한리 142 메이힐리조트,37.2114675123,128.8353139044,사업장폐기물,,,,48,2007,강원특별자치도 정선군,033-560-2336,2026-06-26,4291000,강원특별자치도 정선군
아시아매니징(주),강원특별자치도 정선군 고한읍 물한리길 8_ 메이힐리조트,강원특별자치도 정선군 고한읍 고한리 142 메이힐리조트,37.2114675123,128.8353139044,사업장폐기물,,,,440,2007,강원특별자치도 정선군,033-560-2336,2026-06-26,4291000,강원특별자치도 정선군
한국광해광업공단 강원지사,강원특별자치도 정선군 신동읍 함백로 660-16,강원특별자치도 정선군 신동읍 방제리 181-13,37.2193202432,128.7036835708,사업장폐기물,,,,50,2008,강원특별자치도 정선군,033-560-2336,2026-06-26,4291000,강원특별자치도 정선군
한국광해광업공단 강원지사,강원특별자치도 정선군 신동읍 함백로 660-16,강원특별자치도 정선군 신동읍 방제리 181-13,37.2193202432,128.7036835708,사업장폐기물,,,,70,2008,강원특별자치도 정선군,033-560-2336,2026-06-26,4291000,강원특별자치도 정선군
한국광해광업공단 강원지사,강원특별자치도 정선군 신동읍 함백로 660-16,강원특별자치도 정선군 신동읍 방제리 181-13,37.2193202432,128.7036835708,사업장폐기물,,,,60,2008,강원특별자치도 정선군,033-560-2336,2026-06-26,4291000,강원특별자치도 정선군
한국광해광업공단 강원지사,강원특별자치도 정선군 신동읍 함백로 660-16,강원특별자치도 정선군 신동읍 방제리 181-13,37.2193202432,128.7036835708,사업장폐기물,,,,80,2008,강원특별자치도 정선군,033-560-2336,2026-06-26,4291000,강원특별자치도 정선군
한국광해관리공단,강원특별자치도 태백시 황지로 68  (황지동_태백석탄회관),강원특별자치도 태백시 황지동 79-4,37.1647929147,128.9920361006,사업장폐기물,,,,5000,2008,강원특별자치도 정선군,033-560-2336,2026-06-26,4291000,강원특별자치도 정선군
미일식품,강원특별자치도 정선군 북평면 북평강변로 7,강원특별자치도 정선군 북평면 북평리 819-5,37.4454059331,128.6564805586,사업장폐기물,,,,120,2009,강원특별자치도 정선군,033-560-2336,2026-06-26,4291000,강원특별자치도 정선군
대한석탄공사 석항사무소,강원특별자치도 정선군 신동읍 의림로 10,강원특별자치도 정선군 신동읍 천포리 490,37.2003468862,128.6274380514,사업장폐기물,,,,300,2009,강원특별자치도 정선군,033-560-2336,2026-06-26,4291000,강원특별자치도 정선군
한국광해광업공단 강원지사,,강원특별자치도 정선군 사북읍 사북리 산 154-3,37.2200931355,128.8155919172,사업장폐기물,,,,360,2009,강원특별자치도 정선군,033-560-2336,2026-06-26,4291000,강원특별자치도 정선군
대원화로구이다목적숙소직원식당정선점,강원특별자치도 정선군 고한읍 고한10길 22  ((산1-239)),강원특별자치도 정선군 고한읍 고한리 65-14 (산1-239),37.2004499534,128.8562419972,사업장폐기물,,,,120,2010,강원특별자치도 정선군,033-560-2336,2026-06-26,4291000,강원특별자치도 정선군
이조케터링써비스(주),강원특별자치도 정선군 사북읍 하이원길 265  (강원랜드-카지노직원식당),강원특별자치도 정선군 사북읍 사북리 424,37.2118740499,128.8214537296,사업장폐기물,,,,324,2010,강원특별자치도 정선군,033-560-2336,2026-06-26,4291000,강원특별자치도 정선군
대우함바식당,강원특별자치도 정선군 고한읍 하이원길 265-1,강원특별자치도 정선군 고한읍 고한리 144-15,37.2094741669,128.8278147657,사업장폐기물,,,,36,2010,강원특별자치도 정선군,033-560-2336,2026-06-26,4291000,강원특별자치도 정선군
(주)정선랜드,강원특별자치도 정선군 사북읍 하이원길 202,강원특별자치도 정선군 사북읍 사북리 469,37.2060068527,128.8140113886,사업장폐기물,,,,300,2010,강원특별자치도 정선군,033-560-2336,2026-06-26,4291000,강원특별자치도 정선군
(주)정선랜드,강원특별자치도 정선군 사북읍 하이원길 202,강원특별자치도 정선군 사북읍 사북리 469,37.2060068527,128.8140113886,사업장폐기물,,,,60,2010,강원특별자치도 정선군,033-560-2336,2026-06-26,4291000,강원특별자치도 정선군
(주)정선랜드,강원특별자치도 정선군 사북읍 하이원길 202,강원특별자치도 정선군 사북읍 사북리 469,37.2060068527,128.8140113886,사업장폐기물,,,,100,2010,강원특별자치도 정선군,033-560-2336,2026-06-26,4291000,강원특별자치도 정선군
(주)정선랜드,강원특별자치도 정선군 사북읍 하이원길 202,강원특별자치도 정선군 사북읍 사북리 469,37.2060068527,128.8140113886,사업장폐기물,,,,50,2010,강원특별자치도 정선군,033-560-2336,2026-06-26,4291000,강원특별자치도 정선군
(주)정선랜드,강원특별자치도 정선군 사북읍 하이원길 202,강원특별자치도 정선군 사북읍 사북리 469,37.2060068527,128.8140113886,사업장폐기물,,,,200,2010,강원특별자치도 정선군,033-560-2336,2026-06-26,4291000,강원특별자치도 정선군
(주)정선랜드,강원특별자치도 정선군 사북읍 하이원길 202,강원특별자치도 정선군 사북읍 사북리 469,37.2060068527,128.8140113886,사업장폐기물,,,,80,2010,강원특별자치도 정선군,033-560-2336,2026-06-26,4291000,강원특별자치도 정선군
석광산업,강원특별자치도 정선군 고한읍 강원남로 6461,강원특별자치도 정선군 고한읍 고한리 373-40,37.1952576001,128.8705434665,사업장폐기물,,,,100,2011,강원특별자치도 정선군,033-560-2336,2026-06-26,4291000,강원특별자치도 정선군
나라환경개발(주),강원특별자치도 정선군 신동읍 예미1길 31-80,강원특별자치도 정선군 신동읍 예미리 830,37.2091718333,128.6363215186,사업장폐기물,,,,162,2011,강원특별자치도 정선군,033-560-2336,2026-06-26,4291000,강원특별자치도 정선군
석광산업,강원특별자치도 정선군 고한읍 강원남로 6461,강원특별자치도 정선군 고한읍 고한리 373-40,37.1952576001,128.8705434665,사업장폐기물,,,,200,2011,강원특별자치도 정선군,033-560-2336,2026-06-26,4291000,강원특별자치도 정선군
(주)신동,강원특별자치도 정선군 신동읍 의림로 496-1,강원특별자치도 정선군 신동읍 예미리 13-1,37.2308105739,128.6566190373,사업장폐기물,,,,200,2012,강원특별자치도 정선군,033-560-2336,2026-06-26,4291000,강원특별자치도 정선군
(주)파이닉스알엔디,,강원특별자치도 정선군 임계면 봉산리 646-1,37.4825686171,128.8463612882,사업장폐기물,,,,192,2012,강원특별자치도 정선군,033-560-2336,2026-06-26,4291000,강원특별자치도 정선군
태경산업(주),강원특별자치도 정선군 신동읍 예미2길 26-17,강원특별자치도 정선군 신동읍 예미리 228,37.2142479909,128.6492050204,사업장폐기물,,,,50,2012,강원특별자치도 정선군,033-560-2336,2026-06-26,4291000,강원특별자치도 정선군
태경산업(주),강원특별자치도 정선군 신동읍 예미2길 26-17,강원특별자치도 정선군 신동읍 예미리 228,37.2142479909,128.6492050204,사업장폐기물,,,,49500,2012,강원특별자치도 정선군,033-560-2336,2026-06-26,4291000,강원특별자치도 정선군
(주)대유코아 정선공장,강원특별자치도 정선군 신동읍 의림로 496-2,강원특별자치도 정선군 신동읍 예미리 12-1,37.2300252179,128.6577778133,사업장폐기물,,,,500,2012,강원특별자치도 정선군,033-560-2336,2026-06-26,4291000,강원특별자치도 정선군
에콜리안 정선골프장,강원특별자치도 정선군 신동읍 새골길 112-49,강원특별자치도 정선군 신동읍 조동리 516,37.2221370102,128.679462147,사업장폐기물,,,,60,2012,강원특별자치도 정선군,033-560-2336,2026-06-26,4291000,강원특별자치도 정선군
에콜리안 정선골프장,강원특별자치도 정선군 신동읍 새골길 112-49,강원특별자치도 정선군 신동읍 조동리 516,37.2221370102,128.679462147,사업장폐기물,,,,200,2012,강원특별자치도 정선군,033-560-2336,2026-06-26,4291000,강원특별자치도 정선군
대림레미콘,,강원특별자치도 정선군 남면 무릉리 827-4,37.2474726386,128.7773041572,사업장폐기물,,,,1000,2013,강원특별자치도 정선군,033-560-2336,2026-06-26,4291000,강원특별자치도 정선군
(주)파이닉스알엔디,강원특별자치도 정선군 정선읍 정선로 1047,,37.3873989154,128.6373805389,사업장폐기물,,,,1200,2013,강원특별자치도 정선군,033-560-2336,2026-06-26,4291000,강원특별자치도 정선군
(주)파이닉스알엔디,강원특별자치도 정선군 정선읍 정선로 1047,,37.3873989154,128.6373805389,사업장폐기물,,,,2500,2013,강원특별자치도 정선군,033-560-2336,2026-06-26,4291000,강원특별자치도 정선군
경동콘크리트(주),강원특별자치도 정선군 임계면 서동로 5449,강원특별자치도 정선군 임계면 직원리 482-7,37.5251255291,128.9149269182,사업장폐기물,,,,300,2013,강원특별자치도 정선군,033-560-2336,2026-06-26,4291000,강원특별자치도 정선군
(주)정선라임,강원특별자치도 정선군 사북읍 직전로 650,강원특별자치도 정선군 사북읍 직전리 220-4,37.2687393179,128.8272740839,사업장폐기물,,,,200,2014,강원특별자치도 정선군,033-560-2336,2026-06-26,4291000,강원특별자치도 정선군
(주)정선라임,강원특별자치도 정선군 사북읍 직전로 650,강원특별자치도 정선군 사북읍 직전리 220-4,37.2687393179,128.8272740839,사업장폐기물,,,,2000,2014,강원특별자치도 정선군,033-560-2336,2026-06-26,4291000,강원특별자치도 정선군
(주)정선라임,강원특별자치도 정선군 사북읍 직전로 650,강원특별자치도 정선군 사북읍 직전리 220-4,37.2687393179,128.8272740839,사업장폐기물,,,,2,2014,강원특별자치도 정선군,033-560-2336,2026-06-26,4291000,강원특별자치도 정선군
주식회사화양에프앤씨,강원특별자치도 정선군 신동읍 예미2길 26-64,,37.2145424404,128.6528998003,사업장폐기물,,,,360,2014,강원특별자치도 정선군,033-560-2336,2026-06-26,4291000,강원특별자치도 정선군
주식회사화양에프앤씨,강원특별자치도 정선군 신동읍 예미2길 26-64,,37.2145424404,128.6528998003,사업장폐기물,,,,240,2014,강원특별자치도 정선군,033-560-2336,2026-06-26,4291000,강원특별자치도 정선군
주식회사화양에프앤씨,강원특별자치도 정선군 신동읍 예미2길 26-64,,37.2145424404,128.6528998003,사업장폐기물,,,,1.2,2014,강원특별자치도 정선군,033-560-2336,2026-06-26,4291000,강원특별자치도 정선군
주식회사화양에프앤씨,강원특별자치도 정선군 신동읍 예미2길 26-64,,37.2145424404,128.6528998003,사업장폐기물,,,,36,2014,강원특별자치도 정선군,033-560-2336,2026-06-26,4291000,강원특별자치도 정선군
주식회사화양에프앤씨,강원특별자치도 정선군 신동읍 예미2길 26-64,,37.2145424404,128.6528998003,사업장폐기물,,,,720,2014,강원특별자치도 정선군,033-560-2336,2026-06-26,4291000,강원특별자치도 정선군
정선폐차장,강원특별자치도 정선군 정선읍 망하길 73-19,강원특별자치도 정선군 정선읍 광하리 589-4,37.3584308465,128.6019577777,사업장폐기물,,,,14.4,2014,강원특별자치도 정선군,033-560-2336,2026-06-26,4291000,강원특별자치도 정선군
정선폐차장,강원특별자치도 정선군 정선읍 망하길 73-19,강원특별자치도 정선군 정선읍 광하리 589-4,37.3584308465,128.6019577777,사업장폐기물,,,,1,2014,강원특별자치도 정선군,033-560-2336,2026-06-26,4291000,강원특별자치도 정선군
정선폐차장,강원특별자치도 정선군 정선읍 망하길 73-19,강원특별자치도 정선군 정선읍 광하리 589-4,37.3584308465,128.6019577777,사업장폐기물,,,,50,2014,강원특별자치도 정선군,033-560-2336,2026-06-26,4291000,강원특별자치도 정선군
정선폐차장,강원특별자치도 정선군 정선읍 망하길 73-19,강원특별자치도 정선군 정선읍 광하리 589-4,37.3584308465,128.6019577777,사업장폐기물,,,,15,2014,강원특별자치도 정선군,033-560-2336,2026-06-26,4291000,강원특별자치도 정선군
한국광해광업공단 강원지사,강원특별자치도 정선군 고한읍 부금소길 28-21,강원특별자치도 정선군 고한읍 고한리 3-1,37.1910309141,128.8729667156,사업장폐기물,,,,90,2014,강원특별자치도 정선군,033-560-2336,2026-06-26,4291000,강원특별자치도 정선군
종합자원자동차해체재활용산업,강원특별자치도 정선군 고한읍 강원남로 6558,강원특별자치도 정선군 고한읍 고한리 363-2,37.1995932167,128.8746330748,사업장폐기물,,,,2.4,2014,강원특별자치도 정선군,033-560-2336,2026-06-26,4291000,강원특별자치도 정선군
종합자원자동차해체재활용산업,강원특별자치도 정선군 고한읍 강원남로 6558,강원특별자치도 정선군 고한읍 고한리 363-2,37.1995932167,128.8746330748,사업장폐기물,,,,12,2014,강원특별자치도 정선군,033-560-2336,2026-06-26,4291000,강원특별자치도 정선군
종합자원자동차해체재활용산업,강원특별자치도 정선군 고한읍 강원남로 6558,강원특별자치도 정선군 고한읍 고한리 363-2,37.1995932167,128.8746330748,사업장폐기물,,,,1,2014,강원특별자치도 정선군,033-560-2336,2026-06-26,4291000,강원특별자치도 정선군
종합자원자동차해체재활용산업,강원특별자치도 정선군 고한읍 강원남로 6558,강원특별자치도 정선군 고한읍 고한리 363-2,37.1995932167,128.8746330748,사업장폐기물,,,,20,2014,강원특별자치도 정선군,033-560-2336,2026-06-26,4291000,강원특별자치도 정선군
한덕철광산업(주),강원특별자치도 정선군 신동읍 조동1길 154 (_335-8),강원특별자치도 정선군 신동읍 조동리 335-8,37.1966270227,128.6681389171,사업장폐기물,,,,100,2015,강원특별자치도 정선군,033-560-2336,2026-06-26,4291000,강원특별자치도 정선군
한덕철광산업(주),강원특별자치도 정선군 신동읍 조동1길 154 (_335-8),강원특별자치도 정선군 신동읍 조동리 335-8,37.1966270227,128.6681389171,사업장폐기물,,,,240,2015,강원특별자치도 정선군,033-560-2336,2026-06-26,4291000,강원특별자치도 정선군
(주)예성환경,강원특별자치도 정선군 고한읍 강원남로 6461,강원특별자치도 정선군 고한읍 고한리 373-40,37.1952576001,128.8705434665,사업장폐기물,,,,200,2015,강원특별자치도 정선군,033-560-2336,2026-06-26,4291000,강원특별자치도 정선군
(주)예성환경,강원특별자치도 정선군 고한읍 강원남로 6461,강원특별자치도 정선군 고한읍 고한리 373-40,37.1952576001,128.8705434665,사업장폐기물,,,,500,2015,강원특별자치도 정선군,033-560-2336,2026-06-26,4291000,강원특별자치도 정선군
정선군(정선군쓰레기위생매립장),강원특별자치도 정선군 남면 광락로 691-233 (정선군쓰레기위생매립장),,37.3072722933,128.6787898746,사업장폐기물,,,,600,2016,강원특별자치도 정선군,033-560-2336,2026-06-26,4291000,강원특별자치도 정선군
(주)강원랜드,강원특별자치도 정선군 사북읍 하이원길 265 (강원랜드),,37.2118740499,128.8214537296,사업장폐기물,,,,40,2016,강원특별자치도 정선군,033-560-2336,2026-06-26,4291000,강원특별자치도 정선군
(주)강원랜드,강원특별자치도 정선군 사북읍 하이원길 265 (강원랜드),,37.2118740499,128.8214537296,사업장폐기물,,,,20,2016,강원특별자치도 정선군,033-560-2336,2026-06-26,4291000,강원특별자치도 정선군
(주)강원랜드,강원특별자치도 정선군 사북읍 하이원길 265 (강원랜드),,37.2118740499,128.8214537296,사업장폐기물,,,,110,2016,강원특별자치도 정선군,033-560-2336,2026-06-26,4291000,강원특별자치도 정선군
(주)강원랜드,강원특별자치도 정선군 사북읍 하이원길 265 (강원랜드),,37.2118740499,128.8214537296,사업장폐기물,,,,10,2016,강원특별자치도 정선군,033-560-2336,2026-06-26,4291000,강원특별자치도 정선군
(주)강원랜드,강원특별자치도 정선군 사북읍 하이원길 265 (강원랜드),,37.2118740499,128.8214537296,사업장폐기물,,,,6,2016,강원특별자치도 정선군,033-560-2336,2026-06-26,4291000,강원특별자치도 정선군
(주)강원랜드,강원특별자치도 정선군 사북읍 하이원길 265 (강원랜드),,37.2118740499,128.8214537296,사업장폐기물,,,,1166,2016,강원특별자치도 정선군,033-560-2336,2026-06-26,4291000,강원특별자치도 정선군
(주)강원랜드,강원특별자치도 정선군 사북읍 하이원길 265 (강원랜드),,37.2118740499,128.8214537296,사업장폐기물,,,,601.7,2016,강원특별자치도 정선군,033-560-2336,2026-06-26,4291000,강원특별자치도 정선군
(주)강원랜드,강원특별자치도 정선군 사북읍 하이원길 265 (강원랜드),,37.2118740499,128.8214537296,사업장폐기물,,,,1286.5,2016,강원특별자치도 정선군,033-560-2336,2026-06-26,4291000,강원특별자치도 정선군
(주)강원랜드,강원특별자치도 정선군 사북읍 하이원길 265 (강원랜드),,37.2118740499,128.8214537296,사업장폐기물,,,,91.2,2016,강원특별자치도 정선군,033-560-2336,2026-06-26,4291000,강원특별자치도 정선군
(주)강원랜드,강원특별자치도 정선군 사북읍 하이원길 265 (강원랜드),,37.2118740499,128.8214537296,사업장폐기물,,,,95,2016,강원특별자치도 정선군,033-560-2336,2026-06-26,4291000,강원특별자치도 정선군
(주)강원랜드,강원특별자치도 정선군 사북읍 하이원길 265 (강원랜드),,37.2118740499,128.8214537296,사업장폐기물,,,,1666,2016,강원특별자치도 정선군,033-560-2336,2026-06-26,4291000,강원특별자치도 정선군
(주)강원랜드,강원특별자치도 정선군 사북읍 하이원길 265 (강원랜드),,37.2118740499,128.8214537296,사업장폐기물,,,,225,2016,강원특별자치도 정선군,033-560-2336,2026-06-26,4291000,강원특별자치도 정선군
(주)강원랜드,강원특별자치도 정선군 사북읍 하이원길 265 (강원랜드),,37.2118740499,128.8214537296,사업장폐기물,,,,100,2016,강원특별자치도 정선군,033-560-2336,2026-06-26,4291000,강원특별자치도 정선군
(주)강원랜드,강원특별자치도 정선군 사북읍 하이원길 265 (강원랜드),,37.2118740499,128.8214537296,사업장폐기물,,,,1000,2016,강원특별자치도 정선군,033-560-2336,2026-06-26,4291000,강원특별자치도 정선군
(주)강원랜드,강원특별자치도 정선군 사북읍 하이원길 265 (강원랜드),,37.2118740499,128.8214537296,사업장폐기물,,,,250,2016,강원특별자치도 정선군,033-560-2336,2026-06-26,4291000,강원특별자치도 정선군
(주)강원랜드,강원특별자치도 정선군 사북읍 하이원길 265 (강원랜드),,37.2118740499,128.8214537296,사업장폐기물,,,,5,2016,강원특별자치도 정선군,033-560-2336,2026-06-26,4291000,강원특별자치도 정선군
(주)강원랜드,강원특별자치도 정선군 사북읍 하이원길 265 (강원랜드),,37.2118740499,128.8214537296,사업장폐기물,,,,712,2016,강원특별자치도 정선군,033-560-2336,2026-06-26,4291000,강원특별자치도 정선군
(주)강원랜드,강원특별자치도 정선군 사북읍 하이원길 265 (강원랜드),,37.2118740499,128.8214537296,사업장폐기물,,,,50,2016,강원특별자치도 정선군,033-560-2336,2026-06-26,4291000,강원특별자치도 정선군
(주)강원랜드,강원특별자치도 정선군 사북읍 하이원길 265 (강원랜드),,37.2118740499,128.8214537296,사업장폐기물,,,,790,2016,강원특별자치도 정선군,033-560-2336,2026-06-26,4291000,강원특별자치도 정선군
(주)강원랜드,강원특별자치도 정선군 사북읍 하이원길 265 (강원랜드),,37.2118740499,128.8214537296,사업장폐기물,,,,77,2016,강원특별자치도 정선군,033-560-2336,2026-06-26,4291000,강원특별자치도 정선군
(주)강원랜드,강원특별자치도 정선군 사북읍 하이원길 265 (강원랜드),,37.2118740499,128.8214537296,사업장폐기물,,,,71.4,2016,강원특별자치도 정선군,033-560-2336,2026-06-26,4291000,강원특별자치도 정선군
부안폐차장,전북특별자치도 부안군 행안면 부안로 2449,전북특별자치도 부안군 행안면 대초리 1-32,35.71363511,126.7142853,사업장폐기물,51-37-02,재활용,063-580-6090,1,2012,전북특별자치도 부안군,063-580-4844,2026-02-19,4791000,전북특별자치도 부안군
제일폐차장,전북특별자치도 부안군 행안면 부안로 2439,전북특별자치도 부안군 행안면 대초리 25-2,35.7123037461,126.7133231,사업장폐기물,51-37-02,중간처리,063-581-0019,1,2012,전북특별자치도 부안군,063-580-4844,2026-02-19,4791000,전북특별자치도 부안군
새만금폐차장,전북특별자치도 부안군 부안읍 연곡로 159,전북특별자치도 부안군 부안읍 연곡리 164-7,35.71178877,126.7443184,사업장폐기물,51-37-02,중간처리,063-583-0220,1,2013,전북특별자치도 부안군,063-580-4844,2026-02-19,4791000,전북특별자치도 부안군
광일폐차장,전북특별자치도 부안군 행안면 행안중앙로 7,전북특별자치도 부안군 행안면 대초리 79,35.71168299,126.7112554,사업장폐기물,51-37-02,중간처리,063-581-0831,1,2013,전북특별자치도 부안군,063-580-4844,2026-02-19,4791000,전북특별자치도 부안군
자동차마을,전북특별자치도 부안군 부안읍 오리정로 156,전북특별자치도 부안군 부안읍 봉덕리 563-5,35.72315478,126.7392108,지정폐기물,06-03-00,재활용,,4,2000,전북특별자치도 부안군,063-580-4844,2026-02-19,4791000,전북특별자치도 부안군
(주)비젼세라믹,전북특별자치도 부안군 보안면 부안로 1256,전북특별자치도 부안군 보안면 남포리 339-16,35.62150017,126.6705905,사업장폐기물,51-02-99,중간처리,063-581-2044,6,2008,전북특별자치도 부안군,063-580-4844,2026-02-19,4791000,전북특별자치도 부안군
부안군 하수슬러지 처리시설,전북특별자치도 부안군 부안읍 순환남로 750,전북특별자치도 부안군 부안읍 신운리 495,35.7234730436,126.7291258469,사업장폐기물,51-10-99,중간처리,063-582-6393,6,2012,전북특별자치도 부안군,063-580-4844,2026-02-19,4791000,전북특별자치도 부안군
부안수협 수산물 가공공장,전북특별자치도 부안군 행안면 부안농공단지길 14-3,전북특별자치도 부안군 행안면 역리 1121-6,35.73958473,126.7203578,사업장폐기물,51-01-08,재활용,063-584-3101,6,2016,전북특별자치도 부안군,063-580-4844,2026-02-19,4791000,전북특별자치도 부안군
티마이환경,전북특별자치도 부안군 부안읍 용계길 56,전북특별자치도 부안군 부안읍 선은리 170-8,35.72936847,126.7438881,사업장폐기물,51-20-24,재활용,,7,2015,전북특별자치도 부안군,063-580-4844,2026-02-19,4791000,전북특별자치도 부안군
제일폐차장,전북특별자치도 부안군 행안면 부안로 2439,전북특별자치도 부안군 행안면 대초리 25-2,35.7123037461,126.7133231,사업장폐기물,51-03-01,중간처리,063-581-0019,9,2012,전북특별자치도 부안군,063-580-4844,2026-02-19,4791000,전북특별자치도 부안군
(유)텃밭김치,전북특별자치도 부안군 행안면 옥여길 23,전북특별자치도 부안군 행안면 역리 1121-11,35.73841868,126.7217362,사업장폐기물,51-17-29,중간처리,,10,2005,전북특별자치도 부안군,063-580-4844,2026-02-19,4791000,전북특별자치도 부안군
부안군 하수슬러지 처리시설,전북특별자치도 부안군 부안읍 순환남로 750,전북특별자치도 부안군 부안읍 신운리 495,35.7234730436,126.7291258469,사업장폐기물,51-03-01,중간처리,063-582-6393,10,2012,전북특별자치도 부안군,063-580-4844,2026-02-19,4791000,전북특별자치도 부안군
부안수협 수산물 가공공장,전북특별자치도 부안군 행안면 부안농공단지길 14-3,전북특별자치도 부안군 행안면 역리 1121-6,35.73958473,126.7203578,사업장폐기물,51-03-01,중간처리,063-584-3101,10,2016,전북특별자치도 부안군,063-580-4844,2026-02-19,4791000,전북특별자치도 부안군
(주)세영건설,전북특별자치도 부안군 변산면 새만금로 432-15,전북특별자치도 부안군 변산면 대항리 575,35.72923446,126.5312577,사업장폐기물,51-03-01,매립,063-714-3023,10,2019,전북특별자치도 부안군,063-580-4844,2026-02-19,4791000,전북특별자치도 부안군
유한회사 효성건설,전북특별자치도 부안군 보안면 부안로 1240,전북특별자치도 부안군 보안면 남포리 377-7,35.61952242,126.6694642,사업장폐기물,51-20-99,중간처리,063-581-0869,10,2024,전북특별자치도 부안군,063-580-4844,2026-02-19,4791000,전북특별자치도 부안군
새만금폐차장,전북특별자치도 부안군 부안읍 연곡로 159,전북특별자치도 부안군 부안읍 연곡리 164-7,35.71178877,126.7443184,사업장폐기물,51-03-01,중간처리,063-583-0220,12,2013,전북특별자치도 부안군,063-580-4844,2026-02-19,4791000,전북특별자치도 부안군
농업회사법인 유한회사 거상,전북특별자치도 부안군 행안면 옥여길 32-68,전북특별자치도 부안군 행안면 역리 1145,35.73205763,126.7227773,사업장폐기물,51-03-01,중간처리,063-581-3811,12,2019,전북특별자치도 부안군,063-580-4844,2026-02-19,4791000,전북특별자치도 부안군
(주)풀무원푸드앤컬처,전북특별자치도 부안군 변산면 궁항로 72,전북특별자치도 부안군 변산면 도청리 1119,35.6047682042,126.4769286059,생활폐기물,91-02-00,재활용,063-581-5911,13,2012,전북특별자치도 부안군,063-580-4844,2026-02-19,4791000,전북특별자치도 부안군
삼영,전북특별자치도 부안군 상서면 부안로 1875,전북특별자치도 부안군 상서면 가오리 734-9,35.67537236,126.6740838,사업장폐기물,51-02-01,중간처리,,15,2021,전북특별자치도 부안군,063-580-4844,2026-02-19,4791000,전북특별자치도 부안군
바다의 향기,전북특별자치도 부안군 부안읍 봉두길 52,전북특별자치도 부안군 부안읍 봉덕리 357-3,35.71526131,126.7437004,사업장폐기물,51-03-01,재활용,063-583-0035,15,2023,전북특별자치도 부안군,063-580-4844,2026-02-19,4791000,전북특별자치도 부안군
리뉴어스 주식회사(계화공공하수처리시설),전북특별자치도 부안군 계화면 새포로 465-300,전북특별자치도 부안군 계화면 창북리 1467-1,35.7938236,126.6860371,사업장폐기물,51-99-00,재활용,063-584-5559,20,2008,전북특별자치도 부안군,063-580-4844,2026-02-19,4791000,전북특별자치도 부안군
동진면사무소,전북특별자치도 부안군 동진면 동진로 89,전북특별자치도 부안군 동진면 봉황리 354-3,35.74932364,126.7387766,사업장폐기물,51-03-01,재활용,,20,2015,전북특별자치도 부안군,063-580-4844,2026-02-19,4791000,전북특별자치도 부안군
농업회사법인 유한회사 새만금푸드,전북특별자치도 부안군 행안면 옥여길 23,전북특별자치도 부안군 행안면 역리 1121-11,35.73841868,126.7217362,사업장폐기물,51-03-01,중간처리,063-583-0012,20,2019,전북특별자치도 부안군,063-580-4844,2026-02-19,4791000,전북특별자치도 부안군
백산가구종합물류,전북특별자치도 부안군 백산면 백산로 308,전북특별자치도 부안군 백산면 평교리 252-1,35.70159593,126.7866216,사업장폐기물,51-99-00,재활용,063-581-9495,20,2019,전북특별자치도 부안군,063-580-4844,2026-02-19,4791000,전북특별자치도 부안군
한국에너지기술연구원,전북특별자치도 부안군 하서면 신재생에너지로 20-41,전북특별자치도 부안군 하서면 백련리 1241,35.71203686,126.5992372,사업장폐기물,51-03-01,중간처리,063-581-1676,20,2021,전북특별자치도 부안군,063-580-4844,2026-02-19,4791000,전북특별자치도 부안군
농업회사법인 유한회사 줄포농산,전북특별자치도 부안군 줄포면 주을로 259-9,전북특별자치도 부안군 줄포면 대동리 1051-3,35.6041782,126.7030141,사업장폐기물,51-17-29,중간처리,,20,2023,전북특별자치도 부안군,063-580-4844,2026-02-19,4791000,전북특별자치도 부안군
한국수산자원공단 서해본부 서해생명자원센터,전북특별자치도 부안군 변산면 죽막길 28,전북특별자치도 부안군 변산면 격포리 256-1,35.63474288,126.4616902,사업장폐기물,51-03-01,중간처리,063-580-5807,20,2024,전북특별자치도 부안군,063-580-4844,2026-02-19,4791000,전북특별자치도 부안군
한국수산자원공단 서해본부 서해생명자원센터,전북특별자치도 부안군 변산면 죽막길 28,전북특별자치도 부안군 변산면 격포리 256-1,35.63474288,126.4616902,사업장폐기물,51-17-19,재활용,063-580-5807,20,2024,전북특별자치도 부안군,063-580-4844,2026-02-19,4791000,전북특별자치도 부안군
농협보험변산수련원,,전북특별자치도 부안군 변산면 도청리 612-24,35.60536843,126.4771508,사업장폐기물,51-99-00,재활용,063-580-5700,23,2012,전북특별자치도 부안군,063-580-4844,2026-02-19,4791000,전북특별자치도 부안군
(주)소노인터내셔널 변산지점,전북특별자치도 부안군 변산면 변산해변로 51,전북특별자치도 부안군 변산면 격포리 257,35.63192832,126.4701212,사업장폐기물,51-99-00,중간처리,063-580-8734,24,2008,전북특별자치도 부안군,063-580-4844,2026-02-19,4791000,전북특별자치도 부안군
(주)대명레저산업변산지점,전북특별자치도 부안군 변산면 변산해변로 51,전북특별자치도 부안군 변산면 격포리 257,35.63192832,126.4701212,사업장폐기물,51-99-00,재활용,,24,2015,전북특별자치도 부안군,063-580-4844,2026-02-19,4791000,전북특별자치도 부안군
(주)비젼세라믹,전북특별자치도 부안군 보안면 부안로 1256,전북특별자치도 부안군 보안면 남포리 339-16,35.62150017,126.6705905,사업장폐기물,51-03-01,재활용,063-581-2044,25,2008,전북특별자치도 부안군,063-580-4844,2026-02-19,4791000,전북특별자치도 부안군
효산수산,,전북특별자치도 부안군 보안면 영전리 415-3,35.612186138,126.6740324,사업장폐기물,51-17-99,재활용,,25,2014,전북특별자치도 부안군,063-580-4844,2026-02-19,4791000,전북특별자치도 부안군
(주)소노인터내셔널 변산지점,전북특별자치도 부안군 변산면 변산해변로 51,전북특별자치도 부안군 변산면 격포리 257,35.63192832,126.4701212,사업장폐기물,51-11-01,재활용,063-580-8734,30,2008,전북특별자치도 부안군,063-580-4844,2026-02-19,4791000,전북특별자치도 부안군
리뉴어스 주식회사(계화공공하수처리시설),전북특별자치도 부안군 계화면 새포로 465-300,전북특별자치도 부안군 계화면 창북리 1467-1,35.7938236,126.6860371,사업장폐기물,51-06-04,재활용,063-584-5559,30,2008,전북특별자치도 부안군,063-580-4844,2026-02-19,4791000,전북특별자치도 부안군
(유)삼원씨앤에스,전북특별자치도 부안군 부안읍 선돌로 174,전북특별자치도 부안군 부안읍 신흥리 353-9,35.68547898,126.7236299,사업장폐기물,51-01-01,재활용,063-583-3175,30,2011,전북특별자치도 부안군,063-580-4844,2026-02-19,4791000,전북특별자치도 부안군
참두리식품,전북특별자치도 부안군 진서면 청자로 1098,전북특별자치도 부안군 진서면 진서리 1219-22,35.59660804,126.619435,사업장폐기물,51-99-00,재활용,063-581-6100,30,2013,전북특별자치도 부안군,063-580-4844,2026-02-19,4791000,전북특별자치도 부안군
참두리식품,전북특별자치도 부안군 진서면 청자로 1098,전북특별자치도 부안군 진서면 진서리 1219-22,35.59660804,126.619435,사업장폐기물,51-01-06,재활용,063-581-6100,30,2013,전북특별자치도 부안군,063-580-4844,2026-02-19,4791000,전북특별자치도 부안군
광일폐차장,전북특별자치도 부안군 행안면 행안중앙로 7,전북특별자치도 부안군 행안면 대초리 79,35.71168299,126.7112554,사업장폐기물,51-03-01,중간처리,063-581-0831,30,2013,전북특별자치도 부안군,063-580-4844,2026-02-19,4791000,전북특별자치도 부안군
위도면사무소,전북특별자치도 부안군 위도면 진리안길 5,전북특별자치도 부안군 위도면 진리 165-1,35.60260507,126.2930104,사업장폐기물,51-03-01,재활용,,30,2015,전북특별자치도 부안군,063-580-4844,2026-02-19,4791000,전북특별자치도 부안군
부안성모병원,전북특별자치도 부안군 부안읍 오정2길 24,전북특별자치도 부안군 부안읍 봉덕리 583,35.72485363,126.7345079198,사업장폐기물,51-99-00,재활용,063-581-5100,30,2016,전북특별자치도 부안군,063-580-4844,2026-02-19,4791000,전북특별자치도 부안군
부안성모병원,전북특별자치도 부안군 부안읍 오정2길 24,전북특별자치도 부안군 부안읍 봉덕리 583,35.72485363,126.7345079198,사업장폐기물,51-03-01,재활용,063-581-5100,30,2016,전북특별자치도 부안군,063-580-4844,2026-02-19,4791000,전북특별자치도 부안군
서안전분(주),전북특별자치도 부안군 보안면 청자로 1383,전북특별자치도 부안군 보안면 우동리 138-4,35.61008837,126.6405932,사업장폐기물,51-03-01,재활용,063-584-9901,30,2018,전북특별자치도 부안군,063-580-4844,2026-02-19,4791000,전북특별자치도 부안군
농업회사법인 유한회사 피오레,전북특별자치도 부안군 주산면 주산동로 88,전북특별자치도 부안군 주산면 덕림리 969-3,35.6732848705,126.7284292,사업장폐기물,51-03-01,재활용,063-581-0657,30,2019,전북특별자치도 부안군,063-580-4844,2026-02-19,4791000,전북특별자치도 부안군
유한회사 징코푸드시스템,전북특별자치도 부안군 주산면 주산동로 80-7,전북특별자치도 부안군 주산면 덕림리 964-3,35.67201241,126.7277763,사업장폐기물,51-03-01,매립,063-581-0658,30,2019,전북특별자치도 부안군,063-580-4844,2026-02-19,4791000,전북특별자치도 부안군
농업회사법인 한송 주식회사(부안지점),전북특별자치도 부안군 행안면 옥여길 76-5,전북특별자치도 부안군 행안면 역리 1146,35.73752443,126.7283611,사업장폐기물,51-99-00,재활용,063-583-3727,30,2022,전북특별자치도 부안군,063-580-4844,2026-02-19,4791000,전북특별자치도 부안군
농업회사법인 한송 주식회사(부안지점),전북특별자치도 부안군 행안면 옥여길 76-5,전북특별자치도 부안군 행안면 역리 1146,35.73752443,126.7283611,사업장폐기물,51-03-01,재활용,063-583-3727,30,2022,전북특별자치도 부안군,063-580-4844,2026-02-19,4791000,전북특별자치도 부안군
황해식품,전북특별자치도 부안군 진서면 작도길 19-2,전북특별자치도 부안군 진서면 진서리 1026-6,35.59662386,126.6012491,사업장폐기물,51-01-06,재활용,,30,2025,전북특별자치도 부안군,063-580-4844,2026-02-19,4791000,전북특별자치도 부안군
곰소항식품,전북특별자치도 부안군 진서면 청자로 857-42,전북특별자치도 부안군 진서면 진서리 1011-1,35.59560526,126.605129,사업장폐기물,51-01-06,재활용,,30,2025,전북특별자치도 부안군,063-580-4844,2026-02-19,4791000,전북특별자치도 부안군
토백이 젓갈,전북특별자치도 부안군 진서면 청자로 619,전북특별자치도 부안군 진서면 석포리 697-2,35.59563517,126.5791194,사업장폐기물,51-01-06,재활용,,30,2025,전북특별자치도 부안군,063-580-4844,2026-02-19,4791000,전북특별자치도 부안군
곰소중앙식품,전북특별자치도 부안군 진서면 청자로 812-111,전북특별자치도 부안군 진서면 진서리 1275-8,35.58902102,126.5915279,사업장폐기물,51-01-06,재활용,063-584-7811,30,2025,전북특별자치도 부안군,063-580-4844,2026-02-19,4791000,전북특별자치도 부안군
우리젓갈식품,전북특별자치도 부안군 진서면 청자로 812-111,전북특별자치도 부안군 진서면 진서리 1275-8,35.58902102,126.5915279,사업장폐기물,51-01-06,재활용,,30,2025,전북특별자치도 부안군,063-580-4844,2026-02-19,4791000,전북특별자치도 부안군
부안군청,전북특별자치도 부안군 부안읍 당산로 91,전북특별자치도 부안군 부안읍 동중리 222-1,35.73171573,126.7330738,지정폐기물,07-01-02,재활용,,32,2007,전북특별자치도 부안군,063-580-4844,2026-02-19,4791000,전북특별자치도 부안군
계화농업협동조합,전북특별자치도 부안군 계화면 간재로 404,전북특별자치도 부안군 계화면 창북리 431,35.7621956,126.6982783,사업장폐기물,51-17-29,재활용,063-581-2321,35,2014,전북특별자치도 부안군,063-580-4844,2026-02-19,4791000,전북특별자치도 부안군
주식회사 이렘,전북특별자치도 부안군 행안면 부안농공단지길 29,전북특별자치도 부안군 행안면 역리 1116,35.74055137,126.7197233,사업장폐기물,51-03-01,재활용,063-584-6464,36,2003,전북특별자치도 부안군,063-580-4844,2026-02-19,4791000,전북특별자치도 부안군
(주)대명알테크,전북특별자치도 부안군 동진면 문포로 289,전북특별자치도 부안군 동진면 안성리 575,35.77733468,126.7421395,사업장폐기물,51-03-01,재활용,063-581-8320,36,2008,전북특별자치도 부안군,063-580-4844,2026-02-19,4791000,전북특별자치도 부안군
(주)산들에프시,전북특별자치도 부안군 행안면 옥여길 76-5,전북특별자치도 부안군 행안면 역리 1146,35.73752443,126.7283611,사업장폐기물,51-03-01,재활용,063-581-0011,36,2013,전북특별자치도 부안군,063-580-4844,2026-02-19,4791000,전북특별자치도 부안군
광일폐차장,전북특별자치도 부안군 행안면 행안중앙로 7,전북특별자치도 부안군 행안면 대초리 79,35.71168299,126.7112554,사업장폐기물,51-03-01,재활용,063-581-0831,36,2013,전북특별자치도 부안군,063-580-4844,2026-02-19,4791000,전북특별자치도 부안군
티마이환경,전북특별자치도 부안군 부안읍 용계길 56,전북특별자치도 부안군 부안읍 선은리 170-8,35.72936847,126.7438881,사업장폐기물,51-03-01,재활용,063-581-2625,40,2009,전북특별자치도 부안군,063-580-4844,2026-02-19,4791000,전북특별자치도 부안군
부안성모병원,전북특별자치도 부안군 부안읍 오정2길 24,전북특별자치도 부안군 부안읍 봉덕리 583,35.72485363,126.7345079198,사업장폐기물,51-99-00,재활용,063-581-5100,40,2016,전북특별자치도 부안군,063-580-4844,2026-02-19,4791000,전북특별자치도 부안군
(주)참프레,전북특별자치도 부안군 행안면 옥여길 32-29,전북특별자치도 부안군 행안면 역리 1142,35.73573637,126.7229176,생활폐기물,91-03-00,재활용,063-580-6358,40,2013,전북특별자치도 부안군,063-580-4844,2026-02-19,4791000,전북특별자치도 부안군
(주)신성미네랄 부안지점,전북특별자치도 부안군 보안면 농공단지길 28,전북특별자치도 부안군 보안면 영전리 298-9,35.60353169,126.6742204,사업장폐기물,51-03-01,중간처리,063-581-8384,48,2014,전북특별자치도 부안군,063-580-4844,2026-02-19,4791000,전북특별자치도 부안군
부안수협 수산물 가공공장,전북특별자치도 부안군 행안면 부안농공단지길 14-3,전북특별자치도 부안군 행안면 역리 1121-6,35.73958473,126.7203578,사업장폐기물,51-01-06,중간처리,063-584-3101,48,2016,전북특별자치도 부안군,063-580-4844,2026-02-19,4791000,전북특별자치도 부안군
리뉴어스 주식회사(분뇨(축분병합)공공처리시설),전북특별자치도 부안군 계화면 새포로 465-290,전북특별자치도 부안군 계화면 창북리 1451,35.79392303,126.685239,사업장폐기물,51-99-00,재활용,063-584-5559,50,2008,전북특별자치도 부안군,063-580-4844,2026-02-19,4791000,전북특별자치도 부안군
티마이환경,전북특별자치도 부안군 부안읍 용계길 56,전북특별자치도 부안군 부안읍 선은리 170-8,35.72936847,126.7438881,사업장폐기물,51-20-99,재활용,063-581-2625,50,2009,전북특별자치도 부안군,063-580-4844,2026-02-19,4791000,전북특별자치도 부안군
(유)삼성환경건설,전북특별자치도 부안군 주산면 종유로 140-64,전북특별자치도 부안군 주산면 사산리 771-6,35.65037883,126.6822373,사업장폐기물,51-27-99,재활용,063-581-5511,50,2010,전북특별자치도 부안군,063-580-4844,2026-02-19,4791000,전북특별자치도 부안군
(유)삼성환경건설,전북특별자치도 부안군 주산면 종유로 140-64,전북특별자치도 부안군 주산면 사산리 771-6,35.65037883,126.6822373,생활폐기물,91-04-00,매립,063-581-5511,50,2010,전북특별자치도 부안군,063-580-4844,2026-02-19,4791000,전북특별자치도 부안군
(주)한백종합건설,전북특별자치도 부안군 행안면 옥여길 32-14,전북특별자치도 부안군 행안면 역리 1132,35.73725596,126.7208814,사업장폐기물,51-99-00,재활용,070-7114-9873,50,2013,전북특별자치도 부안군,063-580-4844,2026-02-19,4791000,전북특별자치도 부안군
새만금폐차장,전북특별자치도 부안군 부안읍 연곡로 159,전북특별자치도 부안군 부안읍 연곡리 164-7,35.71178877,126.7443184,사업장폐기물,51-15-01,재활용,063-583-0220,50,2013,전북특별자치도 부안군,063-580-4844,2026-02-19,4791000,전북특별자치도 부안군
티마이환경,전북특별자치도 부안군 행안면 부안로 2544,전북특별자치도 부안군 행안면 신기리 79-1,35.71994797,126.7205721,사업장폐기물,51-03-01,중간처리,063-581-2625,50,2019,전북특별자치도 부안군,063-580-4844,2026-02-19,4791000,전북특별자치도 부안군
남부안농업협동조합,전북특별자치도 부안군 보안면 묘동길 47,전북특별자치도 부안군 보안면 영전리 145,35.6168011,126.6813971,사업장폐기물,51-17-29,재활용,063-581-3011,50,2025,전북특별자치도 부안군,063-580-4844,2026-02-19,4791000,전북특별자치도 부안군
한빛개발,전북특별자치도 부안군 동진면 석정로 38,전북특별자치도 부안군 동진면 봉황리 489,35.74284915,126.7298906,사업장폐기물,51-20-99,재활용,,50,2007,전북특별자치도 부안군,063-580-4844,2026-02-19,4791000,전북특별자치도 부안군
한빛개발,전북특별자치도 부안군 동진면 석정로 38,전북특별자치도 부안군 동진면 봉황리 489,35.74284915,126.7298906,사업장폐기물,51-20-24,재활용,,50,2007,전북특별자치도 부안군,063-580-4844,2026-02-19,4791000,전북특별자치도 부안군
농업회사법인 유한회사 거상,전북특별자치도 부안군 행안면 옥여길 32-68,전북특별자치도 부안군 행안면 역리 1145,35.73205763,126.7227773,사업장폐기물,51-17-29,매립,063-581-3811,50,2019,전북특별자치도 부안군,063-580-4844,2026-02-19,4791000,전북특별자치도 부안군
(유)삼성환경건설,전북특별자치도 부안군 주산면 종유로 140-64,전북특별자치도 부안군 주산면 사산리 771-6,35.65037883,126.6822373,사업장폐기물,51-27-99,재활용,063-581-5571,50,2004,전북특별자치도 부안군,063-580-4844,2026-02-19,4791000,전북특별자치도 부안군
(유)삼성환경건설,전북특별자치도 부안군 주산면 종유로 140-64,전북특별자치도 부안군 주산면 사산리 771-6,35.65037883,126.6822373,사업장폐기물,51-28-02,매립,063-581-5571,50,2004,전북특별자치도 부안군,063-580-4844,2026-02-19,4791000,전북특별자치도 부안군
(유)신협건설,전북특별자치도 부안군 부안읍 석정로 152,전북특별자치도 부안군 부안읍 동중리 81-10,35.73213492,126.7360849,사업장폐기물,51-02-04,재활용,063-581-4564,57,2008,전북특별자치도 부안군,063-580-4844,2026-02-19,4791000,전북특별자치도 부안군
(유)삼성환경건설,전북특별자치도 부안군 주산면 종유로 140-64,전북특별자치도 부안군 주산면 사산리 771-6,35.65037883,126.6822373,사업장폐기물,51-13-99,중간처리,063-581-5511,60,2010,전북특별자치도 부안군,063-580-4844,2026-02-19,4791000,전북특별자치도 부안군
제일폐차장,전북특별자치도 부안군 행안면 부안로 2439,전북특별자치도 부안군 행안면 대초리 25-2,35.7123037461,126.7133231,사업장폐기물,51-15-01,중간처리,063-581-0019,60,2012,전북특별자치도 부안군,063-580-4844,2026-02-19,4791000,전북특별자치도 부안군
광일폐차장,전북특별자치도 부안군 행안면 행안중앙로 7,전북특별자치도 부안군 행안면 대초리 79,35.71168299,126.7112554,사업장폐기물,51-15-01,재활용,063-581-0831,60,2013,전북특별자치도 부안군,063-580-4844,2026-02-19,4791000,전북특별자치도 부안군
주식회사  징코푸드시스템,전북특별자치도 부안군 주산면 주산동로 80-7,전북특별자치도 부안군 주산면 덕림리 964-3,35.67201241,126.7277763,사업장폐기물,51-03-01,재활용,063-581-0658,60,2018,전북특별자치도 부안군,063-580-4844,2026-02-19,4791000,전북특별자치도 부안군
부안효요양병원,전북특별자치도 부안군 행안면 염소로 25,전북특별자치도 부안군 행안면 역리 221-2,35.73043802,126.721333,사업장폐기물,51-99-00,재활용,063-580-7100,60,2021,전북특별자치도 부안군,063-580-4844,2026-02-19,4791000,전북특별자치도 부안군
대보유통(주) 부안(목포)휴게소,전북특별자치도 부안군 주산면 서해안고속도로 103,전북특별자치도 부안군 주산면 덕림리 933-4,35.67186983,126.7322078,사업장폐기물,51-03-01,재활용,,60,2022,전북특별자치도 부안군,063-580-4844,2026-02-19,4791000,전북특별자치도 부안군
대보유통(주) 부안(서울)휴게소,전북특별자치도 부안군 주산면 서해안고속도로 106,전북특별자치도 부안군 주산면 덕림리 924-2,35.67184891,126.7345056,사업장폐기물,51-03-01,재활용,063-776-7002,60,2022,전북특별자치도 부안군,063-580-4844,2026-02-19,4791000,전북특별자치도 부안군
동진주조,전북특별자치도 부안군 행안면 부안농공단지길 14-11,전북특별자치도 부안군 행안면 역리 1121-9,35.73903589,126.7212952,사업장폐기물,51-01-08,재활용,063-582-0027,60,2025,전북특별자치도 부안군,063-580-4844,2026-02-19,4791000,전북특별자치도 부안군
티마이환경,전북특별자치도 부안군 행안면 부안로 2544,전북특별자치도 부안군 행안면 신기리 79-1,35.71994797,126.7205721,사업장폐기물,51-99-00,재활용,063-581-2625,70,2019,전북특별자치도 부안군,063-580-4844,2026-02-19,4791000,전북특별자치도 부안군
미래스폰지,전북특별자치도 부안군 부안읍 부평로 126,전북특별자치도 부안군 부안읍 행중리 71-13,35.70770344,126.7694118,사업장폐기물,51-03-01,재활용,063-583-9155,72,2013,전북특별자치도 부안군,063-580-4844,2026-02-19,4791000,전북특별자치도 부안군
(주)새만금산업,전북특별자치도 부안군 부안읍 선돌로 227,전북특별자치도 부안군 부안읍 신흥리 308,35.6807991859,126.7218483,사업장폐기물,51-02-01,중간처리,063-583-3838,80,2012,전북특별자치도 부안군,063-580-4844,2026-02-19,4791000,전북특별자치도 부안군
(주)성우푸드,전북특별자치도 부안군 행안면 옥여길 32-18,전북특별자치도 부안군 행안면 역리 1135,35.73658143,126.721865,사업장폐기물,51-99-00,재활용,063-581-4966,80,2019,전북특별자치도 부안군,063-580-4844,2026-02-19,4791000,전북특별자치도 부안군
(유)삼성환경건설,전북특별자치도 부안군 주산면 종유로 140-64,전북특별자치도 부안군 주산면 사산리 771-6,35.65037883,126.6822373,사업장폐기물,51-21-01,중간처리,063-581-5511,90,2010,전북특별자치도 부안군,063-580-4844,2026-02-19,4791000,전북특별자치도 부안군
(유)정일산업,,전북특별자치도 부안군 주산면 사산리 71,35.65384278,126.690783,사업장폐기물,51-02-01,재활용,063-581-5511,90,2010,전북특별자치도 부안군,063-580-4844,2026-02-19,4791000,전북특별자치도 부안군
(주)한교,전북특별자치도 부안군 보안면 청자로 1381,전북특별자치도 부안군 보안면 우동리 138,35.61160412,126.6407331,사업장폐기물,51-03-01,재활용,063-584-9901,96,2008,전북특별자치도 부안군,063-580-4844,2026-02-19,4791000,전북특별자치도 부안군
(주)한교식품,전북특별자치도 부안군 보안면 청자로 1381,전북특별자치도 부안군 보안면 우동리 138,35.61160412,126.6407331,사업장폐기물,51-03-01,재활용,063-584-9901,96,2022,전북특별자치도 부안군,063-580-4844,2026-02-19,4791000,전북특별자치도 부안군
(유)삼성환경건설,전북특별자치도 부안군 주산면 종유로 140-64,전북특별자치도 부안군 주산면 사산리 771-6,35.65037883,126.6822373,사업장폐기물,51-20-24,재활용,063-581-5571,99,2004,전북특별자치도 부안군,063-580-4844,2026-02-19,4791000,전북특별자치도 부안군
(유)삼성환경건설,전북특별자치도 부안군 주산면 종유로 140-64,전북특별자치도 부안군 주산면 사산리 771-6,35.65037883,126.6822373,사업장폐기물,51-20-99,재활용,063-581-5571,99,2004,전북특별자치도 부안군,063-580-4844,2026-02-19,4791000,전북특별자치도 부안군
(유)삼성환경건설,전북특별자치도 부안군 주산면 종유로 140-64,전북특별자치도 부안군 주산면 사산리 771-6,35.65037883,126.6822373,지정폐기물,03-05-06,재활용,063-581-5571,100,2004,전북특별자치도 부안군,063-580-4844,2026-02-19,4791000,전북특별자치도 부안군
(주)비젼세라믹,전북특별자치도 부안군 보안면 부안로 1256,전북특별자치도 부안군 보안면 남포리 339-16,35.62150017,126.6705905,사업장폐기물,51-24-00,재활용,063-581-2044,100,2008,전북특별자치도 부안군,063-580-4844,2026-02-19,4791000,전북특별자치도 부안군
리뉴어스 주식회사(격포공공하수처리시설),전북특별자치도 부안군 변산면 격포로 251-39,전북특별자치도 부안군 변산면 격포리 270-75,35.62204529,126.4776639,사업장폐기물,51-99-00,재활용,063-582-9460,100,2009,전북특별자치도 부안군,063-580-4844,2026-02-19,4791000,전북특별자치도 부안군
(주)도시환경산업,전북특별자치도 부안군 보안면 종유로 140-96,전북특별자치도 부안군 보안면 월천리 831-2,35.64872877,126.6846495,사업장폐기물,51-99-00,재활용,063-581-2885,100,2012,전북특별자치도 부안군,063-580-4844,2026-02-19,4791000,전북특별자치도 부안군
한국도로공사 부안지사,전북특별자치도 부안군 줄포면 주을로 228-18,전북특별자치도 부안군 줄포면 장동리 7-3,35.59982387,126.702080,사업장폐기물,51-03-01,재활용,063-580-5333,100,2013,전북특별자치도 부안군,063-580-4844,2026-02-19,4791000,전북특별자치도 부안군
리뉴어스 주식회사 하서공공하수처리시설,전북특별자치도 부안군 하서면 신재생에너지로 124,전북특별자치도 부안군 하서면 백련리 1190,35.71717405,126.6038885,사업장폐기물,51-01-02,매립,063-582-0552,100,2015,전북특별자치도 부안군,063-580-4844,2026-02-19,4791000,전북특별자치도 부안군
삼해상사(주)부안공장,전북특별자치도 부안군 줄포면 농공단지길 9,전북특별자치도 부안군 줄포면 장동리 741-12,35.60186001,126.6730119,사업장폐기물,51-03-01,중간처리,063-584-6661,100,2015,전북특별자치도 부안군,063-580-4844,2026-02-19,4791000,전북특별자치도 부안군
삼해상사(주)부안공장,전북특별자치도 부안군 줄포면 농공단지길 9,전북특별자치도 부안군 줄포면 장동리 741-12,35.60186001,126.6730119,사업장폐기물,51-99-00,재활용,063-584-6661,100,2015,전북특별자치도 부안군,063-580-4844,2026-02-19,4791000,전북특별자치도 부안군
(주)대신에프에스,전북특별자치도 부안군 행안면 옥여길 32-76,전북특별자치도 부안군 행안면 역리 1145-1,35.73215267,126.7232401,사업장폐기물,51-17-29,재활용,063-583-2213,100,2016,전북특별자치도 부안군,063-580-4844,2026-02-19,4791000,전북특별자치도 부안군
(주)대신에프에스,전북특별자치도 부안군 행안면 옥여길 32-76,전북특별자치도 부안군 행안면 역리 1145-1,35.73215267,126.7232401,사업장폐기물,51-03-01,재활용,063-583-2213,100,2016,전북특별자치도 부안군,063-580-4844,2026-02-19,4791000,전북특별자치도 부안군
사거리고물상,전북특별자치도 부안군 행안면 부안로 2544,전북특별자치도 부안군 행안면 신기리 79-1,35.71994797,126.7205721,사업장폐기물,51-20-99,중간처리,,100,2018,전북특별자치도 부안군,063-580-4844,2026-02-19,4791000,전북특별자치도 부안군
사거리고물상,전북특별자치도 부안군 행안면 부안로 2544,전북특별자치도 부안군 행안면 신기리 79-1,35.71994797,126.7205721,사업장폐기물,51-27-99,매립,,100,2018,전북특별자치도 부안군,063-580-4844,2026-02-19,4791000,전북특별자치도 부안군
(유)주밀금속,전북특별자치도 부안군 행안면 부안농공단지길 50,전북특별자치도 부안군 행안면 역리 1121-4,35.74020727,126.7221167,사업장폐기물,51-04-99,재활용,063-581-2502,100,2019,전북특별자치도 부안군,063-580-4844,2026-02-19,4791000,전북특별자치도 부안군
농업회사법인 참피언스팜(주)부안지점,전북특별자치도 부안군 줄포면 장산로 298-36,전북특별자치도 부안군 줄포면 난산리 160,35.58277022,126.716312,사업장폐기물,51-17-02,재활용,,100,2019,전북특별자치도 부안군,063-580-4844,2026-02-19,4791000,전북특별자치도 부안군
라이스프라자영농조합법인,전북특별자치도 부안군 주산면 선돌로 663,전북특별자치도 부안군 주산면 소산리 335-3,35.65110406,126.7067621,사업장폐기물,51-03-01,재활용,063-582-4086,100,2020,전북특별자치도 부안군,063-580-4844,2026-02-19,4791000,전북특별자치도 부안군
계화농협미곡종합처리장,전북특별자치도 부안군 계화면 새포로 388,전북특별자치도 부안군 계화면 궁안리 1464,35.762285,126.684941,사업장폐기물,51-19-00,재활용,063-581-2324,100,2021,전북특별자치도 부안군,063-580-4844,2026-02-19,4791000,전북특별자치도 부안군
(주)피시원,전북특별자치도 부안군 행안면 부안3농공단지길 9,전북특별자치도 부안군 행안면 역리 1194,35.74226069,126.726971446,사업장폐기물,51-03-01,중간처리,031-314-0010,100,2022,전북특별자치도 부안군,063-580-4844,2026-02-19,4791000,전북특별자치도 부안군
(주)미래케미칼,전북특별자치도 부안군 행안면 옥여길 33-1,전북특별자치도 부안군 행안면 역리 1121-16,35.73890637,126.7226791,사업장폐기물,51-03-03,중간처리,,100,2024,전북특별자치도 부안군,063-580-4844,2026-02-19,4791000,전북특별자치도 부안군
케이헬스푸드 주식회사,전북특별자치도 부안군 행안면 옥여길 32-22,전북특별자치도 부안군 행안면 역리 1136,35.73617556,126.7218383,사업장폐기물,51-17-29,재활용,063-776-7744,100,2024,전북특별자치도 부안군,063-580-4844,2026-02-19,4791000,전북특별자치도 부안군
리뉴어스 주식회사(동진공공하수처리시설,전북특별자치도 부안군 동진면 간재로 78-101,전북특별자치도 부안군 동진면 봉황리 1365-4,35.7580951,126.7312409,사업장폐기물,51-01-02,재활용,063-538-4791,112,2014,전북특별자치도 부안군,063-580-4844,2026-02-19,4791000,전북특별자치도 부안군
리뉴어스 주식회사(백산공공하수처리시설),전북특별자치도 부안군 백산면 임현로 130-12,전북특별자치도 부안군 백산면 오곡리 761,35.71556582,126.7937815,사업장폐기물,51-01-02,재활용,063-538-4791,112,2014,전북특별자치도 부안군,063-580-4844,2026-02-19,4791000,전북특별자치도 부안군
주식회사 이렘,전북특별자치도 부안군 행안면 부안농공단지길 29,전북특별자치도 부안군 행안면 역리 1116,35.74055137,126.7197233,사업장폐기물,51-05-99,중간처리,063-584-6464,120,2003,전북특별자치도 부안군,063-580-4844,2026-02-19,4791000,전북특별자치도 부안군
부안폐차장,전북특별자치도 부안군 행안면 부안로 2449,전북특별자치도 부안군 행안면 대초리 1-32,35.71363511,126.7142853,사업장폐기물,51-15-01,중간처리,063-580-6090,120,2012,전북특별자치도 부안군,063-580-4844,2026-02-19,4791000,전북특별자치도 부안군
농업회사법인 참피언스팜(주)부안지점,전북특별자치도 부안군 줄포면 장산로 298-36,전북특별자치도 부안군 줄포면 난산리 160,35.58277022,126.716312,사업장폐기물,51-17-01,재활용,,120,2019,전북특별자치도 부안군,063-580-4844,2026-02-19,4791000,전북특별자치도 부안군
리뉴어스 주식회사(진서공공하수처리시설),전북특별자치도 부안군 진서면 곰소7길 62,전북특별자치도 부안군 진서면 곰소리 1009,35.5968368,126.6039315,사업장폐기물,51-01-02,재활용,063-581-4786,131,2008,전북특별자치도 부안군,063-580-4844,2026-02-19,4791000,전북특별자치도 부안군
리뉴어스 주식회사(분뇨(축분병합)공공처리시설),전북특별자치도 부안군 계화면 새포로 465-290,전북특별자치도 부안군 계화면 창북리 1451,35.79392303,126.685239,사업장폐기물,51-02-99,재활용,063-584-5559,150,2008,전북특별자치도 부안군,063-580-4844,2026-02-19,4791000,전북특별자치도 부안군
(주)도시환경산업,전북특별자치도 부안군 보안면 종유로 140-96,전북특별자치도 부안군 보안면 월천리 831-2,35.64872877,126.6846495,사업장폐기물,51-03-01,재활용,063-581-2885,150,2012,전북특별자치도 부안군,063-580-4844,2026-02-19,4791000,전북특별자치도 부안군
진서면사무소,전북특별자치도 부안군 진서면 청자로 926,전북특별자치도 부안군 진서면 곰소리 646,35.58753627,126.6057016,사업장폐기물,51-03-01,재활용,063-580-3660,150,2023,전북특별자치도 부안군,063-580-4844,2026-02-19,4791000,전북특별자치도 부안군
한국양토양록축산업협동조합 부안도토장,전북특별자치도 부안군 부안읍 덕림로 36-20,전북특별자치도 부안군 부안읍 신흥리 294-2,35.68004146,126.7216727,사업장폐기물,51-17-19,,02-488-4343,165,2014,전북특별자치도 부안군,063-580-4844,2026-02-19,4791000,전북특별자치도 부안군
부안군(음식물쓰레기 자원화시설),전북특별자치도 부안군 줄포면 분탕골로 215-34,전북특별자치도 부안군 줄포면 줄포리 1034-17,35.58707035,126.6600262,사업장폐기물,51-99-00,,063-580-3913,166,2020,전북특별자치도 부안군,063-580-4844,2026-02-19,4791000,전북특별자치도 부안군
부안폐차장,전북특별자치도 부안군 행안면 부안로 2449,전북특별자치도 부안군 행안면 대초리 1-32,35.71363511,126.7142853,사업장폐기물,51-03-01,재활용,063-580-6090,180,2012,전북특별자치도 부안군,063-580-4844,2026-02-19,4791000,전북특별자치도 부안군
리뉴어스 주식회사(부안공공하수처리시설),전북특별자치도 부안군 부안읍 순환남로 760,전북특별자치도 부안군 부안읍 신운리 488,35.72600412,126.765439,사업장폐기물,51-99-00,재활용,063-581-4789,200,2005,전북특별자치도 부안군,063-580-4844,2026-02-19,4791000,전북특별자치도 부안군
리뉴어스 주식회사(부안공공하수처리시설),전북특별자치도 부안군 부안읍 순환남로 760,전북특별자치도 부안군 부안읍 신운리 488,35.72600412,126.765439,사업장폐기물,51-02-04,재활용,063-581-4789,200,2005,전북특별자치도 부안군,063-580-4844,2026-02-19,4791000,전북특별자치도 부안군
(유)주밀금속,전북특별자치도 부안군 행안면 부안농공단지길 50,전북특별자치도 부안군 행안면 역리 1121-4,35.74020727,126.7221167,사업장폐기물,51-04-99,재활용,063-581-2502,200,2007,전북특별자치도 부안군,063-580-4844,2026-02-19,4791000,전북특별자치도 부안군
리뉴어스 주식회사(계화공공하수처리시설),전북특별자치도 부안군 계화면 새포로 465-300,전북특별자치도 부안군 계화면 창북리 1467-1,35.7938236,126.6860371,사업장폐기물,51-01-02,재활용,063-584-5559,200,2008,전북특별자치도 부안군,063-580-4844,2026-02-19,4791000,전북특별자치도 부안군
(유)삼성환경건설,전북특별자치도 부안군 주산면 종유로 140-64,전북특별자치도 부안군 주산면 사산리 771-6,35.65037883,126.6822373,사업장폐기물,51-20-99,매립,063-581-5511,200,2010,전북특별자치도 부안군,063-580-4844,2026-02-19,4791000,전북특별자치도 부안군
(유)삼성환경건설,전북특별자치도 부안군 주산면 종유로 140-64,전북특별자치도 부안군 주산면 사산리 771-6,35.65037883,126.6822373,사업장폐기물,51-03-01,재활용,063-581-5511,200,2010,전북특별자치도 부안군,063-580-4844,2026-02-19,4791000,전북특별자치도 부안군
(유)주밀금속,전북특별자치도 부안군 행안면 부안농공단지길 50,전북특별자치도 부안군 행안면 역리 1121-4,35.74020727,126.7221167,사업장폐기물,51-04-03,매립,063-581-2502,200,2019,전북특별자치도 부안군,063-580-4844,2026-02-19,4791000,전북특별자치도 부안군
(유)삼성환경건설,전북특별자치도 부안군 주산면 종유로 140-64,전북특별자치도 부안군 주산면 사산리 771-6,35.65037883,126.6822373,사업장폐기물,51-03-01,재활용,063-581-5571,200,2004,전북특별자치도 부안군,063-580-4844,2026-02-19,4791000,전북특별자치도 부안군
한빛개발,전북특별자치도 부안군 동진면 석정로 38,전북특별자치도 부안군 동진면 봉황리 489,35.74284915,126.7298906,사업장폐기물,51-03-01,재활용,,200,2007,전북특별자치도 부안군,063-580-4844,2026-02-19,4791000,전북특별자치도 부안군
리뉴어스 주식회사(줄포공공하수처리시설),전북특별자치도 부안군 줄포면 생태공원로 170,전북특별자치도 부안군 줄포면 우포리 516-1,35.57912576,126.6669766,사업장폐기물,51-01-02,재활용,063-581-4783,216,2015,전북특별자치도 부안군,063-580-4844,2026-02-19,4791000,전북특별자치도 부안군
리뉴어스 주식회사(지서공공하수처리시설),전북특별자치도 부안군 변산면 선비길 35-7,전북특별자치도 부안군 변산면 지서리 547-1,35.6000727906,126.4852150331,사업장폐기물,51-01-02,재활용,063-581-3953,230,2014,전북특별자치도 부안군,063-580-4844,2026-02-19,4791000,전북특별자치도 부안군
(주)티엘론,전북특별자치도 부안군 행안면 부안농공단지길 14-8,전북특별자치도 부안군 행안면 역리 1121-12,35.73877876,126.7208461,사업장폐기물,51-03-01,재활용,063-581-9111,240,2007,전북특별자치도 부안군,063-580-4844,2026-02-19,4791000,전북특별자치도 부안군
사회복지법인 특수미래재단,전북특별자치도 부안군 동진면 문포로 289,전북특별자치도 부안군 동진면 안성리 575,35.77733468,126.7421395,사업장폐기물,51-07-02,중간처리,063-581-8320,240,2009,전북특별자치도 부안군,063-580-4844,2026-02-19,4791000,전북특별자치도 부안군
(유)세운스틸,전북특별자치도 부안군 동진면 문포로 289,전북특별자치도 부안군 동진면 안성리 575,35.77733468,126.7421395,사업장폐기물,51-03-01,중간처리,063-581-8320,240,2013,전북특별자치도 부안군,063-580-4844,2026-02-19,4791000,전북특별자치도 부안군
(주)산들에프시,전북특별자치도 부안군 행안면 옥여길 76-5,전북특별자치도 부안군 행안면 역리 1146,35.73752443,126.7283611,사업장폐기물,51-17-19,중간처리,063-581-0011,240,2013,전북특별자치도 부안군,063-580-4844,2026-02-19,4791000,전북특별자치도 부안군
백산플라스틱,전북특별자치도 부안군 백산면 오곡로 29-29,전북특별자치도 부안군 백산면 오곡리 292-1,35.70882754,126.7986347,사업장폐기물,51-03-01,재활용,,240,2019,전북특별자치도 부안군,063-580-4844,2026-02-19,4791000,전북특별자치도 부안군
농업회사법인 유한회사 새만금푸드,전북특별자치도 부안군 행안면 옥여길 23,전북특별자치도 부안군 행안면 역리 1121-11,35.73841868,126.7217362,사업장폐기물,51-17-29,재활용,063-583-0012,240,2019,전북특별자치도 부안군,063-580-4844,2026-02-19,4791000,전북특별자치도 부안군
(유)동서산업,전북특별자치도 부안군 보안면 부안로 1240,전북특별자치도 부안군 보안면 남포리 377-7,35.61952242,126.6694642,사업장폐기물,51-22-01,재활용,,240,2020,전북특별자치도 부안군,063-580-4844,2026-02-19,4791000,전북특별자치도 부안군
금판영농조합법인,전북특별자치도 부안군 동진면 동진남로 511,전북특별자치도 부안군 동진면 하장리 1625-10,35.73282725,126.777847,사업장폐기물,51-19-00,매립,,260,2021,전북특별자치도 부안군,063-580-4844,2026-02-19,4791000,전북특별자치도 부안군
부안군청,전북특별자치도 부안군 부안읍 당산로 91,전북특별자치도 부안군 부안읍 동중리 222-1,35.73171573,126.7330738,사업장폐기물,51-01-06,중간처리,063-580-3912,288,2023,전북특별자치도 부안군,063-580-4844,2026-02-19,4791000,전북특별자치도 부안군
한국도로공사 부안지사,전북특별자치도 부안군 줄포면 주을로 228-18,전북특별자치도 부안군 줄포면 장동리 7-3,35.59982387,126.702080,사업장폐기물,51-21-01,재활용,063-580-5333,290,2013,전북특별자치도 부안군,063-580-4844,2026-02-19,4791000,전북특별자치도 부안군
(유)정일산업,,전북특별자치도 부안군 주산면 사산리 71,35.65384278,126.690783,사업장폐기물,51-20-23,매립,063-581-5511,300,2010,전북특별자치도 부안군,063-580-4844,2026-02-19,4791000,전북특별자치도 부안군
(유)삼원씨앤에스,전북특별자치도 부안군 부안읍 선돌로 174,전북특별자치도 부안군 부안읍 신흥리 353-9,35.68547898,126.7236299,사업장폐기물,51-22-01,재활용,063-583-3175,300,2011,전북특별자치도 부안군,063-580-4844,2026-02-19,4791000,전북특별자치도 부안군
부안군 하수슬러지 처리시설,전북특별자치도 부안군 부안읍 순환남로 750,전북특별자치도 부안군 부안읍 신운리 495,35.7234730436,126.7291258469,사업장폐기물,51-01-02,재활용,063-582-6393,300,2012,전북특별자치도 부안군,063-580-4844,2026-02-19,4791000,전북특별자치도 부안군
(주)참프레,전북특별자치도 부안군 행안면 옥여길 32-29,전북특별자치도 부안군 행안면 역리 1142,35.73573637,126.7229176,사업장폐기물,51-01-06,재활용,063-580-6358,300,2013,전북특별자치도 부안군,063-580-4844,2026-02-19,4791000,전북특별자치도 부안군
삼광바이오텍(주),전북특별자치도 부안군 부안읍 덕림로 36-14,전북특별자치도 부안군 부안읍 신흥리 294-6,35.68023304,126.7218906,사업장폐기물,51-38-99,재활용,063-547-3330,300,2014,전북특별자치도 부안군,063-580-4844,2026-02-19,4791000,전북특별자치도 부안군
삼광바이오텍(주),전북특별자치도 부안군 부안읍 덕림로 36-14,전북특별자치도 부안군 부안읍 신흥리 294-6,35.68023304,126.7218906,사업장폐기물,51-03-01,재활용,063-547-3330,300,2014,전북특별자치도 부안군,063-580-4844,2026-02-19,4791000,전북특별자치도 부안군
주식회사 가린한방,전북특별자치도 부안군 행안면 옥여길 32-16,전북특별자치도 부안군 행안면 역리 1137,35.73654888,126.721455605,사업장폐기물,51-17-29,재활용,,300,2021,전북특별자치도 부안군,063-580-4844,2026-02-19,4791000,전북특별자치도 부안군
농업회사법인 한송 주식회사(부안지점),전북특별자치도 부안군 행안면 옥여길 76-5,전북특별자치도 부안군 행안면 역리 1146,35.73752443,126.7283611,사업장폐기물,51-17-01,재활용,063-583-3727,300,2022,전북특별자치도 부안군,063-580-4844,2026-02-19,4791000,전북특별자치도 부안군
변산면사무소,전북특별자치도 부안군 변산면 지서로 77-1,전북특별자치도 부안군 변산면 지서리 382-2,35.66350691,126.5284634,사업장폐기물,51-03-01,재활용,063-580-3775,300,2023,전북특별자치도 부안군,063-580-4844,2026-02-19,4791000,전북특별자치도 부안군
리뉴어스 주식회사(격포공공하수처리시설),전북특별자치도 부안군 변산면 격포로 251-39,전북특별자치도 부안군 변산면 격포리 270-75,35.62204529,126.4776639,사업장폐기물,51-01-02,중간처리,063-582-9460,350,2009,전북특별자치도 부안군,063-580-4844,2026-02-19,4791000,전북특별자치도 부안군
(주)참프레,전북특별자치도 부안군 행안면 옥여길 32-29,전북특별자치도 부안군 행안면 역리 1142,35.73573637,126.7229176,사업장폐기물,51-17-19,재활용,063-580-6358,360,2013,전북특별자치도 부안군,063-580-4844,2026-02-19,4791000,전북특별자치도 부안군
농업회사법인 한송 주식회사(부안지점),전북특별자치도 부안군 행안면 옥여길 76-5,전북특별자치도 부안군 행안면 역리 1146,35.73752443,126.7283611,사업장폐기물,51-01-08,재활용,063-583-3727,360,2022,전북특별자치도 부안군,063-580-4844,2026-02-19,4791000,전북특별자치도 부안군
한국농어촌공사 부안지사,전북특별자치도 부안군 부안읍 번영로 211,전북특별자치도 부안군 부안읍 선은리 178-3,35.72855435,126.7427403,사업장폐기물,51-21-03,매립,063-580-1059,400,2025,전북특별자치도 부안군,063-580-4844,2026-02-19,4791000,전북특별자치도 부안군
부안마케팅 영농조합법인,전북특별자치도 부안군 동진면 순환남로 802,전북특별자치도 부안군 동진면 하장리 1762,35.7297643599,126.7678876553,사업장폐기물,51-17-29,재활용,,420,2017,전북특별자치도 부안군,063-580-4844,2026-02-19,4791000,전북특별자치도 부안군
부안군(공공재활용 기반시설),전북특별자치도 부안군 부안읍 당산로 91,전북특별자치도 부안군 부안읍 동중리 222-1,35.73171573,126.7330738,사업장폐기물,51-99-00,매립,063-580-3913,469,2020,전북특별자치도 부안군,063-580-4844,2026-02-19,4791000,전북특별자치도 부안군
유한회사 동광수지,전북특별자치도 부안군 백산면 오곡로 29-29,전북특별자치도 부안군 백산면 오곡리 292-1,35.70882754,126.7986347,사업장폐기물,51-03-01,재활용,063-582-4113,480,2013,전북특별자치도 부안군,063-580-4844,2026-02-19,4791000,전북특별자치도 부안군
삼영,전북특별자치도 부안군 상서면 부안로 1875,전북특별자치도 부안군 상서면 가오리 734-9,35.67537236,126.6740838,사업장폐기물,51-17-29,재활용,,480,2021,전북특별자치도 부안군,063-580-4844,2026-02-19,4791000,전북특별자치도 부안군
리뉴어스 주식회사(분뇨(축분병합)공공처리시설),전북특별자치도 부안군 계화면 새포로 465-290,전북특별자치도 부안군 계화면 창북리 1451,35.79392303,126.685239,사업장폐기물,51-01-04,재활용,063-584-5559,500,2008,전북특별자치도 부안군,063-580-4844,2026-02-19,4791000,전북특별자치도 부안군
주식회사 도시레미콘,전북특별자치도 부안군 상서면 고인돌로 211,전북특별자치도 부안군 상서면 통정리 451-4,35.70159717,126.6673077,사업장폐기물,51-22-01,중간처리,063-581-2544,500,2017,전북특별자치도 부안군,063-580-4844,2026-02-19,4791000,전북특별자치도 부안군
(유)창명레미콘,전북특별자치도 부안군 상서면 고인돌로 211,전북특별자치도 부안군 상서면 통정리 451-4,35.70159717,126.6673077,사업장폐기물,51-22-01,중간처리,063-581-2803,500,2017,전북특별자치도 부안군,063-580-4844,2026-02-19,4791000,전북특별자치도 부안군
농업회사법인 한송 주식회사(부안지점),전북특별자치도 부안군 행안면 옥여길 76-5,전북특별자치도 부안군 행안면 역리 1146,35.73752443,126.7283611,사업장폐기물,51-17-19,재활용,063-583-3727,500,2022,전북특별자치도 부안군,063-580-4844,2026-02-19,4791000,전북특별자치도 부안군
주식회사 이렘,전북특별자치도 부안군 행안면 부안농공단지길 29,전북특별자치도 부안군 행안면 역리 1116,35.74055137,126.7197233,사업장폐기물,51-02-01,재활용,063-584-6464,504,2003,전북특별자치도 부안군,063-580-4844,2026-02-19,4791000,전북특별자치도 부안군
(주)대명알테크,전북특별자치도 부안군 동진면 문포로 289,전북특별자치도 부안군 동진면 안성리 575,35.77733468,126.7421395,사업장폐기물,51-03-99,매립,063-581-8320,530,2008,전북특별자치도 부안군,063-580-4844,2026-02-19,4791000,전북특별자치도 부안군
(주)한교,전북특별자치도 부안군 보안면 청자로 1381,전북특별자치도 부안군 보안면 우동리 138,35.61160412,126.6407331,사업장폐기물,51-17-29,재활용,063-584-9901,600,2008,전북특별자치도 부안군,063-580-4844,2026-02-19,4791000,전북특별자치도 부안군
(주)도시환경산업,전북특별자치도 부안군 보안면 종유로 140-96,전북특별자치도 부안군 보안면 월천리 831-2,35.64872877,126.6846495,사업장폐기물,51-01-06,매립,063-581-2885,600,2012,전북특별자치도 부안군,063-580-4844,2026-02-19,4791000,전북특별자치도 부안군
(주)미래자원기술,전북특별자치도 부안군 백산면 오곡로 29-29,전북특별자치도 부안군 백산면 오곡리 292-1,35.70882754,126.7986347,사업장폐기물,51-01-06,재활용,,600,2015,전북특별자치도 부안군,063-580-4844,2026-02-19,4791000,전북특별자치도 부안군
서안전분(주),전북특별자치도 부안군 보안면 청자로 1383,전북특별자치도 부안군 보안면 우동리 138-4,35.61008837,126.6405932,사업장폐기물,51-01-08,재활용,063-584-9901,600,2018,전북특별자치도 부안군,063-580-4844,2026-02-19,4791000,전북특별자치도 부안군
서안전분(주),전북특별자치도 부안군 보안면 청자로 1383,전북특별자치도 부안군 보안면 우동리 138-4,35.61008837,126.6405932,사업장폐기물,51-17-29,재활용,063-584-9901,600,2018,전북특별자치도 부안군,063-580-4844,2026-02-19,4791000,전북특별자치도 부안군
변산농업협동조합,전북특별자치도 부안군 변산면 지서로 70-3,전북특별자치도 부안군 변산면 지서리 409-2,35.66461242,126.5289512,사업장폐기물,51-17-29,재활용,063-580-2921,600,2019,전북특별자치도 부안군,063-580-4844,2026-02-19,4791000,전북특별자치도 부안군
(주)한교식품,전북특별자치도 부안군 보안면 청자로 1381,전북특별자치도 부안군 보안면 우동리 138,35.61160412,126.6407331,사업장폐기물,51-17-29,재활용,063-584-9901,600,2022,전북특별자치도 부안군,063-580-4844,2026-02-19,4791000,전북특별자치도 부안군
(유)삼성환경건설,전북특별자치도 부안군 주산면 종유로 140-64,전북특별자치도 부안군 주산면 사산리 771-6,35.65037883,126.6822373,사업장폐기물,51-02-04,중간처리,063-581-5571,672,2014,전북특별자치도 부안군,063-580-4844,2026-02-19,4791000,전북특별자치도 부안군
(유)유진산업개발,전북특별자치도 부안군 부안읍 봉서길 15,전북특별자치도 부안군 부안읍 봉덕리 605-20,35.72180622,126.7335179,생활폐기물,91-99-00,매립,063-581-4703,700,2007,전북특별자치도 부안군,063-580-4844,2026-02-19,4791000,전북특별자치도 부안군
(주)소노인터내셔널 변산지점,전북특별자치도 부안군 변산면 변산해변로 51,전북특별자치도 부안군 변산면 격포리 257,35.63192832,126.4701212,생활폐기물,91-02-00,재활용,063-580-8734,720,2008,전북특별자치도 부안군,063-580-4844,2026-02-19,4791000,전북특별자치도 부안군
(주)산들에프시,전북특별자치도 부안군 행안면 옥여길 76-5,전북특별자치도 부안군 행안면 역리 1146,35.73752443,126.7283611,사업장폐기물,51-01-08,재활용,063-581-0011,720,2013,전북특별자치도 부안군,063-580-4844,2026-02-19,4791000,전북특별자치도 부안군
(주)티앤아이,전북특별자치도 부안군 행안면 부안농공단지길 14-2,전북특별자치도 부안군 행안면 역리 1121-13,35.73903351,126.7202229,사업장폐기물,51-03-01,재활용,063-581-9111,720,2017,전북특별자치도 부안군,063-580-4844,2026-02-19,4791000,전북특별자치도 부안군
(주)참프레,전북특별자치도 부안군 행안면 옥여길 32-29,전북특별자치도 부안군 행안면 역리 1142,35.73573637,126.7229176,사업장폐기물,51-03-01,재활용,063-580-6358,800,2013,전북특별자치도 부안군,063-580-4844,2026-02-19,4791000,전북특별자치도 부안군
(주)소노인터내셔널 변산지점,전북특별자치도 부안군 변산면 변산해변로 51,전북특별자치도 부안군 변산면 격포리 257,35.63192832,126.4701212,사업장폐기물,51-03-01,재활용,063-580-8734,804,2023,전북특별자치도 부안군,063-580-4844,2026-02-19,4791000,전북특별자치도 부안군
리뉴어스 주식회사(분뇨(축분병합)공공처리시설),전북특별자치도 부안군 계화면 새포로 465-290,전북특별자치도 부안군 계화면 창북리 1451,35.79392303,126.685239,사업장폐기물,51-01-03,재활용,063-584-5559,840,2008,전북특별자치도 부안군,063-580-4844,2026-02-19,4791000,전북특별자치도 부안군
한국수자원공사,전북특별자치도 부안군 변산면 부안댐로 280-26,전북특별자치도 부안군 변산면 중계리 537-1,35.67612375,126.5633675076,사업장폐기물,51-01-01,재활용,,994,2008,전북특별자치도 부안군,063-580-4844,2026-02-19,4791000,전북특별자치도 부안군
부안수산업협동조합,전북특별자치도 부안군 부안읍 석정로 226,전북특별자치도 부안군 부안읍 봉덕리 769-2,35.72543925,126.7370306,사업장폐기물,51-03-01,재활용,063-584-9400,1000,2016,전북특별자치도 부안군,063-580-4844,2026-02-19,4791000,전북특별자치도 부안군
농업회사법인 한송 주식회사(부안지점),전북특별자치도 부안군 행안면 옥여길 76-5,전북특별자치도 부안군 행안면 역리 1146,35.73752443,126.7283611,사업장폐기물,51-17-07,재활용,063-583-3727,1000,2022,전북특별자치도 부안군,063-580-4844,2026-02-19,4791000,전북특별자치도 부안군
한국전력공사 부안지사,전북특별자치도 부안군 부안읍 신선길 1,전북특별자치도 부안군 부안읍 선은리 642-4,35.7379896204,126.7341561,사업장폐기물,51-35-00,재활용,063-580-2285,1268,2009,전북특별자치도 부안군,063-580-4844,2026-02-19,4791000,전북특별자치도 부안군
부안군(부안군 생활폐기물전처리시설),전북특별자치도 부안군 부안읍 당산로 91,전북특별자치도 부안군 부안읍 동중리 222-1,35.73171573,126.7330738,생활폐기물,91-99-00,매립,,1872,2020,전북특별자치도 부안군,063-580-4844,2026-02-19,4791000,전북특별자치도 부안군
(주)참프레,전북특별자치도 부안군 행안면 옥여길 32-29,전북특별자치도 부안군 행안면 역리 1142,35.73573637,126.7229176,사업장폐기물,51-17-99,재활용,063-580-6358,2000,2013,전북특별자치도 부안군,063-580-4844,2026-02-19,4791000,전북특별자치도 부안군
농업회사법인 한송 주식회사(부안지점),전북특별자치도 부안군 행안면 옥여길 76-5,전북특별자치도 부안군 행안면 역리 1146,35.73752443,126.7283611,사업장폐기물,51-17-02,재활용,063-583-3727,2000,2022,전북특별자치도 부안군,063-580-4844,2026-02-19,4791000,전북특별자치도 부안군
리뉴어스 주식회사(부안공공하수처리시설),전북특별자치도 부안군 부안읍 순환남로 760,전북특별자치도 부안군 부안읍 신운리 488,35.72600412,126.765439,사업장폐기물,51-01-02,재활용,063-581-4789,2500,2005,전북특별자치도 부안군,063-580-4844,2026-02-19,4791000,전북특별자치도 부안군
(유)디에스레미콘,전북특별자치도 부안군 동진면 고마제윗길 75,전북특별자치도 부안군 동진면 내기리 497-2,35.74029785,126.7461709,사업장폐기물,51-22-01,재활용,063-584-7200,500,2018,전북특별자치도 부안군,063-580-4844,2026-02-19,4791000,전북특별자치도 부안군
(주)한백종합건설,전북특별자치도 부안군 행안면 옥여길 32-14,전북특별자치도 부안군 행안면 역리 1132,35.73725596,126.7208814,사업장폐기물,51-01-08,재활용,070-7114-9873,3000,2013,전북특별자치도 부안군,063-580-4844,2026-02-19,4791000,전북특별자치도 부안군
(주)산들에프시,전북특별자치도 부안군 행안면 옥여길 76-5,전북특별자치도 부안군 행안면 역리 1146,35.73752443,126.7283611,사업장폐기물,51-17-07,재활용,063-581-0011,3350,2013,전북특별자치도 부안군,063-580-4844,2026-02-19,4791000,전북특별자치도 부안군
(주)참프레,전북특별자치도 부안군 행안면 옥여길 32-29,전북특별자치도 부안군 행안면 역리 1142,35.73573637,126.7229176,사업장폐기물,51-17-02,재활용,063-580-6358,3600,2013,전북특별자치도 부안군,063-580-4844,2026-02-19,4791000,전북특별자치도 부안군
(주)참프레,전북특별자치도 부안군 행안면 옥여길 32-29,전북특별자치도 부안군 행안면 역리 1142,35.73573637,126.7229176,사업장폐기물,51-01-08,재활용,063-580-6358,8400,2013,전북특별자치도 부안군,063-580-4844,2026-02-19,4791000,전북특별자치도 부안군
부산광역시건설안전시험사업소,부산광역시 금정구 개좌로239번길 39(회동동),,35.23307342,129.1227526,사업장폐기물,,,,150,2008,부산광역시 금정구청,051-519-4461,2026-02-20,3350000,부산광역시 금정구
현대실업주식회사,부산광역시 금정구 공단로8번길 15(금사동),,35.215400,129.110500,사업장폐기물,,,,600,2009,부산광역시 금정구청,051-519-4461,2026-02-20,3350000,부산광역시 금정구
(주)파크랜드,부산광역시 금정구 개좌로 12(금사동),,35.21503802,129.1091437,사업장폐기물,,,,150,2009,부산광역시 금정구청,051-519-4461,2026-02-20,3350000,부산광역시 금정구
(주)스포케이,부산광역시 금정구 구서중앙로15번길 20(구서동),,35.25386963,129.0890572,사업장폐기물,,,,75,2009,부산광역시 금정구청,051-519-4461,2026-02-20,3350000,부산광역시 금정구
(주)청륜산업,부산광역시 금정구 공단서로8번길 95(금사동_(주)청륜산업),,35.21717779,129.1162826,사업장폐기물,,,,360,2009,부산광역시 금정구청,051-519-4461,2026-02-20,3350000,부산광역시 금정구
금조산업,부산광역시 금정구 공단로49번길 21(금사동),,35.21892982,129.1123402,사업장폐기물,,,,180,2009,부산광역시 금정구청,051-519-4461,2026-02-20,3350000,부산광역시 금정구
태흥이기공업사,부산광역시 금정구 공단서로8번길 67(금사동),,35.21672155,129.1148335,사업장폐기물,,,,12,2009,부산광역시 금정구청,051-519-4461,2026-02-20,3350000,부산광역시 금정구
부곡중학교,부산광역시 금정구 동부곡로15번길 102-20(부곡동),,35.23143656,129.0961977,사업장폐기물,,,,48,2009,부산광역시 금정구청,051-519-4461,2026-02-20,3350000,부산광역시 금정구
윤산중학교,부산광역시 금정구 서금로 99-7(금사동),,35.22278769,129.1099657,사업장폐기물,,,,48,2009,부산광역시 금정구청,051-519-4461,2026-02-20,3350000,부산광역시 금정구
메드윌병원,부산광역시 금정구 중앙대로 1951(구서동),,35.25851487,129.0909591,사업장폐기물,,,,52,2010,부산광역시 금정구청,051-519-4461,2026-02-20,3350000,부산광역시 금정구
오시계시장,부산광역시 금정구 작장1길 26-22(노포동),,35.28426561,129.0932983,사업장폐기물,,,,120,2010,부산광역시 금정구청,051-519-4461,2026-02-20,3350000,부산광역시 금정구
(주)세정,부산광역시 금정구 무학송로 158(부곡동_세정빌딩),,35.2451646994,129.0945114375,사업장폐기물,,,,10,2010,부산광역시 금정구청,051-519-4461,2026-02-20,3350000,부산광역시 금정구
동일수지,부산광역시 금정구 공단동로29번길 53(금사동),,35.2202295,129.1138701,사업장폐기물,,,,80,2011,부산광역시 금정구청,051-519-4461,2026-02-20,3350000,부산광역시 금정구
부산과학고등학교,부산광역시 금정구 금샘로 455-1(구서동),,35.26378066,129.0833789,사업장폐기물,,,,44.4,2011,부산광역시 금정구청,051-519-4461,2026-02-20,3350000,부산광역시 금정구
동래여자중학교,부산광역시 금정구 체육공원로 20(구서동_동래여자중고등학교_부산예술중고등학교),,35.2470423418,129.0981971987,사업장폐기물,,,,72,2011,부산광역시 금정구청,051-519-4461,2026-02-20,3350000,부산광역시 금정구
동래여자고등학교,부산광역시 금정구 체육공원로 20(구서동_동래여자중고등학교),,35.2470423418,129.0981971987,사업장폐기물,,,,50,2011,부산광역시 금정구청,051-519-4461,2026-02-20,3350000,부산광역시 금정구
부산예술고등학교,부산광역시 금정구 체육공원로 20(부곡동),,35.24704234,129.0981972,사업장폐기물,,,,18,2011,부산광역시 금정구청,051-519-4461,2026-02-20,3350000,부산광역시 금정구
이랜드리테일 부산대점,부산광역시 금정구 부산대학로63번길 2(장전동),,35.2322428,129.0838245,사업장폐기물,,,,10,2012,부산광역시 금정구청,051-519-4461,2026-02-20,3350000,부산광역시 금정구
다움병원,부산광역시 금정구 체육공원로 608(두구동_동래병원),,35.2947889985,129.1118905528,사업장폐기물,,,,48,2012,부산광역시 금정구청,051-519-4461,2026-02-20,3350000,부산광역시 금정구
세진어패럴,부산광역시 금정구 공단로50번길 23(금사동),,35.21822835,129.1143643,사업장폐기물,,,,132,2013,부산광역시 금정구청,051-519-4461,2026-02-20,3350000,부산광역시 금정구
BHS한서요양병원,부산광역시 금정구 중앙대로 1721(부곡동),,35.23847783,129.0912723,사업장폐기물,,,,60,2014,부산광역시 금정구청,051-519-4461,2026-02-20,3350000,부산광역시 금정구
(주)현대자원,부산광역시 금정구 반송로490번길 27(금사동),,35.21529428,129.117670,사업장폐기물,,,,60,2014,부산광역시 금정구청,051-519-4461,2026-02-20,3350000,부산광역시 금정구
금정구청,부산광역시 금정구 작장2길 49(노포동),,35.28256227,129.0928717,사업장폐기물,,,,10,2014,부산광역시 금정구청,051-519-4461,2026-02-20,3350000,부산광역시 금정구
부산시설공단(영락공원),부산광역시 금정구 금정도서관로 108(두구동),,35.27372233,129.1042094,사업장폐기물,,,,1,2014,부산광역시 금정구청,051-519-4461,2026-02-20,3350000,부산광역시 금정구
동일고무벨트(주),부산광역시 금정구 공단동로55번길 28(금사동),,35.22402093,129.1159401,사업장폐기물,,,,20,2014,부산광역시 금정구청,051-519-4461,2026-02-20,3350000,부산광역시 금정구
부산외국어대학교,부산광역시 금정구 금샘로485번길 65(남산동),,35.26618949,129.0805533,사업장폐기물,,,,100,2014,부산광역시 금정구청,051-519-4461,2026-02-20,3350000,부산광역시 금정구
개인,부산광역시 금정구 북문로 17-4(금성동),,35.25185001,129.0558134,사업장폐기물,,,,5,2014,부산광역시 금정구청,051-519-4461,2026-02-20,3350000,부산광역시 금정구
부산지방공단 스포원,부산광역시 금정구 체육공원로399번길 324(두구동),,35.28912174,129.1070422,사업장폐기물,,,,20,2014,부산광역시 금정구청,051-519-4461,2026-02-20,3350000,부산광역시 금정구
이륜자동차환경협회,부산광역시 금정구 금사로 145-2(회동동),,35.2250643,129.1150469,사업장폐기물,,,,100,2014,부산광역시 금정구청,051-519-4461,2026-02-20,3350000,부산광역시 금정구
(주)동남리싸이클링 금정지점,부산광역시 금정구 동천로 61(회동동),,35.22970631,129.1247757,사업장폐기물,,,,2400,2015,부산광역시 금정구청,051-519-4461,2026-02-20,3350000,부산광역시 금정구
롯데컬처웍스(주)롯데시네마 오투,부산광역시 금정구 중앙대로 1607(부곡동_금정복합빌딩),,35.2283328827,129.089792249,사업장폐기물,,,,12,2015,부산광역시 금정구청,051-519-4461,2026-02-20,3350000,부산광역시 금정구
(주)우리환경산업,부산광역시 금정구 동천로 67(회동동),,35.22995887,129.1246796,사업장폐기물,,,,400,2015,부산광역시 금정구청,051-519-4461,2026-02-20,3350000,부산광역시 금정구
금정여자고등학교,부산광역시 금정구 서부로76번길 21(서동_금정여자고등학교),,35.2202615714,129.1011474014,사업장폐기물,,,,1,2015,부산광역시 금정구청,051-519-4461,2026-02-20,3350000,부산광역시 금정구
내성고등학교,부산광역시 금정구 서동로31번길 11(부곡동_내성고등학교),,35.22138302,129.0927454,사업장폐기물,,,,18,2015,부산광역시 금정구청,051-519-4461,2026-02-20,3350000,부산광역시 금정구
동현중학교,부산광역시 금정구 서동로 50(부곡동_동현중학교),,35.21898448,129.091200,사업장폐기물,,,,28,2015,부산광역시 금정구청,051-519-4461,2026-02-20,3350000,부산광역시 금정구
대진정보통신고등학교,부산광역시 금정구 수림로 92(장전동_대진정보통신고등학교),,35.24150549,129.0818052,사업장폐기물,,,,28,2015,부산광역시 금정구청,051-519-4461,2026-02-20,3350000,부산광역시 금정구
장전초등학교,부산광역시 금정구 수림로 90(장전동_장전초등학교),,35.2413731298,129.0827570048,사업장폐기물,,,,36,2015,부산광역시 금정구청,051-519-4461,2026-02-20,3350000,부산광역시 금정구
부곡여자중학교,부산광역시 금정구 가마실로 56(부곡동_부곡여자중학교),,35.22332989,129.0953419,사업장폐기물,,,,48,2015,부산광역시 금정구청,051-519-4461,2026-02-20,3350000,부산광역시 금정구
장전중학교,부산광역시 금정구 금샘로18번길 39(장전동_장전중학교),,35.22878812,129.0779892,사업장폐기물,,,,40,2015,부산광역시 금정구청,051-519-4461,2026-02-20,3350000,부산광역시 금정구
순병원,부산광역시 금정구 중앙대로 1701(부곡동_순여성병원),,35.23644975,129.0915671,사업장폐기물,,,,50,2015,부산광역시 금정구청,051-519-4461,2026-02-20,3350000,부산광역시 금정구
구서여자중학교,부산광역시 금정구 금강로453번길 26-12(구서동_구서여자중학교),,35.24928062,129.085894,사업장폐기물,,,,34,2015,부산광역시 금정구청,051-519-4461,2026-02-20,3350000,부산광역시 금정구
부산교통공사,부산광역시 금정구 중앙대로 2238(노포동),,35.28468668,129.0954801,사업장폐기물,,,,12,2015,부산광역시 금정구청,051-519-4461,2026-02-20,3350000,부산광역시 금정구
남산중학교,부산광역시 금정구 금단로 114(남산동_남산중학교),,35.25981702,129.0936994,사업장폐기물,,,,45,2015,부산광역시 금정구청,051-519-4461,2026-02-20,3350000,부산광역시 금정구
부산소년원,부산광역시 금정구 오륜대로126번길 62(오륜동),,35.24685247,129.1049096,사업장폐기물,,,,6,2015,부산광역시 금정구청,051-519-4461,2026-02-20,3350000,부산광역시 금정구
남산초등학교,부산광역시 금정구 금강로 614(남산동_남산초등학교),,35.26214065,129.0891842,사업장폐기물,,,,38,2016,부산광역시 금정구청,051-519-4461,2026-02-20,3350000,부산광역시 금정구
금빛초등학교,부산광역시 금정구 소정로 31(장전동_금빛초등학교),,35.22797751,129.080361,사업장폐기물,,,,60,2016,부산광역시 금정구청,051-519-4461,2026-02-20,3350000,부산광역시 금정구
두실초등학교,부산광역시 금정구 중앙대로1893번길 33(구서동_두실초등학교),,35.2531568463,129.089400,사업장폐기물,,,,16,2016,부산광역시 금정구청,051-519-4461,2026-02-20,3350000,부산광역시 금정구
구서초등학교,부산광역시 금정구 구서중앙로 35(구서동_구서초등학교),,35.25420144,129.0871357,사업장폐기물,,,,19,2016,부산광역시 금정구청,051-519-4461,2026-02-20,3350000,부산광역시 금정구
(주)근영테크빌,부산광역시 금정구 금강로 252-1(장전동_근영테크빌),,35.23058162,129.0853519,사업장폐기물,,,,24,2016,부산광역시 금정구청,051-519-4461,2026-02-20,3350000,부산광역시 금정구
사회복지법인 신망애원,부산광역시 금정구 금샘로 66(장전동),,35.23156532,129.0766905,사업장폐기물,,,,24,2016,부산광역시 금정구청,051-519-4461,2026-02-20,3350000,부산광역시 금정구
사회복지법인애광원,부산광역시 금정구 금샘로17번안길 45(장전동),,35.22919619,129.074926,사업장폐기물,,,,15,2016,부산광역시 금정구청,051-519-4461,2026-02-20,3350000,부산광역시 금정구
부산광역시교육청 학생인성교육원,부산광역시 금정구 북문로 178(금성동_부산광역시학생교육원),,35.260570,129.0456721,사업장폐기물,,,,26,2016,부산광역시 금정구청,051-519-4461,2026-02-20,3350000,부산광역시 금정구
(주)에스엠관리,부산광역시 금정구 장전온천천로 51(장전동_테라스파크),,35.2295937784,129.0888157307,사업장폐기물,,,,20,2017,부산광역시 금정구청,051-519-4461,2026-02-20,3350000,부산광역시 금정구
(유)씨엠엔,부산광역시 금정구 공단로 68-25(금사동),,35.21778688,129.1156222,사업장폐기물,,,,240,2017,부산광역시 금정구청,051-519-4461,2026-02-20,3350000,부산광역시 금정구
(주)진아,부산광역시 금정구 회천로14번안길 13(회동동_나전엔터프라이드),,35.22809538,129.1166031,사업장폐기물,,,,120,2017,부산광역시 금정구청,051-519-4461,2026-02-20,3350000,부산광역시 금정구
(주)셀콤,부산광역시 금정구 반송로490번길 26-8(금사동),,35.21532321,129.117057,사업장폐기물,,,,60,2017,부산광역시 금정구청,051-519-4461,2026-02-20,3350000,부산광역시 금정구
대한불교조계종 범어사,부산광역시 금정구 범어사로 250(청룡동_범어사),,35.2830426366,129.0676207876,사업장폐기물,,,,90,2018,부산광역시 금정구청,051-519-4461,2026-02-20,3350000,부산광역시 금정구
욱일산업(주),부산광역시 금정구 공단서로8번길 80-5(금사동_욱일산업(주)),,35.2166681883,129.115875598,사업장폐기물,,,,18,2018,부산광역시 금정구청,051-519-4461,2026-02-20,3350000,부산광역시 금정구
에스케이브로드밴드(주),부산광역시 금정구 반송로490번길 26-8(금사동),,35.21532321,129.117057,사업장폐기물,,,,300,2018,부산광역시 금정구청,051-519-4461,2026-02-20,3350000,부산광역시 금정구
경동유리제경사,부산광역시 금정구 반송로489번길 36(금사동_선진제경),,35.218513034,129.1166986496,사업장폐기물,,,,300,2018,부산광역시 금정구청,051-519-4461,2026-02-20,3350000,부산광역시 금정구
밝은홍안과의원,부산광역시 금정구 중앙대로 1917(구서동),,35.25552765,129.0910644,지정폐기물,,,,5,2003,부산광역시 금정구청,051-519-4461,2026-02-20,3350000,부산광역시 금정구
의료법인영파의료재단마음향기병원,부산광역시 금정구 금샘로 56(장전동),,35.23099399,129.0772946,지정폐기물,,,,5,2003,부산광역시 금정구청,051-519-4461,2026-02-20,3350000,부산광역시 금정구
부산대학교 자연과학대,부산광역시 금정구 부산대학로63번길 2(장전동_부산대학교_자연과학대),,35.2322428,129.0838245,지정폐기물,,,,10,2004,부산광역시 금정구청,051-519-4461,2026-02-20,3350000,부산광역시 금정구
부산교통공사 노포차량사업소(지정폐기물),부산광역시 금정구 중앙대로 2238(노포동_부산종합버스터미널),,35.2846866759,129.0954800742,지정폐기물,,,,1666.67,2007,부산광역시 금정구청,051-519-4461,2026-02-20,3350000,부산광역시 금정구
부산대학교 나노과학기술대학,부산광역시 금정구 부산대학로63번길 2-1(장전동),,35.23640942,129.0732976,지정폐기물,,,,10,2005,부산광역시 금정구청,051-519-4461,2026-02-20,3350000,부산광역시 금정구
다움병원,부산광역시 금정구 체육공원로 608(두구동_동래병원),,35.2947889985,129.1118905528,지정폐기물,,,,10,2005,부산광역시 금정구청,051-519-4461,2026-02-20,3350000,부산광역시 금정구
남산내과신경과병원,부산광역시 금정구 중앙대로 1917(구서동),,35.25552765,129.0910644,지정폐기물,,,,2,2005,부산광역시 금정구청,051-519-4461,2026-02-20,3350000,부산광역시 금정구
부산대학교산학협력단 약대 동물실험센터,부산광역시 금정구 부산대학로63번길 2(장전동),,35.2322428,129.0838245,지정폐기물,,,,50,2005,부산광역시 금정구청,051-519-4461,2026-02-20,3350000,부산광역시 금정구
부산대학교 생명과학과,부산광역시 금정구 부산대학로63번길 2(장전동_부산대학교_내),,35.2322428,129.0838245,지정폐기물,,,,100,2005,부산광역시 금정구청,051-519-4461,2026-02-20,3350000,부산광역시 금정구
의료법인삼세의료재단삼세한방병원,부산광역시 금정구 중앙대로 1580(부곡동_삼세한방병원),,35.2255918276,129.0894133418,지정폐기물,,,,5,2005,부산광역시 금정구청,051-519-4461,2026-02-20,3350000,부산광역시 금정구
부곡요양병원,부산광역시 금정구 부곡로 56(부곡동),,35.22105838,129.0895828,지정폐기물,,,,20,2005,부산광역시 금정구청,051-519-4461,2026-02-20,3350000,부산광역시 금정구
사회복지법인 애광원 애광노인치매전문요양원,부산광역시 금정구 금샘로17번안길 45(장전동),,35.22919619,129.074926,지정폐기물,,,,1,2007,부산광역시 금정구청,051-519-4461,2026-02-20,3350000,부산광역시 금정구
엘피부과의원,부산광역시 금정구 중앙대로 1943(구서동),,35.25787759,129.091084,지정폐기물,,,,20,2007,부산광역시 금정구청,051-519-4461,2026-02-20,3350000,부산광역시 금정구
(주)대성기술단,부산광역시 금정구 중앙대로1778번길 33(부곡동),,35.24301855,129.095130,지정폐기물,,,,5,2008,부산광역시 금정구청,051-519-4461,2026-02-20,3350000,부산광역시 금정구
부산대학교 미생물학과,부산광역시 금정구 부산대학로63번길 2(장전동_부산대학교_미생물학과),,35.2322428,129.0838245,지정폐기물,,,,50,2008,부산광역시 금정구청,051-519-4461,2026-02-20,3350000,부산광역시 금정구
부산대학교 사범대생물교육학과,부산광역시 금정구 부산대학로63번길 2(장전동_부산대학교),,35.2322427972,129.0838244536,지정폐기물,,,,10,2008,부산광역시 금정구청,051-519-4461,2026-02-20,3350000,부산광역시 금정구
안평노인건강센터,부산광역시 금정구 금샘로 39-7(장전동),,35.22900503,129.0762411,지정폐기물,,,,15,2008,부산광역시 금정구청,051-519-4461,2026-02-20,3350000,부산광역시 금정구
보문정형외과의원,부산광역시 금정구 중앙대로 1933(구서동),,35.25691221,129.0910098,지정폐기물,,,,5,2008,부산광역시 금정구청,051-519-4461,2026-02-20,3350000,부산광역시 금정구
한결치과,부산광역시 금정구 금정로 149(장전동),,35.23792319,129.0876608,지정폐기물,,,,1,2009,부산광역시 금정구청,051-519-4461,2026-02-20,3350000,부산광역시 금정구
사랑요양병원,부산광역시 금정구 중앙대로 1590(부곡동),,35.22658336,129.0896691,지정폐기물,,,,2500,2009,부산광역시 금정구청,051-519-4461,2026-02-20,3350000,부산광역시 금정구
부산대학교 기초과학연구원,부산광역시 금정구 부산대학로63번길 2-1(장전동),,35.23640942,129.0732976,지정폐기물,,,,10,2009,부산광역시 금정구청,051-519-4461,2026-02-20,3350000,부산광역시 금정구
메드윌병원,부산광역시 금정구 중앙대로 1951(구서동),,35.25851487,129.0909591,지정폐기물,,,,10,2009,부산광역시 금정구청,051-519-4461,2026-02-20,3350000,부산광역시 금정구
부산대학교(스포츠과학부),부산광역시 금정구 부산대학로63번길 2(장전동_부산대학교),,35.2322428,129.0838245,지정폐기물,,,,3,2009,부산광역시 금정구청,051-519-4461,2026-02-20,3350000,부산광역시 금정구
늘편한 내과의원,부산광역시 금정구 중앙대로1841번길 15(구서동_2층),,35.24844646,129.0909708,지정폐기물,,,,5,2009,부산광역시 금정구청,051-519-4461,2026-02-20,3350000,부산광역시 금정구
김진구 내과의원,부산광역시 금정구 구서로 23(구서동),,35.24660852,129.0885221,지정폐기물,,,,5,2009,부산광역시 금정구청,051-519-4461,2026-02-20,3350000,부산광역시 금정구
행복의원.한의원,부산광역시 금정구 서동로 137-1,,35.21541487,129.1017742,지정폐기물,,,,1,2010,부산광역시 금정구청,051-519-4461,2026-02-20,3350000,부산광역시 금정구
부산마이크로병원,부산광역시 금정구 중앙대로 1875(구서동),,35.25170705,129.0909821,지정폐기물,,,,20,2010,부산광역시 금정구청,051-519-4461,2026-02-20,3350000,부산광역시 금정구
보람요양병원,부산광역시 금정구 중앙대로 1961(구서동),,35.25938855,129.0910728,지정폐기물,,,,5,2010,부산광역시 금정구청,051-519-4461,2026-02-20,3350000,부산광역시 금정구
마디본정형외과,부산광역시 금정구 서동로 154(서동_서동메디칼_4_5_6층),,35.21467321,129.1033517,지정폐기물,,,,200,2010,부산광역시 금정구청,051-519-4461,2026-02-20,3350000,부산광역시 금정구
장전헌혈의집,부산광역시 금정구 금정로68번길 6(장전동),,35.23058919,129.0868625,지정폐기물,,,,5,2010,부산광역시 금정구청,051-519-4461,2026-02-20,3350000,부산광역시 금정구
부산대학로헌혈의집,부산광역시 금정구 부산대학로 63(장전동),,35.23139816,129.0843891,지정폐기물,,,,5,2011,부산광역시 금정구청,051-519-4461,2026-02-20,3350000,부산광역시 금정구
이 가정의학과의원,부산광역시 금정구 중앙대로 2097(남산동),,35.27163413,129.0924297,지정폐기물,,,,30,2011,부산광역시 금정구청,051-519-4461,2026-02-20,3350000,부산광역시 금정구
전윤숙소아청소년과의원,부산광역시 금정구 서동로 168(서동),,35.21444156,129.1047752,지정폐기물,,,,2,2011,부산광역시 금정구청,051-519-4461,2026-02-20,3350000,부산광역시 금정구
의료법인 좋은사람들의료재단,부산광역시 금정구 금단로 140-2(남산동),,35.26158273,129.093740,지정폐기물,,,,5,2011,부산광역시 금정구청,051-519-4461,2026-02-20,3350000,부산광역시 금정구
이편한 치과,부산광역시 금정구 금강로 208(장전동),,35.22688634,129.0832242,지정폐기물,,,,2,2011,부산광역시 금정구청,051-519-4461,2026-02-20,3350000,부산광역시 금정구
한독동물병원,부산광역시 금정구 서동로 200(서동),,35.21402255,129.1080873,지정폐기물,,,,20,2011,부산광역시 금정구청,051-519-4461,2026-02-20,3350000,부산광역시 금정구
세웅병원,부산광역시 금정구 서동로 162(서동),,35.21443315,129.104077,지정폐기물,,,,1500,2011,부산광역시 금정구청,051-519-4461,2026-02-20,3350000,부산광역시 금정구
BHS 동래한서요양병원,부산광역시 금정구 중앙대로 1721(부곡동),,35.23847783,129.0912723,지정폐기물,,,,30,2011,부산광역시 금정구청,051-519-4461,2026-02-20,3350000,부산광역시 금정구
지온신경외과,부산광역시 금정구 중앙대로 1897(구서동),,35.25354802,129.0911269,지정폐기물,,,,100,2011,부산광역시 금정구청,051-519-4461,2026-02-20,3350000,부산광역시 금정구
(의법)동일의료재단 금정나라요양병원,부산광역시 금정구 무학송로 143(부곡동),,35.24392199,129.093826,지정폐기물,,,,50,2011,부산광역시 금정구청,051-519-4461,2026-02-20,3350000,부산광역시 금정구
바른몸한의원,부산광역시 금정구 금강로 209(장전동_한신시티빌_4층),,35.22712235,129.0827693,지정폐기물,,,,1,2012,부산광역시 금정구청,051-519-4461,2026-02-20,3350000,부산광역시 금정구
다나마취통증의학과의원,부산광역시 금정구 온천장로 131(장전동),,35.22233165,129.084994,지정폐기물,,,,1,2012,부산광역시 금정구청,051-519-4461,2026-02-20,3350000,부산광역시 금정구
정림요양병원,부산광역시 금정구 식물원로9번길 3(장전동),,35.234880,129.091120,지정폐기물,,,,2500,2012,부산광역시 금정구청,051-519-4461,2026-02-20,3350000,부산광역시 금정구
푸른숲요양병원,부산광역시 금정구 금강로 592(구서동),,35.26034134,129.0879996,지정폐기물,,,,2,2012,부산광역시 금정구청,051-519-4461,2026-02-20,3350000,부산광역시 금정구
의료법인 천지의료재단 금샘요양병원,부산광역시 금정구 남산냇길 111(청룡동),,35.27684846,129.0882818,지정폐기물,,,,10,2012,부산광역시 금정구청,051-519-4461,2026-02-20,3350000,부산광역시 금정구
하루미치과,부산광역시 금정구 중앙대로1929번길 12(구서동),,35.25663439,129.0906657,지정폐기물,,,,20,2012,부산광역시 금정구청,051-519-4461,2026-02-20,3350000,부산광역시 금정구
금정형주요양병원,부산광역시 금정구 금강로 638(남산동),,35.26419962,129.088895,지정폐기물,,,,30,2012,부산광역시 금정구청,051-519-4461,2026-02-20,3350000,부산광역시 금정구
수가정의학과,부산광역시 금정구 학산로13번길 46(남산동),,35.26529558,129.0889008,지정폐기물,,,,1,2012,부산광역시 금정구청,051-519-4461,2026-02-20,3350000,부산광역시 금정구
VL의원(브이엘의원),부산광역시 금정구 부산대학로 47(장전동),,35.23116188,129.0860462,지정폐기물,,,,6,2012,부산광역시 금정구청,051-519-4461,2026-02-20,3350000,부산광역시 금정구
해강한의원,부산광역시 금정구 오시게로 16(부곡동),,35.21900767,129.0861965,지정폐기물,,,,5,2012,부산광역시 금정구청,051-519-4461,2026-02-20,3350000,부산광역시 금정구
동래미치과의원,부산광역시 금정구 부곡로 38(부곡동),,35.22020043,129.088396,지정폐기물,,,,20,2012,부산광역시 금정구청,051-519-4461,2026-02-20,3350000,부산광역시 금정구
행복한치과의원,부산광역시 금정구 구서로 24(구서동),,35.2469339,129.088487,지정폐기물,,,,1,2012,부산광역시 금정구청,051-519-4461,2026-02-20,3350000,부산광역시 금정구
바오로아람터,부산광역시 금정구 청룡예전로43번길 37(청룡동),,35.27761513,129.0887996,지정폐기물,,,,10,2012,부산광역시 금정구청,051-519-4461,2026-02-20,3350000,부산광역시 금정구
유명한의원,부산광역시 금정구 수림로 25(부곡동_쌍용상가_202호),,35.23911891,129.0887057,지정폐기물,,,,20,2013,부산광역시 금정구청,051-519-4461,2026-02-20,3350000,부산광역시 금정구
바른이치과의원,부산광역시 금정구 중앙대로1841번길 39(구서동),,35.24896964,129.089799,지정폐기물,,,,30,2013,부산광역시 금정구청,051-519-4461,2026-02-20,3350000,부산광역시 금정구
지온마취통증의학과의원,부산광역시 금정구 중앙대로 1897(구서동),,35.25354802,129.0911269,지정폐기물,,,,5,2013,부산광역시 금정구청,051-519-4461,2026-02-20,3350000,부산광역시 금정구
의료법인 나눔의료재단 행림요양병원,부산광역시 금정구 중앙대로 1905(구서동),,35.25444878,129.091045,지정폐기물,,,,5,2013,부산광역시 금정구청,051-519-4461,2026-02-20,3350000,부산광역시 금정구
신망애노인요양원,부산광역시 금정구 금샘로 66(장전동),,35.23156532,129.0766905,지정폐기물,,,,1,2013,부산광역시 금정구청,051-519-4461,2026-02-20,3350000,부산광역시 금정구
박정형외과의원,부산광역시 금정구 중앙대로 1727(부곡동),,35.23859514,129.0921388,지정폐기물,,,,10,2013,부산광역시 금정구청,051-519-4461,2026-02-20,3350000,부산광역시 금정구
정한의원,부산광역시 금정구 서동로 174(부곡동),,35.21439228,129.1054062,지정폐기물,,,,50,2013,부산광역시 금정구청,051-519-4461,2026-02-20,3350000,부산광역시 금정구
아카데미피부과의원,부산광역시 금정구 구서로 10,,35.24686725,129.0901236,지정폐기물,,,,1,2013,부산광역시 금정구청,051-519-4461,2026-02-20,3350000,부산광역시 금정구
세웅장례식장,부산광역시 금정구 서동로 162(서동),,35.21443315,129.104077,지정폐기물,,,,1,2013,부산광역시 금정구청,051-519-4461,2026-02-20,3350000,부산광역시 금정구
하늘치과의원,부산광역시 금정구 서부곡로 2(부곡동),,35.22595776,129.0915426,지정폐기물,,,,1,2013,부산광역시 금정구청,051-519-4461,2026-02-20,3350000,부산광역시 금정구
튼튼의원,부산광역시 금정구 부산대학로 23(장전동),,35.23098136,129.0886906,지정폐기물,,,,1,2013,부산광역시 금정구청,051-519-4461,2026-02-20,3350000,부산광역시 금정구
동산라벨라의원,부산광역시 금정구 중앙대로1945번길 12(구서동),,35.25808147,129.0906225,지정폐기물,,,,1,2013,부산광역시 금정구청,051-519-4461,2026-02-20,3350000,부산광역시 금정구
부산대학교 보건진료소,부산광역시 금정구 부산대학로63번길 2-1(장전동),,35.23640942,129.0732976,지정폐기물,,,,1,2014,부산광역시 금정구청,051-519-4461,2026-02-20,3350000,부산광역시 금정구
우리동네명의원,부산광역시 금정구 범어천로38번길 1(남산동),,35.2696795,129.0899678,지정폐기물,,,,5,2014,부산광역시 금정구청,051-519-4461,2026-02-20,3350000,부산광역시 금정구
소망가정의학과,부산광역시 금정구 중앙대로 2005(남산동),,35.26329218,129.0917568,지정폐기물,,,,1,2014,부산광역시 금정구청,051-519-4461,2026-02-20,3350000,부산광역시 금정구
세웅병원장례식장식당,부산광역시 금정구 서동로 162(부곡동),,35.21443315,129.104077,지정폐기물,,,,100,2014,부산광역시 금정구청,051-519-4461,2026-02-20,3350000,부산광역시 금정구
(주)원정푸드,부산광역시 금정구 오륜대로 70(부곡동),,35.24445417,129.098753,사업장폐기물,,,,240,2018,부산광역시 금정구청,051-519-4461,2026-02-20,3350000,부산광역시 금정구
신풍유지(주),부산광역시 금정구 공단서로8번길 67(금사동),,35.21672155,129.1148335,사업장폐기물,,,,1000,2019,부산광역시 금정구청,051-519-4461,2026-02-20,3350000,부산광역시 금정구
온사랑병원,부산광역시 금정구 서동로 197-1(서동),,35.21434211,129.1081538,사업장폐기물,,,,2,2020,부산광역시 금정구청,051-519-4461,2026-02-20,3350000,부산광역시 금정구
코카콜라음료 주식회사 부산물류센터,부산광역시 금정구 동천로7번길 48-3(회동동),,35.22885851,129.1232565,사업장폐기물,,,,500,2020,부산광역시 금정구청,051-519-4461,2026-02-20,3350000,부산광역시 금정구
(주)부일레미콘,부산광역시 금정구 수원지로 24(회동동_부일레미콘),,35.2327817,129.1212381,사업장폐기물,,,,400,2021,부산광역시 금정구청,051-519-4461,2026-02-20,3350000,부산광역시 금정구
부산시설공단,부산광역시 금정구 금정도서관로 108(두구동_영락공원),,35.2737223263,129.1042093663,사업장폐기물,,,,100,2021,부산광역시 금정구청,051-519-4461,2026-02-20,3350000,부산광역시 금정구
블랙테크,부산광역시 금정구 개좌로 55-9(금사동),,35.21871089,129.1107833,사업장폐기물,,,,10,2021,부산광역시 금정구청,051-519-4461,2026-02-20,3350000,부산광역시 금정구
부광자원 주식회사,부산광역시 금정구 체육공원로 121(구서동),,35.2539846,129.1007909,사업장폐기물,,,,600,2022,부산광역시 금정구청,051-519-4461,2026-02-20,3350000,부산광역시 금정구
의료법인 동일의료재단 금정나라요양병원,부산광역시 금정구 무학송로 143(부곡동_태화빌딩),,35.2439219919,129.0938259966,사업장폐기물,,,,20,2022,부산광역시 금정구청,051-519-4461,2026-02-20,3350000,부산광역시 금정구
(주)지금여기 금정지점,부산광역시 금정구 금정로 221(구서동_은성빌딩),,35.2438401196,129.0901862479,사업장폐기물,,,,1000,2022,부산광역시 금정구청,051-519-4461,2026-02-20,3350000,부산광역시 금정구
욱성화학(주),부산광역시 금정구 개좌로 174(회동동),,35.22716717,129.1200282,사업장폐기물,,,,100,2022,부산광역시 금정구청,051-519-4461,2026-02-20,3350000,부산광역시 금정구
(주)서원유통탑마트부곡점,부산광역시 금정구 부곡로 79(부곡동_이원빌딩_1층),,35.2231284669,129.0905549805,사업장폐기물,,,,42,2022,부산광역시 금정구청,051-519-4461,2026-02-20,3350000,부산광역시 금정구
동해환경,부산광역시 금정구 체육공원로637번길 2(두구동_동해환경),,35.2975975856,129.112059506,사업장폐기물,,,,600,2022,부산광역시 금정구청,051-519-4461,2026-02-20,3350000,부산광역시 금정구
(주)서원유통탑마트남산점,부산광역시 금정구 금샘로 456(남산동),,35.26370105,129.0856504,사업장폐기물,,,,42,2022,부산광역시 금정구청,051-519-4461,2026-02-20,3350000,부산광역시 금정구
동건환경,부산광역시 금정구 수원지로22번길 38(회동동),,35.23089494,129.1231672,사업장폐기물,,,,4200,2023,부산광역시 금정구청,051-519-4461,2026-02-20,3350000,부산광역시 금정구
마린환경산업,부산광역시 금정구 공단서로18번길 89(금사동),,35.21761147,129.1157645,사업장폐기물,,,,7000,2023,부산광역시 금정구청,051-519-4461,2026-02-20,3350000,부산광역시 금정구
늘푸른환경,부산광역시 금정구 공단동로29번길 35(금사동),,35.21991426,129.1150939,사업장폐기물,,,,400,2023,부산광역시 금정구청,051-519-4461,2026-02-20,3350000,부산광역시 금정구
주식회사 우리환경산업,부산광역시 금정구 동천로 67(회동동_(주)우리환경산업),,35.22995887,129.1246796,사업장폐기물,,,,18000,2023,부산광역시 금정구청,051-519-4461,2026-02-20,3350000,부산광역시 금정구
주식회사진아푸드,부산광역시 금정구 회천로14번안길 13(회동동),,35.22809538,129.1166031,사업장폐기물,,,,219,2024,부산광역시 금정구청,051-519-4461,2026-02-20,3350000,부산광역시 금정구
주식회사 우원,부산광역시 금정구 중앙대로1763번길 25(부곡동_(주)우원),,35.2415341,129.0913121,사업장폐기물,,,,72,2024,부산광역시 금정구청,051-519-4461,2026-02-20,3350000,부산광역시 금정구
(주)파크랜드 물류센터,부산광역시 금정구 공단로49번길 20(금사동_(주)파크랜드),,35.21927588,129.1126128,사업장폐기물,,,,10,2025,부산광역시 금정구청,051-519-4461,2026-02-20,3350000,부산광역시 금정구
금정초등학교,부산광역시 금정구 식물원로44번길 46(장전동_금정초등학교),,35.2280282741,129.0848987937,사업장폐기물,,,,11,2025,부산광역시 금정구청,051-519-4461,2026-02-20,3350000,부산광역시 금정구
식당3선 금정점,부산광역시 금정구 중앙대로 1709(부곡동),,35.23704027,129.0912286,사업장폐기물,,,,54,2025,부산광역시 금정구청,051-519-4461,2026-02-20,3350000,부산광역시 금정구
sk브로드밴드(주)_부산회동,부산광역시 금정구 동천로7번길 63(회동동),,35.22968052,129.1230156,사업장폐기물,,,,35,2025,부산광역시 금정구청,051-519-4461,2026-02-20,3350000,부산광역시 금정구
sk브로드밴드(주)_부산금사,부산광역시 금정구 반송로490번길 26-8(금사동),,35.21532321,129.117057,사업장폐기물,,,,35,2025,부산광역시 금정구청,051-519-4461,2026-02-20,3350000,부산광역시 금정구
부산대학교,부산광역시 금정구 부산대학로63번길 2(장전동_부산대학교),,35.2322427972,129.0838244536,사업장폐기물,,,,175,2025,부산광역시 금정구청,051-519-4461,2026-02-20,3350000,부산광역시 금정구
동래노인요양원,부산광역시 금정구 산성로 967(장전동_동래양로원),,35.2319239267,129.0764678123,지정폐기물,,,,1,2014,부산광역시 금정구청,051-519-4461,2026-02-20,3350000,부산광역시 금정구
수이비인후과의원,부산광역시 금정구 부산대학로38번길 8(장전동),,35.23150843,129.087386,지정폐기물,,,,30,2014,부산광역시 금정구청,051-519-4461,2026-02-20,3350000,부산광역시 금정구
삼성홈닥터의원,부산광역시 금정구 수림로 55(장전동),,35.23981417,129.0863118,지정폐기물,,,,1,2014,부산광역시 금정구청,051-519-4461,2026-02-20,3350000,부산광역시 금정구
(주)피글,부산광역시 금정구 부산대학로63번길 2-408(장전동_부산대학교_효원산학협동관_(주)피글),,35.2339681,129.0806855,지정폐기물,,,,50,2014,부산광역시 금정구청,051-519-4461,2026-02-20,3350000,부산광역시 금정구
항소담외과의원,부산광역시 금정구 금정로 252(구서동),,35.2456181,129.0926557,지정폐기물,,,,200,2014,부산광역시 금정구청,051-519-4461,2026-02-20,3350000,부산광역시 금정구
바른신경외과의원,부산광역시 금정구 범어천로38번길 1(남산동),,35.2696795,129.0899678,지정폐기물,,,,20,2015,부산광역시 금정구청,051-519-4461,2026-02-20,3350000,부산광역시 금정구
용한의원,부산광역시 금정구 금사로 104(금사동),,35.22154287,129.1129749,지정폐기물,,,,100,2015,부산광역시 금정구청,051-519-4461,2026-02-20,3350000,부산광역시 금정구
(사)대한산업보건협회 부산지역본부,부산광역시 금정구 중앙대로 2139(청룡동),,35.27534804,129.0922972,지정폐기물,,,,65,2015,부산광역시 금정구청,051-519-4461,2026-02-20,3350000,부산광역시 금정구
빅독프리미엄아울렛,부산광역시 금정구 금정로 63-1(장전동),,35.23039766,129.086065,지정폐기물,,,,10,2015,부산광역시 금정구청,051-519-4461,2026-02-20,3350000,부산광역시 금정구
민들레내과의원,부산광역시 금정구 청룡예전로 2(청룡동_경신빌딩),,35.27394413,129.0923716,지정폐기물,,,,20,2015,부산광역시 금정구청,051-519-4461,2026-02-20,3350000,부산광역시 금정구
부산대학교 식품영양학과,부산광역시 금정구 부산대학로63번길 2(장전동_부산대학교),,35.2322427972,129.0838244536,지정폐기물,,,,10,2015,부산광역시 금정구청,051-519-4461,2026-02-20,3350000,부산광역시 금정구
중앙생명과학원(주),부산광역시 금정구 금샘로 585(남산동_4층_5층),,35.27462973,129.0848157,지정폐기물,,,,500,2015,부산광역시 금정구청,051-519-4461,2026-02-20,3350000,부산광역시 금정구
김옥영소아청소년과의원,부산광역시 금정구 금강로 494(구서동),,35.25142181,129.0880105,지정폐기물,,,,20,2016,부산광역시 금정구청,051-519-4461,2026-02-20,3350000,부산광역시 금정구
위드이비인후과의원,부산광역시 금정구 중앙대로 2101(남산동_203호),,35.2718708493,129.0923572581,지정폐기물,,,,5,2016,부산광역시 금정구청,051-519-4461,2026-02-20,3350000,부산광역시 금정구
서동 정안과의원,부산광역시 금정구 서동로 154(서동),,35.21467321,129.1033517,지정폐기물,,,,5,2016,부산광역시 금정구청,051-519-4461,2026-02-20,3350000,부산광역시 금정구
양지요양병원,부산광역시 금정구 금강로 209(장전동_한신시티빌_201_301호),,35.2271223463,129.0827693122,지정폐기물,,,,50,2016,부산광역시 금정구청,051-519-4461,2026-02-20,3350000,부산광역시 금정구
이경일내과의원,부산광역시 금정구 중앙대로 2029(남산동),,35.26556318,129.0921457,지정폐기물,,,,80,2016,부산광역시 금정구청,051-519-4461,2026-02-20,3350000,부산광역시 금정구
한국종합축전지,부산광역시 금정구 금강로347번길 1(장전동),,35.23886794,129.0862562,지정폐기물,,,,1000,2016,부산광역시 금정구청,051-519-4461,2026-02-20,3350000,부산광역시 금정구
범어연합치과의원,부산광역시 금정구 중앙대로 2102(남산동_2층_201호),,35.2720171954,129.0929769204,지정폐기물,,,,10,2016,부산광역시 금정구청,051-519-4461,2026-02-20,3350000,부산광역시 금정구
엘린의원,부산광역시 금정구 중앙대로1841번길 2(구서동_2층),,35.2487452959,129.0916891865,지정폐기물,,,,1,2016,부산광역시 금정구청,051-519-4461,2026-02-20,3350000,부산광역시 금정구
의료법인 세왕의료재단,부산광역시 금정구 식물원로9번길 37(장전동),,35.22251187,129.085951,지정폐기물,,,,100,2016,부산광역시 금정구청,051-519-4461,2026-02-20,3350000,부산광역시 금정구
다스림한의원,부산광역시 금정구 온천장로125번길 68(장전동),,35.22422458,129.0824253,지정폐기물,,,,5,2016,부산광역시 금정구청,051-519-4461,2026-02-20,3350000,부산광역시 금정구
탑치과의원,부산광역시 금정구 구서로 16(구서동_2층_3층),,35.2468700201,129.0892901112,지정폐기물,,,,2,2016,부산광역시 금정구청,051-519-4461,2026-02-20,3350000,부산광역시 금정구
부산대학교 화학과,부산광역시 금정구 부산대학로63번길 2-1(장전동_달마사),,35.23640942,129.0732976,지정폐기물,,,,5,2016,부산광역시 금정구청,051-519-4461,2026-02-20,3350000,부산광역시 금정구
이원종한의사회공동처리회,부산광역시 금정구 청룡로 52(청룡동_금룡빌라상가_102호),,35.2756851878,129.0868351415,지정폐기물,,,,720,2016,부산광역시 금정구청,051-519-4461,2026-02-20,3350000,부산광역시 금정구
남산삼성의원,부산광역시 금정구 금강로 700(남산동_남산시장빌딩),,35.26983224,129.0892953,지정폐기물,,,,20,2016,부산광역시 금정구청,051-519-4461,2026-02-20,3350000,부산광역시 금정구
부산대학교 기계공학부,부산광역시 금정구 부산대학로63번길 2(장전동_부산대학교),,35.2322428,129.0838245,지정폐기물,,,,5,2016,부산광역시 금정구청,051-519-4461,2026-02-20,3350000,부산광역시 금정구
미소마취통증의학과,부산광역시 금정구 중앙대로1719번길 16(부곡동_참한빌딩),,35.23793868,129.0913083,지정폐기물,,,,10,2017,부산광역시 금정구청,051-519-4461,2026-02-20,3350000,부산광역시 금정구
(주)삼형,부산광역시 금정구 공단로 68-17(금사동),,35.2185521,129.1156809,지정폐기물,,,,500,2017,부산광역시 금정구청,051-519-4461,2026-02-20,3350000,부산광역시 금정구
바로나치과,부산광역시 금정구 온천장로 131(장전동_5층),,35.2223316455,129.0849939627,지정폐기물,,,,20,2017,부산광역시 금정구청,051-519-4461,2026-02-20,3350000,부산광역시 금정구
삼형기계,부산광역시 금정구 공단로33번길 23(금사동),,35.21780249,129.111220,지정폐기물,,,,500,2017,부산광역시 금정구청,051-519-4461,2026-02-20,3350000,부산광역시 금정구
신망애치매전문요양원,부산광역시 금정구 금샘로 66(장전동),,35.23156532,129.0766905,지정폐기물,,,,100,2017,부산광역시 금정구청,051-519-4461,2026-02-20,3350000,부산광역시 금정구
비케이랩(주),부산광역시 금정구 금샘로 585(남산동_다솔빌딩),,35.27462973,129.0848157,지정폐기물,,,,100,2017,부산광역시 금정구청,051-519-4461,2026-02-20,3350000,부산광역시 금정구
서승진정신건강의학과의원,부산광역시 금정구 구서로 14(구서동_태명제1빌딩_4층),,35.2468602634,129.0894480442,지정폐기물,,,,10,2017,부산광역시 금정구청,051-519-4461,2026-02-20,3350000,부산광역시 금정구
나우향 정신건강의학과의원,부산광역시 금정구 부곡로 122-1,,35.22679372,129.0920975,지정폐기물,,,,20,2017,부산광역시 금정구청,051-519-4461,2026-02-20,3350000,부산광역시 금정구
금정노인요양원,부산광역시 금정구 청룡예전로43번길 25(청룡동_금정노인요양원),,35.2777310824,129.0890148125,지정폐기물,,,,5,2018,부산광역시 금정구청,051-519-4461,2026-02-20,3350000,부산광역시 금정구
제일한방병원,부산광역시 금정구 서동로 172(서동_제일한방병원),,35.2143832064,129.1051922886,지정폐기물,,,,5,2018,부산광역시 금정구청,051-519-4461,2026-02-20,3350000,부산광역시 금정구
권한의원,부산광역시 금정구 중앙대로1719번길 64(부곡동),,35.2378933,129.0886353,지정폐기물,,,,5,2018,부산광역시 금정구청,051-519-4461,2026-02-20,3350000,부산광역시 금정구
경희상훈한의원,부산광역시 금정구 금정로91번길 19(장전동_향춘빌딩_2층),,35.2328744416,129.0858414017,지정폐기물,,,,5,2018,부산광역시 금정구청,051-519-4461,2026-02-20,3350000,부산광역시 금정구
금정한의원,부산광역시 금정구 부곡로 44(부곡동),,35.2204645,129.0885349,지정폐기물,,,,5,2018,부산광역시 금정구청,051-519-4461,2026-02-20,3350000,부산광역시 금정구
구침한의원,부산광역시 금정구 동현로16번길 76(부곡동),,35.22074314,129.0877255,지정폐기물,,,,5,2018,부산광역시 금정구청,051-519-4461,2026-02-20,3350000,부산광역시 금정구
풀잎향기한의원,부산광역시 금정구 중앙대로 1641(부곡동),,35.23080406,129.0910986,지정폐기물,,,,5,2018,부산광역시 금정구청,051-519-4461,2026-02-20,3350000,부산광역시 금정구
항사랑외과,부산광역시 금정구 중앙대로1841번길 23(구서동_현대타운),,35.248595967,129.0905115816,지정폐기물,,,,5,2018,부산광역시 금정구청,051-519-4461,2026-02-20,3350000,부산광역시 금정구
보광한의원,부산광역시 금정구 금샘로 585(남산동_다솔빌딩_2층),,35.2746297282,129.0848156918,지정폐기물,,,,5,2018,부산광역시 금정구청,051-519-4461,2026-02-20,3350000,부산광역시 금정구
프라임치과,부산광역시 금정구 중앙대로 1941(구서동_태일빌딩),,35.2575859468,129.0910492429,지정폐기물,,,,5,2018,부산광역시 금정구청,051-519-4461,2026-02-20,3350000,부산광역시 금정구
우송한의원,부산광역시 금정구 중앙대로 2095(남산동),,35.27141043,129.0924109,지정폐기물,,,,5,2018,부산광역시 금정구청,051-519-4461,2026-02-20,3350000,부산광역시 금정구
이룸메디칼,부산광역시 금정구 중앙대로 1799(구서동_유림노르웨이아침),,35.24490476,129.0927595,지정폐기물,,,,200,2018,부산광역시 금정구청,051-519-4461,2026-02-20,3350000,부산광역시 금정구
남광노인전문요양시설 하회원,부산광역시 금정구 중앙대로2349번길 3(노포동_남광사회복지회),,35.294656803,129.0989954269,지정폐기물,,,,5,2018,부산광역시 금정구청,051-519-4461,2026-02-20,3350000,부산광역시 금정구
김유남소아청소년과의원,부산광역시 금정구 서동로 168(서동_송월빌딩_4층),,35.2144415559,129.1047752172,지정폐기물,,,,2,2018,부산광역시 금정구청,051-519-4461,2026-02-20,3350000,부산광역시 금정구
서동참정형외과,부산광역시 금정구 서동로 154(서동),,35.21467321,129.1033517,지정폐기물,,,,20,2018,부산광역시 금정구청,051-519-4461,2026-02-20,3350000,부산광역시 금정구
남광노인복지센터,부산광역시 금정구 중앙대로2349번길 3(노포동_남광사회복지회),,35.294656803,129.0989954269,지정폐기물,,,,1,2018,부산광역시 금정구청,051-519-4461,2026-02-20,3350000,부산광역시 금정구
시온치과,부산광역시 금정구 서동로 156(서동),,35.21469816,129.1035237,지정폐기물,,,,25,2018,부산광역시 금정구청,051-519-4461,2026-02-20,3350000,부산광역시 금정구
금정성모안과의원,부산광역시 금정구 구서로 10,,35.24686725,129.0901236,지정폐기물,,,,10,2018,부산광역시 금정구청,051-519-4461,2026-02-20,3350000,부산광역시 금정구
서울건치과,부산광역시 금정구 중앙대로 2093(남산동_수광빌딩_3층),,35.2711524136,129.0923547092,지정폐기물,,,,1,2018,부산광역시 금정구청,051-519-4461,2026-02-20,3350000,부산광역시 금정구
금샘치과,부산광역시 금정구 구서로 10,,35.24686725,129.0901236,지정폐기물,,,,5,2018,부산광역시 금정구청,051-519-4461,2026-02-20,3350000,부산광역시 금정구
한솔한의원,부산광역시 금정구 구서로 10,,35.24686725,129.0901236,지정폐기물,,,,1,2018,부산광역시 금정구청,051-519-4461,2026-02-20,3350000,부산광역시 금정구
부산대학교 스포츠과학부,부산광역시 금정구 부산대학로63번길 2(장전동_부산대학교),,35.2322427972,129.0838244536,지정폐기물,,,,5,2018,부산광역시 금정구청,051-519-4461,2026-02-20,3350000,부산광역시 금정구
금정구치과의사협의회,부산광역시 금정구 금사로 97(금사동),,35.22123106,129.1123465,지정폐기물,,,,8.9,2018,부산광역시 금정구청,051-519-4461,2026-02-20,3350000,부산광역시 금정구
온사랑병원,부산광역시 금정구 서동로 197-1(서동),,35.21434211,129.1081538,지정폐기물,,,,500,2018,부산광역시 금정구청,051-519-4461,2026-02-20,3350000,부산광역시 금정구
순병원,부산광역시 금정구 중앙대로 1701(부곡동_순여성병원),,35.2364497507,129.0915670937,지정폐기물,,,,150,2018,부산광역시 금정구청,051-519-4461,2026-02-20,3350000,부산광역시 금정구
라온치과의원,부산광역시 금정구 금강로 429-1(구서동_해금빌딩),,35.2459254851,129.0886299589,지정폐기물,,,,5,2019,부산광역시 금정구청,051-519-4461,2026-02-20,3350000,부산광역시 금정구
속속드리내과의원,부산광역시 금정구 오시게로 22(부곡동),,35.21944851,129.0865207,지정폐기물,,,,10,2019,부산광역시 금정구청,051-519-4461,2026-02-20,3350000,부산광역시 금정구
제강한의원,부산광역시 금정구 온천장로 131,,35.22233165,129.084994,지정폐기물,,,,1,2019,부산광역시 금정구청,051-519-4461,2026-02-20,3350000,부산광역시 금정구
시원마취통증의학과의원,부산광역시 금정구 장전로 31-1,,35.22845994,129.0853266,지정폐기물,,,,1,2019,부산광역시 금정구청,051-519-4461,2026-02-20,3350000,부산광역시 금정구
서재득신경과의원,부산광역시 금정구 서동로 168(서동),,35.21444156,129.1047752,지정폐기물,,,,1,2019,부산광역시 금정구청,051-519-4461,2026-02-20,3350000,부산광역시 금정구
미소인치과의원,부산광역시 금정구 중앙대로1719번길 30(부곡동),,35.23791354,129.0904793,지정폐기물,,,,0.1,2019,부산광역시 금정구청,051-519-4461,2026-02-20,3350000,부산광역시 금정구
부산대학교 약학대학,부산광역시 금정구 부산대학로63번길 2-1(장전동),,35.23640942,129.0732976,지정폐기물,,,,50,2019,부산광역시 금정구청,051-519-4461,2026-02-20,3350000,부산광역시 금정구
부산대학교 분자생물학과,부산광역시 금정구 부산대학로63번길 2(장전동),,35.2322428,129.0838245,지정폐기물,,,,10,2019,부산광역시 금정구청,051-519-4461,2026-02-20,3350000,부산광역시 금정구
수이비인후과,부산광역시 금정구 부산대학로 47(장전동),,35.23116188,129.0860462,지정폐기물,,,,5,2019,부산광역시 금정구청,051-519-4461,2026-02-20,3350000,부산광역시 금정구
한결랩,부산광역시 금정구 체육공원로 647(두구동),,35.29832298,129.1121789,지정폐기물,,,,5,2019,부산광역시 금정구청,051-519-4461,2026-02-20,3350000,부산광역시 금정구
새로운정형외과의원,부산광역시 금정구 중앙대로1841번길 23(구서동),,35.24859597,129.0905116,지정폐기물,,,,5,2020,부산광역시 금정구청,051-519-4461,2026-02-20,3350000,부산광역시 금정구
동아의원,부산광역시 금정구 금강로 206-1(장전동),,35.22672274,129.0830226,지정폐기물,,,,2,2020,부산광역시 금정구청,051-519-4461,2026-02-20,3350000,부산광역시 금정구
부산대학교 환경공학과,부산광역시 금정구 부산대학로63번길 2(장전동),,35.2322428,129.0838245,지정폐기물,,,,5,2020,부산광역시 금정구청,051-519-4461,2026-02-20,3350000,부산광역시 금정구
원 이비인후과,부산광역시 금정구 금정로 151-1(장전동),,35.23823134,129.087679,지정폐기물,,,,30,2020,부산광역시 금정구청,051-519-4461,2026-02-20,3350000,부산광역시 금정구
브이아이피재가노인복지센터,부산광역시 금정구 구서중앙로15번길 20(구서동_8층),,35.2538502,129.0890571501,지정폐기물,,,,1,2020,부산광역시 금정구청,051-519-4461,2026-02-20,3350000,부산광역시 금정구
류마통내과의원,부산광역시 금정구 중앙대로 2027(남산동_새생명빌딩_3층),,35.2654555394,129.0921120376,지정폐기물,,,,10,2020,부산광역시 금정구청,051-519-4461,2026-02-20,3350000,부산광역시 금정구
조은어깨동무정형외과의원,부산광역시 금정구 온천장로 131,,35.22233165,129.084994,지정폐기물,,,,40,2020,부산광역시 금정구청,051-519-4461,2026-02-20,3350000,부산광역시 금정구
금정구 코로나19 예방접종센터,부산광역시 금정구 체육공원로 7(구서동_금정문화회관),,35.2459082,129.0944713,지정폐기물,,,,100,2021,부산광역시 금정구청,051-519-4461,2026-02-20,3350000,부산광역시 금정구
지온병원,부산광역시 금정구 온천장로 146(장전동),,35.22351475,129.0856744,지정폐기물,,,,1,2021,부산광역시 금정구청,051-519-4461,2026-02-20,3350000,부산광역시 금정구
(주)에스엔비아,부산광역시 금정구 부산대학로63번길 2(장전동_부산대학교_204호),,35.2322427972,129.0838244536,지정폐기물,,,,5,2021,부산광역시 금정구청,051-519-4461,2026-02-20,3350000,부산광역시 금정구
우리산부인과의원,부산광역시 금정구 서동로 168(서동_송월빌딩),,35.2144415559,129.1047752172,지정폐기물,,,,30,2021,부산광역시 금정구청,051-519-4461,2026-02-20,3350000,부산광역시 금정구
온마음치과,부산광역시 금정구 중앙대로 2029(남산동_대원빌딩_2층),,35.2655631846,129.0921456807,지정폐기물,,,,1,2021,부산광역시 금정구청,051-519-4461,2026-02-20,3350000,부산광역시 금정구
올바른정형외과의원,부산광역시 금정구 금강로 441(구서동_이강빌딩_3층),,35.2469235956,129.0887342185,지정폐기물,,,,20,2021,부산광역시 금정구청,051-519-4461,2026-02-20,3350000,부산광역시 금정구
서울신세계치과,부산광역시 금정구 금강로 441(구서동_태영빌딩),,35.2469235956,129.0887342185,지정폐기물,,,,10,2021,부산광역시 금정구청,051-519-4461,2026-02-20,3350000,부산광역시 금정구
포심정신의학과의원,부산광역시 금정구 오시게로 22(부곡동),,35.21944851,129.0865207,지정폐기물,,,,50,2021,부산광역시 금정구청,051-519-4461,2026-02-20,3350000,부산광역시 금정구
금정제약 주식회사,부산광역시 금정구 부산대학로63번길 2(장전동_부산대학교_4층_407B호),,35.2322427972,129.0838244536,지정폐기물,,,,50,2021,부산광역시 금정구청,051-519-4461,2026-02-20,3350000,부산광역시 금정구
단디치과,부산광역시 금정구 서동로 151,,35.21494839,129.1032602,지정폐기물,,,,10,2021,부산광역시 금정구청,051-519-4461,2026-02-20,3350000,부산광역시 금정구
이주원 내과의원,부산광역시 금정구 중앙대로 2107(청룡동_범어사지하철역),,35.273100,129.0926748521,지정폐기물,,,,5,2021,부산광역시 금정구청,051-519-4461,2026-02-20,3350000,부산광역시 금정구
뉴티스 치과교정과 치과의원,부산광역시 금정구 구서로 17(구서동_덕원메디컬_5층),,35.2466212918,129.0890247032,지정폐기물,,,,1,2021,부산광역시 금정구청,051-519-4461,2026-02-20,3350000,부산광역시 금정구
케이케이의원,부산광역시 금정구 부산대학로 29(장전동_네오스퀘어),,35.2307915343,129.0880197693,지정폐기물,,,,10,2021,부산광역시 금정구청,051-519-4461,2026-02-20,3350000,부산광역시 금정구
부산튼튼정형외과,부산광역시 금정구 부곡로 124(부곡동_부곡동_J빌딩),,35.2269793867,129.0921216836,지정폐기물,,,,5,2021,부산광역시 금정구청,051-519-4461,2026-02-20,3350000,부산광역시 금정구
해유한의원,부산광역시 금정구 중앙대로1629번길 16(부곡동_삼한골든뷰_에듀스테이션_301동_201호),,35.2305345834,129.0902843549,지정폐기물,,,,25,2022,부산광역시 금정구청,051-519-4461,2026-02-20,3350000,부산광역시 금정구
로아르피부과의원,부산광역시 금정구 금강로 441(구서동_이강빌딩_5층),,35.2469235956,129.0887342185,지정폐기물,,,,30,2022,부산광역시 금정구청,051-519-4461,2026-02-20,3350000,부산광역시 금정구
튼튼치과의원,부산광역시 금정구 수림로 17(부곡동),,35.23937647,129.0904943,지정폐기물,,,,5,2022,부산광역시 금정구청,051-519-4461,2026-02-20,3350000,부산광역시 금정구
강산병원 장례식장,부산광역시 금정구 공단로 7(금사동_아름다운강산병원),,35.2161406896,129.1096747942,지정폐기물,,,,10,2022,부산광역시 금정구청,051-519-4461,2026-02-20,3350000,부산광역시 금정구
화창한병원,부산광역시 금정구 중앙대로1685번길 12(부곡동),,35.23523499,129.0910469,지정폐기물,,,,100,2022,부산광역시 금정구청,051-519-4461,2026-02-20,3350000,부산광역시 금정구
이원종공동처리회,부산광역시 금정구 부곡로 44(부곡동),,35.2204645,129.0885349,지정폐기물,,,,446,2022,부산광역시 금정구청,051-519-4461,2026-02-20,3350000,부산광역시 금정구
권마취통증의학과의원,부산광역시 금정구 중앙대로1719번길 16(부곡동_참한빌딩_3층),,35.2379386813,129.0913083334,지정폐기물,,,,1,2022,부산광역시 금정구청,051-519-4461,2026-02-20,3350000,부산광역시 금정구
금정세민병원,부산광역시 금정구 구서중앙로15번길 20(구서동_금정산온천_레포츠_7_9층),,35.2538502,129.0890571501,지정폐기물,,,,1000,2022,부산광역시 금정구청,051-519-4461,2026-02-20,3350000,부산광역시 금정구
태양전지,부산광역시 금정구 반송로 357-1,,35.21075022,129.1051309,지정폐기물,,,,3000,2022,부산광역시 금정구청,051-519-4461,2026-02-20,3350000,부산광역시 금정구
단골병원,부산광역시 금정구 중앙대로 1829,,35.24766642,129.0919619,지정폐기물,,,,1100,2022,부산광역시 금정구청,051-519-4461,2026-02-20,3350000,부산광역시 금정구
명성한의원,부산광역시 금정구 온천장로 131,,35.22233165,129.084994,지정폐기물,,,,30,2023,부산광역시 금정구청,051-519-4461,2026-02-20,3350000,부산광역시 금정구
보스톤플란트치과의원,부산광역시 금정구 서동로 168(서동_송월빌딩_4층_101_102호),,35.2144415559,129.1047752172,지정폐기물,,,,2,2023,부산광역시 금정구청,051-519-4461,2026-02-20,3350000,부산광역시 금정구
주식회사 지앤메드(GN MED),부산광역시 금정구 체육공원로 651-9(두구동),,35.29841748,129.1119128,지정폐기물,,,,1000,2023,부산광역시 금정구청,051-519-4461,2026-02-20,3350000,부산광역시 금정구
서동제일요양병원,부산광역시 금정구 서동로 172(서동_제일한방병원),,35.2143832064,129.1051922886,지정폐기물,,,,5,2023,부산광역시 금정구청,051-519-4461,2026-02-20,3350000,부산광역시 금정구
부산대학교 컬러변조 초감각 인지기술 선도연구센터,부산광역시 금정구 부산대학로63번길 2(장전동),,35.2322428,129.0838245,지정폐기물,,,,5,2023,부산광역시 금정구청,051-519-4461,2026-02-20,3350000,부산광역시 금정구
서동 미로내과의원,부산광역시 금정구 서동로 159-1,,35.2149333,129.103895,지정폐기물,,,,1,2023,부산광역시 금정구청,051-519-4461,2026-02-20,3350000,부산광역시 금정구
연세바로본의원,부산광역시 금정구 서동로 159-1,,35.2149333,129.103895,지정폐기물,,,,5,2023,부산광역시 금정구청,051-519-4461,2026-02-20,3350000,부산광역시 금정구
두실내과,부산광역시 금정구 중앙대로 1931(구서동),,35.25678735,129.0910965,지정폐기물,,,,5,2023,부산광역시 금정구청,051-519-4461,2026-02-20,3350000,부산광역시 금정구
다솜동물메디컬센터 금정점,부산광역시 금정구 금강로 624,,35.26307537,129.0887118,지정폐기물,,,,5,2023,부산광역시 금정구청,051-519-4461,2026-02-20,3350000,부산광역시 금정구
다솜고양이메디컬센터 금정점,부산광역시 금정구 금강로 624,,35.26307537,129.0887118,지정폐기물,,,,1,2023,부산광역시 금정구청,051-519-4461,2026-02-20,3350000,부산광역시 금정구
부산대학교 종양학실험센터,부산광역시 금정구 부산대학로63번길 2(장전동_부산대학교),,35.2322427972,129.0838244536,지정폐기물,,,,5,2023,부산광역시 금정구청,051-519-4461,2026-02-20,3350000,부산광역시 금정구
부산외국어대학교,부산광역시 금정구 금샘로485번길 65(남산동_부산외국어대학교),,35.2661894921,129.0805532964,지정폐기물,,,,30,2023,부산광역시 금정구청,051-519-4461,2026-02-20,3350000,부산광역시 금정구
금정경희한의원,부산광역시 금정구 금강로 338-1,,35.23827924,129.0865996,지정폐기물,,,,1,2023,부산광역시 금정구청,051-519-4461,2026-02-20,3350000,부산광역시 금정구
민들레돌봄의원,부산광역시 금정구 중앙대로 2093(남산동_수광빌딩_3_7_8층),,35.2711524136,129.0923547092,지정폐기물,,,,1000,2023,부산광역시 금정구청,051-519-4461,2026-02-20,3350000,부산광역시 금정구
이진우이비인후과,부산광역시 금정구 금강로 206-16,,35.22651081,129.0833096,지정폐기물,,,,100,2024,부산광역시 금정구청,051-519-4461,2026-02-20,3350000,부산광역시 금정구
튼튼드림의원,부산광역시 금정구 장전온천천로 48(장전동_부산대지하철역),,35.2296168581,129.0893422809,지정폐기물,,,,10,2024,부산광역시 금정구청,051-519-4461,2026-02-20,3350000,부산광역시 금정구
행림병원 장례식장,부산광역시 금정구 중앙대로 1905(구서동_행림병원_지하2층),,35.2544487796,129.0910449893,지정폐기물,,,,30,2024,부산광역시 금정구청,051-519-4461,2026-02-20,3350000,부산광역시 금정구
구서한방병원,부산광역시 금정구 구서중앙로15번길 20(구서동_금정산온천_레포츠_7_9층),,35.2538502,129.0890565,지정폐기물,,,,1,2024,부산광역시 금정구청,051-519-4461,2026-02-20,3350000,부산광역시 금정구
금정밧데리할인전문점,부산광역시 금정구 범어천로 22(남산동_101호),,35.2686386086,129.0909311718,지정폐기물,,,,3000,2024,부산광역시 금정구청,051-519-4461,2026-02-20,3350000,부산광역시 금정구
금정바른정형외과의원,부산광역시 금정구 수림로 15(부곡동_하나클리닉센터_3층),,35.2392937,129.0906854885,지정폐기물,,,,5,2024,부산광역시 금정구청,051-519-4461,2026-02-20,3350000,부산광역시 금정구
쌍둥이밧데리 부산점,부산광역시 금정구 금정로 245(구서동),,35.2455149,129.0917449,지정폐기물,,,,4000,2024,부산광역시 금정구청,051-519-4461,2026-02-20,3350000,부산광역시 금정구
김유정내과의원,부산광역시 금정구 장전로 10(장전동_가온메디컬_501호),,35.2278263492,129.0876257176,지정폐기물,,,,20,2024,부산광역시 금정구청,051-519-4461,2026-02-20,3350000,부산광역시 금정구
(주)바이오리브,부산광역시 금정구 금단로 142,,35.26170954,129.0928803,지정폐기물,,,,1,2024,부산광역시 금정구청,051-519-4461,2026-02-20,3350000,부산광역시 금정구
더희망찬병원,부산광역시 금정구 부곡로 130(부곡동),,35.231600,129.094100,지정폐기물,,,,5,2024,부산광역시 금정구청,051-519-4461,2026-02-20,3350000,부산광역시 금정구
단스위티의원,부산광역시 금정구 장전온천천로 51(장전동_테라스파크_406~407호),,35.2295937784,129.0888157307,지정폐기물,,,,5,2025,부산광역시 금정구청,051-519-4461,2026-02-20,3350000,부산광역시 금정구
늘봄의원,부산광역시 금정구 수림로 55,,35.23981417,129.0863118,지정폐기물,,,,20,2025,부산광역시 금정구청,051-519-4461,2026-02-20,3350000,부산광역시 금정구
금사자동차운전전문학원,부산광역시 금정구 공단서로8번길 49(금사동_금사자동차운전전문학원),,35.2162109876,129.1131967201,지정폐기물,,,,83.33,2025,부산광역시 금정구청,051-519-4461,2026-02-20,3350000,부산광역시 금정구
이준정형외과의원,부산광역시 금정구 구서로 2(구서동_정우빌딩_602호),,35.2468040669,129.0907864367,지정폐기물,,,,300,2025,부산광역시 금정구청,051-519-4461,2026-02-20,3350000,부산광역시 금정구
서동가정의학과의원,부산광역시 금정구 서부로16번길 3,,35.21583377,129.1039441,지정폐기물,,,,1,2025,부산광역시 금정구청,051-519-4461,2026-02-20,3350000,부산광역시 금정구
우영하척정형외과의원,부산광역시 금정구 서동로 170,,35.21446209,129.1050506,지정폐기물,,,,1,2025,부산광역시 금정구청,051-519-4461,2026-02-20,3350000,부산광역시 금정구
365맑은속내과의원,부산광역시 금정구 서동로 170,,35.21446209,129.1050506,지정폐기물,,,,1,2025,부산광역시 금정구청,051-519-4461,2026-02-20,3350000,부산광역시 금정구
미로플란트치과의원,부산광역시 금정구 서동로 170,,35.21446209,129.1050506,지정폐기물,,,,5,2025,부산광역시 금정구청,051-519-4461,2026-02-20,3350000,부산광역시 금정구
디지털시온치과,부산광역시 금정구 서동로 159-1,,35.2149333,129.103895,지정폐기물,,,,4,2025,부산광역시 금정구청,051-519-4461,2026-02-20,3350000,부산광역시 금정구
부성엘리베이터(주),부산광역시 금정구 남산로 39(남산동_정목빌딩),,35.2668199461,129.0878941332,지정폐기물,,,,83.33,2025,부산광역시 금정구청,051-519-4461,2026-02-20,3350000,부산광역시 금정구
금정제일의원,부산광역시 금정구 구서중앙로15번길 20(구서동_금정산온천_레포츠7_9층),,35.2538502,129.0890565,지정폐기물,,,,5,2025,부산광역시 금정구청,051-519-4461,2026-02-20,3350000,부산광역시 금정구
부산대학교 부속 의원,부산광역시 금정구 부산대학로63번길 2(장전동_부산대학교),,35.2322427972,129.0838244536,지정폐기물,,,,5,2025,부산광역시 금정구청,051-519-4461,2026-02-20,3350000,부산광역시 금정구
금정중학교,부산광역시 금정구 중앙대로 2104(남산동_금정중학교),,35.27119081,129.0937601,사업장폐기물,,,,60,1996,부산광역시 금정구청,051-519-4461,2026-02-20,3350000,부산광역시 금정구
부산가톨릭대학교,부산광역시 금정구 오륜대로 57(부곡동_부산가톨릭대학교),,35.2446753072,129.0968719716,사업장폐기물,,,,12,1996,부산광역시 금정구청,051-519-4461,2026-02-20,3350000,부산광역시 금정구
화신여객자동차(주),부산광역시 금정구 금정로 204(구서동),,35.24237918,129.0891274,사업장폐기물,,,,24.3,1999,부산광역시 금정구청,051-519-4461,2026-02-20,3350000,부산광역시 금정구
부산아이스크림,부산광역시 금정구 반송로 441(금사동),,35.21528885,129.1120816,사업장폐기물,,,,5,2000,부산광역시 금정구청,051-519-4461,2026-02-20,3350000,부산광역시 금정구
동일고무밸트(주),부산광역시 금정구 공단동로55번길 28(금사동),,35.22402093,129.1159401,사업장폐기물,,,,862,2005,부산광역시 금정구청,051-519-4461,2026-02-20,3350000,부산광역시 금정구
(주)오륭,부산광역시 금정구 동천로 33(회동동),,35.22793907,129.1231692,사업장폐기물,,,,24.96,2000,부산광역시 금정구청,051-519-4461,2026-02-20,3350000,부산광역시 금정구
금정공업고등학교,부산광역시 금정구 서금로 75(서동),,35.22173328,129.1073012,사업장폐기물,,,,108,2000,부산광역시 금정구청,051-519-4461,2026-02-20,3350000,부산광역시 금정구
대동대학교,부산광역시 금정구 동부곡로27번길 88(부곡동_대동대학교),,35.2291325119,129.0958647019,사업장폐기물,,,,38,2000,부산광역시 금정구청,051-519-4461,2026-02-20,3350000,부산광역시 금정구
금양초등학교,부산광역시 금정구 중앙대로 1755(부곡동),,35.24123522,129.0920244,사업장폐기물,,,,48,2000,부산광역시 금정구청,051-519-4461,2026-02-20,3350000,부산광역시 금정구
함안식당,부산광역시 금정구 두실로 69(구서동),,35.26299305,129.0851577,사업장폐기물,,,,108,2000,부산광역시 금정구청,051-519-4461,2026-02-20,3350000,부산광역시 금정구
강태공불고기,부산광역시 금정구 금강로 246-2(장전동),,35.2300298,129.0849098,사업장폐기물,,,,108,2000,부산광역시 금정구청,051-519-4461,2026-02-20,3350000,부산광역시 금정구
금사중학교,부산광역시 금정구 서금로 53-7(서동),,35.22098889,129.1067397,사업장폐기물,,,,36,2000,부산광역시 금정구청,051-519-4461,2026-02-20,3350000,부산광역시 금정구
지산고등학교,부산광역시 금정구 오륜대로 50(부곡동_지산고등학교),,35.2433901391,129.0988130026,사업장폐기물,,,,40,2000,부산광역시 금정구청,051-519-4461,2026-02-20,3350000,부산광역시 금정구
금사어패럴,부산광역시 금정구 공단로50번길 23(금사동),,35.21822835,129.1143643,사업장폐기물,,,,84,2001,부산광역시 금정구청,051-519-4461,2026-02-20,3350000,부산광역시 금정구
(주)파크랜드7공장,부산광역시 금정구 개좌로 12(금사동),,35.21503802,129.1091437,사업장폐기물,,,,108,2002,부산광역시 금정구청,051-519-4461,2026-02-20,3350000,부산광역시 금정구
부산체육시설관리사업소 금정체육공원,부산광역시 금정구 체육공원로399번길 324(두구동),,35.28912174,129.1070422,사업장폐기물,,,,324,2002,부산광역시 금정구청,051-519-4461,2026-02-20,3350000,부산광역시 금정구
의료법인 삼세의료재단 삼세한방병원,부산광역시 금정구 중앙대로 1580(부곡동),,35.22559183,129.0894133,사업장폐기물,,,,108,2003,부산광역시 금정구청,051-519-4461,2026-02-20,3350000,부산광역시 금정구
(주)남광석재,부산광역시 금정구 개좌로 158-22(회동동),,35.2243016,129.117848,사업장폐기물,,,,204,2003,부산광역시 금정구청,051-519-4461,2026-02-20,3350000,부산광역시 금정구
(주)이마트금정점,부산광역시 금정구 중앙대로1841번길 24(구서동_(주)이마트금정점),,35.24994153,129.0905962,사업장폐기물,,,,18,2003,부산광역시 금정구청,051-519-4461,2026-02-20,3350000,부산광역시 금정구
동일산업사,부산광역시 금정구 공단로8번길 16(금사동),,35.21569608,129.1096014,사업장폐기물,,,,36,2004,부산광역시 금정구청,051-519-4461,2026-02-20,3350000,부산광역시 금정구
(주)파크랜드 본사,부산광역시 금정구 반송로 365(서동),,35.21142499,129.105660,사업장폐기물,,,,10,2004,부산광역시 금정구청,051-519-4461,2026-02-20,3350000,부산광역시 금정구
구서종합시장,부산광역시 금정구 구서로 12(구서동_구서오시게시장),,35.2473575602,129.0897741011,사업장폐기물,,,,48,2004,부산광역시 금정구청,051-519-4461,2026-02-20,3350000,부산광역시 금정구
서동시장,부산광역시 금정구 서동로141번길 21(서동),,35.21641237,129.1023592,사업장폐기물,,,,48,2004,부산광역시 금정구청,051-519-4461,2026-02-20,3350000,부산광역시 금정구
금정전자공업고등학교,부산광역시 금정구 서금로 75(서동),,35.22173328,129.1073012,사업장폐기물,,,,48,2004,부산광역시 금정구청,051-519-4461,2026-02-20,3350000,부산광역시 금정구
사대부고,부산광역시 금정구 기찰로22번길 30(부곡동_부산대학교사범대학부설고등학교),,35.2328182547,129.0956533297,사업장폐기물,,,,12,2004,부산광역시 금정구청,051-519-4461,2026-02-20,3350000,부산광역시 금정구
(주)세진여객,부산광역시 금정구 금샘로 456(남산동),,35.26370105,129.0856504,사업장폐기물,,,,6,2004,부산광역시 금정구청,051-519-4461,2026-02-20,3350000,부산광역시 금정구
(주)신세계이마트금정,부산광역시 금정구 중앙대로1841번길 24(구서동),,35.24994153,129.0905962,사업장폐기물,,,,540,2004,부산광역시 금정구청,051-519-4461,2026-02-20,3350000,부산광역시 금정구
삼성물산(주)동래베네스트골프클럽,부산광역시 금정구 하정로 66(선동),,35.26519203,129.1004107,사업장폐기물,,,,99.96,2004,부산광역시 금정구청,051-519-4461,2026-02-20,3350000,부산광역시 금정구
남산새벽시장,부산광역시 금정구 범어천로 37-8(남산동),,35.26983224,129.0892953,사업장폐기물,,,,78,2004,부산광역시 금정구청,051-519-4461,2026-02-20,3350000,부산광역시 금정구
세웅병원,부산광역시 금정구 서동로 162(서동_세웅병원),,35.2144331518,129.1040769666,사업장폐기물,,,,48,2004,부산광역시 금정구청,051-519-4461,2026-02-20,3350000,부산광역시 금정구
배비장보쌈구서 주식회사,부산광역시 금정구 금정로 239(구서동_배비장보쌈),,35.2451943,129.0914726,사업장폐기물,,,,10,2004,부산광역시 금정구청,051-519-4461,2026-02-20,3350000,부산광역시 금정구
의료법인영파의료재단 규림요양병원,부산광역시 금정구 금샘로 59(장전동),,35.23102867,129.0761195,사업장폐기물,,,,46,2004,부산광역시 금정구청,051-519-4461,2026-02-20,3350000,부산광역시 금정구
의료법인영파의료재단 마음향기병원,부산광역시 금정구 금샘로 56(장전동),,35.23099399,129.0772946,사업장폐기물,,,,15,2004,부산광역시 금정구청,051-519-4461,2026-02-20,3350000,부산광역시 금정구
크라운외식산업,부산광역시 금정구 두실로37번길 9(구서동),,35.2604331,129.0869537,사업장폐기물,,,,6,2004,부산광역시 금정구청,051-519-4461,2026-02-20,3350000,부산광역시 금정구
(주)서원유통탑마트금사점,부산광역시 금정구 공단서로 22(금사동),,35.21671136,129.1106114,사업장폐기물,,,,60,2004,부산광역시 금정구청,051-519-4461,2026-02-20,3350000,부산광역시 금정구
롯데쇼핑(주)롯데마트금정점,부산광역시 금정구 중앙대로 1731(부곡동),,35.23926793,129.0915134,사업장폐기물,,,,30,2005,부산광역시 금정구청,051-519-4461,2026-02-20,3350000,부산광역시 금정구
금정경찰서,부산광역시 금정구 공단로50번길 23(금사동_신화물산(주)파크랜드신사복공장),,35.2182283507,129.1143642642,사업장폐기물,,,,6,2004,부산광역시 금정구청,051-519-4461,2026-02-20,3350000,부산광역시 금정구
청룡초등학교,부산광역시 금정구 팔송로 6(청룡동),,35.27279359,129.0917544,사업장폐기물,,,,36,2004,부산광역시 금정구청,051-519-4461,2026-02-20,3350000,부산광역시 금정구
고려종합개발(주) (금정도서관),부산광역시 금정구 금정도서관로 33(청룡동),,35.27261321,129.0961817,사업장폐기물,,,,108,2004,부산광역시 금정구청,051-519-4461,2026-02-20,3350000,부산광역시 금정구
(주)DOSCO,부산광역시 금정구 금사로 160(회동동),,35.22544408,129.1165444,사업장폐기물,,,,4.8,2005,부산광역시 금정구청,051-519-4461,2026-02-20,3350000,부산광역시 금정구
(주)금강제경유리,부산광역시 금정구 공단서로18번길 22(금사동),,35.21637654,129.1124061,사업장폐기물,,,,30,2006,부산광역시 금정구청,051-519-4461,2026-02-20,3350000,부산광역시 금정구
욱성산업(주),부산광역시 금정구 개좌로 174(회동동),,35.22716717,129.1200282,사업장폐기물,,,,100,2006,부산광역시 금정구청,051-519-4461,2026-02-20,3350000,부산광역시 금정구
(사)부산컨트리클럽,부산광역시 금정구 중앙대로2327번길 112(노포동),,35.29563962,129.0949722,사업장폐기물,,,,40,2007,부산광역시 금정구청,051-519-4461,2026-02-20,3350000,부산광역시 금정구
(주)대국아이엔티,부산광역시 금정구 개좌로 42(금사동),,35.21730201,129.1105574,사업장폐기물,,,,300,2007,부산광역시 금정구청,051-519-4461,2026-02-20,3350000,부산광역시 금정구
의료법인 아너의료재단,부산광역시 금정구 공단로 7(금사동),,35.21614069,129.1096748,사업장폐기물,,,,24,2007,부산광역시 금정구청,051-519-4461,2026-02-20,3350000,부산광역시 금정구
(사)한국스포츠서비스협회,부산광역시 금정구 서부로 109(부곡동_금정국민체육센터),,35.2194474,129.0961425,사업장폐기물,,,,12,2007,부산광역시 금정구청,051-519-4461,2026-02-20,3350000,부산광역시 금정구
(주)세경하이테크 4공장,경기도 수원시 권선구 산업로155번길 228-50 (고색동),,37.2452457,126.9860549,사업장폐기물,,,,1291,2025,경기도 수원시,031-5191-3381,2026-01-15,3740000,경기도 수원시
(주)세경하이테크 3공장,경기도 수원시 권선구 산업로 184_ 4층 (고색동),,37.2425244,126.9848946,사업장폐기물,,,,1208,2025,경기도 수원시,031-5191-3381,2026-01-15,3740000,경기도 수원시
(주)세경하이테크 1공장,경기도 수원시 권선구 산업로155번길 128 (주)세경하이테크 1층 (고색동),,37.2453175,126.9845121,사업장폐기물,,,,16897,2025,경기도 수원시,031-5191-3381,2026-01-15,3740000,경기도 수원시
(주)보령,경기도 수원시 영통구 광교로 107_ 경기도중소기업지원센터 1_4층 (이의동),,37.2922104,127.042964,사업장폐기물,,,,2000,2025,경기도 수원시,031-5191-3381,2026-01-15,3740000,경기도 수원시
(주)동원홈푸드 삼성전자 수원 폴라리스홀,경기도 수원시 영통구 삼성로 129_ 삼성전자 1공장 식당동 (매탄동),,37.2553097,127.0514768,사업장폐기물,,,,6190,2025,경기도 수원시,031-5191-3381,2026-01-15,3740000,경기도 수원시
코트야드 바이 메리어트 수원,경기도 수원시 영통구 광교호수공원로 320 (하동),,37.2844185,127.0575519,사업장폐기물,,,,17476,2025,경기도 수원시,031-5191-3381,2026-01-15,3740000,경기도 수원시
(주)드림에너지 베트맨주유소,경기도 수원시 장안구 경수대로 818_ 베트맨주유소 (영화동),,37.2946404,127.0171498,사업장폐기물,,,,4000,2025,경기도 수원시,031-5191-3381,2026-01-15,3740000,경기도 수원시
(주)에스엘 씨앤에이,경기도 수원시 영통구 광교호수공원로 80 (원천동_ 광교아이파크),,37.2730736,127.0612526,사업장폐기물,,,,16000,2025,경기도 수원시,031-5191-3381,2026-01-15,3740000,경기도 수원시
에스케이마이크로웍스솔루션즈(주),경기도 수원시 장안구 장안로309번길 84_ S K C (주) (정자동),,37.3021641,126.9860659,사업장폐기물,,,,416,2025,경기도 수원시,031-5191-3381,2026-01-15,3740000,경기도 수원시
(재)한국나노기술원,경기도 수원시 영통구 광교로 109_ 2층 (이의동_ (재)한국나노기술원연구벤처동1호),,37.2932199,127.0418368,사업장폐기물,,,,5075,2025,경기도 수원시,031-5191-3381,2026-01-15,3740000,경기도 수원시
(주)파티웨딩유,경기도 수원시 권선구 세화로 218 (서둔동),,37.27150489,126.9953096,사업장폐기물,,,,12000,2025,경기도 수원시,031-5191-3381,2026-01-15,3740000,경기도 수원시
새암씽크,경기도 수원시 권선구 서수원로63번길 173 (오목천동),,37.230168,126.9698088,사업장폐기물,,,,12500,2025,경기도 수원시,031-5191-3381,2026-01-15,3740000,경기도 수원시
태동관광개발(주)라마다프라자 수원 호텔,경기도 수원시 팔달구 중부대로 150_ 라마다프라자호텔 (인계동),,37.277716,127.0324247,사업장폐기물,,,,27083,2025,경기도 수원시,031-5191-3381,2026-01-15,3740000,경기도 수원시
수원노블레스웨딩컨벤션,경기도 수원시 팔달구 팔달문로 128_ 노블레스웨딩컨벤션 (우만동),,37.2815189,127.0303063,사업장폐기물,,,,10833,2025,경기도 수원시,031-5191-3381,2026-01-15,3740000,경기도 수원시
킹콩백화점(주)수원점,경기도 수원시 권선구 매송고색로 513 (오목천동),,37.2451497,126.9611467,사업장폐기물,,,,25000,2025,경기도 수원시,031-5191-3381,2026-01-15,3740000,경기도 수원시
의료법인 명인의료재단 화홍병원,경기도 수원시 권선구 호매실로90번길 98 (호매실동),,37.2601079,126.9638893,사업장폐기물,,,,14000,2025,경기도 수원시,031-5191-3381,2026-01-15,3740000,경기도 수원시
아마존 수원점,경기도 수원시 권선구 서수원로594번길 244 (입북동),,37.2853712,126.9589489,사업장폐기물,,,,158333,2025,경기도 수원시,031-5191-3381,2026-01-15,3740000,경기도 수원시
삼성웰스토리(주)성균관대수원,경기도 수원시 장안구 서부로 2066_ 성균관대학교 (천천동),,37.2910885,126.9753658,사업장폐기물,,,,12333,2025,경기도 수원시,031-5191-3381,2026-01-15,3740000,경기도 수원시
신화자원(주),경기도 수원시 권선구 정조로 253-120 (대황교동),,37.236866,127.0168129,사업장폐기물,,,,16666,2025,경기도 수원시,031-5191-3381,2026-01-15,3740000,경기도 수원시
훈장골 호매실점,경기도 수원시 권선구 칠보로 146 (호매실동),,37.2655379,126.9548563,사업장폐기물,,,,10000,2025,경기도 수원시,031-5191-3381,2026-01-15,3740000,경기도 수원시
케이티텔레캅(주),경기도 수원시 장안구 경수대로 893_ 수원종합운동장(국민체육센터) (조원동),,37.2985968,127.0075299,사업장폐기물,,,,20833,2025,경기도 수원시,031-5191-3381,2026-01-15,3740000,경기도 수원시
(주)우주텔레콤,경기도 수원시 권선구 하탑로 61_ 신화빌딩 2층 (탑동),,37.2696265,126.9783045,사업장폐기물,,,,10657,2025,경기도 수원시,031-5191-3381,2026-01-15,3740000,경기도 수원시
재우자원,,경기도 수원시 권선구 오목천동 274-5,37.2480098379,126.967581,사업장폐기물,,,,10000,2025,경기도 수원시,031-5191-3381,2026-01-15,3740000,경기도 수원시
쿠팡로지스틱스서비스(유) YIN1 사업장,경기도 수원시 영통구 중부대로 480 (원천동),,37.2682411,127.0667731,사업장폐기물,,,,19333,2025,경기도 수원시,031-5191-3381,2026-01-15,3740000,경기도 수원시
레이몰드,경기도 수원시 권선구 산업로155번길 199 (고색동),,37.2473184,126.9886468,사업장폐기물,,,,1076,2025,경기도 수원시,031-5191-3381,2026-01-15,3740000,경기도 수원시
백상기업㈜-오목천동603,경기도 수원시 권선구 서수원로63번길 139 (오목천동),,37.2317632,126.9709237,사업장폐기물,,,,405326,2025,경기도 수원시,031-5191-3381,2026-01-15,3740000,경기도 수원시
재단법인 수원컨벤션센터,경기도 수원시 영통구 광교중앙로 140_ 수원컨벤션센터 (하동),,37.2858151,127.0594358,사업장폐기물,,,,5000,2025,경기도 수원시,031-5191-3381,2026-01-15,3740000,경기도 수원시
(주)케이탑푸드,경기도 수원시 권선구 효탑로16번길 66_ 가동 1호 (탑동),,37.2676712,126.9782825,사업장폐기물,,,,20000,2025,경기도 수원시,031-5191-3381,2026-01-15,3740000,경기도 수원시
도이치오토월드 관리단,경기도 수원시 권선구 권선로 308-5_ B1092호 (고색동),,37.2580496,126.9878221,사업장폐기물,,,,2781,2025,경기도 수원시,031-5191-3381,2026-01-15,3740000,경기도 수원시
프리마비즈타워관리단,경기도 수원시 권선구 호매실로90번길 24 (호매실동),,37.25671193,126.9644546,사업장폐기물,,,,907,2025,경기도 수원시,031-5191-3381,2026-01-15,3740000,경기도 수원시
삼성웰스토리(주)전기수원1성미관,경기도 수원시 영통구 매영로 150_ 1성미관 1층식당 1층 (매탄동),,37.2652178,127.058676,사업장폐기물,,,,18294,2025,경기도 수원시,031-5191-3381,2026-01-15,3740000,경기도 수원시
한국은행 경기본부,경기도 수원시 영통구 센트럴타운로 35_ 한국은행 (이의동),,37.289313,127.0553674,사업장폐기물,,,,613,2025,경기도 수원시,031-5191-3381,2026-01-15,3740000,경기도 수원시
효정재활요양병원,경기도 수원시 팔달구 팔달산로 89-35 (고등동),,37.2776839,127.0070321,사업장폐기물,,,,3282,2025,경기도 수원시,031-5191-3381,2026-01-15,3740000,경기도 수원시
(주)화인세라텍,경기도 수원시 권선구 오목천로152번길 45_ 주식회사에프에스티 수원 (고색동),,37.2430549,126.9784591,사업장폐기물,,,,2604,2025,경기도 수원시,031-5191-3381,2026-01-15,3740000,경기도 수원시
(주)에스엠피엠씨,경기도 수원시 장안구 수성로 175 (정자동),,37.2874147,126.9908375,사업장폐기물,,,,143102,2025,경기도 수원시,031-5191-3381,2026-01-15,3740000,경기도 수원시
아이탑스오토모티브(주),경기도 수원시 권선구 산업로156번길 88-14 (고색동),,37.2366133,126.9834534,사업장폐기물,,,,5418,2025,경기도 수원시,031-5191-3381,2026-01-15,3740000,경기도 수원시
삼성물산(주),,경기도 수원시 영통구 원천동 10-2 아주대학교,37.2818657,127.0452135,사업장폐기물,,,,8333,2025,경기도 수원시,031-5191-3381,2026-01-15,3740000,경기도 수원시
얼티머스(주),경기도 수원시 장안구 정자로 102 (정자동),,37.3016417,126.9881301,사업장폐기물,,,,833,2025,경기도 수원시,031-5191-3381,2026-01-15,3740000,경기도 수원시
트레이더스 홀세일클럽 스타필드 수원화서점,경기도 수원시 장안구 수성로 175_ B2층 (정자동),,37.2874147,126.991527,사업장폐기물,,,,42965,2025,경기도 수원시,031-5191-3381,2026-01-15,3740000,경기도 수원시
현대테라타워영통 관리단,경기도 수원시 영통구 신원로250번길 13_ 현대 테라타워 영통 (원천동),,37.2578911,127.0612518,사업장폐기물,,,,500,2025,경기도 수원시,031-5191-3381,2026-01-15,3740000,경기도 수원시
수원힐요양병원,경기도 수원시 팔달구 효원로 23 (매산로3가),,37.2713675,127.009467,사업장폐기물,,,,416,2025,경기도 수원시,031-5191-3381,2026-01-15,3740000,경기도 수원시
(주)에이케이종합건설산업,경기도 수원시 권선구 세지로94번길 45_ 201호 (권선동),,37.2594184,127.0207836,사업장폐기물,,,,2916,2025,경기도 수원시,031-5191-3381,2026-01-15,3740000,경기도 수원시
수원델타원 지식산업센터 관리위원회,경기도 수원시 권선구 산업로 198 (고색동),,37.2423624,126.9863147,사업장폐기물,,,,4580,2025,경기도 수원시,031-5191-3381,2026-01-15,3740000,경기도 수원시
프리시스(주),경기도 수원시 권선구 서부로 1433-64 (고색동),,37.2381803,126.9786071,사업장폐기물,,,,7849,2025,경기도 수원시,031-5191-3381,2026-01-15,3740000,경기도 수원시
(주)에이앤아이(1사업장),경기도 수원시 권선구 산업로156번길 182 (고색동),,37.2406686,126.9878816,사업장폐기물,,,,753,2025,경기도 수원시,031-5191-3381,2026-01-15,3740000,경기도 수원시
(주)테크온,경기도 수원시 권선구 산업로92번길 94-20 (주)테크 (고색동),,37.2390725,126.9793168,사업장폐기물,,,,4689,2025,경기도 수원시,031-5191-3381,2026-01-15,3740000,경기도 수원시
(유)성문더플레이스 포포인츠바이 쉐라톤 수원,경기도 수원시 팔달구 효원로307번길 27_ 포포인츠 바이 쉐라톤 수원 (인계동),,37.2621993,127.0355861,사업장폐기물,,,,9193,2025,경기도 수원시,031-5191-3381,2026-01-15,3740000,경기도 수원시
(주)세경하이테크,경기도 수원시 권선구 산업로92번길 94-17 (주)세경하이테크 (고색동),,37.2390726,126.980108,사업장폐기물,,,,1553,2025,경기도 수원시,031-5191-3381,2026-01-15,3740000,경기도 수원시
에스케이씨(주),경기도 수원시 장안구 정자로 102 (주)SKC중앙연구소 (정자동),,37.3016417,126.9881301,사업장폐기물,,,,8833,2025,경기도 수원시,031-5191-3381,2026-01-15,3740000,경기도 수원시
씨제이프레시웨이 삼성전자투게더홀점,경기도 수원시 영통구 삼성로 129_ 삼성전자 내 투게더홀점 (매탄동),,37.2553097,127.0514768,사업장폐기물,,,,30073,2025,경기도 수원시,031-5191-3381,2026-01-15,3740000,경기도 수원시
티유브이 슈드 코리아(주),경기도 수원시 권선구 입북로 25-2 (입북동),,37.2940663,126.9593838,사업장폐기물,,,,833,2025,경기도 수원시,031-5191-3381,2026-01-15,3740000,경기도 수원시
경기도의회 사무처,경기도 수원시 영통구 도청로 30_ 경기도청 (이의동),,37.2888182,127.0537432,사업장폐기물,,,,4241,2025,경기도 수원시,031-5191-3381,2026-01-15,3740000,경기도 수원시
삼성전자(주) 상생협력아카데미,경기도 수원시 영통구 매영로 210_ 삼성전자첨단연구소 (원천동),,37.2625759,127.0624731,사업장폐기물,,,,2888,2025,경기도 수원시,031-5191-3381,2026-01-15,3740000,경기도 수원시
삼성에스디에스(주),경기도 수원시 영통구 삼성로168번길 10_ 수원데이터센타 (매탄동),,37.2571445,127.058760,사업장폐기물,,,,6666,2025,경기도 수원시,031-5191-3381,2026-01-15,3740000,경기도 수원시
현대자동차(주)수원하이테크센터,경기도 수원시 영통구 매영로199번길 32-11 (원천동_ 삼진(주)),,37.2630612,127.0647619,사업장폐기물,,,,833,2025,경기도 수원시,031-5191-3381,2026-01-15,3740000,경기도 수원시
경기도의료원 수원병원,경기도 수원시 장안구 수성로245번길 69 (정자동),,37.2918481,126.9963645,사업장폐기물,,,,6208,2025,경기도 수원시,031-5191-3381,2026-01-15,3740000,경기도 수원시
코시스랩,경기도 수원시 영통구 신원로 306_ 영통 이노플렉스-1단지 1동 204호 (원천동),,37.2627117,127.0612556,사업장폐기물,,,,545,2025,경기도 수원시,031-5191-3381,2026-01-15,3740000,경기도 수원시
주식회사 엠넥스,경기도 수원시 권선구 산업로156번길 194 (고색동),,37.2411059,126.9882122,사업장폐기물,,,,6564,2025,경기도 수원시,031-5191-3381,2026-01-15,3740000,경기도 수원시
(주)뉴파워프라즈마,경기도 수원시 권선구 산업로155번길 214 (고색동),,37.2457774,126.9872269,사업장폐기물,,,,3413,2025,경기도 수원시,031-5191-3381,2026-01-15,3740000,경기도 수원시
(주)래피젠,경기도 수원시 권선구 산업로155번길 161 (고색동),,37.2463719,126.9855137,사업장폐기물,,,,20000,2025,경기도 수원시,031-5191-3381,2026-01-15,3740000,경기도 수원시
주식회사 엘포트아이파크관리,경기도 수원시 영통구 광교중앙로 145_ 광교엘포트아이파크 1동 4층 (이의동),,37.2870774,127.0577678,사업장폐기물,,,,37715,2025,경기도 수원시,031-5191-3381,2026-01-15,3740000,경기도 수원시
(주)원일테크,경기도 수원시 권선구 서부로 1449-36 (고색동),,37.2389553,126.9789787,사업장폐기물,,,,5283,2025,경기도 수원시,031-5191-3381,2026-01-15,3740000,경기도 수원시
(주)풀무원푸드앤컬쳐 삼성전기,경기도 수원시 영통구 매영로 150_ 삼성전기 지상1층_지하1층 (매탄동),,37.2625975,127.0551003,사업장폐기물,,,,19443,2025,경기도 수원시,031-5191-3381,2026-01-15,3740000,경기도 수원시
신세계푸드 삼성전자 패밀리홀,경기도 수원시 영통구 삼성로 129_ 삼성전자 (매탄동),,37.2553097,127.0514768,사업장폐기물,,,,25657,2025,경기도 수원시,031-5191-3381,2026-01-15,3740000,경기도 수원시
(주)신성씨엔티 수원지점,경기도 수원시 권선구 산업로156번길 22,,37.240947,126.9814012,사업장폐기물,,,,38035,2025,경기도 수원시,031-5191-3381,2026-01-15,3740000,경기도 수원시
수원SK V1 모터스 관리단,경기도 수원시 권선구 평동로79번길 45_ 관리사무소 (평동),,37.2598612,126.9927593,사업장폐기물,,,,7275,2025,경기도 수원시,031-5191-3381,2026-01-15,3740000,경기도 수원시
광교센트럴푸르지오시티 관리단,경기도 수원시 영통구 도청로 10_ 광교센트럴푸르지오시티 (이의동),,37.2863482,127.0563577,사업장폐기물,,,,17637,2025,경기도 수원시,031-5191-3381,2026-01-15,3740000,경기도 수원시
주식회사 수원메쎄,경기도 수원시 권선구 세화로134번길 37 (서둔동),,37.2668071,126.9971666,사업장폐기물,,,,2206,2025,경기도 수원시,031-5191-3381,2026-01-15,3740000,경기도 수원시
윤강병원,경기도 수원시 영통구 덕영대로1483번길 12 (망포동),,37.2463074,127.053432,사업장폐기물,,,,3000,2025,경기도 수원시,031-5191-3381,2026-01-15,3740000,경기도 수원시
(주)누리텍코리아,경기도 수원시 권선구 산업로155번길 170 (고색동),,37.2459305,126.9867087,사업장폐기물,,,,10229,2025,경기도 수원시,031-5191-3381,2026-01-15,3740000,경기도 수원시
광교 센트럴비즈타워 관리단,경기도 수원시 영통구 창룡대로 260_ 광교 센트럴비즈타워 (이의동),,37.2955279,127.0375974,사업장폐기물,,,,1918,2025,경기도 수원시,031-5191-3381,2026-01-15,3740000,경기도 수원시
(주)덴티움,경기도 수원시 영통구 창룡대로256번길 76,,37.2952657,127.0406311,사업장폐기물,,,,3090,2025,경기도 수원시,031-5191-3381,2026-01-15,3740000,경기도 수원시
연세수요양병원,경기도 수원시 장안구 만석로 206_ 갤럭시웨딩홀 (송죽동),,37.3044627,127.001462,사업장폐기물,,,,3953,2025,경기도 수원시,031-5191-3381,2026-01-15,3740000,경기도 수원시
유피엠킴멘코리아 주식회사,경기도 수원시 권선구 오목천로132번길 69_ 수원종합물류 (고색동),,37.2411174,126.9771749,사업장폐기물,,,,12606,2025,경기도 수원시,031-5191-3381,2026-01-15,3740000,경기도 수원시
아주대학교요양병원,경기도 수원시 영통구 월드컵로150번길 21_ 아주대학교요양병원 (원천동),,37.279116,127.0491134,사업장폐기물,,,,38720,2025,경기도 수원시,031-5191-3381,2026-01-15,3740000,경기도 수원시
한화갤러리아(주)광교점,경기도 수원시 영통구 광교중앙로 124_ 갤러리아 광교 (하동),,37.2852304,127.0574394,사업장폐기물,,,,96432,2025,경기도 수원시,031-5191-3381,2026-01-15,3740000,경기도 수원시
(주)동희산업 수원지점,,경기도 수원시 권선구 고색동 1016,37.2426231,126.9823024,사업장폐기물,,,,4322,2025,경기도 수원시,031-5191-3381,2026-01-15,3740000,경기도 수원시
에스케이브로드밴드 주식회사,경기도 수원시 팔달구 중부대로 153_ SK브로드밴드 (우만동),,37.2782744,127.0331014,사업장폐기물,,,,10000,2025,경기도 수원시,031-5191-3381,2026-01-15,3740000,경기도 수원시
수원시상수도사업소,경기도 수원시 장안구 광교산로 119 (하광교동),,37.3002214,127.0279245,사업장폐기물,,,,207280,2025,경기도 수원시,031-5191-3381,2026-01-15,3740000,경기도 수원시
청명전산(주),경기도 수원시 권선구 산업로156번길 88-23 (고색동),,37.23621174,126.9847382,사업장폐기물,,,,8331,2025,경기도 수원시,031-5191-3381,2026-01-15,3740000,경기도 수원시
주식회사 재인프린텍,,경기도 수원시 권선구 고색동 1148,37.2362117417,126.9847382,사업장폐기물,,,,8260,2025,경기도 수원시,031-5191-3381,2026-01-15,3740000,경기도 수원시
범진아이엔디(주),경기도 수원시 권선구 산업로 174-14_ 범진아이엔디(주) (고색동),,37.2419745,126.9832831,사업장폐기물,,,,4523,2025,경기도 수원시,031-5191-3381,2026-01-15,3740000,경기도 수원시
주식회사 호텔앙코르 (gac@encorehotel.co.kr),경기도 수원시 팔달구 권광로 132_ 이비스앰배서더호텔 (인계동),,37.259209,127.0313011,사업장폐기물,,,,21000,2025,경기도 수원시,031-5191-3381,2026-01-15,3740000,경기도 수원시
에스케이텔레콤(주),경기도 수원시 권선구 하탑로 61 (탑동),,37.2696265,126.9783045,사업장폐기물,,,,10657,2025,경기도 수원시,031-5191-3381,2026-01-15,3740000,경기도 수원시
명진전공(주),경기도 수원시 권선구 산업로156번길 88-10 (고색동),,37.2373251,126.9830813,사업장폐기물,,,,208,2025,경기도 수원시,031-5191-3381,2026-01-15,3740000,경기도 수원시
주식회사 본육가공,경기도 수원시 권선구 서수원로594번길 152 (입북동),,37.2817768,126.9610595,사업장폐기물,,,,30000,2025,경기도 수원시,031-5191-3381,2026-01-15,3740000,경기도 수원시
(주)엘지유플러스,경기도 수원시 팔달구 경수대로 662 (우만동),,37.2845377,127.0285822,사업장폐기물,,,,8750,2025,경기도 수원시,031-5191-3381,2026-01-15,3740000,경기도 수원시
주식회사 세일에프에이,,경기도 수원시 영통구 이의동 1175-14 _ 15,37.2877506,127.0418338,사업장폐기물,,,,1990,2025,경기도 수원시,031-5191-3381,2026-01-15,3740000,경기도 수원시
세영실업 주식회사,경기도 수원시 팔달구 권광로 199 (인계동_ 세영빌딩),,37.2655248,127.0329062,사업장폐기물,,,,2522,2025,경기도 수원시,031-5191-3381,2026-01-15,3740000,경기도 수원시
(의)성웅의료재단 수원요양병원,경기도 수원시 영통구 매영로 229_ 수원요양병원 (원천동),,37.2608808,127.0647038,사업장폐기물,,,,28796,2025,경기도 수원시,031-5191-3381,2026-01-15,3740000,경기도 수원시
SK텔레콤수도권Infra본부,경기도 수원시 영통구 신원로198번길 15-4 (매탄동),,37.2538003,127.0614237,사업장폐기물,,,,408,2025,경기도 수원시,031-5191-3381,2026-01-15,3740000,경기도 수원시
sk허브블루관리단,경기도 수원시 장안구 서부로 2139_ SK HUB BLUE (율전동),,37.2994402,126.9716522,사업장폐기물,,,,12195,2025,경기도 수원시,031-5191-3381,2026-01-15,3740000,경기도 수원시
(주)모베이스전자,경기도 수원시 권선구 산업로156번길 100_ 공장동 4층 (고색동),,37.2374154,126.9845802,사업장폐기물,,,,9774,2025,경기도 수원시,031-5191-3381,2026-01-15,3740000,경기도 수원시
(주)이에스케이블,경기도 수원시 권선구 산업로155번길 228-70 (고색동),,37.2447139,126.9846236,사업장폐기물,,,,6798,2025,경기도 수원시,031-5191-3381,2026-01-15,3740000,경기도 수원시
메이저요양병원,경기도 수원시 팔달구 경수대로565번길 5-1 (인계동),,37.2687243,127.0298955,사업장폐기물,,,,14246,2025,경기도 수원시,031-5191-3381,2026-01-15,3740000,경기도 수원시
동남보건대학교,경기도 수원시 장안구 천천로74번길 50 (정자동_ 동남보건전문대),,37.2969202,126.9870001,사업장폐기물,,,,14880,2025,경기도 수원시,031-5191-3381,2026-01-15,3740000,경기도 수원시
삼성이앤에이(주),경기도 수원시 영통구 매영로269번길 41 (원천동),,37.2595191,127.0667019,사업장폐기물,,,,558,2025,경기도 수원시,031-5191-3381,2026-01-15,3740000,경기도 수원시
씨제이제일제당(주)BLOSSOM PARK,경기도 수원시 영통구 광교로42번길 55 (이의동_ CJ BLOSSOM PARK),,37.2868585,127.042104,사업장폐기물,,,,69615,2025,경기도 수원시,031-5191-3381,2026-01-15,3740000,경기도 수원시
한전케이피에스(주)광교출장소,경기도 수원시 영통구 창룡대로 475 (이의동),,37.29961081,127.0577044,사업장폐기물,,,,993,2025,경기도 수원시,031-5191-3381,2026-01-15,3740000,경기도 수원시
롯데쇼핑(주)아울렛광교점,경기도 수원시 영통구 도청로 10 (이의동),,37.28661418,127.0559481,사업장폐기물,,,,24713,2025,경기도 수원시,031-5191-3381,2026-01-15,3740000,경기도 수원시
(주)이마트광교점,경기도 수원시 영통구 광교로 191 (이의동),,37.2963356,127.0469363,사업장폐기물,,,,24338,2025,경기도 수원시,031-5191-3381,2026-01-15,3740000,경기도 수원시
학교법인 대우학원 아주대병원 장례식장,경기도 수원시 영통구 광교중앙로49번길 46 (원천동),,37.2809179,127.0496003,사업장폐기물,,,,10912,2025,경기도 수원시,031-5191-3381,2026-01-15,3740000,경기도 수원시
에이케이플라자(주) 노보텔수원,경기도 수원시 팔달구 덕영대로 902_ 노보텔앰배서더수원 1층 (매산로1가),,37.2684664,126.9990831,사업장폐기물,,,,23244,2025,경기도 수원시,031-5191-3381,2026-01-15,3740000,경기도 수원시
수원도시공사(연화장),경기도 수원시 영통구 광교호수로 278_ 수원시 연화장 (하동),,37.2899362,127.0841365,사업장폐기물,,,,33301,2025,경기도 수원시,031-5191-3381,2026-01-15,3740000,경기도 수원시
(주)에이앤아이(2사업장),경기도 수원시 권선구 산업로156번길 197-45 (고색동),,37.2415152,126.9851878,사업장폐기물,,,,2209,2025,경기도 수원시,031-5191-3381,2026-01-15,3740000,경기도 수원시
수원구치소,경기도 수원시 팔달구 팔달문로 176 (우만동),,37.28230588,127.036461,사업장폐기물,,,,84826,2025,경기도 수원시,031-5191-3381,2026-01-15,3740000,경기도 수원시
롯데쇼핑(주)롯데마트광교점,경기도 수원시 영통구 센트럴타운로 85 (이의동),,37.2915497,127.050452,사업장폐기물,,,,18654,2025,경기도 수원시,031-5191-3381,2026-01-15,3740000,경기도 수원시
국립식량과학원 식품자원개발부,경기도 수원시 권선구 수인로 126 (서둔동_ 농업기술실용화재단),,37.2748716,126.9849552,사업장폐기물,,,,6630,2025,경기도 수원시,031-5191-3381,2026-01-15,3740000,경기도 수원시
롯데쇼핑(주)타임빌라스 수원,경기도 수원시 권선구 세화로 134 (서둔동),,37.2641594,126.9972795,사업장폐기물,,,,55593,2025,경기도 수원시,031-5191-3381,2026-01-15,3740000,경기도 수원시
롯데쇼핑(주)롯데마트 수원점,경기도 수원시 권선구 세화로 134_ 타임빌라스 수원 (서둔동),,37.2641594,126.9972795,사업장폐기물,,,,17629,2025,경기도 수원시,031-5191-3381,2026-01-15,3740000,경기도 수원시
롯데쇼핑(주)타임빌라스 수원점,경기도 수원시 권선구 세화로 134 (서둔동),,37.2641594,126.9972795,사업장폐기물,,,,28840,2025,경기도 수원시,031-5191-3381,2026-01-15,3740000,경기도 수원시
씨와이뮤텍(주),경기도 수원시 장안구 이목로 11 (이목동),,37.31030831,126.9823417,사업장폐기물,,,,333,2025,경기도 수원시,031-5191-3381,2026-01-15,3740000,경기도 수원시
트레이더스 홀세일클럽 수원점,경기도 수원시 영통구 삼성로 2 (신동),,37.2460572,127.0485853,사업장폐기물,,,,38778,2025,경기도 수원시,031-5191-3381,2026-01-15,3740000,경기도 수원시
이서비스 논현관리센터,경기도 수원시 권선구 경수대로 270 (권선동),,37.25018811,127.0207006,사업장폐기물,,,,17468,2025,경기도 수원시,031-5191-3381,2026-01-15,3740000,경기도 수원시
삼성웰스토리(주)미래기술캠퍼스,경기도 수원시 영통구 삼성로 130_ 삼성전자공업단지 (매탄동),,37.2509278,127.0578085,사업장폐기물,,,,42353,2025,경기도 수원시,031-5191-3381,2026-01-15,3740000,경기도 수원시
북수원패션아울렛,경기도 수원시 장안구 경수대로 950 (조원동),,37.3035435,127.0075037,사업장폐기물,,,,3566,2025,경기도 수원시,031-5191-3381,2026-01-15,3740000,경기도 수원시
삼성SDI(주)수원사업장,경기도 수원시 영통구 삼성로 130_ 삼성미래기술캠퍼스 (매탄동),,37.2509278,127.0578085,사업장폐기물,,,,19583,2025,경기도 수원시,031-5191-3381,2026-01-15,3740000,경기도 수원시
삼성전자(주) SAIT,경기도 수원시 영통구 삼성로 130_ 삼성전자(주) SAIT (매탄동),,37.2509278,127.0578085,사업장폐기물,,,,71409,2025,경기도 수원시,031-5191-3381,2026-01-15,3740000,경기도 수원시
홈플러스(주)서수원점,경기도 수원시 권선구 금곡로 236 (금곡동),,37.27440533,126.9559156,사업장폐기물,,,,15678,2025,경기도 수원시,031-5191-3381,2026-01-15,3740000,경기도 수원시
한국지역난방공사 광교지사,경기도 수원시 영통구 창룡대로 475 (이의동),,37.29961081,127.0577044,사업장폐기물,,,,21610,2025,경기도 수원시,031-5191-3381,2026-01-15,3740000,경기도 수원시
농업회사법인 (주)세천팜,경기도 수원시 영통구 신원로 174 (신동),,37.2515128,127.0591164,사업장폐기물,,,,5374,2025,경기도 수원시,031-5191-3381,2026-01-15,3740000,경기도 수원시
경기도자동차검사정비사업조합수원지역협의회,경기도 수원시 권선구 장다리로 141 (권선동),,37.2627609,127.0229715,사업장폐기물,,,,31685,2025,경기도 수원시,031-5191-3381,2026-01-15,3740000,경기도 수원시
삼명자원,경기도 수원시 권선구 매송고색로804번길 54 (고색동_외),,37.2513732,126.9908076,사업장폐기물,,,,14091,2025,경기도 수원시,031-5191-3381,2026-01-15,3740000,경기도 수원시
(합)경남여객,,경기도 수원시 팔달구 우만동 산 2,37.2929337,127.0351601,사업장폐기물,,,,1666,2025,경기도 수원시,031-5191-3381,2026-01-15,3740000,경기도 수원시
수비올(주),경기도 수원시 팔달구 수성로 120_ 서호생태수자원센터 (화서동),,37.2837199,126.9860584,사업장폐기물,,,,1732791,2025,경기도 수원시,031-5191-3381,2026-01-15,3740000,경기도 수원시
씨제이프레시웨이(주)삼성전자CS아카데미점,경기도 수원시 영통구 삼성로 290_ 삼성전자(주)CS아카데미 (원천동),,37.2655206,127.0656997,사업장폐기물,,,,10783,2025,경기도 수원시,031-5191-3381,2026-01-15,3740000,경기도 수원시
(의)장산의료재단이춘택병원,경기도 수원시 팔달구 매산로 138 (교동),,37.2718805,127.0157357,사업장폐기물,,,,11992,2025,경기도 수원시,031-5191-3381,2026-01-15,3740000,경기도 수원시
수원지구원예농협 공판장,경기도 수원시 권선구 세권로 243 (권선동),,37.25489793,127.0304089,사업장폐기물,,,,50576,2025,경기도 수원시,031-5191-3381,2026-01-15,3740000,경기도 수원시
커민스필터주식회사,경기도 수원시 권선구 오목천로132번길 30 (고색동),,37.2426217,126.9749279,사업장폐기물,,,,33987,2025,경기도 수원시,031-5191-3381,2026-01-15,3740000,경기도 수원시
경기청과(주),경기도 수원시 권선구 세권로 243 (권선동),,37.25489793,127.0304089,사업장폐기물,,,,58713,2025,경기도 수원시,031-5191-3381,2026-01-15,3740000,경기도 수원시
경기수협 수원사업소,경기도 수원시 권선구 세권로 243 (권선동),,37.25489793,127.0304089,사업장폐기물,,,,23081,2025,경기도 수원시,031-5191-3381,2026-01-15,3740000,경기도 수원시
수원청과물(주),경기도 수원시 권선구 세권로 243 (권선동),,37.25489793,127.0304089,사업장폐기물,,,,51847,2025,경기도 수원시,031-5191-3381,2026-01-15,3740000,경기도 수원시
수원수산시장(주),경기도 수원시 권선구 세권로 243 (권선동),,37.25489793,127.0304089,사업장폐기물,,,,22017,2025,경기도 수원시,031-5191-3381,2026-01-15,3740000,경기도 수원시
수원시청(음식물자원화시설),,경기도 수원시 권선구 고색동 음식물자원화시설 (557번지_ 694-2번지),37.2478401,126.9820531,사업장폐기물,,,,955753,2025,경기도 수원시,031-5191-3381,2026-01-15,3740000,경기도 수원시
한국보훈복지의료공단(수원보훈요양원),경기도 수원시 장안구 광교산로 95 (하광교동),,37.29830446,127.0258577,사업장폐기물,,,,9000,2025,경기도 수원시,031-5191-3381,2026-01-15,3740000,경기도 수원시
에이케이플라자(주) 수원점,경기도 수원시 팔달구 덕영대로 924_ AK플라자 (매산로1가),,37.2656642,127.0000866,사업장폐기물,,,,144757,2025,경기도 수원시,031-5191-3381,2026-01-15,3740000,경기도 수원시
한성재단S서울병원,경기도 수원시 영통구 중부대로246번길 14 (매탄동),,37.2746135,127.0419093,사업장폐기물,,,,8789,2025,경기도 수원시,031-5191-3381,2026-01-15,3740000,경기도 수원시
수원농협하나로마트세류점,경기도 수원시 권선구 세권로 39 (세류동),,37.2597621,127.0088908,사업장폐기물,,,,11464,2025,경기도 수원시,031-5191-3381,2026-01-15,3740000,경기도 수원시
수원농협하나로마트영통점,경기도 수원시 영통구 반달로 103 (영통동),,37.2524127,127.0771294,사업장폐기물,,,,12291,2025,경기도 수원시,031-5191-3381,2026-01-15,3740000,경기도 수원시
(주)한국자원환경,경기도 수원시 권선구 정조로 253-104 (대황교동),,37.236100,127.0173024,사업장폐기물,,,,999193,2025,경기도 수원시,031-5191-3381,2026-01-15,3740000,경기도 수원시
수원여자대학교,경기도 수원시 권선구 온정로 72 (오목천동),,37.25270544,126.9633073,사업장폐기물,,,,5553,2025,경기도 수원시,031-5191-3381,2026-01-15,3740000,경기도 수원시
르노코리아(주) 수원사업소,경기도 수원시 영통구 삼성로 300_ 르노삼성자동차 (원천동),,37.2666106,127.0660952,사업장폐기물,,,,1666,2025,경기도 수원시,031-5191-3381,2026-01-15,3740000,경기도 수원시
삼성웰스토리(주)전자수원,경기도 수원시 영통구 삼성로 129 (매탄동),,37.2576336,127.0531128,사업장폐기물,,,,166993,2025,경기도 수원시,031-5191-3381,2026-01-15,3740000,경기도 수원시
(주)대우건설,경기도 수원시 장안구 수일로123번길 20 (송죽동),,37.3097427,127.0048123,사업장폐기물,,,,1284,2025,경기도 수원시,031-5191-3381,2026-01-15,3740000,경기도 수원시
동진산업(주),경기도 수원시 권선구 덕영대로 1046 (세류동),,37.2558608,127.0069458,사업장폐기물,,,,52099,2025,경기도 수원시,031-5191-3381,2026-01-15,3740000,경기도 수원시
씨네파크(주),경기도 수원시 팔달구 권광로 181_ 씨네파크 (인계동),,37.2637319,127.0322047,사업장폐기물,,,,21870,2025,경기도 수원시,031-5191-3381,2026-01-15,3740000,경기도 수원시
(주)케이비에스아트비전,경기도 수원시 팔달구 인계로 123_ KBS수원방송센타 (인계동),,37.2679222,127.0306506,사업장폐기물,,,,33405,2025,경기도 수원시,031-5191-3381,2026-01-15,3740000,경기도 수원시
청파의료재단수원중앙병원,경기도 수원시 권선구 권선로 654 (권선동),,37.2599677,127.0225874,사업장폐기물,,,,30833,2025,경기도 수원시,031-5191-3381,2026-01-15,3740000,경기도 수원시
농업회사법인 풍미식품(주),경기도 수원시 권선구 매송고색로503번길 27 (오목천동),,37.2451309,126.9589602,사업장폐기물,,,,21507,2025,경기도 수원시,031-5191-3381,2026-01-15,3740000,경기도 수원시
(학)가톨릭대학교성빈센트병원,경기도 수원시 팔달구 중부대로 93 (지동),,37.2779064,127.0274297,사업장폐기물,,,,77311,2025,경기도 수원시,031-5191-3381,2026-01-15,3740000,경기도 수원시
(주)농협하나로유통수원농산물종합유통센터,경기도 수원시 권선구 서부로 1937 (구운동),,37.28301082,126.9667019,사업장폐기물,,,,66604,2025,경기도 수원시,031-5191-3381,2026-01-15,3740000,경기도 수원시
가보정,경기도 수원시 팔달구 장다리로 282 (인계동),,37.2742119,127.0287089,사업장폐기물,,,,17355,2025,경기도 수원시,031-5191-3381,2026-01-15,3740000,경기도 수원시
찬스돔,경기도 수원시 권선구 권선로 673 (권선동__10호),,37.2599222,127.0252027,사업장폐기물,,,,6982,2025,경기도 수원시,031-5191-3381,2026-01-15,3740000,경기도 수원시
팩토리월드입주자대표협의회,경기도 수원시 영통구 삼성로 274_ 수원팩토리월드 (원천동),,37.2656024,127.0643469,사업장폐기물,,,,9043,2025,경기도 수원시,031-5191-3381,2026-01-15,3740000,경기도 수원시
한국전력공사 경기본부,경기도 수원시 팔달구 중부대로 120 (인계동),,37.2776526,127.0295944,사업장폐기물,,,,730000,2025,경기도 수원시,031-5191-3381,2026-01-15,3740000,경기도 수원시
수원도시공사,경기도 수원시 권선구 수인로 126-1_ 수원도시공사 (서둔동),,37.2685279,126.9819238,사업장폐기물,,,,2916013,2025,경기도 수원시,031-5191-3381,2026-01-15,3740000,경기도 수원시
(주)이마트 서수원점,경기도 수원시 권선구 수인로 291 (구운동),,37.2826175,126.9701252,사업장폐기물,,,,45265,2025,경기도 수원시,031-5191-3381,2026-01-15,3740000,경기도 수원시
경기대학교,경기도 수원시 영통구 광교산로 154-42 (이의동),,37.29801369,127.0331167,사업장폐기물,,,,53750,2025,경기도 수원시,031-5191-3381,2026-01-15,3740000,경기도 수원시
(주)삼화전착,경기도 수원시 영통구 신원로 167 (신동),,37.2520811,127.0578775,사업장폐기물,,,,2348,2025,경기도 수원시,031-5191-3381,2026-01-15,3740000,경기도 수원시
뉴코아동수원아울렛,경기도 수원시 팔달구 인계로 154 (인계동),,37.26630686,127.0343027,사업장폐기물,,,,13767,2025,경기도 수원시,031-5191-3381,2026-01-15,3740000,경기도 수원시
한국전력공사 서수원지사,경기도 수원시 권선구 호매실로 46-82 (탑동),,37.25790606,126.9692223,사업장폐기물,,,,40945,2025,경기도 수원시,031-5191-3381,2026-01-15,3740000,경기도 수원시
(주)수원종합폐차장,경기도 수원시 영통구 신원로250번길 67 (원천동),,37.2580794,127.0629654,사업장폐기물,,,,53002,2025,경기도 수원시,031-5191-3381,2026-01-15,3740000,경기도 수원시
수원시 하수도사업관리자(수원위생처리장),경기도 수원시 권선구 매송고색로804번길 432 (고색동),,37.2348478,126.9870149,사업장폐기물,,,,330439,2025,경기도 수원시,031-5191-3381,2026-01-15,3740000,경기도 수원시
삼성전자(주)CS아카데미,경기도 수원시 영통구 삼성로 290 (원천동),,37.2655206,127.0657144,사업장폐기물,,,,13069,2025,경기도 수원시,031-5191-3381,2026-01-15,3740000,경기도 수원시
롯데쇼핑(주)롯데마트천천점,경기도 수원시 장안구 만석로19번길 25-10_ 롯데마트 (천천동),,37.2963699,126.9822437,사업장폐기물,,,,16434,2025,경기도 수원시,031-5191-3381,2026-01-15,3740000,경기도 수원시
롯데쇼핑(주)롯데마트 권선점,경기도 수원시 권선구 동수원로 232 (권선동),,37.2502427,127.034679,사업장폐기물,,,,14201,2025,경기도 수원시,031-5191-3381,2026-01-15,3740000,경기도 수원시
홈플러스(주)북수원점,경기도 수원시 장안구 경수대로 930 (조원동),,37.3027505,127.0088091,사업장폐기물,,,,30782,2025,경기도 수원시,031-5191-3381,2026-01-15,3740000,경기도 수원시
아세아시멘트(주)수원공장,경기도 수원시 권선구 덕영대로 1006 (세류동),,37.2583117,127.004979,사업장폐기물,,,,55912,2025,경기도 수원시,031-5191-3381,2026-01-15,3740000,경기도 수원시
홈플러스(주)동수원점,경기도 수원시 팔달구 효원로 257 (인계동),,37.2627413,127.0301188,사업장폐기물,,,,15986,2025,경기도 수원시,031-5191-3381,2026-01-15,3740000,경기도 수원시
(주)신우성,경기도 수원시 권선구 수인로 43-22 (서둔동),,37.27010736,126.9931415,사업장폐기물,,,,12500,2025,경기도 수원시,031-5191-3381,2026-01-15,3740000,경기도 수원시
송원산업(주),경기도 수원시 영통구 신원로 85 (신동),,37.2481014,127.0514044,사업장폐기물,,,,41520,2025,경기도 수원시,031-5191-3381,2026-01-15,3740000,경기도 수원시
성민기업(주),경기도 수원시 영통구 매영로 171 (원천동),,37.2659374,127.0611342,사업장폐기물,,,,18016,2025,경기도 수원시,031-5191-3381,2026-01-15,3740000,경기도 수원시
에스케이마이크로웍스(주),경기도 수원시 장안구 장안로309번길 84 (정자동),,37.30378342,126.9885619,사업장폐기물,,,,377870,2025,경기도 수원시,031-5191-3381,2026-01-15,3740000,경기도 수원시
(주)덕성,경기도 수원시 영통구 신원로 25 (신동),,37.2504102,127.046110,사업장폐기물,,,,276,2025,경기도 수원시,031-5191-3381,2026-01-15,3740000,경기도 수원시
(주)이마트수원점,경기도 수원시 권선구 경수대로 270 (권선동),,37.25018811,127.0207006,사업장폐기물,,,,35895,2025,경기도 수원시,031-5191-3381,2026-01-15,3740000,경기도 수원시
백상기업㈜-오목천동885,경기도 수원시 권선구 서수원로63번길 139 (오목천동),,37.2317632,126.9709237,사업장폐기물,,,,72743,2025,경기도 수원시,031-5191-3381,2026-01-15,3740000,경기도 수원시
(주)대원고속 수원터미널,경기도 수원시 권선구 경수대로 270 (권선동),,37.25018811,127.0207006,사업장폐기물,,,,32813,2025,경기도 수원시,031-5191-3381,2026-01-15,3740000,경기도 수원시
(주)이엘씨,경기도 수원시 영통구 신원로250번길 32 (매탄동),,37.2565228,127.0625243,사업장폐기물,,,,369,2025,경기도 수원시,031-5191-3381,2026-01-15,3740000,경기도 수원시
삼성전기(주),경기도 수원시 영통구 매영로 150 (매탄동),,37.2652178,127.058676,사업장폐기물,,,,78505,2025,경기도 수원시,031-5191-3381,2026-01-15,3740000,경기도 수원시
삼환환경(주),경기도 수원시 권선구 효행로 61 (오목천동),,37.238473,126.9612742,사업장폐기물,,,,1148907,2025,경기도 수원시,031-5191-3381,2026-01-15,3740000,경기도 수원시
수원시자원회수시설,경기도 수원시 영통구 영통로 383 (영통동),,37.2585544,127.0677793,사업장폐기물,,,,1638333,2025,경기도 수원시,031-5191-3381,2026-01-15,3740000,경기도 수원시
성균관대학교,경기도 수원시 장안구 서부로 2066 (천천동),,37.29401434,126.9745794,사업장폐기물,,,,102793,2025,경기도 수원시,031-5191-3381,2026-01-15,3740000,경기도 수원시
아주대학교의료원,경기도 수원시 영통구 월드컵로 164 (원천동),,37.279432,127.0475011,사업장폐기물,,,,144555,2025,경기도 수원시,031-5191-3381,2026-01-15,3740000,경기도 수원시
한국지역난방공사수원지사,경기도 수원시 영통구 매영로 293 (영통동),,37.25640386,127.0676082,사업장폐기물,,,,17612,2025,경기도 수원시,031-5191-3381,2026-01-15,3740000,경기도 수원시
고려개발(주),경기도 수원시 권선구 매송고색로 848 (평동),,37.2562752,126.9959723,사업장폐기물,,,,156281,2025,경기도 수원시,031-5191-3381,2026-01-15,3740000,경기도 수원시
아주대학교,,경기도 수원시 영통구 원천동 산 5,37.2844252,127.0435687,사업장폐기물,,,,64238,2025,경기도 수원시,031-5191-3381,2026-01-15,3740000,경기도 수원시
홈플러스(주)영통점,경기도 수원시 영통구 봉영로 1576 (영통동),,37.2518028,127.0726025,사업장폐기물,,,,32101,2025,경기도 수원시,031-5191-3381,2026-01-15,3740000,경기도 수원시
홈플러스(주)원천점,경기도 수원시 영통구 중부대로 437 (원천동),,37.2700539,127.063613,사업장폐기물,,,,9506,2025,경기도 수원시,031-5191-3381,2026-01-15,3740000,경기도 수원시
백성병원,경기도 수원시 팔달구 인계로 102 (인계동),,37.2677424,127.0285761,사업장폐기물,,,,12500,2025,경기도 수원시,031-5191-3381,2026-01-15,3740000,경기도 수원시
공군제10전투비행단,경기도 수원시 권선구 정조로 409 (세류동_ 301-1),,37.24564356,127.0137922,사업장폐기물,,,,71178,2025,경기도 수원시,031-5191-3381,2026-01-15,3740000,경기도 수원시
삼성전자(주),경기도 수원시 영통구 삼성로 129_ 130 (매탄동),,37.2576336,127.0531128,사업장폐기물,,,,1480252,2025,경기도 수원시,031-5191-3381,2026-01-15,3740000,경기도 수원시
(주)동원에프앤비수원공장,경기도 수원시 장안구 천천로210번길 21-15 (이목동),,37.31281318,126.980570,사업장폐기물,,,,297932,2025,경기도 수원시,031-5191-3381,2026-01-15,3740000,경기도 수원시
의료법인 동수원병원,경기도 수원시 팔달구 중부대로 165 (우만동_ 동수원병원),,37.2781569,127.034353,사업장폐기물,,,,29150,2025,경기도 수원시,031-5191-3381,2026-01-15,3740000,경기도 수원시
홈플러스(주) 부천소사점,경기도 부천시 소사구 경인로 532 HOME PLUS 소사점 (괴안동),경기도 부천시 소사구 괴안동 129-1 HOME PLUS 소사점,37.48480273,126.8138002,사업장폐기물,,,,36,2010,경기도 부천시 소사구청,032-625-6492,2026-02-25,3860000,경기도 부천시
홈플러스(주) 부천소사점,경기도 부천시 소사구 경인로 532 HOME PLUS 소사점 (괴안동),경기도 부천시 소사구 괴안동 129-1 HOME PLUS 소사점,37.48480273,126.8138002,사업장폐기물,,,,3,2010,경기도 부천시 소사구청,032-625-6492,2026-02-25,3860000,경기도 부천시
홈플러스(주) 부천소사점,경기도 부천시 소사구 경인로 532 HOME PLUS 소사점 (괴안동),경기도 부천시 소사구 괴안동 129-1 HOME PLUS 소사점,37.48480273,126.8138002,사업장폐기물,,,,10,2010,경기도 부천시 소사구청,032-625-6492,2026-02-25,3860000,경기도 부천시
홈플러스(주) 부천소사점,경기도 부천시 소사구 경인로 532 HOME PLUS 소사점 (괴안동),경기도 부천시 소사구 괴안동 129-1 HOME PLUS 소사점,37.48480273,126.8138002,사업장폐기물,,,,12,2010,경기도 부천시 소사구청,032-625-6492,2026-02-25,3860000,경기도 부천시
홈플러스(주) 부천소사점,경기도 부천시 소사구 경인로 532 HOME PLUS 소사점 (괴안동),경기도 부천시 소사구 괴안동 129-1 HOME PLUS 소사점,37.48480273,126.8138002,사업장폐기물,,,,120,2010,경기도 부천시 소사구청,032-625-6492,2026-02-25,3860000,경기도 부천시
부천고등학교,경기도 부천시 소사구 경인로92번길 70 (송내동),경기도 부천시 소사구 송내동 437,37.47991398,126.7663039,사업장폐기물,,,,180,2012,경기도 부천시 소사구청,032-625-6492,2026-02-25,3860000,경기도 부천시
유한대학교,경기도 부천시 소사구 경인로 590 (괴안동),경기도 부천시 소사구 괴안동 185-34,37.48812991,126.8223663,사업장폐기물,,,,100,2018,경기도 부천시 소사구청,032-625-6492,2026-02-25,3860000,경기도 부천시
농업법인주식회사경동미트,경기도 부천시 소사구 범안로219번길 77 (옥길동),경기도 부천시 소사구 옥길동 775-6,37.46546938,126.8124909,사업장폐기물,,,,1260,2018,경기도 부천시 소사구청,032-625-6492,2026-02-25,3860000,경기도 부천시
부천대학교 소사캠퍼스,경기도 부천시 소사구 소사로 56 부천대학교 제2캠퍼스 (계수동),경기도 부천시 소사구 계수동 791 부천대학교 제2캠퍼스,37.46525769,126.8060719,사업장폐기물,,,,30,2018,경기도 부천시 소사구청,032-625-6492,2026-02-25,3860000,경기도 부천시
(주)이마트 트레이더스 홀세일클럽 스타필드시티부천점,경기도 부천시 소사구 옥길로 1 스타필드시티 부천 (옥길동),경기도 부천시 소사구 옥길동 768 스타필드시티 부천,37.4614947,126.8139631,사업장폐기물,,,,360,2019,경기도 부천시 소사구청,032-625-6492,2026-02-25,3860000,경기도 부천시
(주)이마트 트레이더스 홀세일클럽 스타필드시티부천점,경기도 부천시 소사구 옥길로 1 스타필드시티 부천 (옥길동),경기도 부천시 소사구 옥길동 768 스타필드시티 부천,37.4614947,126.8139631,사업장폐기물,,,,36,2019,경기도 부천시 소사구청,032-625-6492,2026-02-25,3860000,경기도 부천시
(주)이마트 트레이더스 홀세일클럽 스타필드시티부천점,경기도 부천시 소사구 옥길로 1 스타필드시티 부천 (옥길동),경기도 부천시 소사구 옥길동 768 스타필드시티 부천,37.4614947,126.8139631,사업장폐기물,,,,620.4,2019,경기도 부천시 소사구청,032-625-6492,2026-02-25,3860000,경기도 부천시
운천의료재단 부천메디홀스의원_메디홀스요양병원,경기도 부천시 소사구 경인로110번길 18 (송내동),경기도 부천시 소사구 송내동 385-5,37.48327879,126.7674915,사업장폐기물,,,,135,2019,경기도 부천시 소사구청,032-625-6492,2026-02-25,3860000,경기도 부천시
의료법인혜원의료재단,경기도 부천시 소사구 호현로489번길 28 세종병원 (소사본동),경기도 부천시 소사구 소사본동 91-121 세종병원,37.48092871,126.7913412,사업장폐기물,,,,6,2020,경기도 부천시 소사구청,032-625-6492,2026-02-25,3860000,경기도 부천시
의료법인혜원의료재단,경기도 부천시 소사구 호현로489번길 28 세종병원 (소사본동),경기도 부천시 소사구 소사본동 91-121 세종병원,37.48092871,126.7913412,사업장폐기물,,,,111.6,2020,경기도 부천시 소사구청,032-625-6492,2026-02-25,3860000,경기도 부천시
의료법인혜원의료재단,경기도 부천시 소사구 호현로489번길 28 세종병원 (소사본동),경기도 부천시 소사구 소사본동 91-121 세종병원,37.48092871,126.7913412,사업장폐기물,,,,36,2020,경기도 부천시 소사구청,032-625-6492,2026-02-25,3860000,경기도 부천시
의료법인혜원의료재단,경기도 부천시 소사구 호현로489번길 28 세종병원 (소사본동),경기도 부천시 소사구 소사본동 91-121 세종병원,37.48092871,126.7913412,사업장폐기물,,,,3.6,2020,경기도 부천시 소사구청,032-625-6492,2026-02-25,3860000,경기도 부천시
의료법인혜원의료재단,경기도 부천시 소사구 호현로489번길 28 세종병원 (소사본동),경기도 부천시 소사구 소사본동 91-121 세종병원,37.48092871,126.7913412,사업장폐기물,,,,168,2020,경기도 부천시 소사구청,032-625-6492,2026-02-25,3860000,경기도 부천시
부천역사(주),경기도 부천시 소사구 부천로 1 부천역사 쇼핑몰 (심곡본동),경기도 부천시 소사구 심곡본동 316-2 부천역사 쇼핑몰,37.4840787,126.7824856,사업장폐기물,,,,714,2020,경기도 부천시 소사구청,032-625-6492,2026-02-25,3860000,경기도 부천시
부천역사(주),경기도 부천시 소사구 부천로 1 부천역사 쇼핑몰 (심곡본동),경기도 부천시 소사구 심곡본동 316-2 부천역사 쇼핑몰,37.4840787,126.7824856,사업장폐기물,,,,283,2020,경기도 부천시 소사구청,032-625-6492,2026-02-25,3860000,경기도 부천시
부천역사(주),경기도 부천시 소사구 부천로 1 부천역사 쇼핑몰 (심곡본동),경기도 부천시 소사구 심곡본동 316-2 부천역사 쇼핑몰,37.4840787,126.7824856,사업장폐기물,,,,3.6,2020,경기도 부천시 소사구청,032-625-6492,2026-02-25,3860000,경기도 부천시
(주)에스엠피엠씨,경기도 부천시 소사구 옥길로 1 스타필드시티 부천 (옥길동),경기도 부천시 소사구 옥길동 768 스타필드시티 부천,37.4614947,126.8139631,사업장폐기물,,,,36,2024,경기도 부천시 소사구청,032-625-6492,2026-02-25,3860000,경기도 부천시
(주)에스엠피엠씨,경기도 부천시 소사구 옥길로 1 스타필드시티 부천 (옥길동),경기도 부천시 소사구 옥길동 768 스타필드시티 부천,37.4614947,126.8139631,사업장폐기물,,,,480,2024,경기도 부천시 소사구청,032-625-6492,2026-02-25,3860000,경기도 부천시
영안상사(주),경기도 부천시 오정구 오정로 215 (오정동),경기도 부천시 오정구 오정동 202-1,37.52789504,126.7836147,사업장폐기물,,,,96,1999,경기도 부천시 오정구청,032-625-7492,2026-02-25,3860000,경기도 부천시
영안상사(주),경기도 부천시 오정구 오정로 215 (오정동),경기도 부천시 오정구 오정동 202-1,37.52789504,126.7836147,사업장폐기물,,,,24,1999,경기도 부천시 오정구청,032-625-7492,2026-02-25,3860000,경기도 부천시
(주)그린써비스,경기도 부천시 오정구 신흥로425번길 31 (삼정동),경기도 부천시 오정구 삼정동 205-1,37.52117935,126.7735732,사업장폐기물,,,,7200,2002,경기도 부천시 오정구청,032-625-7492,2026-02-25,3860000,경기도 부천시
(주)그린써비스,경기도 부천시 오정구 신흥로425번길 31 (삼정동),경기도 부천시 오정구 삼정동 205-1,37.52117935,126.7735732,사업장폐기물,,,,4200,2002,경기도 부천시 오정구청,032-625-7492,2026-02-25,3860000,경기도 부천시
(주)그린써비스,경기도 부천시 오정구 신흥로425번길 31 (삼정동),경기도 부천시 오정구 삼정동 205-1,37.52117935,126.7735732,사업장폐기물,,,,7800,2002,경기도 부천시 오정구청,032-625-7492,2026-02-25,3860000,경기도 부천시
(주)그린써비스,경기도 부천시 오정구 신흥로425번길 31 (삼정동),경기도 부천시 오정구 삼정동 205-1,37.52117935,126.7735732,사업장폐기물,,,,300,2002,경기도 부천시 오정구청,032-625-7492,2026-02-25,3860000,경기도 부천시
(주)그린써비스,경기도 부천시 오정구 신흥로425번길 31 (삼정동),경기도 부천시 오정구 삼정동 205-1,37.52117935,126.7735732,사업장폐기물,,,,1500,2002,경기도 부천시 오정구청,032-625-7492,2026-02-25,3860000,경기도 부천시
(주)그린써비스,경기도 부천시 오정구 신흥로425번길 31 (삼정동),경기도 부천시 오정구 삼정동 205-1,37.52117935,126.7735732,사업장폐기물,,,,960,2002,경기도 부천시 오정구청,032-625-7492,2026-02-25,3860000,경기도 부천시
(주)그린써비스,경기도 부천시 오정구 신흥로425번길 31 (삼정동),경기도 부천시 오정구 삼정동 205-1,37.52117935,126.7735732,사업장폐기물,,,,1200,2002,경기도 부천시 오정구청,032-625-7492,2026-02-25,3860000,경기도 부천시
(주)그린써비스,경기도 부천시 오정구 신흥로425번길 31 (삼정동),경기도 부천시 오정구 삼정동 205-1,37.52117935,126.7735732,사업장폐기물,,,,840,2002,경기도 부천시 오정구청,032-625-7492,2026-02-25,3860000,경기도 부천시
(주)그린써비스,경기도 부천시 오정구 신흥로425번길 31 (삼정동),경기도 부천시 오정구 삼정동 205-1,37.52117935,126.7735732,사업장폐기물,,,,120,2002,경기도 부천시 오정구청,032-625-7492,2026-02-25,3860000,경기도 부천시
(주)그린써비스,경기도 부천시 오정구 신흥로425번길 31 (삼정동),경기도 부천시 오정구 삼정동 205-1,37.52117935,126.7735732,사업장폐기물,,,,2400,2002,경기도 부천시 오정구청,032-625-7492,2026-02-25,3860000,경기도 부천시
주식회사 대창식품,경기도 부천시 오정구 수도로105번길 20 (내동),경기도 부천시 오정구 내동 105-1,37.5168174,126.7774953,사업장폐기물,,,,180,2004,경기도 부천시 오정구청,032-625-7492,2026-02-25,3860000,경기도 부천시
주식회사 대창식품,경기도 부천시 오정구 수도로105번길 20 (내동),경기도 부천시 오정구 내동 105-1,37.5168174,126.7774953,사업장폐기물,,,,144,2004,경기도 부천시 오정구청,032-625-7492,2026-02-25,3860000,경기도 부천시
(주)부천생활용품도매단지,경기도 부천시 오정구 오정로133번길 6-25 (내동),경기도 부천시 오정구 내동 222-11 부천생활용품도매단지,37.52730369,126.7747827,사업장폐기물,,,,300,2006,경기도 부천시 오정구청,032-625-7492,2026-02-25,3860000,경기도 부천시
부천시청,경기도 부천시 오정구 벌말로 62,경기도 부천시 오정구 대장동 685-12,37.53725241,126.7628494,사업장폐기물,,,,400,2011,경기도 부천시 오정구청,032-625-7492,2026-02-25,3860000,경기도 부천시
부천시청,경기도 부천시 오정구 벌말로 62,경기도 부천시 오정구 대장동 685-12,37.53725241,126.7628494,사업장폐기물,,,,2400,2011,경기도 부천시 오정구청,032-625-7492,2026-02-25,3860000,경기도 부천시
부천시청,경기도 부천시 오정구 벌말로 62,경기도 부천시 오정구 대장동 685-12,37.53725241,126.7628494,사업장폐기물,,,,1000,2011,경기도 부천시 오정구청,032-625-7492,2026-02-25,3860000,경기도 부천시
부천시청,경기도 부천시 오정구 벌말로 62,경기도 부천시 오정구 대장동 685-12,37.53725241,126.7628494,사업장폐기물,,,,1200,2011,경기도 부천시 오정구청,032-625-7492,2026-02-25,3860000,경기도 부천시
부천시청,경기도 부천시 오정구 벌말로 62,경기도 부천시 오정구 대장동 685-12,37.53725241,126.7628494,사업장폐기물,,,,7200,2011,경기도 부천시 오정구청,032-625-7492,2026-02-25,3860000,경기도 부천시
부천시청,경기도 부천시 오정구 벌말로 62,경기도 부천시 오정구 대장동 685-12,37.53725241,126.7628494,사업장폐기물,,,,3600,2011,경기도 부천시 오정구청,032-625-7492,2026-02-25,3860000,경기도 부천시
부천테크노파크1단지입주자대표회의,경기도 부천시 오정구 삼작로 22 (삼정동_부천테크노파크1단지 입주사대표),경기도 부천시 오정구 삼정동 364,37.51902036,126.7623313,사업장폐기물,,,,200,2011,경기도 부천시 오정구청,032-625-7492,2026-02-25,3860000,경기도 부천시
경남산업(주),경기도 부천시 오정구 오정로 106 (삼정동),경기도 부천시 오정구 삼정동 71-17,37.52558541,126.7719284,사업장폐기물,,,,5,2011,경기도 부천시 오정구청,032-625-7492,2026-02-25,3860000,경기도 부천시
경남산업(주),경기도 부천시 오정구 오정로 106 (삼정동),경기도 부천시 오정구 삼정동 71-17,37.52558541,126.7719284,사업장폐기물,,,,24,2011,경기도 부천시 오정구청,032-625-7492,2026-02-25,3860000,경기도 부천시
경남산업(주),경기도 부천시 오정구 오정로 106 (삼정동),경기도 부천시 오정구 삼정동 71-17,37.52558541,126.7719284,사업장폐기물,,,,150,2011,경기도 부천시 오정구청,032-625-7492,2026-02-25,3860000,경기도 부천시
경남산업(주),경기도 부천시 오정구 오정로 106 (삼정동),경기도 부천시 오정구 삼정동 71-17,37.52558541,126.7719284,사업장폐기물,,,,500,2011,경기도 부천시 오정구청,032-625-7492,2026-02-25,3860000,경기도 부천시
경남산업(주),경기도 부천시 오정구 오정로 106 (삼정동),경기도 부천시 오정구 삼정동 71-17,37.52558541,126.7719284,사업장폐기물,,,,60,2011,경기도 부천시 오정구청,032-625-7492,2026-02-25,3860000,경기도 부천시
경남산업(주),경기도 부천시 오정구 오정로 106 (삼정동),경기도 부천시 오정구 삼정동 71-17,37.52558541,126.7719284,사업장폐기물,,,,90,2011,경기도 부천시 오정구청,032-625-7492,2026-02-25,3860000,경기도 부천시
경남산업(주),경기도 부천시 오정구 오정로 106 (삼정동),경기도 부천시 오정구 삼정동 71-17,37.52558541,126.7719284,사업장폐기물,,,,50,2011,경기도 부천시 오정구청,032-625-7492,2026-02-25,3860000,경기도 부천시
경남산업(주),경기도 부천시 오정구 오정로 106 (삼정동),경기도 부천시 오정구 삼정동 71-17,37.52558541,126.7719284,사업장폐기물,,,,1950,2011,경기도 부천시 오정구청,032-625-7492,2026-02-25,3860000,경기도 부천시
경남산업(주),경기도 부천시 오정구 오정로 106 (삼정동),경기도 부천시 오정구 삼정동 71-17,37.52558541,126.7719284,사업장폐기물,,,,1,2011,경기도 부천시 오정구청,032-625-7492,2026-02-25,3860000,경기도 부천시
경남산업(주),경기도 부천시 오정구 오정로 106 (삼정동),경기도 부천시 오정구 삼정동 71-17,37.52558541,126.7719284,사업장폐기물,,,,40,2011,경기도 부천시 오정구청,032-625-7492,2026-02-25,3860000,경기도 부천시
경남산업(주),경기도 부천시 오정구 오정로 106 (삼정동),경기도 부천시 오정구 삼정동 71-17,37.52558541,126.7719284,사업장폐기물,,,,2,2011,경기도 부천시 오정구청,032-625-7492,2026-02-25,3860000,경기도 부천시
경남산업(주),경기도 부천시 오정구 오정로 106 (삼정동),경기도 부천시 오정구 삼정동 71-17,37.52558541,126.7719284,사업장폐기물,,,,12,2011,경기도 부천시 오정구청,032-625-7492,2026-02-25,3860000,경기도 부천시
영화산업전기(주),경기도 부천시 오정구 신흥로438번길 43 (내동),경기도 부천시 오정구 내동 123-1,37.52284494,126.7779398,사업장폐기물,,,,80,2011,경기도 부천시 오정구청,032-625-7492,2026-02-25,3860000,경기도 부천시
영화산업전기(주),경기도 부천시 오정구 신흥로438번길 43 (내동),경기도 부천시 오정구 내동 123-1,37.52284494,126.7779398,사업장폐기물,,,,40,2011,경기도 부천시 오정구청,032-625-7492,2026-02-25,3860000,경기도 부천시
부천테크노파크3단지,경기도 부천시 오정구 석천로 345 (삼정동_ 부천테크노파크),경기도 부천시 오정구 삼정동 365,37.51978102,126.7648225,사업장폐기물,,,,200,2011,경기도 부천시 오정구청,032-625-7492,2026-02-25,3860000,경기도 부천시
(주)유앤아이미트,경기도 부천시 오정구 오정로 20-16 (삼정동),경기도 부천시 오정구 삼정동 34-38,37.52501404,126.762039,사업장폐기물,,,,84,2012,경기도 부천시 오정구청,032-625-7492,2026-02-25,3860000,경기도 부천시
홈플러스(주)부천여월점,경기도 부천시 오정구 소사로 663_ 홈플러스 부천여월점 (여월동),경기도 부천시 오정구 여월동 301 홈플러스 부천여월점,37.51584421,126.8024106,사업장폐기물,,,,3,2013,경기도 부천시 오정구청,032-625-7492,2026-02-25,3860000,경기도 부천시
홈플러스(주)부천여월점,경기도 부천시 오정구 소사로 663_ 홈플러스 부천여월점 (여월동),경기도 부천시 오정구 여월동 301 홈플러스 부천여월점,37.51584421,126.8024106,사업장폐기물,,,,12,2013,경기도 부천시 오정구청,032-625-7492,2026-02-25,3860000,경기도 부천시
홈플러스(주)부천여월점,경기도 부천시 오정구 소사로 663_ 홈플러스 부천여월점 (여월동),경기도 부천시 오정구 여월동 301 홈플러스 부천여월점,37.51584421,126.8024106,사업장폐기물,,,,120,2013,경기도 부천시 오정구청,032-625-7492,2026-02-25,3860000,경기도 부천시
홈플러스(주)부천여월점,경기도 부천시 오정구 소사로 663_ 홈플러스 부천여월점 (여월동),경기도 부천시 오정구 여월동 301 홈플러스 부천여월점,37.51584421,126.8024106,사업장폐기물,,,,60,2013,경기도 부천시 오정구청,032-625-7492,2026-02-25,3860000,경기도 부천시
홈플러스(주)부천여월점,경기도 부천시 오정구 소사로 663_ 홈플러스 부천여월점 (여월동),경기도 부천시 오정구 여월동 301 홈플러스 부천여월점,37.51584421,126.8024106,사업장폐기물,,,,9.6,2013,경기도 부천시 오정구청,032-625-7492,2026-02-25,3860000,경기도 부천시
홈플러스(주)부천여월점,경기도 부천시 오정구 소사로 663_ 홈플러스 부천여월점 (여월동),경기도 부천시 오정구 여월동 301 홈플러스 부천여월점,37.51584421,126.8024106,사업장폐기물,,,,8,2013,경기도 부천시 오정구청,032-625-7492,2026-02-25,3860000,경기도 부천시
농협경제지주(주) 농협수도권미트센터,경기도 부천시 오정구 송내대로 524 (삼정동),경기도 부천시 오정구 삼정동 12-13,37.53022434,126.7616791,사업장폐기물,,,,2400,2014,경기도 부천시 오정구청,032-625-7492,2026-02-25,3860000,경기도 부천시
농협경제지주(주) 농협수도권미트센터,경기도 부천시 오정구 송내대로 524 (삼정동),경기도 부천시 오정구 삼정동 12-13,37.53022434,126.7616791,사업장폐기물,,,,84,2014,경기도 부천시 오정구청,032-625-7492,2026-02-25,3860000,경기도 부천시
(주)다전농축,경기도 부천시 오정구 송내대로518번길 25 (삼정동),경기도 부천시 오정구 삼정동 12-6,37.53025341,126.7635916,사업장폐기물,,,,400,2014,경기도 부천시 오정구청,032-625-7492,2026-02-25,3860000,경기도 부천시
에이원테크,경기도 부천시 오정구 부천로425번길 50 (내동),경기도 부천시 오정구 내동 232-4,37.52228655,126.7818326,사업장폐기물,,,,18,2017,경기도 부천시 오정구청,032-625-7492,2026-02-25,3860000,경기도 부천시
에이원테크,경기도 부천시 오정구 부천로425번길 50 (내동),경기도 부천시 오정구 내동 232-4,37.52228655,126.7818326,사업장폐기물,,,,6,2017,경기도 부천시 오정구청,032-625-7492,2026-02-25,3860000,경기도 부천시
(주)백향이앤씨,경기도 부천시 오정구 송내대로 450_ 국민차 매매단지 (삼정동),경기도 부천시 오정구 삼정동 366-1 국민차 매매단지,37.52328115,126.7619498,사업장폐기물,,,,180,2018,경기도 부천시 오정구청,032-625-7492,2026-02-25,3860000,경기도 부천시
청당기업,경기도 부천시 오정구 삼작로95번길 76 (삼정동),경기도 부천시 오정구 삼정동 222-3,37.52363877,126.771444,사업장폐기물,,,,150,2018,경기도 부천시 오정구청,032-625-7492,2026-02-25,3860000,경기도 부천시
부천시청,경기도 부천시 오정구 벌말로 122,경기도 부천시 오정구 대장동 607,37.54230538,126.7653692,사업장폐기물,,,,4700,2018,경기도 부천시 오정구청,032-625-7492,2026-02-25,3860000,경기도 부천시
부천시청,경기도 부천시 오정구 벌말로 122,경기도 부천시 오정구 대장동 607,37.54230538,126.7653692,사업장폐기물,,,,1000,2018,경기도 부천시 오정구청,032-625-7492,2026-02-25,3860000,경기도 부천시
부천시청,경기도 부천시 오정구 벌말로 122,경기도 부천시 오정구 대장동 607,37.54230538,126.7653692,사업장폐기물,,,,1200,2018,경기도 부천시 오정구청,032-625-7492,2026-02-25,3860000,경기도 부천시
부천시청,경기도 부천시 오정구 벌말로 122,경기도 부천시 오정구 대장동 607,37.54230538,126.7653692,사업장폐기물,,,,7800,2018,경기도 부천시 오정구청,032-625-7492,2026-02-25,3860000,경기도 부천시
쿠팡풀필먼트서비스(유) 부천1센터,경기도 부천시 오정구 신흥로511번길 80_ 켄달스퀘어 부천 로지스틱스파크 (오정동),경기도 부천시 오정구 오정동 802 켄달스퀘어 부천 로지스틱스파크,37.52964984,126.775701,사업장폐기물,,,,1440,2019,경기도 부천시 오정구청,032-625-7492,2026-02-25,3860000,경기도 부천시
쿠팡풀필먼트서비스(유) 부천1센터,경기도 부천시 오정구 신흥로511번길 80_ 켄달스퀘어 부천 로지스틱스파크 (오정동),경기도 부천시 오정구 오정동 802 켄달스퀘어 부천 로지스틱스파크,37.52964984,126.775701,사업장폐기물,,,,360,2019,경기도 부천시 오정구청,032-625-7492,2026-02-25,3860000,경기도 부천시
쿠팡풀필먼트서비스(유) 부천1센터,경기도 부천시 오정구 신흥로511번길 80_ 켄달스퀘어 부천 로지스틱스파크 (오정동),경기도 부천시 오정구 오정동 802 켄달스퀘어 부천 로지스틱스파크,37.52964984,126.775701,사업장폐기물,,,,120,2019,경기도 부천시 오정구청,032-625-7492,2026-02-25,3860000,경기도 부천시
쿠팡풀필먼트서비스(유) 부천1센터,경기도 부천시 오정구 신흥로511번길 80_ 켄달스퀘어 부천 로지스틱스파크 (오정동),경기도 부천시 오정구 오정동 802 켄달스퀘어 부천 로지스틱스파크,37.52964984,126.775701,사업장폐기물,,,,135,2019,경기도 부천시 오정구청,032-625-7492,2026-02-25,3860000,경기도 부천시
삼성물산(주)패션부문,경기도 부천시 오정구 신흥로511번길 80_ 켄달스퀘어 부천 로지스틱스파크 (오정동),경기도 부천시 오정구 오정동 802 켄달스퀘어 부천 로지스틱스파크,37.52964984,126.775701,사업장폐기물,,,,250,2019,경기도 부천시 오정구청,032-625-7492,2026-02-25,3860000,경기도 부천시
삼성물산(주)패션부문,경기도 부천시 오정구 신흥로511번길 80_ 켄달스퀘어 부천 로지스틱스파크 (오정동),경기도 부천시 오정구 오정동 802 켄달스퀘어 부천 로지스틱스파크,37.52964984,126.775701,사업장폐기물,,,,12,2019,경기도 부천시 오정구청,032-625-7492,2026-02-25,3860000,경기도 부천시
삼성물산(주)패션부문,경기도 부천시 오정구 신흥로511번길 80_ 켄달스퀘어 부천 로지스틱스파크 (오정동),경기도 부천시 오정구 오정동 802 켄달스퀘어 부천 로지스틱스파크,37.52964984,126.775701,사업장폐기물,,,,20,2019,경기도 부천시 오정구청,032-625-7492,2026-02-25,3860000,경기도 부천시
삼성물산(주)패션부문,경기도 부천시 오정구 신흥로511번길 80_ 켄달스퀘어 부천 로지스틱스파크 (오정동),경기도 부천시 오정구 오정동 802 켄달스퀘어 부천 로지스틱스파크,37.52964984,126.775701,사업장폐기물,,,,100,2019,경기도 부천시 오정구청,032-625-7492,2026-02-25,3860000,경기도 부천시
삼성물산(주)패션부문,경기도 부천시 오정구 신흥로511번길 80_ 켄달스퀘어 부천 로지스틱스파크 (오정동),경기도 부천시 오정구 오정동 802 켄달스퀘어 부천 로지스틱스파크,37.52964984,126.775701,사업장폐기물,,,,150,2019,경기도 부천시 오정구청,032-625-7492,2026-02-25,3860000,경기도 부천시
(주)비지에프리테일 경인지점,경기도 부천시 오정구 신흥로511번길 80_ 켄달스퀘어 부천 로지스틱스파크 (오정동),경기도 부천시 오정구 오정동 802 켄달스퀘어 부천 로지스틱스파크,37.52964984,126.775701,사업장폐기물,,,,100,2019,경기도 부천시 오정구청,032-625-7492,2026-02-25,3860000,경기도 부천시
(주)비지에프리테일 경인지점,경기도 부천시 오정구 신흥로511번길 80_ 켄달스퀘어 부천 로지스틱스파크 (오정동),경기도 부천시 오정구 오정동 802 켄달스퀘어 부천 로지스틱스파크,37.52964984,126.775701,사업장폐기물,,,,20,2019,경기도 부천시 오정구청,032-625-7492,2026-02-25,3860000,경기도 부천시
부천시립노인전문병원,경기도 부천시 오정구 까치로 26 (작동),경기도 부천시 오정구 작동 405,37.50918004,126.8083768,사업장폐기물,,,,28.08,2020,경기도 부천시 오정구청,032-625-7492,2026-02-25,3860000,경기도 부천시
부천시립노인전문병원,경기도 부천시 오정구 까치로 26 (작동),경기도 부천시 오정구 작동 405,37.50918004,126.8083768,사업장폐기물,,,,45,2020,경기도 부천시 오정구청,032-625-7492,2026-02-25,3860000,경기도 부천시
부천시립노인전문병원,경기도 부천시 오정구 까치로 26 (작동),경기도 부천시 오정구 작동 405,37.50918004,126.8083768,사업장폐기물,,,,27.96,2020,경기도 부천시 오정구청,032-625-7492,2026-02-25,3860000,경기도 부천시
부천시립노인전문병원,경기도 부천시 오정구 까치로 26 (작동),경기도 부천시 오정구 작동 405,37.50918004,126.8083768,사업장폐기물,,,,120,2020,경기도 부천시 오정구청,032-625-7492,2026-02-25,3860000,경기도 부천시
쿠팡풀필먼트서비스(유)부천센터,경기도 부천시 오정구 신흥로511번길 112_ 부천 저온물류센터 (오정동),경기도 부천시 오정구 오정동 801 부천 저온물류센터,37.53103927,126.7717024,사업장폐기물,,,,10,2020,경기도 부천시 오정구청,032-625-7492,2026-02-25,3860000,경기도 부천시
쿠팡풀필먼트서비스(유)부천센터,경기도 부천시 오정구 신흥로511번길 112_ 부천 저온물류센터 (오정동),경기도 부천시 오정구 오정동 801 부천 저온물류센터,37.53103927,126.7717024,사업장폐기물,,,,50,2020,경기도 부천시 오정구청,032-625-7492,2026-02-25,3860000,경기도 부천시
(주)인테크놀러지,경기도 부천시 오정구 석천로453번길 36_ 지오텍 (삼정동),경기도 부천시 오정구 삼정동 60-51 지오텍,37.52759371,126.7681161,사업장폐기물,,,,100,2020,경기도 부천시 오정구청,032-625-7492,2026-02-25,3860000,경기도 부천시
쿠팡풀필먼트서비스(유) 부천2센터,경기도 부천시 오정구 신흥로511번길 112_ 부천 저온물류센터 (오정동),경기도 부천시 오정구 오정동 801 부천 저온물류센터,37.53103927,126.7717024,사업장폐기물,,,,120,2020,경기도 부천시 오정구청,032-625-7492,2026-02-25,3860000,경기도 부천시
쿠팡풀필먼트서비스(유) 부천2센터,경기도 부천시 오정구 신흥로511번길 112_ 부천 저온물류센터 (오정동),경기도 부천시 오정구 오정동 801 부천 저온물류센터,37.53103927,126.7717024,사업장폐기물,,,,1440,2020,경기도 부천시 오정구청,032-625-7492,2026-02-25,3860000,경기도 부천시
쿠팡풀필먼트서비스(유) 부천2센터,경기도 부천시 오정구 신흥로511번길 112_ 부천 저온물류센터 (오정동),경기도 부천시 오정구 오정동 801 부천 저온물류센터,37.53103927,126.7717024,사업장폐기물,,,,841,2020,경기도 부천시 오정구청,032-625-7492,2026-02-25,3860000,경기도 부천시
쿠팡풀필먼트서비스(유) 부천2센터,경기도 부천시 오정구 신흥로511번길 112_ 부천 저온물류센터 (오정동),경기도 부천시 오정구 오정동 801 부천 저온물류센터,37.53103927,126.7717024,사업장폐기물,,,,90,2020,경기도 부천시 오정구청,032-625-7492,2026-02-25,3860000,경기도 부천시
프러스전자 주식회사,경기도 부천시 오정구 삼작로164번길 26_ 3층 (내동),경기도 부천시 오정구 내동 137-2 1,37.51918718,126.7791567,사업장폐기물,,,,10,2021,경기도 부천시 오정구청,032-625-7492,2026-02-25,3860000,경기도 부천시
믿음자동차공업사,경기도 부천시 오정구 부천로476번길 7,경기도 부천시 오정구 오정동 592-11,37.52630331,126.7830593,사업장폐기물,,,,6,2021,경기도 부천시 오정구청,032-625-7492,2026-02-25,3860000,경기도 부천시
주식회사 슈피겐코리아,경기도 부천시 오정구 신흥로511번길 80_ 켄달스퀘어 부천 로지스틱스파크 3층 A301호 (오정동),경기도 부천시 오정구 오정동 802 켄달스퀘어 부천 로지스틱스파크,37.52964984,126.775701,사업장폐기물,,,,100,2021,경기도 부천시 오정구청,032-625-7492,2026-02-25,3860000,경기도 부천시
주식회사 비지에프로지스(부천센터),경기도 부천시 오정구 신흥로511번길 80_ 켄달스퀘어 부천 로지스틱스파크 (오정동),경기도 부천시 오정구 오정동 802 켄달스퀘어 부천 로지스틱스파크,37.52964984,126.775701,사업장폐기물,,,,12,2022,경기도 부천시 오정구청,032-625-7492,2026-02-25,3860000,경기도 부천시
(주)상도푸드 농업회사법인,경기도 부천시 오정구 신흥로437번길 100 (삼정동),경기도 부천시 오정구 삼정동 225-6,37.52251227,126.7701113,사업장폐기물,,,,92,2022,경기도 부천시 오정구청,032-625-7492,2026-02-25,3860000,경기도 부천시
주식회사 프라돈,경기도 부천시 오정구 오정로 20-16 (삼정동),경기도 부천시 오정구 삼정동 34-38,37.52501404,126.762039,사업장폐기물,,,,1000,2022,경기도 부천시 오정구청,032-625-7492,2026-02-25,3860000,경기도 부천시
(주)강원산업,,경기도 부천시 오정구 대장동 183-1,37.54252113,126.7868121,사업장폐기물,,,,100,2023,경기도 부천시 오정구청,032-625-7492,2026-02-25,3860000,경기도 부천시
쿠팡로지스틱스서비스(유) ICH1 사업장,경기도 부천시 오정구 신흥로511번길 80_ 켄달스퀘어 부천 로지스틱스파크 (오정동),경기도 부천시 오정구 오정동 802 켄달스퀘어 부천 로지스틱스파크,37.52964984,126.775701,사업장폐기물,,,,240,2023,경기도 부천시 오정구청,032-625-7492,2026-02-25,3860000,경기도 부천시
쿠팡로지스틱스서비스(유) ICH1 사업장,경기도 부천시 오정구 신흥로511번길 80_ 켄달스퀘어 부천 로지스틱스파크 (오정동),경기도 부천시 오정구 오정동 802 켄달스퀘어 부천 로지스틱스파크,37.52964984,126.775701,사업장폐기물,,,,84,2023,경기도 부천시 오정구청,032-625-7492,2026-02-25,3860000,경기도 부천시
쿠팡로지스틱스서비스(유) ICH1 사업장,경기도 부천시 오정구 신흥로511번길 80_ 켄달스퀘어 부천 로지스틱스파크 (오정동),경기도 부천시 오정구 오정동 802 켄달스퀘어 부천 로지스틱스파크,37.52964984,126.775701,사업장폐기물,,,,120,2023,경기도 부천시 오정구청,032-625-7492,2026-02-25,3860000,경기도 부천시
씨제이대한통운 주식회사,경기도 부천시 오정구 신흥로511번길 80_ 켄달스퀘어 부천 로지스틱스파크 A112도크호 (오정동),경기도 부천시 오정구 오정동 802 켄달스퀘어 부천 로지스틱스파크,37.52964984,126.775701,사업장폐기물,,,,60,2024,경기도 부천시 오정구청,032-625-7492,2026-02-25,3860000,경기도 부천시
로젠(주),경기도 부천시 오정구 신흥로511번길 80_ 켄달스퀘어 C8구역 M1층 (오정동),경기도 부천시 오정구 오정동 802 켄달스퀘어 C8구역 M1층,37.52964984,126.775701,사업장폐기물,,,,120,2024,경기도 부천시 오정구청,032-625-7492,2026-02-25,3860000,경기도 부천시
대하종합식품,경기도 부천시 오정구 오정로39번길 24-20,경기도 부천시 오정구 삼정동 19-42,37.5265634,126.7656002,사업장폐기물,,,,84,2024,경기도 부천시 오정구청,032-625-7492,2026-02-25,3860000,경기도 부천시
부천시립노인전문요양원,경기도 부천시 오정구 까치로 26_ 부천시 노인복지시설 5층 (작동),경기도 부천시 오정구 작동 405 부천시 노인복지시설,37.50918004,126.8083768,사업장폐기물,,,,80,2025,경기도 부천시 오정구청,032-625-7492,2026-02-25,3860000,경기도 부천시
캡필(capfill),경기도 부천시 오정구 산업로8번길 22-13,경기도 부천시 오정구 오정동 772-16,37.52719582,126.7792059,사업장폐기물,,,,24,2025,경기도 부천시 오정구청,032-625-7492,2026-02-25,3860000,경기도 부천시
아마존 김포점,,경기도 부천시 오정구 대장동 242-18 외 대장동 242-21_ 22 (합 3필지),37.54115921,126.7817737,사업장폐기물,,,,200,2025,경기도 부천시 오정구청,032-625-7492,2026-02-25,3860000,경기도 부천시
아마존 김포점,,경기도 부천시 오정구 대장동 242-18 외 대장동 242-21_ 22 (합 3필지),37.54115921,126.7817737,사업장폐기물,,,,100,2025,경기도 부천시 오정구청,032-625-7492,2026-02-25,3860000,경기도 부천시
아마존 김포점,,경기도 부천시 오정구 대장동 242-18 외 대장동 242-21_ 22 (합 3필지),37.54115921,126.7817737,사업장폐기물,,,,1200,2025,경기도 부천시 오정구청,032-625-7492,2026-02-25,3860000,경기도 부천시
아마존 김포점,,경기도 부천시 오정구 대장동 242-18 외 대장동 242-21_ 22 (합 3필지),37.54115921,126.7817737,사업장폐기물,,,,400,2025,경기도 부천시 오정구청,032-625-7492,2026-02-25,3860000,경기도 부천시
푸드미,경기도 부천시 오정구 신흥로470번길 111,경기도 부천시 오정구 오정동 609-14,37.52401785,126.783658,사업장폐기물,,,,28,2025,경기도 부천시 오정구청,032-625-7492,2026-02-25,3860000,경기도 부천시
(주)육가본,경기도 부천시 오정구 오정로 20-16 (삼정동),경기도 부천시 오정구 삼정동 34-38,37.52501404,126.762039,사업장폐기물,,,,360,2025,경기도 부천시 오정구청,032-625-7492,2026-02-25,3860000,경기도 부천시
플레넘(PLENUM),경기도 부천시 오정구 신흥로511번길 80_ 켄달스퀘어 부천 로지스틱스파크 (오정동),경기도 부천시 오정구 오정동 802 켄달스퀘어 부천 로지스틱스파크,37.52964984,126.775701,사업장폐기물,,,,50,2026,경기도 부천시 오정구청,032-625-7492,2026-02-25,3860000,경기도 부천시
서서울고속도로(주),,경기도 부천시 오정구 고강동 244-9 일원,37.53148573,126.8238554,건설폐기물,,,,2417,2020,경기도 부천시 오정구청,032-625-7492,2026-02-25,3860000,경기도 부천시
서서울고속도로(주),,경기도 부천시 오정구 고강동 244-8 일원,37.53148573,126.8238554,건설폐기물,,,,30503,2020,경기도 부천시 오정구청,032-625-7492,2026-02-25,3860000,경기도 부천시
서서울고속도로(주),,경기도 부천시 오정구 고강동 244-7 일원,37.532731,126.823489,건설폐기물,,,,10,2020,경기도 부천시 오정구청,032-625-7492,2026-02-25,3860000,경기도 부천시
서서울고속도로(주),,경기도 부천시 오정구 고강동 244-6 일원,37.53163343,126.8233235,건설폐기물,,,,7576,2020,경기도 부천시 오정구청,032-625-7492,2026-02-25,3860000,경기도 부천시
서서울고속도로(주),,경기도 부천시 오정구 고강동 244-5 일원,37.53145525,126.8233192,건설폐기물,,,,15364,2020,경기도 부천시 오정구청,032-625-7492,2026-02-25,3860000,경기도 부천시
서서울고속도로(주),,경기도 부천시 오정구 고강동 244-4 일원,37.5315837,126.8240009,건설폐기물,,,,25168,2020,경기도 부천시 오정구청,032-625-7492,2026-02-25,3860000,경기도 부천시
한국토지주택공사 인천지역본부,,경기도 부천시 오정구 원종동 106-1 일원,37.5306515,126.8007615,건설폐기물,,,,20,2021,경기도 부천시 오정구청,032-625-7492,2026-02-25,3860000,경기도 부천시
한국토지주택공사 인천지역본부,,경기도 부천시 오정구 원종동 106-1 일원,37.5306515,126.8007615,건설폐기물,,,,354,2021,경기도 부천시 오정구청,032-625-7492,2026-02-25,3860000,경기도 부천시
한국토지주택공사 인천지역본부,,경기도 부천시 오정구 원종동 106-1 일원,37.5306515,126.8007615,건설폐기물,,,,244,2021,경기도 부천시 오정구청,032-625-7492,2026-02-25,3860000,경기도 부천시
한국토지주택공사 인천지역본부,,경기도 부천시 오정구 원종동 106-1 일원,37.5306515,126.8007615,건설폐기물,,,,192,2021,경기도 부천시 오정구청,032-625-7492,2026-02-25,3860000,경기도 부천시
한국토지주택공사 인천지역본부,,경기도 부천시 오정구 원종동 106-1 일원,37.5306515,126.8007615,건설폐기물,,,,1541,2021,경기도 부천시 오정구청,032-625-7492,2026-02-25,3860000,경기도 부천시
한국토지주택공사 인천지역본부,,경기도 부천시 오정구 원종동 106-1 일원,37.5306515,126.8007615,건설폐기물,,,,4505,2021,경기도 부천시 오정구청,032-625-7492,2026-02-25,3860000,경기도 부천시
한국토지주택공사 인천지역본부,경기도 부천시 오정구 원미로281번길 75_ 일원 (여월동),경기도 부천시 오정구 여월동 98-5 일원,37.50967608,126.7937451,건설폐기물,,,,765,2021,경기도 부천시 오정구청,032-625-7492,2026-02-25,3860000,경기도 부천시
한국토지주택공사 인천지역본부,경기도 부천시 오정구 원미로281번길 75_ 일원 (여월동),경기도 부천시 오정구 여월동 98-5 일원,37.50967608,126.7937451,건설폐기물,,,,20,2021,경기도 부천시 오정구청,032-625-7492,2026-02-25,3860000,경기도 부천시
한국토지주택공사 인천지역본부,경기도 부천시 오정구 원미로281번길 75_ 일원 (여월동),경기도 부천시 오정구 여월동 98-5 일원,37.50967608,126.7937451,건설폐기물,,,,3375,2021,경기도 부천시 오정구청,032-625-7492,2026-02-25,3860000,경기도 부천시
한국토지주택공사 인천지역본부,경기도 부천시 오정구 원미로281번길 75_ 일원 (여월동),경기도 부천시 오정구 여월동 98-5 일원,37.50967608,126.7937451,건설폐기물,,,,547,2021,경기도 부천시 오정구청,032-625-7492,2026-02-25,3860000,경기도 부천시
한국토지주택공사 인천지역본부,경기도 부천시 오정구 원미로281번길 75_ 일원 (여월동),경기도 부천시 오정구 여월동 98-5 일원,37.50967608,126.7937451,건설폐기물,,,,22909,2021,경기도 부천시 오정구청,032-625-7492,2026-02-25,3860000,경기도 부천시
한국토지주택공사 인천지역본부,경기도 부천시 오정구 원미로281번길 75_ 일원 (여월동),경기도 부천시 오정구 여월동 98-5 일원,37.50967608,126.7937451,건설폐기물,,,,13184,2021,경기도 부천시 오정구청,032-625-7492,2026-02-25,3860000,경기도 부천시
한국토지주택공사 인천지역본부,경기도 부천시 오정구 원미로281번길 75_ 일원 (여월동),경기도 부천시 오정구 여월동 98-5 일원,37.50967608,126.7937451,건설폐기물,,,,99530,2021,경기도 부천시 오정구청,032-625-7492,2026-02-25,3860000,경기도 부천시
한국토지주택공사 인천지역본부,,경기도 부천시 오정구 원종동 118-1_ 107-1_ 105-4 일원,37.53132597,126.7983842,건설폐기물,,,,500,2022,경기도 부천시 오정구청,032-625-7492,2026-02-25,3860000,경기도 부천시
한국토지주택공사 인천지역본부,,경기도 부천시 오정구 원종동 118-1_ 107-1_ 105-4 일원,37.53132597,126.7983842,건설폐기물,,,,2200,2022,경기도 부천시 오정구청,032-625-7492,2026-02-25,3860000,경기도 부천시
한국토지주택공사 인천지역본부,,경기도 부천시 오정구 원종동 118-1_ 107-1_ 105-4 일원,37.53132597,126.7983842,건설폐기물,,,,75,2022,경기도 부천시 오정구청,032-625-7492,2026-02-25,3860000,경기도 부천시
한국토지주택공사 인천지역본부,,경기도 부천시 오정구 원종동 118-1_ 107-1_ 105-4 일원,37.53132597,126.7983842,건설폐기물,,,,120,2022,경기도 부천시 오정구청,032-625-7492,2026-02-25,3860000,경기도 부천시
한국토지주택공사 인천지역본부,,경기도 부천시 오정구 원종동 118-1_ 107-1_ 105-4 일원,37.53132597,126.7983842,건설폐기물,,,,292,2022,경기도 부천시 오정구청,032-625-7492,2026-02-25,3860000,경기도 부천시
한국토지주택공사 인천지역본부,,경기도 부천시 오정구 원종동 118-1_ 107-1_ 105-4 일원,37.53132597,126.7983842,건설폐기물,,,,12,2022,경기도 부천시 오정구청,032-625-7492,2026-02-25,3860000,경기도 부천시
한국토지주택공사 인천지역본부,,경기도 부천시 오정구 원종동 118-1_ 107-1_ 105-4 일원,37.53132597,126.7983842,건설폐기물,,,,108,2022,경기도 부천시 오정구청,032-625-7492,2026-02-25,3860000,경기도 부천시
한국토지주택공사 인천지역본부,,경기도 부천시 오정구 원종동 118-1_ 107-1_ 105-4 일원,37.53132597,126.7983842,건설폐기물,,,,16,2022,경기도 부천시 오정구청,032-625-7492,2026-02-25,3860000,경기도 부천시
한국토지주택공사 인천지역본부,,경기도 부천시 오정구 원종동 118-1_ 107-1_ 105-4 일원,37.53132597,126.7983842,건설폐기물,,,,3497,2022,경기도 부천시 오정구청,032-625-7492,2026-02-25,3860000,경기도 부천시
부천시청,,경기도 부천시 오정구 오정동 569-8번지 일원(부천시 일원),37.525685,126.786621,건설폐기물,,,,34487.79,2023,경기도 부천시 오정구청,032-625-7492,2026-02-25,3860000,경기도 부천시
부천시청,,경기도 부천시 오정구 오정동 569-8번지 일원(부천시 일원),37.525685,126.786621,건설폐기물,,,,37472.94,2023,경기도 부천시 오정구청,032-625-7492,2026-02-25,3860000,경기도 부천시
디엘건설 주식회사,경기도 부천시 오정구 송내대로518번길 48_ 54(삼정동 13-15_ 16) 일원,경기도 부천시 오정구 삼정동 13-15_ 16 일원,37.52898824,126.7632397,건설폐기물,,,,1000,2023,경기도 부천시 오정구청,032-625-7492,2026-02-25,3860000,경기도 부천시
디엘건설 주식회사,경기도 부천시 오정구 송내대로518번길 48_ 54(삼정동 13-15_ 16) 일원,경기도 부천시 오정구 삼정동 13-15_ 16 일원,37.52898824,126.7632397,건설폐기물,,,,1200,2023,경기도 부천시 오정구청,032-625-7492,2026-02-25,3860000,경기도 부천시
디엘건설 주식회사,경기도 부천시 오정구 송내대로518번길 48_ 54(삼정동 13-15_ 16) 일원,경기도 부천시 오정구 삼정동 13-15_ 16 일원,37.52898824,126.7632397,건설폐기물,,,,150,2023,경기도 부천시 오정구청,032-625-7492,2026-02-25,3860000,경기도 부천시
디엘건설 주식회사,경기도 부천시 오정구 송내대로518번길 48_ 54(삼정동 13-15_ 16) 일원,경기도 부천시 오정구 삼정동 13-15_ 16 일원,37.52898824,126.7632397,건설폐기물,,,,300,2023,경기도 부천시 오정구청,032-625-7492,2026-02-25,3860000,경기도 부천시
디엘건설 주식회사,경기도 부천시 오정구 송내대로518번길 48_ 54(삼정동 13-15_ 16) 일원,경기도 부천시 오정구 삼정동 13-15_ 16 일원,37.52898824,126.7632397,건설폐기물,,,,100,2023,경기도 부천시 오정구청,032-625-7492,2026-02-25,3860000,경기도 부천시
디엘건설 주식회사,경기도 부천시 오정구 송내대로518번길 48_ 54(삼정동 13-15_ 16) 일원,경기도 부천시 오정구 삼정동 13-15_ 16 일원,37.52898824,126.7632397,건설폐기물,,,,350,2023,경기도 부천시 오정구청,032-625-7492,2026-02-25,3860000,경기도 부천시
디엘건설 주식회사,경기도 부천시 오정구 송내대로518번길 48_ 54(삼정동 13-15_ 16) 일원,경기도 부천시 오정구 삼정동 13-15_ 16 일원,37.52898824,126.7632397,건설폐기물,,,,4100,2023,경기도 부천시 오정구청,032-625-7492,2026-02-25,3860000,경기도 부천시
한국토지주택공사 인천지역본부,,경기도 부천시 오정구 오정동 61-2 일원,37.53270324,126.7896058,건설폐기물,,,,32457,2023,경기도 부천시 오정구청,032-625-7492,2026-02-25,3860000,경기도 부천시
한국토지주택공사 인천지역본부,,경기도 부천시 오정구 오정동 61-2 일원,37.53270324,126.7896058,건설폐기물,,,,140,2023,경기도 부천시 오정구청,032-625-7492,2026-02-25,3860000,경기도 부천시
한국토지주택공사 인천지역본부,,경기도 부천시 오정구 오정동 61-2 일원,37.53270324,126.7896058,건설폐기물,,,,1042,2023,경기도 부천시 오정구청,032-625-7492,2026-02-25,3860000,경기도 부천시
한국토지주택공사 인천지역본부,,경기도 부천시 오정구 오정동 61-2 일원,37.53270324,126.7896058,건설폐기물,,,,1592,2023,경기도 부천시 오정구청,032-625-7492,2026-02-25,3860000,경기도 부천시
한국토지주택공사 인천지역본부,,경기도 부천시 오정구 오정동 61-2 일원,37.53270324,126.7896058,건설폐기물,,,,25968,2023,경기도 부천시 오정구청,032-625-7492,2026-02-25,3860000,경기도 부천시
한국토지주택공사 인천지역본부,,경기도 부천시 오정구 오정동 61-2 일원,37.53270324,126.7896058,건설폐기물,,,,75693,2023,경기도 부천시 오정구청,032-625-7492,2026-02-25,3860000,경기도 부천시
디엘이앤씨 주식회사,경기도 부천시 오정구 삼작로 21,경기도 부천시 오정구 삼정동 363-3,37.52161881,126.7646542,건설폐기물,,,,20,2023,경기도 부천시 오정구청,032-625-7492,2026-02-25,3860000,경기도 부천시
디엘이앤씨 주식회사,경기도 부천시 오정구 삼작로 21,경기도 부천시 오정구 삼정동 363-3,37.52161881,126.7646542,건설폐기물,,,,700,2023,경기도 부천시 오정구청,032-625-7492,2026-02-25,3860000,경기도 부천시
디엘이앤씨 주식회사,경기도 부천시 오정구 삼작로 21,경기도 부천시 오정구 삼정동 363-3,37.52161881,126.7646542,건설폐기물,,,,2500,2023,경기도 부천시 오정구청,032-625-7492,2026-02-25,3860000,경기도 부천시
디엘이앤씨 주식회사,경기도 부천시 오정구 삼작로 21,경기도 부천시 오정구 삼정동 363-3,37.52161881,126.7646542,건설폐기물,,,,500,2023,경기도 부천시 오정구청,032-625-7492,2026-02-25,3860000,경기도 부천시
디엘이앤씨 주식회사,경기도 부천시 오정구 삼작로 21,경기도 부천시 오정구 삼정동 363-3,37.52161881,126.7646542,건설폐기물,,,,10000,2023,경기도 부천시 오정구청,032-625-7492,2026-02-25,3860000,경기도 부천시
디엘이앤씨 주식회사,경기도 부천시 오정구 삼작로 21,경기도 부천시 오정구 삼정동 363-3,37.52161881,126.7646542,건설폐기물,,,,100,2023,경기도 부천시 오정구청,032-625-7492,2026-02-25,3860000,경기도 부천시
디엘이앤씨 주식회사,경기도 부천시 오정구 삼작로 21,경기도 부천시 오정구 삼정동 363-3,37.52161881,126.7646542,건설폐기물,,,,1000,2023,경기도 부천시 오정구청,032-625-7492,2026-02-25,3860000,경기도 부천시
한국수자원공사,,경기도 부천시 오정구 고강동 324-4 외 5개소,37.52706253,126.8248197,건설폐기물,,,,1475.9,2024,경기도 부천시 오정구청,032-625-7492,2026-02-25,3860000,경기도 부천시
한국수자원공사,,경기도 부천시 오정구 고강동 324-4,37.52706253,126.8248197,건설폐기물,,,,1546.747,2024,경기도 부천시 오정구청,032-625-7492,2026-02-25,3860000,경기도 부천시
한국수자원공사,,경기도 부천시 오정구 고강동 324-4,37.52706253,126.8248197,건설폐기물,,,,1109.408,2024,경기도 부천시 오정구청,032-625-7492,2026-02-25,3860000,경기도 부천시
서서울고속도로(주),,경기도 부천시 오정구 고강동 225-10(고강로161)_ 225-3(가로공원)_ 작동114-7(여월로),37.53356309,126.822036,건설폐기물,,,,660,2024,경기도 부천시 오정구청,032-625-7492,2026-02-25,3860000,경기도 부천시
서서울고속도로(주),,경기도 부천시 오정구 고강동 225-10(고강로161)_ 225-3(가로공원)_ 작동114-7(여월로),37.53356309,126.822036,건설폐기물,,,,150,2024,경기도 부천시 오정구청,032-625-7492,2026-02-25,3860000,경기도 부천시
서서울고속도로(주),,경기도 부천시 오정구 고강동 225-10(고강로161)_ 225-3(가로공원)_ 작동114-7(여월로),37.53356309,126.822036,건설폐기물,,,,1738,2024,경기도 부천시 오정구청,032-625-7492,2026-02-25,3860000,경기도 부천시
신성토건주식회사,경기도 부천시 오정구 원종로80번길 43 상의 영동주택 외 21필지,,37.522305,126.808910,건설폐기물,,,,500,2024,경기도 부천시 오정구청,032-625-7492,2026-02-25,3860000,경기도 부천시
신성토건주식회사,경기도 부천시 오정구 원종로80번길 43 상의 영동주택 외 21필지,,37.522305,126.808910,건설폐기물,,,,1000,2024,경기도 부천시 오정구청,032-625-7492,2026-02-25,3860000,경기도 부천시
신성토건주식회사,경기도 부천시 오정구 원종로80번길 43 상의 영동주택 외 21필지,,37.522305,126.808910,건설폐기물,,,,100,2024,경기도 부천시 오정구청,032-625-7492,2026-02-25,3860000,경기도 부천시
신성토건주식회사,경기도 부천시 오정구 원종로80번길 43 상의 영동주택 외 21필지,,37.522305,126.808910,건설폐기물,,,,200,2024,경기도 부천시 오정구청,032-625-7492,2026-02-25,3860000,경기도 부천시
티오피종합건설(주),,경기도 부천시 오정구 고강동 334-7번지 외 10필지,37.525686,126.813970,건설폐기물,,,,200,2024,경기도 부천시 오정구청,032-625-7492,2026-02-25,3860000,경기도 부천시
티오피종합건설(주),,경기도 부천시 오정구 고강동 334-7번지 외 10필지,37.525686,126.813970,건설폐기물,,,,100,2024,경기도 부천시 오정구청,032-625-7492,2026-02-25,3860000,경기도 부천시
티오피종합건설(주),,경기도 부천시 오정구 고강동 334-7번지 외 10필지,37.525686,126.813970,건설폐기물,,,,500,2024,경기도 부천시 오정구청,032-625-7492,2026-02-25,3860000,경기도 부천시
티오피종합건설(주),,경기도 부천시 오정구 고강동 334-7번지 외 10필지,37.525686,126.813970,건설폐기물,,,,1000,2024,경기도 부천시 오정구청,032-625-7492,2026-02-25,3860000,경기도 부천시
씨에이이앤씨 주식회사,,경기도 부천시 오정구 여월동 8-9번지외 4필지,37.523784,126.814724,건설폐기물,,,,1000,2024,경기도 부천시 오정구청,032-625-7492,2026-02-25,3860000,경기도 부천시
씨에이이앤씨 주식회사,,경기도 부천시 오정구 여월동 8-9번지외 4필지,37.523784,126.814724,건설폐기물,,,,100,2024,경기도 부천시 오정구청,032-625-7492,2026-02-25,3860000,경기도 부천시
씨에이이앤씨 주식회사,,경기도 부천시 오정구 여월동 8-9번지외 4필지,37.523784,126.814724,건설폐기물,,,,200,2024,경기도 부천시 오정구청,032-625-7492,2026-02-25,3860000,경기도 부천시
씨에이이앤씨 주식회사,,경기도 부천시 오정구 여월동 8-9번지외 4필지,37.523784,126.814724,건설폐기물,,,,500,2024,경기도 부천시 오정구청,032-625-7492,2026-02-25,3860000,경기도 부천시
씨에이이앤씨 주식회사,,경기도 부천시 오정구 고강동 338-16번지일원,37.523784,126.814724,건설폐기물,,,,1000,2024,경기도 부천시 오정구청,032-625-7492,2026-02-25,3860000,경기도 부천시
씨에이이앤씨 주식회사,,경기도 부천시 오정구 고강동 338-16번지일원,37.523784,126.814724,건설폐기물,,,,100,2024,경기도 부천시 오정구청,032-625-7492,2026-02-25,3860000,경기도 부천시
씨에이이앤씨 주식회사,,경기도 부천시 오정구 고강동 338-16번지일원,37.523784,126.814724,건설폐기물,,,,200,2024,경기도 부천시 오정구청,032-625-7492,2026-02-25,3860000,경기도 부천시
씨에이이앤씨 주식회사,,경기도 부천시 오정구 고강동 338-16번지일원,37.523784,126.814724,건설폐기물,,,,300,2024,경기도 부천시 오정구청,032-625-7492,2026-02-25,3860000,경기도 부천시
씨에이이앤씨 주식회사,,경기도 부천시 오정구 고강동 338-16번지일원,37.523784,126.814724,건설폐기물,,,,500,2024,경기도 부천시 오정구청,032-625-7492,2026-02-25,3860000,경기도 부천시
주식회사 삼화토건,,경기도 부천시 오정구 원종동 136-4번지 외 11필지,37.523726,126.806186,건설폐기물,,,,500,2024,경기도 부천시 오정구청,032-625-7492,2026-02-25,3860000,경기도 부천시
주식회사 삼화토건,,경기도 부천시 오정구 원종동 136-4번지 외 11필지,37.523726,126.806186,건설폐기물,,,,200,2024,경기도 부천시 오정구청,032-625-7492,2026-02-25,3860000,경기도 부천시
신원종합개발(주),,경기도 부천시 오정구 고강동 307번지,37.525701,126.812590,건설폐기물,,,,750,2024,경기도 부천시 오정구청,032-625-7492,2026-02-25,3860000,경기도 부천시
신원종합개발(주),,경기도 부천시 오정구 고강동 307번지,37.525701,126.812590,건설폐기물,,,,500,2024,경기도 부천시 오정구청,032-625-7492,2026-02-25,3860000,경기도 부천시
신원종합개발(주),,경기도 부천시 오정구 고강동 307번지,37.525701,126.812590,건설폐기물,,,,1000,2024,경기도 부천시 오정구청,032-625-7492,2026-02-25,3860000,경기도 부천시
신성토건(주),,경기도 부천시 오정구 고강동 310-9외 6필지,37.531098,126.783454,건설폐기물,,,,800,2024,경기도 부천시 오정구청,032-625-7492,2026-02-25,3860000,경기도 부천시
신성토건(주),,경기도 부천시 오정구 고강동 310-9외 6필지,37.531098,126.783454,건설폐기물,,,,500,2024,경기도 부천시 오정구청,032-625-7492,2026-02-25,3860000,경기도 부천시
신성토건(주),,경기도 부천시 오정구 고강동 310-9외 6필지,37.531098,126.783454,건설폐기물,,,,200,2024,경기도 부천시 오정구청,032-625-7492,2026-02-25,3860000,경기도 부천시
신성토건(주),,경기도 부천시 오정구 고강동 310-9외 6필지,37.531098,126.783454,건설폐기물,,,,100,2024,경기도 부천시 오정구청,032-625-7492,2026-02-25,3860000,경기도 부천시
신성토건(주),,경기도 부천시 오정구 고강동 310-9외 6필지,37.531098,126.783454,건설폐기물,,,,1000,2024,경기도 부천시 오정구청,032-625-7492,2026-02-25,3860000,경기도 부천시
신성토건(주),,경기도 부천시 오정구 고강동 310-9외 6필지,37.531098,126.783454,건설폐기물,,,,50,2024,경기도 부천시 오정구청,032-625-7492,2026-02-25,3860000,경기도 부천시
신성토건(주),,경기도 부천시 오정구 고강동 310-9외 6필지,37.531098,126.783454,건설폐기물,,,,300,2024,경기도 부천시 오정구청,032-625-7492,2026-02-25,3860000,경기도 부천시
부천시청,,경기도 부천시 오정구 작동 산60-8 까치울정수장,37.50748118,126.8196624,건설폐기물,,,,466,2024,경기도 부천시 오정구청,032-625-7492,2026-02-25,3860000,경기도 부천시
부천시청,,경기도 부천시 오정구 작동 산60-8 까치울정수장,37.50748118,126.8196624,건설폐기물,,,,1651,2024,경기도 부천시 오정구청,032-625-7492,2026-02-25,3860000,경기도 부천시
씨제이대한통운(주),,경기도 부천시 오정구 삼정동 15-6외 2필지,37.5282081,126.7644734,건설폐기물,,,,3500,2024,경기도 부천시 오정구청,032-625-7492,2026-02-25,3860000,경기도 부천시
씨제이대한통운(주),,경기도 부천시 오정구 삼정동 15-6외 2필지,37.5282081,126.7644734,건설폐기물,,,,100,2024,경기도 부천시 오정구청,032-625-7492,2026-02-25,3860000,경기도 부천시
씨제이대한통운(주),,경기도 부천시 오정구 삼정동 15-6외 2필지,37.5282081,126.7644734,건설폐기물,,,,500,2024,경기도 부천시 오정구청,032-625-7492,2026-02-25,3860000,경기도 부천시
씨제이대한통운(주),,경기도 부천시 오정구 삼정동 15-6외 2필지,37.5282081,126.7644734,건설폐기물,,,,2500,2024,경기도 부천시 오정구청,032-625-7492,2026-02-25,3860000,경기도 부천시
신성토건(주),,경기도 부천시 오정구 오정동 140-5외 19필지,37.52357212,126.7967429,건설폐기물,,,,500,2024,경기도 부천시 오정구청,032-625-7492,2026-02-25,3860000,경기도 부천시
신성토건(주),,경기도 부천시 오정구 오정동 140-5외 19필지,37.52357212,126.7967429,건설폐기물,,,,100,2024,경기도 부천시 오정구청,032-625-7492,2026-02-25,3860000,경기도 부천시
신성토건(주),,경기도 부천시 오정구 오정동 140-5외 19필지,37.52357212,126.7967429,건설폐기물,,,,1000,2024,경기도 부천시 오정구청,032-625-7492,2026-02-25,3860000,경기도 부천시
신성토건(주),,경기도 부천시 오정구 오정동 140-5외 19필지,37.52357212,126.7967429,건설폐기물,,,,2000,2024,경기도 부천시 오정구청,032-625-7492,2026-02-25,3860000,경기도 부천시
신성토건(주),,경기도 부천시 오정구 오정동 140-5외 19필지,37.52357212,126.7967429,건설폐기물,,,,300,2024,경기도 부천시 오정구청,032-625-7492,2026-02-25,3860000,경기도 부천시
신성토건(주),,경기도 부천시 오정구 오정동 140-5외 19필지,37.52357212,126.7967429,건설폐기물,,,,200,2024,경기도 부천시 오정구청,032-625-7492,2026-02-25,3860000,경기도 부천시
일성건설(주),경기도 부천시 오정구 소사로 838-15 (원종동_ 욱일아파트),경기도 부천시 오정구 원종동 69-18,37.53088949,126.8062759,건설폐기물,,,,500,2024,경기도 부천시 오정구청,032-625-7492,2026-02-25,3860000,경기도 부천시
일성건설(주),경기도 부천시 오정구 소사로 838-15 (원종동_ 욱일아파트),경기도 부천시 오정구 원종동 69-18,37.53088949,126.8062759,건설폐기물,,,,100,2024,경기도 부천시 오정구청,032-625-7492,2026-02-25,3860000,경기도 부천시
일성건설(주),경기도 부천시 오정구 소사로 838-15 (원종동_ 욱일아파트),경기도 부천시 오정구 원종동 69-18,37.53088949,126.8062759,건설폐기물,,,,200,2024,경기도 부천시 오정구청,032-625-7492,2026-02-25,3860000,경기도 부천시
일성건설(주),경기도 부천시 오정구 소사로 838-15 (원종동_ 욱일아파트),경기도 부천시 오정구 원종동 69-18,37.53088949,126.8062759,건설폐기물,,,,1000,2024,경기도 부천시 오정구청,032-625-7492,2026-02-25,3860000,경기도 부천시
신원종합개발(주),,경기도 부천시 오정구 고강동 307,37.52545394,126.8122477,건설폐기물,,,,1500,2024,경기도 부천시 오정구청,032-625-7492,2026-02-25,3860000,경기도 부천시
신원종합개발(주),,경기도 부천시 오정구 고강동 307,37.52545394,126.8122477,건설폐기물,,,,500,2024,경기도 부천시 오정구청,032-625-7492,2026-02-25,3860000,경기도 부천시
신원종합개발(주),,경기도 부천시 오정구 고강동 307,37.52545394,126.8122477,건설폐기물,,,,100,2024,경기도 부천시 오정구청,032-625-7492,2026-02-25,3860000,경기도 부천시
부천도시공사,,경기도 부천시 오정구 대장동 685-3 일원,37.53932075,126.7635325,건설폐기물,,,,1058,2024,경기도 부천시 오정구청,032-625-7492,2026-02-25,3860000,경기도 부천시
부천도시공사,,경기도 부천시 오정구 대장동 685-3 일원,37.53932075,126.7635325,건설폐기물,,,,7809,2024,경기도 부천시 오정구청,032-625-7492,2026-02-25,3860000,경기도 부천시
부천도시공사,,경기도 부천시 오정구 대장동 685-3 일원,37.53932075,126.7635325,건설폐기물,,,,1088,2024,경기도 부천시 오정구청,032-625-7492,2026-02-25,3860000,경기도 부천시
부천도시공사,,경기도 부천시 오정구 대장동 685-3 일원,37.53932075,126.7635325,건설폐기물,,,,50,2024,경기도 부천시 오정구청,032-625-7492,2026-02-25,3860000,경기도 부천시
부천도시공사,,경기도 부천시 오정구 대장동 685-3 일원,37.53932075,126.7635325,건설폐기물,,,,2522,2024,경기도 부천시 오정구청,032-625-7492,2026-02-25,3860000,경기도 부천시
(주)한국종합기술,경기도 부천시 오정구 삼작로 15 (삼정동),경기도 부천시 오정구 삼정동 363-2,37.52107171,126.7621747,건설폐기물,,,,500,2024,경기도 부천시 오정구청,032-625-7492,2026-02-25,3860000,경기도 부천시
티오피종합건설(주),,경기도 부천시 오정구 오정동 570-5 번지 외 1필지,37.52580132,126.786447,건설폐기물,,,,200,2024,경기도 부천시 오정구청,032-625-7492,2026-02-25,3860000,경기도 부천시
티오피종합건설(주),,경기도 부천시 오정구 오정동 570-5 번지 외 1필지,37.52580132,126.786447,건설폐기물,,,,300,2024,경기도 부천시 오정구청,032-625-7492,2026-02-25,3860000,경기도 부천시
티오피종합건설(주),,경기도 부천시 오정구 오정동 570-5 번지 외 1필지,37.52580132,126.786447,건설폐기물,,,,100,2024,경기도 부천시 오정구청,032-625-7492,2026-02-25,3860000,경기도 부천시
티오피종합건설(주),,경기도 부천시 오정구 오정동 570-5 번지 외 1필지,37.52580132,126.786447,건설폐기물,,,,500,2024,경기도 부천시 오정구청,032-625-7492,2026-02-25,3860000,경기도 부천시
티오피종합건설(주),,경기도 부천시 오정구 오정동 570-5 번지 외 1필지,37.52580132,126.786447,건설폐기물,,,,1500,2024,경기도 부천시 오정구청,032-625-7492,2026-02-25,3860000,경기도 부천시
에스지씨이앤씨 주식회사,경기도 부천시 오정구 길주로 691 (작동),경기도 부천시 오정구 작동 산 60-8,37.50748118,126.8196624,건설폐기물,,,,50,2024,경기도 부천시 오정구청,032-625-7492,2026-02-25,3860000,경기도 부천시
에스지씨이앤씨 주식회사,경기도 부천시 오정구 길주로 691 (작동),경기도 부천시 오정구 작동 산 60-8,37.50748118,126.8196624,건설폐기물,,,,100,2024,경기도 부천시 오정구청,032-625-7492,2026-02-25,3860000,경기도 부천시
(주)한국종합기술,경기도 부천시 오정구 삼작로 21_ GS파워 내 (삼정동),경기도 부천시 오정구 삼정동 363-3 GS파워 내,37.52161881,126.7646542,건설폐기물,,,,1500,2024,경기도 부천시 오정구청,032-625-7492,2026-02-25,3860000,경기도 부천시
(주)한국종합기술,경기도 부천시 오정구 삼작로 21_ GS파워 내 (삼정동),경기도 부천시 오정구 삼정동 363-3 GS파워 내,37.52161881,126.7646542,건설폐기물,,,,2000,2024,경기도 부천시 오정구청,032-625-7492,2026-02-25,3860000,경기도 부천시
(주)한국종합기술,경기도 부천시 오정구 삼작로 21_ GS파워 내 (삼정동),경기도 부천시 오정구 삼정동 363-3 GS파워 내,37.52161881,126.7646542,건설폐기물,,,,575,2024,경기도 부천시 오정구청,032-625-7492,2026-02-25,3860000,경기도 부천시
(주)한국종합기술,경기도 부천시 오정구 삼작로 21_ GS파워 내 (삼정동),경기도 부천시 오정구 삼정동 363-3 GS파워 내,37.52161881,126.7646542,건설폐기물,,,,10,2024,경기도 부천시 오정구청,032-625-7492,2026-02-25,3860000,경기도 부천시
(주)한국종합기술,경기도 부천시 오정구 삼작로 21_ GS파워 내 (삼정동),경기도 부천시 오정구 삼정동 363-3 GS파워 내,37.52161881,126.7646542,건설폐기물,,,,1000,2024,경기도 부천시 오정구청,032-625-7492,2026-02-25,3860000,경기도 부천시
주식회사 삼화토건,,경기도 부천시 오정구 원종동 335 외 8필지,37.53066354,126.8085014,건설폐기물,,,,500,2024,경기도 부천시 오정구청,032-625-7492,2026-02-25,3860000,경기도 부천시
주식회사 삼화토건,,경기도 부천시 오정구 원종동 335 외 8필지,37.53066354,126.8085014,건설폐기물,,,,100,2024,경기도 부천시 오정구청,032-625-7492,2026-02-25,3860000,경기도 부천시
부천도시공사,,경기도 부천시 오정구 대장동 685-3,37.53932075,126.7635325,건설폐기물,,,,400,2024,경기도 부천시 오정구청,032-625-7492,2026-02-25,3860000,경기도 부천시
네오시티(주),,경기도 부천시 오정구 오정동 712-1 일원,37.52337634,126.7946823,건설폐기물,,,,3146,2024,경기도 부천시 오정구청,032-625-7492,2026-02-25,3860000,경기도 부천시
네오시티(주),,경기도 부천시 오정구 오정동 712-1 일원,37.52337634,126.7946823,건설폐기물,,,,23178,2024,경기도 부천시 오정구청,032-625-7492,2026-02-25,3860000,경기도 부천시
네오시티(주),,경기도 부천시 오정구 오정동 712-1 일원,37.52337634,126.7946823,건설폐기물,,,,3805,2024,경기도 부천시 오정구청,032-625-7492,2026-02-25,3860000,경기도 부천시
네오시티(주),,경기도 부천시 오정구 오정동 712-1 일원,37.52337634,126.7946823,건설폐기물,,,,100,2024,경기도 부천시 오정구청,032-625-7492,2026-02-25,3860000,경기도 부천시
네오시티(주),,경기도 부천시 오정구 오정동 712-1 일원,37.52337634,126.7946823,건설폐기물,,,,7390,2024,경기도 부천시 오정구청,032-625-7492,2026-02-25,3860000,경기도 부천시
네오시티(주),,경기도 부천시 오정구 오정동 712-1 일원,37.52337634,126.7946823,건설폐기물,,,,13000,2024,경기도 부천시 오정구청,032-625-7492,2026-02-25,3860000,경기도 부천시
네오시티(주),,경기도 부천시 오정구 오정동 712-1 일원,37.52337634,126.7946823,건설폐기물,,,,12803,2024,경기도 부천시 오정구청,032-625-7492,2026-02-25,3860000,경기도 부천시
네오시티(주),,경기도 부천시 오정구 오정동 712-1 일원,37.52337634,126.7946823,건설폐기물,,,,7663,2024,경기도 부천시 오정구청,032-625-7492,2026-02-25,3860000,경기도 부천시
네오시티(주),,경기도 부천시 오정구 오정동 712-1 일원,37.52337634,126.7946823,건설폐기물,,,,7664,2024,경기도 부천시 오정구청,032-625-7492,2026-02-25,3860000,경기도 부천시
네오시티(주),,경기도 부천시 오정구 오정동 712-1 일원,37.52337634,126.7946823,건설폐기물,,,,600,2024,경기도 부천시 오정구청,032-625-7492,2026-02-25,3860000,경기도 부천시
네오시티(주),,경기도 부천시 오정구 오정동 712-1 일원,37.52337634,126.7946823,건설폐기물,,,,70857,2024,경기도 부천시 오정구청,032-625-7492,2026-02-25,3860000,경기도 부천시
네오시티(주),,경기도 부천시 오정구 오정동 712-1 일원,37.52337634,126.7946823,건설폐기물,,,,1902,2024,경기도 부천시 오정구청,032-625-7492,2026-02-25,3860000,경기도 부천시
네오시티(주),,경기도 부천시 오정구 오정동 712-1 일원,37.52337634,126.7946823,건설폐기물,,,,1903,2024,경기도 부천시 오정구청,032-625-7492,2026-02-25,3860000,경기도 부천시
계룡건설산업(주),경기도 부천시 오정구 원종로85번길 81 (원종동_ 공항연립),경기도 부천시 오정구 원종동 298-1,37.52767213,126.8092222,건설폐기물,,,,5000,2024,경기도 부천시 오정구청,032-625-7492,2026-02-25,3860000,경기도 부천시
계룡건설산업(주),경기도 부천시 오정구 원종로85번길 81 (원종동_ 공항연립),경기도 부천시 오정구 원종동 298-1,37.52767213,126.8092222,건설폐기물,,,,158,2024,경기도 부천시 오정구청,032-625-7492,2026-02-25,3860000,경기도 부천시
계룡건설산업(주),경기도 부천시 오정구 원종로85번길 81 (원종동_ 공항연립),경기도 부천시 오정구 원종동 298-1,37.52767213,126.8092222,건설폐기물,,,,500,2024,경기도 부천시 오정구청,032-625-7492,2026-02-25,3860000,경기도 부천시
계룡건설산업(주),경기도 부천시 오정구 원종로85번길 81 (원종동_ 공항연립),경기도 부천시 오정구 원종동 298-1,37.52767213,126.8092222,건설폐기물,,,,466,2024,경기도 부천시 오정구청,032-625-7492,2026-02-25,3860000,경기도 부천시
계룡건설산업(주),경기도 부천시 오정구 원종로85번길 81 (원종동_ 공항연립),경기도 부천시 오정구 원종동 298-1,37.52767213,126.8092222,건설폐기물,,,,100,2024,경기도 부천시 오정구청,032-625-7492,2026-02-25,3860000,경기도 부천시
계룡건설산업(주),경기도 부천시 오정구 원종로85번길 81 (원종동_ 공항연립),경기도 부천시 오정구 원종동 298-1,37.52767213,126.8092222,건설폐기물,,,,1000,2024,경기도 부천시 오정구청,032-625-7492,2026-02-25,3860000,경기도 부천시
계룡건설산업(주),경기도 부천시 오정구 원종로85번길 81 (원종동_ 공항연립),경기도 부천시 오정구 원종동 298-1,37.52767213,126.8092222,건설폐기물,,,,155.81,2024,경기도 부천시 오정구청,032-625-7492,2026-02-25,3860000,경기도 부천시
계룡건설산업(주),경기도 부천시 오정구 원종로85번길 81 (원종동_ 공항연립),경기도 부천시 오정구 원종동 298-1,37.52767213,126.8092222,건설폐기물,,,,2000,2024,경기도 부천시 오정구청,032-625-7492,2026-02-25,3860000,경기도 부천시
계룡건설산업(주),경기도 부천시 오정구 원종로85번길 81 (원종동_ 공항연립),경기도 부천시 오정구 원종동 298-1,37.52767213,126.8092222,건설폐기물,,,,13850.19,2024,경기도 부천시 오정구청,032-625-7492,2026-02-25,3860000,경기도 부천시
디엘이앤씨 주식회사,,경기도 부천시 오정구 오정동 42-3 일대 및 44-1 일대,37.53591408,126.7919665,건설폐기물,,,,20000,2024,경기도 부천시 오정구청,032-625-7492,2026-02-25,3860000,경기도 부천시
디엘이앤씨 주식회사,,경기도 부천시 오정구 오정동 42-3 일대 및 44-1 일대,37.53591408,126.7919665,건설폐기물,,,,1000,2024,경기도 부천시 오정구청,032-625-7492,2026-02-25,3860000,경기도 부천시
디엘이앤씨 주식회사,,경기도 부천시 오정구 오정동 42-3 일대 및 44-1 일대,37.53591408,126.7919665,건설폐기물,,,,1500,2024,경기도 부천시 오정구청,032-625-7492,2026-02-25,3860000,경기도 부천시
디엘이앤씨 주식회사,,경기도 부천시 오정구 오정동 42-3 일대 및 44-1 일대,37.53591408,126.7919665,건설폐기물,,,,3000,2024,경기도 부천시 오정구청,032-625-7492,2026-02-25,3860000,경기도 부천시
디엘이앤씨 주식회사,,경기도 부천시 오정구 오정동 42-3 일대 및 44-1 일대,37.53591408,126.7919665,건설폐기물,,,,100,2024,경기도 부천시 오정구청,032-625-7492,2026-02-25,3860000,경기도 부천시
디엘이앤씨 주식회사,,경기도 부천시 오정구 오정동 42-3 일대 및 44-1 일대,37.53591408,126.7919665,건설폐기물,,,,500,2024,경기도 부천시 오정구청,032-625-7492,2026-02-25,3860000,경기도 부천시
디엘이앤씨 주식회사,,경기도 부천시 오정구 오정동 42-3 일대 및 44-1 일대,37.53591408,126.7919665,건설폐기물,,,,520,2024,경기도 부천시 오정구청,032-625-7492,2026-02-25,3860000,경기도 부천시
디엘이앤씨 주식회사,,경기도 부천시 오정구 오정동 42-3 일대 및 44-1 일대,37.53591408,126.7919665,건설폐기물,,,,6000,2024,경기도 부천시 오정구청,032-625-7492,2026-02-25,3860000,경기도 부천시
(주)에이치제이중공업 건설부문,,경기도 부천시 오정구 오정동 613 일원,37.52362358,126.7875354,건설폐기물,,,,500,2024,경기도 부천시 오정구청,032-625-7492,2026-02-25,3860000,경기도 부천시
(주)에이치제이중공업 건설부문,,경기도 부천시 오정구 오정동 613 일원,37.52362358,126.7875354,건설폐기물,,,,150,2024,경기도 부천시 오정구청,032-625-7492,2026-02-25,3860000,경기도 부천시
(주)에이치제이중공업 건설부문,,경기도 부천시 오정구 오정동 613 일원,37.52362358,126.7875354,건설폐기물,,,,50,2024,경기도 부천시 오정구청,032-625-7492,2026-02-25,3860000,경기도 부천시
(주)에이치제이중공업 건설부문,,경기도 부천시 오정구 오정동 613 일원,37.52362358,126.7875354,건설폐기물,,,,2000,2024,경기도 부천시 오정구청,032-625-7492,2026-02-25,3860000,경기도 부천시
(주)에이치제이중공업 건설부문,,경기도 부천시 오정구 오정동 613 일원,37.52362358,126.7875354,건설폐기물,,,,20,2024,경기도 부천시 오정구청,032-625-7492,2026-02-25,3860000,경기도 부천시
(주)에이치제이중공업 건설부문,,경기도 부천시 오정구 오정동 613 일원,37.52362358,126.7875354,건설폐기물,,,,300,2024,경기도 부천시 오정구청,032-625-7492,2026-02-25,3860000,경기도 부천시
(주)에이치제이중공업 건설부문,,경기도 부천시 오정구 오정동 613 일원,37.52362358,126.7875354,건설폐기물,,,,60,2024,경기도 부천시 오정구청,032-625-7492,2026-02-25,3860000,경기도 부천시
(주)에이치제이중공업 건설부문,,경기도 부천시 오정구 오정동 613 일원,37.52362358,126.7875354,건설폐기물,,,,30,2024,경기도 부천시 오정구청,032-625-7492,2026-02-25,3860000,경기도 부천시
(주)에이치제이중공업 건설부문,,경기도 부천시 오정구 오정동 613 일원,37.52362358,126.7875354,건설폐기물,,,,100,2024,경기도 부천시 오정구청,032-625-7492,2026-02-25,3860000,경기도 부천시
(주)에이치제이중공업 건설부문,,경기도 부천시 오정구 오정동 613 일원,37.52362358,126.7875354,건설폐기물,,,,1200,2024,경기도 부천시 오정구청,032-625-7492,2026-02-25,3860000,경기도 부천시
(주)에이치제이중공업 건설부문,,경기도 부천시 오정구 오정동 613 일원,37.52362358,126.7875354,건설폐기물,,,,800,2024,경기도 부천시 오정구청,032-625-7492,2026-02-25,3860000,경기도 부천시
(주)에이치제이중공업 건설부문,,경기도 부천시 오정구 오정동 613 일원,37.52362358,126.7875354,건설폐기물,,,,200,2024,경기도 부천시 오정구청,032-625-7492,2026-02-25,3860000,경기도 부천시
한국전력공사 남서울인천건설지사,,경기도 부천시 오정구 오정동 345-3 일원,37.52930035,126.7779901,건설폐기물,,,,1360,2024,경기도 부천시 오정구청,032-625-7492,2026-02-25,3860000,경기도 부천시
한국전력공사 남서울인천건설지사,,경기도 부천시 오정구 오정동 345-3 일원,37.52930035,126.7779901,건설폐기물,,,,100,2024,경기도 부천시 오정구청,032-625-7492,2026-02-25,3860000,경기도 부천시
한국전력공사 남서울인천건설지사,,경기도 부천시 오정구 오정동 345-3 일원,37.52930035,126.7779901,건설폐기물,,,,501,2024,경기도 부천시 오정구청,032-625-7492,2026-02-25,3860000,경기도 부천시
한국전력공사 남서울인천건설지사,,경기도 부천시 오정구 오정동 345-3 일원,37.52930035,126.7779901,건설폐기물,,,,80,2024,경기도 부천시 오정구청,032-625-7492,2026-02-25,3860000,경기도 부천시
일신건영(주),,경기도 부천시 오정구 원종동 101-2,37.53158238,126.8013005,건설폐기물,,,,100,2025,경기도 부천시 오정구청,032-625-7492,2026-02-25,3860000,경기도 부천시
일신건영(주),,경기도 부천시 오정구 원종동 101-2,37.53158238,126.8013005,건설폐기물,,,,500,2025,경기도 부천시 오정구청,032-625-7492,2026-02-25,3860000,경기도 부천시
일신건영(주),,경기도 부천시 오정구 원종동 101-2,37.53158238,126.8013005,건설폐기물,,,,1000,2025,경기도 부천시 오정구청,032-625-7492,2026-02-25,3860000,경기도 부천시
티오피종합건설(주),,경기도 부천시 오정구 고강동 419-2 외 13필지,37.52448617,126.8237074,건설폐기물,,,,400,2025,경기도 부천시 오정구청,032-625-7492,2026-02-25,3860000,경기도 부천시
티오피종합건설(주),,경기도 부천시 오정구 고강동 419-2 외 13필지,37.52448617,126.8237074,건설폐기물,,,,100,2025,경기도 부천시 오정구청,032-625-7492,2026-02-25,3860000,경기도 부천시
티오피종합건설(주),,경기도 부천시 오정구 고강동 419-2 외 13필지,37.52448617,126.8237074,건설폐기물,,,,500,2025,경기도 부천시 오정구청,032-625-7492,2026-02-25,3860000,경기도 부천시
티오피종합건설(주),,경기도 부천시 오정구 고강동 419-2 외 13필지,37.52448617,126.8237074,건설폐기물,,,,1500,2025,경기도 부천시 오정구청,032-625-7492,2026-02-25,3860000,경기도 부천시
광혁건설(주),경기도 부천시 오정구 가로공원로 46_ 일원 (고강동),경기도 부천시 오정구 고강동 237-4 일원,37.5334619,126.8208177,건설폐기물,,,,1000,2025,경기도 부천시 오정구청,032-625-7492,2026-02-25,3860000,경기도 부천시
광혁건설(주),경기도 부천시 오정구 가로공원로 46_ 일원 (고강동),경기도 부천시 오정구 고강동 237-4 일원,37.5334619,126.8208177,건설폐기물,,,,1200,2025,경기도 부천시 오정구청,032-625-7492,2026-02-25,3860000,경기도 부천시
서서울고속도로(주),경기도 부천시 오정구 역곡로 531_ 일원 (고강동),경기도 부천시 오정구 고강동 275-11 일원,37.5324198,126.815192,건설폐기물,,,,1381.5,2025,경기도 부천시 오정구청,032-625-7492,2026-02-25,3860000,경기도 부천시
남광건설(주),,경기도 부천시 오정구 오정동 139,37.52632299,126.7979131,건설폐기물,,,,500,2025,경기도 부천시 오정구청,032-625-7492,2026-02-25,3860000,경기도 부천시
남광건설(주),,경기도 부천시 오정구 오정동 139,37.52632299,126.7979131,건설폐기물,,,,250,2025,경기도 부천시 오정구청,032-625-7492,2026-02-25,3860000,경기도 부천시
티오피종합건설(주),,경기도 부천시 오정구 고강동 292-3 외 1필지,37.52786398,126.8118791,건설폐기물,,,,300,2025,경기도 부천시 오정구청,032-625-7492,2026-02-25,3860000,경기도 부천시
티오피종합건설(주),,경기도 부천시 오정구 고강동 292-3 외 1필지,37.52786398,126.8118791,건설폐기물,,,,200,2025,경기도 부천시 오정구청,032-625-7492,2026-02-25,3860000,경기도 부천시
티오피종합건설(주),,경기도 부천시 오정구 고강동 292-3 외 1필지,37.52786398,126.8118791,건설폐기물,,,,100,2025,경기도 부천시 오정구청,032-625-7492,2026-02-25,3860000,경기도 부천시
티오피종합건설(주),,경기도 부천시 오정구 고강동 292-3 외 1필지,37.52786398,126.8118791,건설폐기물,,,,500,2025,경기도 부천시 오정구청,032-625-7492,2026-02-25,3860000,경기도 부천시
(주)미래도시건설,경기도 부천시 오정구 소사로 639 (여월동_ 여월휴먼시아),경기도 부천시 오정구 여월동 296,37.51497686,126.7987564,건설폐기물,,,,10,2025,경기도 부천시 오정구청,032-625-7492,2026-02-25,3860000,경기도 부천시
(주)미래도시건설,경기도 부천시 오정구 소사로 639 (여월동_ 여월휴먼시아),경기도 부천시 오정구 여월동 296,37.51497686,126.7987564,건설폐기물,,,,40,2025,경기도 부천시 오정구청,032-625-7492,2026-02-25,3860000,경기도 부천시
한국토지주택공사 인천지역본부,,경기도 부천시 오정구 오정동 61-2,37.53270324,126.7896058,건설폐기물,,,,4117,2025,경기도 부천시 오정구청,032-625-7492,2026-02-25,3860000,경기도 부천시
한국토지주택공사 인천지역본부,,경기도 부천시 오정구 원종동 90-4 일원,37.53608176,126.7959409,건설폐기물,,,,15,2025,경기도 부천시 오정구청,032-625-7492,2026-02-25,3860000,경기도 부천시
한국토지주택공사 인천지역본부,,경기도 부천시 오정구 원종동 90-4 일원,37.53608176,126.7959409,건설폐기물,,,,47,2025,경기도 부천시 오정구청,032-625-7492,2026-02-25,3860000,경기도 부천시
한국토지주택공사 인천지역본부,,경기도 부천시 오정구 원종동 90-4 일원,37.53608176,126.7959409,건설폐기물,,,,43,2025,경기도 부천시 오정구청,032-625-7492,2026-02-25,3860000,경기도 부천시
주식회사 한국가스기술공사,경기도 부천시 오정구 삼작로 15 (삼정동),경기도 부천시 오정구 삼정동 363-2,37.52107171,126.7621747,건설폐기물,,,,50,2025,경기도 부천시 오정구청,032-625-7492,2026-02-25,3860000,경기도 부천시
주식회사 한국가스기술공사,경기도 부천시 오정구 삼작로 15 (삼정동),경기도 부천시 오정구 삼정동 363-2,37.52107171,126.7621747,건설폐기물,,,,6,2025,경기도 부천시 오정구청,032-625-7492,2026-02-25,3860000,경기도 부천시
주식회사 한국가스기술공사,경기도 부천시 오정구 삼작로 15 (삼정동),경기도 부천시 오정구 삼정동 363-2,37.52107171,126.7621747,건설폐기물,,,,3,2025,경기도 부천시 오정구청,032-625-7492,2026-02-25,3860000,경기도 부천시
주식회사 한국가스기술공사,경기도 부천시 오정구 삼작로 15 (삼정동),경기도 부천시 오정구 삼정동 363-2,37.52107171,126.7621747,건설폐기물,,,,10,2025,경기도 부천시 오정구청,032-625-7492,2026-02-25,3860000,경기도 부천시
주식회사 한국가스기술공사,경기도 부천시 오정구 삼작로 15 (삼정동),경기도 부천시 오정구 삼정동 363-2,37.52107171,126.7621747,건설폐기물,,,,2,2025,경기도 부천시 오정구청,032-625-7492,2026-02-25,3860000,경기도 부천시
주식회사 한국가스기술공사,경기도 부천시 오정구 삼작로 15 (삼정동),경기도 부천시 오정구 삼정동 363-2,37.52107171,126.7621747,건설폐기물,,,,5,2025,경기도 부천시 오정구청,032-625-7492,2026-02-25,3860000,경기도 부천시
주식회사 한국가스기술공사,경기도 부천시 오정구 삼작로 15 (삼정동),경기도 부천시 오정구 삼정동 363-2,37.52107171,126.7621747,건설폐기물,,,,52,2025,경기도 부천시 오정구청,032-625-7492,2026-02-25,3860000,경기도 부천시
부천교육지원청,경기도 부천시 오정구 역곡로324번길 14_ 까치울초등학교 (작동),경기도 부천시 오정구 작동 125-6 까치울초등학교,37.51376391,126.8141972,건설폐기물,,,,29,2025,경기도 부천시 오정구청,032-625-7492,2026-02-25,3860000,경기도 부천시
부천교육지원청,경기도 부천시 오정구 역곡로324번길 14_ 까치울초등학교 (작동),경기도 부천시 오정구 작동 125-6 까치울초등학교,37.51376391,126.8141972,건설폐기물,,,,1,2025,경기도 부천시 오정구청,032-625-7492,2026-02-25,3860000,경기도 부천시
부천교육지원청,경기도 부천시 오정구 역곡로324번길 14_ 까치울초등학교 (작동),경기도 부천시 오정구 작동 125-6 까치울초등학교,37.51376391,126.8141972,건설폐기물,,,,32,2025,경기도 부천시 오정구청,032-625-7492,2026-02-25,3860000,경기도 부천시
부천교육지원청,경기도 부천시 오정구 역곡로324번길 14_ 까치울초등학교 (작동),경기도 부천시 오정구 작동 125-6 까치울초등학교,37.51376391,126.8141972,건설폐기물,,,,335,2025,경기도 부천시 오정구청,032-625-7492,2026-02-25,3860000,경기도 부천시
씨에이이앤씨(주),,경기도 부천시 오정구 원종동 276-2,37.52465394,126.8065565,건설폐기물,,,,500,2025,경기도 부천시 오정구청,032-625-7492,2026-02-25,3860000,경기도 부천시
씨에이이앤씨(주),,경기도 부천시 오정구 원종동 276-2,37.52465394,126.8065565,건설폐기물,,,,100,2025,경기도 부천시 오정구청,032-625-7492,2026-02-25,3860000,경기도 부천시
씨에이이앤씨(주),,경기도 부천시 오정구 원종동 276-2,37.52465394,126.8065565,건설폐기물,,,,300,2025,경기도 부천시 오정구청,032-625-7492,2026-02-25,3860000,경기도 부천시
씨에이이앤씨(주),,경기도 부천시 오정구 원종동 276-2,37.52465394,126.8065565,건설폐기물,,,,200,2025,경기도 부천시 오정구청,032-625-7492,2026-02-25,3860000,경기도 부천시
씨에이이앤씨(주),,경기도 부천시 오정구 원종동 276-2,37.52465394,126.8065565,건설폐기물,,,,1000,2025,경기도 부천시 오정구청,032-625-7492,2026-02-25,3860000,경기도 부천시
씨에이이앤씨(주),,경기도 부천시 오정구 원종동 276-2,37.52465394,126.8065565,건설폐기물,,,,2000,2025,경기도 부천시 오정구청,032-625-7492,2026-02-25,3860000,경기도 부천시
한국토지주택공사 인천지역본부,,경기도 부천시 오정구 원종동 90-4,37.53608176,126.7959409,건설폐기물,,,,233.89,2025,경기도 부천시 오정구청,032-625-7492,2026-02-25,3860000,경기도 부천시
한국토지주택공사 인천지역본부,,경기도 부천시 오정구 원종동 90-4,37.53608176,126.7959409,건설폐기물,,,,20,2025,경기도 부천시 오정구청,032-625-7492,2026-02-25,3860000,경기도 부천시
한국토지주택공사 인천지역본부,,경기도 부천시 오정구 원종동 90-4,37.53608176,126.7959409,건설폐기물,,,,341.82,2025,경기도 부천시 오정구청,032-625-7492,2026-02-25,3860000,경기도 부천시
한국토지주택공사 인천지역본부,,경기도 부천시 오정구 원종동 90-4,37.53608176,126.7959409,건설폐기물,,,,5036.71,2025,경기도 부천시 오정구청,032-625-7492,2026-02-25,3860000,경기도 부천시
주식회사 인왕종합건설,경기도 부천시 오정구 성곡로48번길 17-7_ 외 6필지 (여월동),경기도 부천시 오정구 여월동 7-60 외 6필지,37.51889401,126.8003745,건설폐기물,,,,50,2025,경기도 부천시 오정구청,032-625-7492,2026-02-25,3860000,경기도 부천시
주식회사 KHPT,경기도 부천시 오정구 삼작로 21_ 일대(Erection Tank 공사부지) (삼정동),경기도 부천시 오정구 삼정동 363-3 일대(Erection Tank 공사부지),37.52161881,126.7646542,건설폐기물,,,,500,2025,경기도 부천시 오정구청,032-625-7492,2026-02-25,3860000,경기도 부천시
과학기술정보통신부 우정사업본부 우정사업조달센터,경기도 부천시 오정구 오정로211번길 40 (오정동),경기도 부천시 오정구 오정동 384,37.52949525,126.7825535,건설폐기물,,,,684,2025,경기도 부천시 오정구청,032-625-7492,2026-02-25,3860000,경기도 부천시
우정사업본부 우정사업조달센터,경기도 부천시 오정구 오정로211번길 40_ 부천우편집중국 (오정동),경기도 부천시 오정구 오정동 384 부천우편집중국,37.52949525,126.7825535,건설폐기물,,,,188,2025,경기도 부천시 오정구청,032-625-7492,2026-02-25,3860000,경기도 부천시
우정사업본부 우정사업조달센터,경기도 부천시 오정구 오정로211번길 40_ 부천우편집중국 (오정동),경기도 부천시 오정구 오정동 384 부천우편집중국,37.52949525,126.7825535,건설폐기물,,,,1010,2025,경기도 부천시 오정구청,032-625-7492,2026-02-25,3860000,경기도 부천시
우정사업본부 우정사업조달센터,경기도 부천시 오정구 오정로211번길 40_ 부천우편집중국 (오정동),경기도 부천시 오정구 오정동 384 부천우편집중국,37.52949525,126.7825535,건설폐기물,,,,94,2025,경기도 부천시 오정구청,032-625-7492,2026-02-25,3860000,경기도 부천시
우정사업본부 우정사업조달센터,경기도 부천시 오정구 오정로211번길 40_ 부천우편집중국 (오정동),경기도 부천시 오정구 오정동 384 부천우편집중국,37.52949525,126.7825535,건설폐기물,,,,443,2025,경기도 부천시 오정구청,032-625-7492,2026-02-25,3860000,경기도 부천시
우정사업본부 우정사업조달센터,경기도 부천시 오정구 오정로211번길 40_ 부천우편집중국 (오정동),경기도 부천시 오정구 오정동 384 부천우편집중국,37.52949525,126.7825535,건설폐기물,,,,83,2025,경기도 부천시 오정구청,032-625-7492,2026-02-25,3860000,경기도 부천시
주식회사 귀뚜라미 범양냉방,경기도 부천시 오정구 삼작로 21_ 일대(열병합발전소 현장 내 냉각탑 설치공사 구역) (삼정동),경기도 부천시 오정구 삼정동 363-3 일대(열병합발전소 현장 내 냉각탑 설치공사 구역),37.52161881,126.7646542,건설폐기물,,,,100,2025,경기도 부천시 오정구청,032-625-7492,2026-02-25,3860000,경기도 부천시
주식회사 귀뚜라미 범양냉방,경기도 부천시 오정구 삼작로 21_ 일대(열병합발전소 현장 내 냉각탑 설치공사 구역) (삼정동),경기도 부천시 오정구 삼정동 363-3 일대(열병합발전소 현장 내 냉각탑 설치공사 구역),37.52161881,126.7646542,건설폐기물,,,,500,2025,경기도 부천시 오정구청,032-625-7492,2026-02-25,3860000,경기도 부천시
주식회사 삼화토건,,경기도 부천시 오정구 원종동 135-2,37.5263041,126.8027251,건설폐기물,,,,500,2025,경기도 부천시 오정구청,032-625-7492,2026-02-25,3860000,경기도 부천시
주식회사 삼화토건,,경기도 부천시 오정구 원종동 135-2,37.5263041,126.8027251,건설폐기물,,,,100,2025,경기도 부천시 오정구청,032-625-7492,2026-02-25,3860000,경기도 부천시
주식회사 삼화토건,,경기도 부천시 오정구 원종동 135-2,37.5263041,126.8027251,건설폐기물,,,,200,2025,경기도 부천시 오정구청,032-625-7492,2026-02-25,3860000,경기도 부천시
신흥산업(주),,경기도 부천시 오정구 삼정동 60-22,37.52830424,126.7665603,건설폐기물,,,,100,2025,경기도 부천시 오정구청,032-625-7492,2026-02-25,3860000,경기도 부천시
신흥산업(주),,경기도 부천시 오정구 삼정동 60-22,37.52830424,126.7665603,건설폐기물,,,,50,2025,경기도 부천시 오정구청,032-625-7492,2026-02-25,3860000,경기도 부천시
우원개발(주),,경기도 부천시 오정구 작동 149_ 작동 산 60-10_ 작동 155-2,37.51300517,126.8217966,건설폐기물,,,,30,2025,경기도 부천시 오정구청,032-625-7492,2026-02-25,3860000,경기도 부천시
우원개발(주),,경기도 부천시 오정구 작동 149_ 작동 산 60-10_ 작동 155-2,37.51300517,126.8217966,건설폐기물,,,,200,2025,경기도 부천시 오정구청,032-625-7492,2026-02-25,3860000,경기도 부천시
(주)금화정수,경기도 부천시 오정구 삼작로 22 (GS발전소 현장 내 수/폐수 처리시설 현장),경기도 부천시 오정구 삼정동 364,37.51902036,126.7623313,건설폐기물,,,,500,2025,경기도 부천시 오정구청,032-625-7492,2026-02-25,3860000,경기도 부천시
(주)금화정수,경기도 부천시 오정구 삼작로 22 (GS발전소 현장 내 수/폐수 처리시설 현장),경기도 부천시 오정구 삼정동 364,37.51902036,126.7623313,건설폐기물,,,,1000,2025,경기도 부천시 오정구청,032-625-7492,2026-02-25,3860000,경기도 부천시
서림종합건설(주),,경기도 부천시 오정구 삼정동 271-22,37.522030,126.7711034,건설폐기물,,,,1000,2025,경기도 부천시 오정구청,032-625-7492,2026-02-25,3860000,경기도 부천시
서림종합건설(주),,경기도 부천시 오정구 삼정동 271-22,37.522030,126.7711034,건설폐기물,,,,2000,2025,경기도 부천시 오정구청,032-625-7492,2026-02-25,3860000,경기도 부천시
(주)케이티클라우드,경기도 부천시 오정구 송내대로518번길 54,경기도 부천시 오정구 삼정동 13-28,37.52911631,126.7645434,건설폐기물,,,,100,2025,경기도 부천시 오정구청,032-625-7492,2026-02-25,3860000,경기도 부천시
(주)케이티클라우드,경기도 부천시 오정구 송내대로518번길 54,경기도 부천시 오정구 삼정동 13-28,37.52911631,126.7645434,건설폐기물,,,,900,2025,경기도 부천시 오정구청,032-625-7492,2026-02-25,3860000,경기도 부천시
씨제이대한통운(주),,경기도 부천시 오정구 삼정동 371,37.53414289,126.7623844,건설폐기물,,,,3500,2025,경기도 부천시 오정구청,032-625-7492,2026-02-25,3860000,경기도 부천시
씨제이대한통운(주),,경기도 부천시 오정구 삼정동 371,37.53414289,126.7623844,건설폐기물,,,,500,2025,경기도 부천시 오정구청,032-625-7492,2026-02-25,3860000,경기도 부천시
씨제이대한통운(주),,경기도 부천시 오정구 삼정동 371,37.53414289,126.7623844,건설폐기물,,,,200,2025,경기도 부천시 오정구청,032-625-7492,2026-02-25,3860000,경기도 부천시
씨제이대한통운(주),,경기도 부천시 오정구 삼정동 371,37.53414289,126.7623844,건설폐기물,,,,300,2025,경기도 부천시 오정구청,032-625-7492,2026-02-25,3860000,경기도 부천시
씨제이대한통운(주),,경기도 부천시 오정구 삼정동 371,37.53414289,126.7623844,건설폐기물,,,,1000,2025,경기도 부천시 오정구청,032-625-7492,2026-02-25,3860000,경기도 부천시
씨제이대한통운(주),,경기도 부천시 오정구 삼정동 371,37.53414289,126.7623844,건설폐기물,,,,1500,2025,경기도 부천시 오정구청,032-625-7492,2026-02-25,3860000,경기도 부천시
창희건설산업(주),경기도 부천시 오정구 고리울로52번길 5 (고강동_ 삼우아파트),경기도 부천시 오정구 고강동 396,37.5266406,126.8221741,건설폐기물,,,,250,2025,경기도 부천시 오정구청,032-625-7492,2026-02-25,3860000,경기도 부천시
창희건설산업(주),경기도 부천시 오정구 고리울로52번길 5 (고강동_ 삼우아파트),경기도 부천시 오정구 고강동 396,37.5266406,126.8221741,건설폐기물,,,,10000,2025,경기도 부천시 오정구청,032-625-7492,2026-02-25,3860000,경기도 부천시
창희건설산업(주),경기도 부천시 오정구 고리울로52번길 5 (고강동_ 삼우아파트),경기도 부천시 오정구 고강동 396,37.5266406,126.8221741,건설폐기물,,,,2000,2025,경기도 부천시 오정구청,032-625-7492,2026-02-25,3860000,경기도 부천시
창희건설산업(주),경기도 부천시 오정구 고리울로52번길 5 (고강동_ 삼우아파트),경기도 부천시 오정구 고강동 396,37.5266406,126.8221741,건설폐기물,,,,100,2025,경기도 부천시 오정구청,032-625-7492,2026-02-25,3860000,경기도 부천시
창희건설산업(주),경기도 부천시 오정구 고리울로52번길 5 (고강동_ 삼우아파트),경기도 부천시 오정구 고강동 396,37.5266406,126.8221741,건설폐기물,,,,1000,2025,경기도 부천시 오정구청,032-625-7492,2026-02-25,3860000,경기도 부천시
아전이엔씨(주),,경기도 부천시 오정구 오정동 736-1,37.53307547,126.7808064,건설폐기물,,,,100,2025,경기도 부천시 오정구청,032-625-7492,2026-02-25,3860000,경기도 부천시
아전이엔씨(주),,경기도 부천시 오정구 오정동 736-1,37.53307547,126.7808064,건설폐기물,,,,500,2025,경기도 부천시 오정구청,032-625-7492,2026-02-25,3860000,경기도 부천시
아전이엔씨(주),,경기도 부천시 오정구 오정동 736-1,37.53307547,126.7808064,건설폐기물,,,,50,2025,경기도 부천시 오정구청,032-625-7492,2026-02-25,3860000,경기도 부천시
아전이엔씨(주),,경기도 부천시 오정구 오정동 736-1,37.53307547,126.7808064,건설폐기물,,,,1000,2025,경기도 부천시 오정구청,032-625-7492,2026-02-25,3860000,경기도 부천시
아전이엔씨(주),,경기도 부천시 오정구 오정동 736-1,37.53307547,126.7808064,건설폐기물,,,,300,2025,경기도 부천시 오정구청,032-625-7492,2026-02-25,3860000,경기도 부천시
아전이엔씨(주),,경기도 부천시 오정구 오정동 736-1,37.53307547,126.7808064,건설폐기물,,,,400,2025,경기도 부천시 오정구청,032-625-7492,2026-02-25,3860000,경기도 부천시
아전이엔씨(주),,경기도 부천시 오정구 오정동 736-1,37.53307547,126.7808064,건설폐기물,,,,200,2025,경기도 부천시 오정구청,032-625-7492,2026-02-25,3860000,경기도 부천시
(주)에이치제이중공업,,경기도 부천시 오정구 오정동 139-2,37.52568244,126.7982134,건설폐기물,,,,500,2025,경기도 부천시 오정구청,032-625-7492,2026-02-25,3860000,경기도 부천시
(주)에이치제이중공업,,경기도 부천시 오정구 오정동 139-2,37.52568244,126.7982134,건설폐기물,,,,300,2025,경기도 부천시 오정구청,032-625-7492,2026-02-25,3860000,경기도 부천시
(주)에이치제이중공업,,경기도 부천시 오정구 오정동 139-2,37.52568244,126.7982134,건설폐기물,,,,100,2025,경기도 부천시 오정구청,032-625-7492,2026-02-25,3860000,경기도 부천시
(주)에이치제이중공업,,경기도 부천시 오정구 오정동 139-2,37.52568244,126.7982134,건설폐기물,,,,200,2025,경기도 부천시 오정구청,032-625-7492,2026-02-25,3860000,경기도 부천시
(주)에이치제이중공업,,경기도 부천시 오정구 오정동 139-5외 12필지,37.52547641,126.7989178,건설폐기물,,,,500,2025,경기도 부천시 오정구청,032-625-7492,2026-02-25,3860000,경기도 부천시
(주)에이치제이중공업,,경기도 부천시 오정구 오정동 139-5외 12필지,37.52547641,126.7989178,건설폐기물,,,,300,2025,경기도 부천시 오정구청,032-625-7492,2026-02-25,3860000,경기도 부천시
(주)에이치제이중공업,,경기도 부천시 오정구 오정동 139-5외 12필지,37.52547641,126.7989178,건설폐기물,,,,100,2025,경기도 부천시 오정구청,032-625-7492,2026-02-25,3860000,경기도 부천시
(주)에이치제이중공업,,경기도 부천시 오정구 오정동 139-5외 12필지,37.52547641,126.7989178,건설폐기물,,,,200,2025,경기도 부천시 오정구청,032-625-7492,2026-02-25,3860000,경기도 부천시
광영이앤씨(주),경기도 부천시 오정구 석천로 457 (삼정동),경기도 부천시 오정구 삼정동 52-6,37.52721127,126.7693761,건설폐기물,,,,2000,2025,경기도 부천시 오정구청,032-625-7492,2026-02-25,3860000,경기도 부천시
한국가스공사 서울지역본부,경기도 부천시 오정구 벌말로 96 (대장동),경기도 부천시 오정구 대장동 685,37.53989982,126.7637493,건설폐기물,,,,12.78,2025,경기도 부천시 오정구청,032-625-7492,2026-02-25,3860000,경기도 부천시
한국가스공사 서울지역본부,경기도 부천시 오정구 벌말로 96 (대장동),경기도 부천시 오정구 대장동 685,37.53989982,126.7637493,건설폐기물,,,,910.156,2025,경기도 부천시 오정구청,032-625-7492,2026-02-25,3860000,경기도 부천시
한국가스공사 서울지역본부,경기도 부천시 오정구 벌말로 96 (대장동),경기도 부천시 오정구 대장동 685,37.53989982,126.7637493,건설폐기물,,,,60.813,2025,경기도 부천시 오정구청,032-625-7492,2026-02-25,3860000,경기도 부천시
엘에스종합건설 주식회사,경기도 부천시 오정구 삼작로 21 (삼정동) 내 수폐수 처리시설 건축공사 부지,경기도 부천시 오정구 삼정동 363-3,37.52161881,126.7646542,건설폐기물,,,,500,2025,경기도 부천시 오정구청,032-625-7492,2026-02-25,3860000,경기도 부천시
부광산업개발(주),경기도 부천시 오정구 수도로163번길 38 (내동),경기도 부천시 오정구 내동 272,37.51991892,126.7838041,건설폐기물,,,,30,2025,경기도 부천시 오정구청,032-625-7492,2026-02-25,3860000,경기도 부천시
부광산업개발(주),경기도 부천시 오정구 수도로163번길 38 (내동),경기도 부천시 오정구 내동 272,37.51991892,126.7838041,건설폐기물,,,,1100,2025,경기도 부천시 오정구청,032-625-7492,2026-02-25,3860000,경기도 부천시
소백건설(주),경기도 부천시 오정구 신흥로437번길 27 (삼정동),경기도 부천시 오정구 삼정동 201,37.52248381,126.7743197,건설폐기물,,,,100,2025,경기도 부천시 오정구청,032-625-7492,2026-02-25,3860000,경기도 부천시
소백건설(주),경기도 부천시 오정구 신흥로437번길 27 (삼정동),경기도 부천시 오정구 삼정동 201,37.52248381,126.7743197,건설폐기물,,,,500,2025,경기도 부천시 오정구청,032-625-7492,2026-02-25,3860000,경기도 부천시
(주)대영엔씨디,경기도 부천시 오정구 석천로 465 (삼정동),경기도 부천시 오정구 삼정동 60-9,37.52840085,126.767899,건설폐기물,,,,25,2025,경기도 부천시 오정구청,032-625-7492,2026-02-25,3860000,경기도 부천시
(주)대영엔씨디,경기도 부천시 오정구 석천로 465 (삼정동),경기도 부천시 오정구 삼정동 60-9,37.52840085,126.767899,건설폐기물,,,,400,2025,경기도 부천시 오정구청,032-625-7492,2026-02-25,3860000,경기도 부천시
서우건설(주),경기도 부천시 오정구 까치로74번길 55-15 (작동),경기도 부천시 오정구 작동 112-20,37.51339761,126.8094791,건설폐기물,,,,50,2025,경기도 부천시 오정구청,032-625-7492,2026-02-25,3860000,경기도 부천시
서우건설(주),경기도 부천시 오정구 까치로74번길 55-15 (작동),경기도 부천시 오정구 작동 112-20,37.51339761,126.8094791,건설폐기물,,,,25,2025,경기도 부천시 오정구청,032-625-7492,2026-02-25,3860000,경기도 부천시
(주)신덕종합건설,경기도 부천시 오정구 까치로 70 (작동),경기도 부천시 오정구 작동 102,37.51275538,126.8073103,건설폐기물,,,,100,2025,경기도 부천시 오정구청,032-625-7492,2026-02-25,3860000,경기도 부천시
(주)신덕종합건설,경기도 부천시 오정구 까치로 70 (작동),경기도 부천시 오정구 작동 102,37.51275538,126.8073103,건설폐기물,,,,50,2025,경기도 부천시 오정구청,032-625-7492,2026-02-25,3860000,경기도 부천시
(주)신덕종합건설,경기도 부천시 오정구 까치로 70 (작동),경기도 부천시 오정구 작동 102,37.51275538,126.8073103,건설폐기물,,,,200,2025,경기도 부천시 오정구청,032-625-7492,2026-02-25,3860000,경기도 부천시
신흥산업(주),경기도 부천시 오정구 삼작로107번길 52 (삼정동),경기도 부천시 오정구 삼정동 204,37.52249985,126.7734298,건설폐기물,,,,100,2025,경기도 부천시 오정구청,032-625-7492,2026-02-25,3860000,경기도 부천시
(주)건우종합건설,,경기도 부천시 오정구 삼정동 313-23,37.51585592,126.7710725,건설폐기물,,,,80,2025,경기도 부천시 오정구청,032-625-7492,2026-02-25,3860000,경기도 부천시
(주)건우종합건설,,경기도 부천시 오정구 삼정동 313-23,37.51585592,126.7710725,건설폐기물,,,,100,2025,경기도 부천시 오정구청,032-625-7492,2026-02-25,3860000,경기도 부천시
주식회사 미래종합건설,경기도 부천시 오정구 성곡로57번길 25_ 부천여월중학교 (여월동),경기도 부천시 오정구 여월동 68 부천여월중학교,37.51726278,126.7972231,건설폐기물,,,,6,2025,경기도 부천시 오정구청,032-625-7492,2026-02-25,3860000,경기도 부천시
여월휴먼시아3단지아파트,경기도 부천시 오정구 길주로573번길 37 (여월동_ 여월휴먼시아3단지아파트),경기도 부천시 오정구 여월동 340,37.50981972,126.8042901,건설폐기물,,,,1.8,2025,경기도 부천시 오정구청,032-625-7492,2026-02-25,3860000,경기도 부천시
여월휴먼시아3단지아파트,경기도 부천시 오정구 길주로573번길 37 (여월동_ 여월휴먼시아3단지아파트),경기도 부천시 오정구 여월동 340,37.50981972,126.8042901,건설폐기물,,,,337.4,2025,경기도 부천시 오정구청,032-625-7492,2026-02-25,3860000,경기도 부천시
여월휴먼시아3단지아파트,경기도 부천시 오정구 길주로573번길 37 (여월동_ 여월휴먼시아3단지아파트),경기도 부천시 오정구 여월동 340,37.50981972,126.8042901,건설폐기물,,,,0.8,2025,경기도 부천시 오정구청,032-625-7492,2026-02-25,3860000,경기도 부천시
여월휴먼시아3단지아파트,경기도 부천시 오정구 길주로573번길 37 (여월동_ 여월휴먼시아3단지아파트),경기도 부천시 오정구 여월동 340,37.50981972,126.8042901,건설폐기물,,,,649.8,2025,경기도 부천시 오정구청,032-625-7492,2026-02-25,3860000,경기도 부천시
경기도부천교육청,경기도 부천시 오정구 소사로794번길 48_ 오정초등학교 (원종동),경기도 부천시 오정구 원종동 247 오정초등학교,37.52717104,126.8075305,건설폐기물,,,,41.31,2025,경기도 부천시 오정구청,032-625-7492,2026-02-25,3860000,경기도 부천시
경기도부천교육청,경기도 부천시 오정구 소사로794번길 48_ 오정초등학교 (원종동),경기도 부천시 오정구 원종동 247 오정초등학교,37.52717104,126.8075305,건설폐기물,,,,175.22,2025,경기도 부천시 오정구청,032-625-7492,2026-02-25,3860000,경기도 부천시
경기도부천교육청,경기도 부천시 오정구 소사로794번길 48_ 오정초등학교 (원종동),경기도 부천시 오정구 원종동 247 오정초등학교,37.52717104,126.8075305,건설폐기물,,,,1.1,2025,경기도 부천시 오정구청,032-625-7492,2026-02-25,3860000,경기도 부천시
범진건설(주),경기도 부천시 오정구 역곡로 531_ 수주고등학교 (고강동),경기도 부천시 오정구 고강동 275-11 수주고등학교,37.5324198,126.815192,건설폐기물,,,,24,2025,경기도 부천시 오정구청,032-625-7492,2026-02-25,3860000,경기도 부천시
일신건영(주),,경기도 부천시 오정구 원종동 101-2,37.53158238,126.8013005,건설폐기물,,,,1500,2025,경기도 부천시 오정구청,032-625-7492,2026-02-25,3860000,경기도 부천시
경기도부천교육지원청,경기도 부천시 오정구 소사로794번길 48_ 오정초등학교 (원종동),경기도 부천시 오정구 원종동 247 오정초등학교,37.52717104,126.8075305,건설폐기물,,,,16,2026,경기도 부천시 오정구청,032-625-7492,2026-02-25,3860000,경기도 부천시
경기도부천교육지원청,경기도 부천시 오정구 소사로794번길 48_ 오정초등학교 (원종동),경기도 부천시 오정구 원종동 247 오정초등학교,37.52717104,126.8075305,건설폐기물,,,,98,2026,경기도 부천시 오정구청,032-625-7492,2026-02-25,3860000,경기도 부천시
경기도부천교육지원청,경기도 부천시 오정구 소사로794번길 48_ 오정초등학교 (원종동),경기도 부천시 오정구 원종동 247 오정초등학교,37.52717104,126.8075305,건설폐기물,,,,5,2026,경기도 부천시 오정구청,032-625-7492,2026-02-25,3860000,경기도 부천시
경기도부천교육지원청,경기도 부천시 오정구 소사로794번길 48_ 오정초등학교 (원종동),경기도 부천시 오정구 원종동 247 오정초등학교,37.52717104,126.8075305,건설폐기물,,,,24,2026,경기도 부천시 오정구청,032-625-7492,2026-02-25,3860000,경기도 부천시
(주)만방토건,,경기도 부천시 오정구 원종동 135-2,37.5263041,126.8027251,건설폐기물,,,,10,2026,경기도 부천시 오정구청,032-625-7492,2026-02-25,3860000,경기도 부천시
(주)만방토건,,경기도 부천시 오정구 원종동 135-2,37.5263041,126.8027251,건설폐기물,,,,600,2026,경기도 부천시 오정구청,032-625-7492,2026-02-25,3860000,경기도 부천시
(주)가가종합철거환경,경기도 부천시 오정구 신흥로446번길 28_ 엠이케이(주) (내동),경기도 부천시 오정구 내동 124-5_ 124,37.52320304,126.7775758,건설폐기물,,,,4,2026,경기도 부천시 오정구청,032-625-7492,2026-02-25,3860000,경기도 부천시
(주)일진산업,경기도 부천시 오정구 삼작로133번길 41-18 (내동),경기도 부천시 오정구 내동 77-2,37.52196025,126.7768872,건설폐기물,,,,1500,2026,경기도 부천시 오정구청,032-625-7492,2026-02-25,3860000,경기도 부천시
(주)이노건축디자인,경기도 부천시 오정구 소사로807번길 68_ 원종고등학교 (원종동),경기도 부천시 오정구 원종동 128-1 원종고등학교 일원,37.52849582,126.8004974,건설폐기물,,,,18,2026,경기도 부천시 오정구청,032-625-7492,2026-02-25,3860000,경기도 부천시
(주)이노건축디자인,경기도 부천시 오정구 소사로807번길 68_ 원종고등학교 (원종동),경기도 부천시 오정구 원종동 128-1 원종고등학교 일원,37.52849582,126.8004974,건설폐기물,,,,44,2026,경기도 부천시 오정구청,032-625-7492,2026-02-25,3860000,경기도 부천시
한국토지주택공사 인천지역본부,,경기도 부천시 오정구 대장동 485-11,37.54065669,126.7727393,건설폐기물,,,,121.89,2026,경기도 부천시 오정구청,032-625-7492,2026-02-25,3860000,경기도 부천시
한국토지주택공사 인천지역본부,,경기도 부천시 오정구 대장동 485-11,37.54065669,126.7727393,건설폐기물,,,,20,2026,경기도 부천시 오정구청,032-625-7492,2026-02-25,3860000,경기도 부천시
한국토지주택공사 인천지역본부,,경기도 부천시 오정구 대장동 485-11,37.54065669,126.7727393,건설폐기물,,,,54.3,2026,경기도 부천시 오정구청,032-625-7492,2026-02-25,3860000,경기도 부천시
한국토지주택공사 인천지역본부,,경기도 부천시 오정구 대장동 485-11,37.54065669,126.7727393,건설폐기물,,,,29.49,2026,경기도 부천시 오정구청,032-625-7492,2026-02-25,3860000,경기도 부천시
한국토지주택공사 인천지역본부,,경기도 부천시 오정구 대장동 485-11,37.54065669,126.7727393,건설폐기물,,,,132.61,2026,경기도 부천시 오정구청,032-625-7492,2026-02-25,3860000,경기도 부천시
한국토지주택공사 인천지역본부,,경기도 부천시 오정구 대장동 485-11,37.54065669,126.7727393,건설폐기물,,,,3769.575,2026,경기도 부천시 오정구청,032-625-7492,2026-02-25,3860000,경기도 부천시
한국전력공사 남서울인천건설지사,,경기도 부천시 오정구 고강동 11-59 일원,37.53865962,126.8170448,건설폐기물,,,,7472,2026,경기도 부천시 오정구청,032-625-7492,2026-02-25,3860000,경기도 부천시
한국전력공사 남서울인천건설지사,,경기도 부천시 오정구 고강동 11-59 일원,37.53865962,126.8170448,건설폐기물,,,,143,2026,경기도 부천시 오정구청,032-625-7492,2026-02-25,3860000,경기도 부천시
한국전력공사 남서울인천건설지사,,경기도 부천시 오정구 고강동 11-59 일원,37.53865962,126.8170448,건설폐기물,,,,7670,2026,경기도 부천시 오정구청,032-625-7492,2026-02-25,3860000,경기도 부천시
(주)디자인가연,경기도 부천시 오정구 역곡로482번길 57_ 고강초등학교 (고강동),경기도 부천시 오정구 고강동 384 고강초등학교,37.52727037,126.820188,건설폐기물,,,,7.3,2026,경기도 부천시 오정구청,032-625-7492,2026-02-25,3860000,경기도 부천시
(주)디자인가연,경기도 부천시 오정구 역곡로482번길 57_ 고강초등학교 (고강동),경기도 부천시 오정구 고강동 384 고강초등학교,37.52727037,126.820188,건설폐기물,,,,31.1,2026,경기도 부천시 오정구청,032-625-7492,2026-02-25,3860000,경기도 부천시
유연종합건설(주),경기도 부천시 오정구 신흥로446번길 28_ 엠이케이(주) (내동),경기도 부천시 오정구 내동 124-5 엠이케이(주),37.52320304,126.7775758,건설폐기물,,,,50,2026,경기도 부천시 오정구청,032-625-7492,2026-02-25,3860000,경기도 부천시
유연종합건설(주),경기도 부천시 오정구 신흥로446번길 28_ 엠이케이(주) (내동),경기도 부천시 오정구 내동 124-5 엠이케이(주),37.52320304,126.7775758,건설폐기물,,,,20,2026,경기도 부천시 오정구청,032-625-7492,2026-02-25,3860000,경기도 부천시
유연종합건설(주),경기도 부천시 오정구 신흥로446번길 28_ 엠이케이(주) (내동),경기도 부천시 오정구 내동 124-5 엠이케이(주),37.52320304,126.7775758,건설폐기물,,,,200,2026,경기도 부천시 오정구청,032-625-7492,2026-02-25,3860000,경기도 부천시
큰빛종합건설 주식회사,경기도 부천시 오정구 고리울로 93_ 고리울초등학교 (고강동),경기도 부천시 오정구 고강동 325-4 고리울초등학교,37.52727388,126.8271237,건설폐기물,,,,76.665,2026,경기도 부천시 오정구청,032-625-7492,2026-02-25,3860000,경기도 부천시
덕포건설(주),경기도 부천시 오정구 상오정로184번길 37 (원종동),경기도 부천시 오정구 원종동 118-5,37.53022005,126.7990537,건설폐기물,,,,60,2026,경기도 부천시 오정구청,032-625-7492,2026-02-25,3860000,경기도 부천시
희진산업(주),,경기도 부천시 원미구 중동 1191번지 일원,37.49491497,126.7692218,건설폐기물+사업장폐기물,,,,1000,2018,경기도 부천시 원미구청,032-625-5492,2026-02-25,3860000,경기도 부천시
한국환경공단 수도권서부환경본부,,경기도 부천시 원미구 중동 1024번지(부천체육관 주차장 일원),37.51275697,126.7639108,건설폐기물+사업장폐기물,,,,40922,2022,경기도 부천시 원미구청,032-625-5492,2026-02-25,3860000,경기도 부천시
주식회사 원태양종합건설,,경기도 부천시 오정구 고강동 374-2 외 2필지,37.52562323,126.8182314,건설폐기물,,,,50,2025,경기도 부천시 오정구청,032-625-7492,2026-02-25,3860000,경기도 부천시
한국토지주택공사 인천지역본부,경기도 부천시 원미구 삼작로292번길 41-9(도당동 근로복지공사),경기도 부천시 원미구 도당동 127,37.51864846,126.7944788,건설폐기물+사업장폐기물,,,,240,2022,경기도 부천시 원미구청,032-625-5492,2026-02-25,3860000,경기도 부천시
한국토지주택공사 인천지역본부,경기도 부천시 원미구 삼작로292번길 41-9(도당동 근로복지공사),경기도 부천시 원미구 도당동 127,37.51864846,126.7944788,건설폐기물+사업장폐기물,,,,22738,2022,경기도 부천시 원미구청,032-625-5492,2026-02-25,3860000,경기도 부천시
한국토지주택공사 인천지역본부,경기도 부천시 원미구 삼작로292번길 41-9(도당동 근로복지공사),경기도 부천시 원미구 도당동 127,37.51864846,126.7944788,건설폐기물+사업장폐기물,,,,20,2022,경기도 부천시 원미구청,032-625-5492,2026-02-25,3860000,경기도 부천시
한국토지주택공사 인천지역본부,경기도 부천시 원미구 삼작로292번길 41-9(도당동 근로복지공사),경기도 부천시 원미구 도당동 127,37.51864846,126.7944788,건설폐기물+사업장폐기물,,,,628.6,2022,경기도 부천시 원미구청,032-625-5492,2026-02-25,3860000,경기도 부천시
한국토지주택공사 인천지역본부,경기도 부천시 원미구 삼작로292번길 41-9(도당동 근로복지공사),경기도 부천시 원미구 도당동 127,37.51864846,126.7944788,건설폐기물+사업장폐기물,,,,264,2022,경기도 부천시 원미구청,032-625-5492,2026-02-25,3860000,경기도 부천시
한국토지주택공사 인천지역본부,경기도 부천시 원미구 삼작로292번길 41-9(도당동 근로복지공사),경기도 부천시 원미구 도당동 127,37.51864846,126.7944788,건설폐기물+사업장폐기물,,,,643,2022,경기도 부천시 원미구청,032-625-5492,2026-02-25,3860000,경기도 부천시
한국토지주택공사 인천지역본부,경기도 부천시 원미구 삼작로292번길 41-9(도당동 근로복지공사),경기도 부천시 원미구 도당동 127,37.51864846,126.7944788,건설폐기물+사업장폐기물,,,,12457,2022,경기도 부천시 원미구청,032-625-5492,2026-02-25,3860000,경기도 부천시
신정종합건설(주),,경기도 부천시 원미구 심곡동 391-1 외 5필지,37.48551797,126.778990,건설폐기물+사업장폐기물,,,,300,2023,경기도 부천시 원미구청,032-625-5492,2026-02-25,3860000,경기도 부천시
신정종합건설(주),,경기도 부천시 원미구 심곡동 391-1 외 5필지,37.48551797,126.778990,건설폐기물+사업장폐기물,,,,20,2023,경기도 부천시 원미구청,032-625-5492,2026-02-25,3860000,경기도 부천시
신정종합건설(주),,경기도 부천시 원미구 심곡동 391-1 외 5필지,37.48551797,126.778990,건설폐기물+사업장폐기물,,,,200,2023,경기도 부천시 원미구청,032-625-5492,2026-02-25,3860000,경기도 부천시
신정종합건설(주),,경기도 부천시 원미구 심곡동 391-1 외 5필지,37.48551797,126.778990,건설폐기물+사업장폐기물,,,,100,2023,경기도 부천시 원미구청,032-625-5492,2026-02-25,3860000,경기도 부천시
한국토지주택공사 인천지역본부,,경기도 부천시 원미구 춘의동 336 일대,37.49752255,126.8078732,건설폐기물+사업장폐기물,,,,20,2023,경기도 부천시 원미구청,032-625-5492,2026-02-25,3860000,경기도 부천시
한국토지주택공사 인천지역본부,,경기도 부천시 원미구 춘의동 336 일대,37.49752255,126.8078732,건설폐기물+사업장폐기물,,,,440,2023,경기도 부천시 원미구청,032-625-5492,2026-02-25,3860000,경기도 부천시
한국토지주택공사 인천지역본부,,경기도 부천시 원미구 춘의동 336 일대,37.49752255,126.8078732,건설폐기물+사업장폐기물,,,,602,2023,경기도 부천시 원미구청,032-625-5492,2026-02-25,3860000,경기도 부천시
한국토지주택공사 인천지역본부,,경기도 부천시 원미구 춘의동 336 일대,37.49752255,126.8078732,건설폐기물+사업장폐기물,,,,36014,2023,경기도 부천시 원미구청,032-625-5492,2026-02-25,3860000,경기도 부천시
한국토지주택공사 인천지역본부,,경기도 부천시 원미구 춘의동 336 일대,37.49752255,126.8078732,건설폐기물+사업장폐기물,,,,36509,2023,경기도 부천시 원미구청,032-625-5492,2026-02-25,3860000,경기도 부천시
한국토지주택공사 인천지역본부,,경기도 부천시 원미구 춘의동 336 일대,37.49752255,126.8078732,건설폐기물+사업장폐기물,,,,49843,2023,경기도 부천시 원미구청,032-625-5492,2026-02-25,3860000,경기도 부천시
디엘이앤씨(주),경기도 부천시 원미구 부일로568번길 15 일대 (소사동),경기도 부천시 원미구 소사동 48-21 일대,37.48367358,126.7929485,건설폐기물+사업장폐기물,,,,10934,2024,경기도 부천시 원미구청,032-625-5492,2026-02-25,3860000,경기도 부천시
디엘이앤씨(주),경기도 부천시 원미구 부일로568번길 15 일대 (소사동),경기도 부천시 원미구 소사동 48-21 일대,37.48367358,126.7929485,건설폐기물+사업장폐기물,,,,100,2024,경기도 부천시 원미구청,032-625-5492,2026-02-25,3860000,경기도 부천시
디엘이앤씨(주),경기도 부천시 원미구 부일로568번길 15 일대 (소사동),경기도 부천시 원미구 소사동 48-21 일대,37.48367358,126.7929485,건설폐기물+사업장폐기물,,,,300,2024,경기도 부천시 원미구청,032-625-5492,2026-02-25,3860000,경기도 부천시
디엘이앤씨(주),경기도 부천시 원미구 부일로568번길 15 일대 (소사동),경기도 부천시 원미구 소사동 48-21 일대,37.48367358,126.7929485,건설폐기물+사업장폐기물,,,,600,2024,경기도 부천시 원미구청,032-625-5492,2026-02-25,3860000,경기도 부천시
디엘이앤씨(주),경기도 부천시 원미구 부일로568번길 15 일대 (소사동),경기도 부천시 원미구 소사동 48-21 일대,37.48367358,126.7929485,건설폐기물+사업장폐기물,,,,2725,2024,경기도 부천시 원미구청,032-625-5492,2026-02-25,3860000,경기도 부천시
디엘이앤씨(주),경기도 부천시 원미구 부일로568번길 15 일대 (소사동),경기도 부천시 원미구 소사동 48-21 일대,37.48367358,126.7929485,건설폐기물+사업장폐기물,,,,250,2024,경기도 부천시 원미구청,032-625-5492,2026-02-25,3860000,경기도 부천시
디엘이앤씨(주),경기도 부천시 원미구 부일로568번길 15 일대 (소사동),경기도 부천시 원미구 소사동 48-21 일대,37.48367358,126.7929485,건설폐기물+사업장폐기물,,,,3000,2024,경기도 부천시 원미구청,032-625-5492,2026-02-25,3860000,경기도 부천시
디엘이앤씨(주),경기도 부천시 원미구 부일로568번길 15 일대 (소사동),경기도 부천시 원미구 소사동 48-21 일대,37.48367358,126.7929485,건설폐기물+사업장폐기물,,,,500,2024,경기도 부천시 원미구청,032-625-5492,2026-02-25,3860000,경기도 부천시
디엘이앤씨(주),경기도 부천시 원미구 부일로568번길 15 일대 (소사동),경기도 부천시 원미구 소사동 48-21 일대,37.48367358,126.7929485,건설폐기물+사업장폐기물,,,,6000,2024,경기도 부천시 원미구청,032-625-5492,2026-02-25,3860000,경기도 부천시
디엘이앤씨(주),경기도 부천시 원미구 부일로568번길 15 일대 (소사동),경기도 부천시 원미구 소사동 48-21 일대,37.48367358,126.7929485,건설폐기물+사업장폐기물,,,,1000,2024,경기도 부천시 원미구청,032-625-5492,2026-02-25,3860000,경기도 부천시
디엘이앤씨(주),경기도 부천시 원미구 부일로568번길 15 일대 (소사동),경기도 부천시 원미구 소사동 48-21 일대,37.48367358,126.7929485,건설폐기물+사업장폐기물,,,,2000,2024,경기도 부천시 원미구청,032-625-5492,2026-02-25,3860000,경기도 부천시
디엘이앤씨(주),경기도 부천시 원미구 부일로568번길 15 일대 (소사동),경기도 부천시 원미구 소사동 48-21 일대,37.48367358,126.7929485,건설폐기물+사업장폐기물,,,,3500,2024,경기도 부천시 원미구청,032-625-5492,2026-02-25,3860000,경기도 부천시
디엘이앤씨(주),경기도 부천시 원미구 부일로568번길 15 일대 (소사동),경기도 부천시 원미구 소사동 48-21 일대,37.48367358,126.7929485,건설폐기물+사업장폐기물,,,,10905,2024,경기도 부천시 원미구청,032-625-5492,2026-02-25,3860000,경기도 부천시
장차건설(주),,경기도 부천시 원미구 춘의동 453,37.50221244,126.8126524,건설폐기물+사업장폐기물,,,,1000,2024,경기도 부천시 원미구청,032-625-5492,2026-02-25,3860000,경기도 부천시
장차건설(주),,경기도 부천시 원미구 춘의동 453,37.50221244,126.8126524,건설폐기물+사업장폐기물,,,,300,2024,경기도 부천시 원미구청,032-625-5492,2026-02-25,3860000,경기도 부천시
신성토건(주),,경기도 부천시 원미구 심곡동 96-4,37.49456953,126.7835941,건설폐기물+사업장폐기물,,,,200,2024,경기도 부천시 원미구청,032-625-5492,2026-02-25,3860000,경기도 부천시
신성토건(주),,경기도 부천시 원미구 심곡동 96-4,37.49456953,126.7835941,건설폐기물+사업장폐기물,,,,100,2024,경기도 부천시 원미구청,032-625-5492,2026-02-25,3860000,경기도 부천시
아전이엔씨(주),경기도 부천시 원미구 소향로 249-2 일원 (중동),경기도 부천시 원미구 중동 1256 일원,37.50064178,126.7765856,건설폐기물+사업장폐기물,,,,2000,2024,경기도 부천시 원미구청,032-625-5492,2026-02-25,3860000,경기도 부천시
아전이엔씨(주),경기도 부천시 원미구 소향로 249-2 일원 (중동),경기도 부천시 원미구 중동 1256 일원,37.50064178,126.7765856,건설폐기물+사업장폐기물,,,,80,2024,경기도 부천시 원미구청,032-625-5492,2026-02-25,3860000,경기도 부천시
아전이엔씨(주),경기도 부천시 원미구 소향로 249-2 일원 (중동),경기도 부천시 원미구 중동 1256 일원,37.50064178,126.7765856,건설폐기물+사업장폐기물,,,,3000,2024,경기도 부천시 원미구청,032-625-5492,2026-02-25,3860000,경기도 부천시
아전이엔씨(주),경기도 부천시 원미구 소향로 249-2 일원 (중동),경기도 부천시 원미구 중동 1256 일원,37.50064178,126.7765856,건설폐기물+사업장폐기물,,,,500,2024,경기도 부천시 원미구청,032-625-5492,2026-02-25,3860000,경기도 부천시
부천도시공사,,경기도 부천시 원미구 춘의동 281-8,37.50450181,126.8101877,건설폐기물+사업장폐기물,,,,99,2024,경기도 부천시 원미구청,032-625-5492,2026-02-25,3860000,경기도 부천시
부천도시공사,,경기도 부천시 원미구 춘의동 281-8,37.50450181,126.8101877,건설폐기물+사업장폐기물,,,,20,2024,경기도 부천시 원미구청,032-625-5492,2026-02-25,3860000,경기도 부천시
부천도시공사,,경기도 부천시 원미구 춘의동 281-8,37.50450181,126.8101877,건설폐기물+사업장폐기물,,,,57,2024,경기도 부천시 원미구청,032-625-5492,2026-02-25,3860000,경기도 부천시
부천도시공사,,경기도 부천시 원미구 춘의동 281-8,37.50450181,126.8101877,건설폐기물+사업장폐기물,,,,53,2024,경기도 부천시 원미구청,032-625-5492,2026-02-25,3860000,경기도 부천시
부천도시공사,,경기도 부천시 원미구 춘의동 281-8,37.50450181,126.8101877,건설폐기물+사업장폐기물,,,,4993,2024,경기도 부천시 원미구청,032-625-5492,2026-02-25,3860000,경기도 부천시
부천도시공사,,경기도 부천시 원미구 춘의동 281-8,37.50450181,126.8101877,건설폐기물+사업장폐기물,,,,885,2024,경기도 부천시 원미구청,032-625-5492,2026-02-25,3860000,경기도 부천시
부천도시공사,,경기도 부천시 원미구 춘의동 281-8,37.50450181,126.8101877,건설폐기물+사업장폐기물,,,,6002,2024,경기도 부천시 원미구청,032-625-5492,2026-02-25,3860000,경기도 부천시
디엘이앤씨(주),경기도 부천시 원미구 길주로 1일대,,37.51294184,126.7487467,건설폐기물+사업장폐기물,,,,75,2024,경기도 부천시 원미구청,032-625-5492,2026-02-25,3860000,경기도 부천시
디엘이앤씨(주),경기도 부천시 원미구 길주로 1일대,,37.51294184,126.7487467,건설폐기물+사업장폐기물,,,,30,2024,경기도 부천시 원미구청,032-625-5492,2026-02-25,3860000,경기도 부천시
디엘이앤씨(주),경기도 부천시 원미구 길주로 1일대,,37.51294184,126.7487467,건설폐기물+사업장폐기물,,,,60,2024,경기도 부천시 원미구청,032-625-5492,2026-02-25,3860000,경기도 부천시
디엘이앤씨(주),경기도 부천시 원미구 길주로 1일대,,37.51294184,126.7487467,건설폐기물+사업장폐기물,,,,40,2024,경기도 부천시 원미구청,032-625-5492,2026-02-25,3860000,경기도 부천시
디엘이앤씨(주),경기도 부천시 원미구 길주로 1일대,,37.51294184,126.7487467,건설폐기물+사업장폐기물,,,,200,2024,경기도 부천시 원미구청,032-625-5492,2026-02-25,3860000,경기도 부천시
디엘이앤씨(주),경기도 부천시 원미구 길주로 1일대,,37.51294184,126.7487467,건설폐기물+사업장폐기물,,,,10,2024,경기도 부천시 원미구청,032-625-5492,2026-02-25,3860000,경기도 부천시
디엘이앤씨(주),경기도 부천시 원미구 길주로 1일대,,37.51294184,126.7487467,건설폐기물+사업장폐기물,,,,25,2024,경기도 부천시 원미구청,032-625-5492,2026-02-25,3860000,경기도 부천시
디엘이앤씨(주),경기도 부천시 원미구 길주로 1일대,,37.51294184,126.7487467,건설폐기물+사업장폐기물,,,,700,2024,경기도 부천시 원미구청,032-625-5492,2026-02-25,3860000,경기도 부천시
디엘이앤씨(주),경기도 부천시 원미구 길주로 1일대,,37.51294184,126.7487467,건설폐기물+사업장폐기물,,,,500,2024,경기도 부천시 원미구청,032-625-5492,2026-02-25,3860000,경기도 부천시
디엘이앤씨(주),경기도 부천시 원미구 길주로 1일대,,37.51294184,126.7487467,건설폐기물+사업장폐기물,,,,125,2024,경기도 부천시 원미구청,032-625-5492,2026-02-25,3860000,경기도 부천시
디엘이앤씨(주),경기도 부천시 원미구 길주로 1일대,,37.51294184,126.7487467,건설폐기물+사업장폐기물,,,,100,2024,경기도 부천시 원미구청,032-625-5492,2026-02-25,3860000,경기도 부천시
디엘이앤씨(주),경기도 부천시 원미구 길주로 1일대,,37.51294184,126.7487467,건설폐기물+사업장폐기물,,,,5000,2024,경기도 부천시 원미구청,032-625-5492,2026-02-25,3860000,경기도 부천시
디엘이앤씨(주),경기도 부천시 원미구 길주로 1일대,,37.51294184,126.7487467,건설폐기물+사업장폐기물,,,,50,2024,경기도 부천시 원미구청,032-625-5492,2026-02-25,3860000,경기도 부천시
디엘이앤씨(주),경기도 부천시 원미구 길주로 1일대,,37.51294184,126.7487467,건설폐기물+사업장폐기물,,,,20,2024,경기도 부천시 원미구청,032-625-5492,2026-02-25,3860000,경기도 부천시
(주)대신건업,경기도 부천시 원미구 석천로 127 부명고등학교 (중동),경기도 부천시 원미구 중동 1173 부명고등학교,37.49912254,126.7612672,건설폐기물+사업장폐기물,,,,55,2025,경기도 부천시 원미구청,032-625-5492,2026-02-25,3860000,경기도 부천시
(주)대신건업,경기도 부천시 원미구 석천로 127 부명고등학교 (중동),경기도 부천시 원미구 중동 1173 부명고등학교,37.49912254,126.7612672,건설폐기물+사업장폐기물,,,,10,2025,경기도 부천시 원미구청,032-625-5492,2026-02-25,3860000,경기도 부천시
한국전력공사 경인건설본부,경기도 부천시 원미구 길주로 1 (상동) 일원,경기도 부천시 원미구 상동 529-2,37.51294184,126.7487467,건설폐기물+사업장폐기물,,,,2305,2025,경기도 부천시 원미구청,032-625-5492,2026-02-25,3860000,경기도 부천시
한국전력공사 경인건설본부,경기도 부천시 원미구 길주로 1 (상동) 일원,경기도 부천시 원미구 상동 529-2,37.51294184,126.7487467,건설폐기물+사업장폐기물,,,,2432,2025,경기도 부천시 원미구청,032-625-5492,2026-02-25,3860000,경기도 부천시
한국전력공사 경인건설본부,경기도 부천시 원미구 길주로 1 (상동) 일원,경기도 부천시 원미구 상동 529-2,37.51294184,126.7487467,건설폐기물+사업장폐기물,,,,1059,2025,경기도 부천시 원미구청,032-625-5492,2026-02-25,3860000,경기도 부천시
한국전력공사 경인건설본부,경기도 부천시 원미구 길주로 1 (상동) 일원,경기도 부천시 원미구 상동 529-2,37.51294184,126.7487467,건설폐기물+사업장폐기물,,,,3757,2025,경기도 부천시 원미구청,032-625-5492,2026-02-25,3860000,경기도 부천시
디엘이앤씨(주),,경기도 부천시 원미구 상동 529-49,37.50905498,126.7456182,건설폐기물+사업장폐기물,,,,2000,2025,경기도 부천시 원미구청,032-625-5492,2026-02-25,3860000,경기도 부천시
디엘이앤씨(주),,경기도 부천시 원미구 상동 529-49,37.50905498,126.7456182,건설폐기물+사업장폐기물,,,,500,2025,경기도 부천시 원미구청,032-625-5492,2026-02-25,3860000,경기도 부천시
디엘이앤씨(주),,경기도 부천시 원미구 상동 529-49,37.50905498,126.7456182,건설폐기물+사업장폐기물,,,,1000,2025,경기도 부천시 원미구청,032-625-5492,2026-02-25,3860000,경기도 부천시
(주)현승건설,,경기도 부천시 원미구 중동 3-80번지외 1필지,37.50872137,126.7746081,건설폐기물+사업장폐기물,,,,2000,2025,경기도 부천시 원미구청,032-625-5492,2026-02-25,3860000,경기도 부천시
(주)현승건설,,경기도 부천시 원미구 중동 3-80번지외 1필지,37.50872137,126.7746081,건설폐기물+사업장폐기물,,,,500,2025,경기도 부천시 원미구청,032-625-5492,2026-02-25,3860000,경기도 부천시
(주)현승건설,,경기도 부천시 원미구 중동 3-80번지외 1필지,37.50872137,126.7746081,건설폐기물+사업장폐기물,,,,1500,2025,경기도 부천시 원미구청,032-625-5492,2026-02-25,3860000,경기도 부천시
한국토지주택공사 인천지역본부,경기도 부천시 원미구 원미로 202 (춘의동  대한주택공사아파트),경기도 부천시 원미구 춘의동 237,37.50065114,126.7936722,건설폐기물+사업장폐기물,,,,727.08,2025,경기도 부천시 원미구청,032-625-5492,2026-02-25,3860000,경기도 부천시
한국토지주택공사 인천지역본부,경기도 부천시 원미구 원미로 202 (춘의동  대한주택공사아파트),경기도 부천시 원미구 춘의동 237,37.50065114,126.7936722,건설폐기물+사업장폐기물,,,,209,2025,경기도 부천시 원미구청,032-625-5492,2026-02-25,3860000,경기도 부천시
한국토지주택공사 인천지역본부,경기도 부천시 원미구 원미로 202 (춘의동  대한주택공사아파트),경기도 부천시 원미구 춘의동 237,37.50065114,126.7936722,건설폐기물+사업장폐기물,,,,1211.8,2025,경기도 부천시 원미구청,032-625-5492,2026-02-25,3860000,경기도 부천시
한국토지주택공사 인천지역본부,경기도 부천시 원미구 원미로 202,,37.50065114,126.7936722,건설폐기물+사업장폐기물,,,,128.12,2025,경기도 부천시 원미구청,032-625-5492,2026-02-25,3860000,경기도 부천시
지티엑스비 주식회사,,경기도 부천시 원미구 상동 549,37.50612373,126.7441496,건설폐기물+사업장폐기물,,,,6000,2025,경기도 부천시 원미구청,032-625-5492,2026-02-25,3860000,경기도 부천시
지티엑스비 주식회사,,경기도 부천시 원미구 상동 549,37.50612373,126.7441496,건설폐기물+사업장폐기물,,,,200,2025,경기도 부천시 원미구청,032-625-5492,2026-02-25,3860000,경기도 부천시
지티엑스비 주식회사,,경기도 부천시 원미구 상동 549,37.50612373,126.7441496,건설폐기물+사업장폐기물,,,,1000,2025,경기도 부천시 원미구청,032-625-5492,2026-02-25,3860000,경기도 부천시
주식회사 에스더블유건설,경기도 부천시 원미구 부일로664번길 8 (역곡동  한도아파트),경기도 부천시 원미구 역곡동 25-32,37.48309511,126.8034869,건설폐기물+사업장폐기물,,,,100,2025,경기도 부천시 원미구청,032-625-5492,2026-02-25,3860000,경기도 부천시
주식회사 에스더블유건설,경기도 부천시 원미구 부일로664번길 8 (역곡동  한도아파트),경기도 부천시 원미구 역곡동 25-32,37.48309511,126.8034869,건설폐기물+사업장폐기물,,,,50,2025,경기도 부천시 원미구청,032-625-5492,2026-02-25,3860000,경기도 부천시
주식회사 에스더블유건설,경기도 부천시 원미구 부일로664번길 8 (역곡동  한도아파트),경기도 부천시 원미구 역곡동 25-32,37.48309511,126.8034869,건설폐기물+사업장폐기물,,,,500,2025,경기도 부천시 원미구청,032-625-5492,2026-02-25,3860000,경기도 부천시
태양중기,경기도 부천시 원미구 원미로17번길 21 외 1필지 (심곡동128-5 6),,37.48437415,126.7877898,건설폐기물+사업장폐기물,,,,20,2025,경기도 부천시 원미구청,032-625-5492,2026-02-25,3860000,경기도 부천시
태양중기,경기도 부천시 원미구 원미로17번길 21 외 1필지 (심곡동128-5 6),,37.48437415,126.7877898,건설폐기물+사업장폐기물,,,,5000,2025,경기도 부천시 원미구청,032-625-5492,2026-02-25,3860000,경기도 부천시
(주)보은종합건설,,경기도 부천시 원미구 역곡동 33-2번지,37.48690746,126.8062036,건설폐기물+사업장폐기물,,,,300,2025,경기도 부천시 원미구청,032-625-5492,2026-02-25,3860000,경기도 부천시
(주)보은종합건설,,경기도 부천시 원미구 역곡동 33-2번지,37.48690746,126.8062036,건설폐기물+사업장폐기물,,,,200,2025,경기도 부천시 원미구청,032-625-5492,2026-02-25,3860000,경기도 부천시
(주)보은종합건설,,경기도 부천시 원미구 역곡동 33-2번지,37.48690746,126.8062036,건설폐기물+사업장폐기물,,,,100,2025,경기도 부천시 원미구청,032-625-5492,2026-02-25,3860000,경기도 부천시
(주)보은종합건설,,경기도 부천시 원미구 역곡동 33-2번지,37.48690746,126.8062036,건설폐기물+사업장폐기물,,,,400,2025,경기도 부천시 원미구청,032-625-5492,2026-02-25,3860000,경기도 부천시
한국산업인력공단 경기서부지사,경기도 부천시 원미구 조마루로 387,경기도 부천시 원미구 원미동 48-4,37.49803776,126.7870124,건설폐기물+사업장폐기물,,,,11,2025,경기도 부천시 원미구청,032-625-5492,2026-02-25,3860000,경기도 부천시
한국산업인력공단 경기서부지사,경기도 부천시 원미구 부천로 282 신양빌딩 5층 (도당동),경기도 부천시 원미구 도당동 180-6 도당동상가,37.50914757,126.7854569,건설폐기물+사업장폐기물,,,,8,2025,경기도 부천시 원미구청,032-625-5492,2026-02-25,3860000,경기도 부천시
에이치와이종합건설(주),,경기도 부천시 원미구 소사동 48-21번지 일원,37.48367358,126.7929485,건설폐기물+사업장폐기물,,,,89.3,2025,경기도 부천시 원미구청,032-625-5492,2026-02-25,3860000,경기도 부천시
에이치와이종합건설(주),,경기도 부천시 원미구 소사동 48-21번지 일원,37.48367358,126.7929485,건설폐기물+사업장폐기물,,,,0.1,2025,경기도 부천시 원미구청,032-625-5492,2026-02-25,3860000,경기도 부천시
에이치와이종합건설(주),,경기도 부천시 원미구 심곡동 490-129번지 일대,37.48365009,126.7899546,건설폐기물+사업장폐기물,,,,3500,2025,경기도 부천시 원미구청,032-625-5492,2026-02-25,3860000,경기도 부천시
에이치와이종합건설(주),,경기도 부천시 원미구 심곡동 490-129번지 일대,37.48365009,126.7899546,건설폐기물+사업장폐기물,,,,1263,2025,경기도 부천시 원미구청,032-625-5492,2026-02-25,3860000,경기도 부천시
주식회사 승재,,경기도 부천시 원미구 중동 1280번지 일원,37.50040794,126.7785132,건설폐기물+사업장폐기물,,,,1,2025,경기도 부천시 원미구청,032-625-5492,2026-02-25,3860000,경기도 부천시
주식회사 승재,,경기도 부천시 원미구 중동 1280번지 일원,37.50040794,126.7785132,건설폐기물+사업장폐기물,,,,1000,2025,경기도 부천시 원미구청,032-625-5492,2026-02-25,3860000,경기도 부천시
주식회사 승재,,경기도 부천시 원미구 중동 1280번지 일원,37.50040794,126.7785132,건설폐기물+사업장폐기물,,,,183,2025,경기도 부천시 원미구청,032-625-5492,2026-02-25,3860000,경기도 부천시
주식회사 승재,,경기도 부천시 원미구 중동 1280번지 일원,37.50040794,126.7785132,건설폐기물+사업장폐기물,,,,23,2025,경기도 부천시 원미구청,032-625-5492,2026-02-25,3860000,경기도 부천시
래미안건설 주식회사,경기도 부천시 원미구 조마루로 170,경기도 부천시 원미구 중동 1174,37.49837073,126.7621091,건설폐기물+사업장폐기물,,,,300,2025,경기도 부천시 원미구청,032-625-5492,2026-02-25,3860000,경기도 부천시
에스에이치토건(주),경기도 부천시 원미구 부천로 38 외 2필지 (심곡동164-1 12 15),,37.4877226,126.7838394,건설폐기물+사업장폐기물,,,,20,2025,경기도 부천시 원미구청,032-625-5492,2026-02-25,3860000,경기도 부천시
에스에이치토건(주),경기도 부천시 원미구 부천로 38 외 2필지 (심곡동164-1 12 15),,37.4877226,126.7838394,건설폐기물+사업장폐기물,,,,3000,2025,경기도 부천시 원미구청,032-625-5492,2026-02-25,3860000,경기도 부천시
에스에이치토건(주),경기도 부천시 원미구 석천로38번길 77 외 3필지 (상동245-17 18 20 21),,37.49044062,126.7646692,건설폐기물+사업장폐기물,,,,20,2025,경기도 부천시 원미구청,032-625-5492,2026-02-25,3860000,경기도 부천시
에스에이치토건(주),경기도 부천시 원미구 석천로38번길 77 외 3필지 (상동245-17 18 20 21),,37.49044062,126.7646692,건설폐기물+사업장폐기물,,,,3000,2025,경기도 부천시 원미구청,032-625-5492,2026-02-25,3860000,경기도 부천시
(주)광백건설,,경기도 부천시 원미구 심곡동 129-19,37.48458675,126.7887542,건설폐기물+사업장폐기물,,,,50,2025,경기도 부천시 원미구청,032-625-5492,2026-02-25,3860000,경기도 부천시
(주)광백건설,,경기도 부천시 원미구 심곡동 129-19,37.48458675,126.7887542,건설폐기물+사업장폐기물,,,,100,2025,경기도 부천시 원미구청,032-625-5492,2026-02-25,3860000,경기도 부천시
(주)광백건설,,경기도 부천시 원미구 심곡동 129-19,37.48458675,126.7887542,건설폐기물+사업장폐기물,,,,200,2025,경기도 부천시 원미구청,032-625-5492,2026-02-25,3860000,경기도 부천시
지티엑스비 주식회사,,경기도 부천시 원미구 상동 549 일원,37.50612373,126.7441496,건설폐기물+사업장폐기물,,,,500,2025,경기도 부천시 원미구청,032-625-5492,2026-02-25,3860000,경기도 부천시
지티엑스비 주식회사,,경기도 부천시 원미구 상동 549 일원,37.50612373,126.7441496,건설폐기물+사업장폐기물,,,,1237,2025,경기도 부천시 원미구청,032-625-5492,2026-02-25,3860000,경기도 부천시
지티엑스비 주식회사,,경기도 부천시 원미구 상동 549 일원,37.50612373,126.7441496,건설폐기물+사업장폐기물,,,,159,2025,경기도 부천시 원미구청,032-625-5492,2026-02-25,3860000,경기도 부천시
지티엑스비 주식회사,,경기도 부천시 원미구 상동 549 일원,37.50612373,126.7441496,건설폐기물+사업장폐기물,,,,74,2025,경기도 부천시 원미구청,032-625-5492,2026-02-25,3860000,경기도 부천시
지티엑스비 주식회사,,경기도 부천시 원미구 상동 549 일원,37.50612373,126.7441496,건설폐기물+사업장폐기물,,,,276,2025,경기도 부천시 원미구청,032-625-5492,2026-02-25,3860000,경기도 부천시
지티엑스비 주식회사,,경기도 부천시 원미구 상동 549 일원,37.50612373,126.7441496,건설폐기물+사업장폐기물,,,,200,2025,경기도 부천시 원미구청,032-625-5492,2026-02-25,3860000,경기도 부천시
지티엑스비 주식회사,,경기도 부천시 원미구 상동 549 일원,37.50612373,126.7441496,건설폐기물+사업장폐기물,,,,49404,2025,경기도 부천시 원미구청,032-625-5492,2026-02-25,3860000,경기도 부천시
지티엑스비 주식회사,,경기도 부천시 원미구 상동 549 일원,37.50612373,126.7441496,건설폐기물+사업장폐기물,,,,3641,2025,경기도 부천시 원미구청,032-625-5492,2026-02-25,3860000,경기도 부천시
지티엑스비 주식회사,,경기도 부천시 원미구 상동 549 일원,37.50612373,126.7441496,건설폐기물+사업장폐기물,,,,12000,2025,경기도 부천시 원미구청,032-625-5492,2026-02-25,3860000,경기도 부천시
지티엑스비 주식회사,,경기도 부천시 원미구 상동 549 일원,37.50612373,126.7441496,건설폐기물+사업장폐기물,,,,10,2025,경기도 부천시 원미구청,032-625-5492,2026-02-25,3860000,경기도 부천시
지티엑스비 주식회사,,경기도 부천시 원미구 상동 549 일원,37.50612373,126.7441496,건설폐기물+사업장폐기물,,,,1,2025,경기도 부천시 원미구청,032-625-5492,2026-02-25,3860000,경기도 부천시
지티엑스비 주식회사,,경기도 부천시 원미구 상동 549 일원,37.50612373,126.7441496,건설폐기물+사업장폐기물,,,,6542,2025,경기도 부천시 원미구청,032-625-5492,2026-02-25,3860000,경기도 부천시
지티엑스비 주식회사,,경기도 부천시 원미구 상동 549 일원,37.50612373,126.7441496,건설폐기물+사업장폐기물,,,,856,2025,경기도 부천시 원미구청,032-625-5492,2026-02-25,3860000,경기도 부천시
지티엑스비 주식회사,,경기도 부천시 원미구 상동 549 일원,37.50612373,126.7441496,건설폐기물+사업장폐기물,,,,4699,2025,경기도 부천시 원미구청,032-625-5492,2026-02-25,3860000,경기도 부천시
지티엑스비 주식회사,,경기도 부천시 원미구 상동 549 일원,37.50612373,126.7441496,건설폐기물+사업장폐기물,,,,642,2025,경기도 부천시 원미구청,032-625-5492,2026-02-25,3860000,경기도 부천시
지티엑스비 주식회사,,경기도 부천시 원미구 상동 549 일원,37.50612373,126.7441496,건설폐기물+사업장폐기물,,,,43905,2025,경기도 부천시 원미구청,032-625-5492,2026-02-25,3860000,경기도 부천시
지티엑스비 주식회사,,경기도 부천시 원미구 상동 549 일원,37.50612373,126.7441496,건설폐기물+사업장폐기물,,,,17544,2025,경기도 부천시 원미구청,032-625-5492,2026-02-25,3860000,경기도 부천시
지티엑스비 주식회사,,경기도 부천시 원미구 상동 549 일원,37.50612373,126.7441496,건설폐기물+사업장폐기물,,,,16083,2025,경기도 부천시 원미구청,032-625-5492,2026-02-25,3860000,경기도 부천시
지티엑스비 주식회사,,경기도 부천시 원미구 상동 549 일원,37.50612373,126.7441496,건설폐기물+사업장폐기물,,,,7884,2025,경기도 부천시 원미구청,032-625-5492,2026-02-25,3860000,경기도 부천시
선명건설(주),경기도 부천시 원미구 계남로 154 부흥초등학교 (중동),경기도 부천시 원미구 중동 1038-2 부흥초등학교,37.50756926,126.7663526,건설폐기물+사업장폐기물,,,,5,2025,경기도 부천시 원미구청,032-625-5492,2026-02-25,3860000,경기도 부천시
선명건설(주),경기도 부천시 원미구 계남로 154 부흥초등학교 (중동),경기도 부천시 원미구 중동 1038-2 부흥초등학교,37.50756926,126.7663526,건설폐기물+사업장폐기물,,,,40,2025,경기도 부천시 원미구청,032-625-5492,2026-02-25,3860000,경기도 부천시
(주)이한종합건설,,경기도 부천시 원미구 춘의동 210-1,37.50047696,126.7860148,건설폐기물+사업장폐기물,,,,500,2025,경기도 부천시 원미구청,032-625-5492,2026-02-25,3860000,경기도 부천시
해냄종합건설(주),,경기도 부천시 원미구 춘의동 102-1번지 외 2필지,37.50627008,126.7947124,건설폐기물+사업장폐기물,,,,20,2025,경기도 부천시 원미구청,032-625-5492,2026-02-25,3860000,경기도 부천시
해냄종합건설(주),,경기도 부천시 원미구 춘의동 102-1번지 외 2필지,37.50627008,126.7947124,건설폐기물+사업장폐기물,,,,30,2025,경기도 부천시 원미구청,032-625-5492,2026-02-25,3860000,경기도 부천시
주식회사 휴먼하우징텍,경기도 부천시 원미구 조마루로 170 순천향대학교부천병원 내 (중동),경기도 부천시 원미구 중동 1174 순천향대학교,37.49837073,126.7621091,건설폐기물+사업장폐기물,,,,30,2025,경기도 부천시 원미구청,032-625-5492,2026-02-25,3860000,경기도 부천시
주식회사 개성이엔씨,경기도 부천시 원미구 안곡로 266,,37.49126344,126.8163578,건설폐기물+사업장폐기물,,,,100,2025,경기도 부천시 원미구청,032-625-5492,2026-02-25,3860000,경기도 부천시
주식회사 개성이엔씨,경기도 부천시 원미구 안곡로 266,,37.49126344,126.8163578,건설폐기물+사업장폐기물,,,,1000,2025,경기도 부천시 원미구청,032-625-5492,2026-02-25,3860000,경기도 부천시
주식회사 개성이엔씨,경기도 부천시 원미구 안곡로 266,,37.49126344,126.8163578,건설폐기물+사업장폐기물,,,,25000,2025,경기도 부천시 원미구청,032-625-5492,2026-02-25,3860000,경기도 부천시
태천건설(주),경기도 부천시 원미구 길주로 118 홈플러스부천상동점 (상동),경기도 부천시 원미구 상동 540-1 홈플러스부천상동점,37.50432208,126.7550315,건설폐기물+사업장폐기물,,,,2500,2025,경기도 부천시 원미구청,032-625-5492,2026-02-25,3860000,경기도 부천시
태천건설(주),경기도 부천시 원미구 길주로 118 홈플러스부천상동점 (상동),경기도 부천시 원미구 상동 540-1 홈플러스부천상동점,37.50432208,126.7550315,건설폐기물+사업장폐기물,,,,4000,2025,경기도 부천시 원미구청,032-625-5492,2026-02-25,3860000,경기도 부천시
태천건설(주),경기도 부천시 원미구 길주로 118 홈플러스부천상동점 (상동),경기도 부천시 원미구 상동 540-1 홈플러스부천상동점,37.50432208,126.7550315,건설폐기물+사업장폐기물,,,,3000,2025,경기도 부천시 원미구청,032-625-5492,2026-02-25,3860000,경기도 부천시
태천건설(주),경기도 부천시 원미구 길주로 118 홈플러스부천상동점 (상동),경기도 부천시 원미구 상동 540-1 홈플러스부천상동점,37.50432208,126.7550315,건설폐기물+사업장폐기물,,,,6000,2025,경기도 부천시 원미구청,032-625-5492,2026-02-25,3860000,경기도 부천시
태천건설(주),경기도 부천시 원미구 길주로 118 홈플러스부천상동점 (상동),경기도 부천시 원미구 상동 540-1 홈플러스부천상동점,37.50432208,126.7550315,건설폐기물+사업장폐기물,,,,7500,2025,경기도 부천시 원미구청,032-625-5492,2026-02-25,3860000,경기도 부천시
태천건설(주),경기도 부천시 원미구 길주로 118 홈플러스부천상동점 (상동),경기도 부천시 원미구 상동 540-1 홈플러스부천상동점,37.50432208,126.7550315,건설폐기물+사업장폐기물,,,,10000,2025,경기도 부천시 원미구청,032-625-5492,2026-02-25,3860000,경기도 부천시
태천건설(주),경기도 부천시 원미구 길주로 118 홈플러스부천상동점 (상동),경기도 부천시 원미구 상동 540-1 홈플러스부천상동점,37.50432208,126.7550315,건설폐기물+사업장폐기물,,,,30000,2025,경기도 부천시 원미구청,032-625-5492,2026-02-25,3860000,경기도 부천시
태천건설(주),경기도 부천시 원미구 길주로 118 홈플러스부천상동점 (상동),경기도 부천시 원미구 상동 540-1 홈플러스부천상동점,37.50432208,126.7550315,건설폐기물+사업장폐기물,,,,160,2025,경기도 부천시 원미구청,032-625-5492,2026-02-25,3860000,경기도 부천시
태천건설(주),경기도 부천시 원미구 길주로 118 홈플러스부천상동점 (상동),경기도 부천시 원미구 상동 540-1 홈플러스부천상동점,37.50432208,126.7550315,건설폐기물+사업장폐기물,,,,180,2025,경기도 부천시 원미구청,032-625-5492,2026-02-25,3860000,경기도 부천시
태천건설(주),경기도 부천시 원미구 길주로 118 홈플러스부천상동점 (상동),경기도 부천시 원미구 상동 540-1 홈플러스부천상동점,37.50432208,126.7550315,건설폐기물+사업장폐기물,,,,125,2025,경기도 부천시 원미구청,032-625-5492,2026-02-25,3860000,경기도 부천시
태천건설(주),경기도 부천시 원미구 길주로 118 홈플러스부천상동점 (상동),경기도 부천시 원미구 상동 540-1 홈플러스부천상동점,37.50432208,126.7550315,건설폐기물+사업장폐기물,,,,50,2025,경기도 부천시 원미구청,032-625-5492,2026-02-25,3860000,경기도 부천시
태천건설(주),경기도 부천시 원미구 길주로 118 홈플러스부천상동점 (상동),경기도 부천시 원미구 상동 540-1 홈플러스부천상동점,37.50432208,126.7550315,건설폐기물+사업장폐기물,,,,200,2025,경기도 부천시 원미구청,032-625-5492,2026-02-25,3860000,경기도 부천시
태천건설(주),경기도 부천시 원미구 길주로 118 홈플러스부천상동점 (상동),경기도 부천시 원미구 상동 540-1 홈플러스부천상동점,37.50432208,126.7550315,건설폐기물+사업장폐기물,,,,100,2025,경기도 부천시 원미구청,032-625-5492,2026-02-25,3860000,경기도 부천시
태천건설(주),경기도 부천시 원미구 길주로 118 홈플러스부천상동점 (상동),경기도 부천시 원미구 상동 540-1 홈플러스부천상동점,37.50432208,126.7550315,건설폐기물+사업장폐기물,,,,150,2025,경기도 부천시 원미구청,032-625-5492,2026-02-25,3860000,경기도 부천시
태천건설(주),경기도 부천시 원미구 길주로 118 홈플러스부천상동점 (상동),경기도 부천시 원미구 상동 540-1 홈플러스부천상동점,37.50432208,126.7550315,건설폐기물+사업장폐기물,,,,250,2025,경기도 부천시 원미구청,032-625-5492,2026-02-25,3860000,경기도 부천시
태천건설(주),경기도 부천시 원미구 길주로 118 홈플러스부천상동점 (상동),경기도 부천시 원미구 상동 540-1 홈플러스부천상동점,37.50432208,126.7550315,건설폐기물+사업장폐기물,,,,300,2025,경기도 부천시 원미구청,032-625-5492,2026-02-25,3860000,경기도 부천시
태천건설(주),경기도 부천시 원미구 길주로 118 홈플러스부천상동점 (상동),경기도 부천시 원미구 상동 540-1 홈플러스부천상동점,37.50432208,126.7550315,건설폐기물+사업장폐기물,,,,400,2025,경기도 부천시 원미구청,032-625-5492,2026-02-25,3860000,경기도 부천시
태천건설(주),경기도 부천시 원미구 길주로 118 홈플러스부천상동점 (상동),경기도 부천시 원미구 상동 540-1 홈플러스부천상동점,37.50432208,126.7550315,건설폐기물+사업장폐기물,,,,1000,2025,경기도 부천시 원미구청,032-625-5492,2026-02-25,3860000,경기도 부천시
태천건설(주),경기도 부천시 원미구 길주로 118 홈플러스부천상동점 (상동),경기도 부천시 원미구 상동 540-1 홈플러스부천상동점,37.50432208,126.7550315,건설폐기물+사업장폐기물,,,,1600,2025,경기도 부천시 원미구청,032-625-5492,2026-02-25,3860000,경기도 부천시
태천건설(주),경기도 부천시 원미구 길주로 118 홈플러스부천상동점 (상동),경기도 부천시 원미구 상동 540-1 홈플러스부천상동점,37.50432208,126.7550315,건설폐기물+사업장폐기물,,,,1800,2025,경기도 부천시 원미구청,032-625-5492,2026-02-25,3860000,경기도 부천시
태천건설(주),경기도 부천시 원미구 길주로 118 홈플러스부천상동점 (상동),경기도 부천시 원미구 상동 540-1 홈플러스부천상동점,37.50432208,126.7550315,건설폐기물+사업장폐기물,,,,5000,2025,경기도 부천시 원미구청,032-625-5492,2026-02-25,3860000,경기도 부천시
태천건설(주),경기도 부천시 원미구 길주로 118 홈플러스부천상동점 (상동),경기도 부천시 원미구 상동 540-1 홈플러스부천상동점,37.50432208,126.7550315,건설폐기물+사업장폐기물,,,,1250,2025,경기도 부천시 원미구청,032-625-5492,2026-02-25,3860000,경기도 부천시
태천건설(주),경기도 부천시 원미구 길주로 118 홈플러스부천상동점 (상동),경기도 부천시 원미구 상동 540-1 홈플러스부천상동점,37.50432208,126.7550315,건설폐기물+사업장폐기물,,,,500,2025,경기도 부천시 원미구청,032-625-5492,2026-02-25,3860000,경기도 부천시
(주)제일디자인하이테크,경기도 부천시 원미구 부천로 323,,37.51286521,126.784325,건설폐기물+사업장폐기물,,,,72.5,2025,경기도 부천시 원미구청,032-625-5492,2026-02-25,3860000,경기도 부천시
디엘이앤씨 주식회사,,경기도 부천시 원미구 소사동 48-21번지 일대,37.48367358,126.7929485,건설폐기물+사업장폐기물,,,,15000,2025,경기도 부천시 원미구청,032-625-5492,2026-02-25,3860000,경기도 부천시
디엘이앤씨 주식회사,,경기도 부천시 원미구 소사동 48-21번지 일대,37.48367358,126.7929485,건설폐기물+사업장폐기물,,,,150,2025,경기도 부천시 원미구청,032-625-5492,2026-02-25,3860000,경기도 부천시
디엘이앤씨 주식회사,,경기도 부천시 원미구 소사동 48-21번지 일대,37.48367358,126.7929485,건설폐기물+사업장폐기물,,,,200,2025,경기도 부천시 원미구청,032-625-5492,2026-02-25,3860000,경기도 부천시
디엘이앤씨 주식회사,,경기도 부천시 원미구 소사동 48-21번지 일대,37.48367358,126.7929485,건설폐기물+사업장폐기물,,,,600,2025,경기도 부천시 원미구청,032-625-5492,2026-02-25,3860000,경기도 부천시
디엘이앤씨 주식회사,,경기도 부천시 원미구 소사동 48-21번지 일대,37.48367358,126.7929485,건설폐기물+사업장폐기물,,,,100,2025,경기도 부천시 원미구청,032-625-5492,2026-02-25,3860000,경기도 부천시
디엘이앤씨 주식회사,,경기도 부천시 원미구 소사동 48-21번지 일대,37.48367358,126.7929485,건설폐기물+사업장폐기물,,,,500,2025,경기도 부천시 원미구청,032-625-5492,2026-02-25,3860000,경기도 부천시
디엘이앤씨 주식회사,,경기도 부천시 원미구 소사동 48-21번지 일대,37.48367358,126.7929485,건설폐기물+사업장폐기물,,,,7000,2025,경기도 부천시 원미구청,032-625-5492,2026-02-25,3860000,경기도 부천시
(주)에이치비건설,,경기도 부천시 원미구 도당동 283-7,37.50781593,126.780043,건설폐기물+사업장폐기물,,,,100,2025,경기도 부천시 원미구청,032-625-5492,2026-02-25,3860000,경기도 부천시
(주)에이치비건설,,경기도 부천시 원미구 도당동 283-7,37.50781593,126.780043,건설폐기물+사업장폐기물,,,,500,2025,경기도 부천시 원미구청,032-625-5492,2026-02-25,3860000,경기도 부천시
(주)에이치비건설,,경기도 부천시 원미구 도당동 283-7,37.50781593,126.780043,건설폐기물+사업장폐기물,,,,4200,2025,경기도 부천시 원미구청,032-625-5492,2026-02-25,3860000,경기도 부천시
남광토건 주식회사,경기도 부천시 원미구 역곡로 146,,37.49570819,126.8080806,건설폐기물+사업장폐기물,,,,100,2025,경기도 부천시 원미구청,032-625-5492,2026-02-25,3860000,경기도 부천시
남광토건 주식회사,경기도 부천시 원미구 역곡로 145,,37.49570819,126.8080806,건설폐기물+사업장폐기물,,,,100,2025,경기도 부천시 원미구청,032-625-5492,2026-02-25,3860000,경기도 부천시
남광토건 주식회사,경기도 부천시 원미구 역곡로 144,,37.49570819,126.8080806,건설폐기물+사업장폐기물,,,,100,2025,경기도 부천시 원미구청,032-625-5492,2026-02-25,3860000,경기도 부천시
남광토건 주식회사,경기도 부천시 원미구 역곡로 143,,37.49570819,126.8080806,건설폐기물+사업장폐기물,,,,100,2025,경기도 부천시 원미구청,032-625-5492,2026-02-25,3860000,경기도 부천시
남광토건 주식회사,경기도 부천시 원미구 역곡로 142,,37.49570819,126.8080806,건설폐기물+사업장폐기물,,,,100,2025,경기도 부천시 원미구청,032-625-5492,2026-02-25,3860000,경기도 부천시
남광토건 주식회사,경기도 부천시 원미구 역곡로 141,,37.49570819,126.8080806,건설폐기물+사업장폐기물,,,,100,2025,경기도 부천시 원미구청,032-625-5492,2026-02-25,3860000,경기도 부천시
남광토건 주식회사,경기도 부천시 원미구 역곡로 140,,37.49570819,126.8080806,건설폐기물+사업장폐기물,,,,100,2025,경기도 부천시 원미구청,032-625-5492,2026-02-25,3860000,경기도 부천시
남광토건 주식회사,경기도 부천시 원미구 역곡로 139,,37.49570819,126.8080806,건설폐기물+사업장폐기물,,,,100,2025,경기도 부천시 원미구청,032-625-5492,2026-02-25,3860000,경기도 부천시
남광토건 주식회사,경기도 부천시 원미구 역곡로 138,,37.49570819,126.8080806,건설폐기물+사업장폐기물,,,,100,2025,경기도 부천시 원미구청,032-625-5492,2026-02-25,3860000,경기도 부천시
남광토건 주식회사,경기도 부천시 원미구 역곡로 137,,37.49752255,126.8078732,건설폐기물+사업장폐기물,,,,400,2025,경기도 부천시 원미구청,032-625-5492,2026-02-25,3860000,경기도 부천시
남광토건 주식회사,경기도 부천시 원미구 역곡로 136,,37.49570819,126.8080806,건설폐기물+사업장폐기물,,,,400,2025,경기도 부천시 원미구청,032-625-5492,2026-02-25,3860000,경기도 부천시
남광토건 주식회사,경기도 부천시 원미구 역곡로 135,,37.49570819,126.8080806,건설폐기물+사업장폐기물,,,,2296,2025,경기도 부천시 원미구청,032-625-5492,2026-02-25,3860000,경기도 부천시
남광토건 주식회사,경기도 부천시 원미구 역곡로 134,,37.49570819,126.8080806,건설폐기물+사업장폐기물,,,,100,2025,경기도 부천시 원미구청,032-625-5492,2026-02-25,3860000,경기도 부천시
남광토건 주식회사,경기도 부천시 원미구 역곡로 133,,37.49570819,126.8080806,건설폐기물+사업장폐기물,,,,100,2025,경기도 부천시 원미구청,032-625-5492,2026-02-25,3860000,경기도 부천시
남광토건 주식회사,경기도 부천시 원미구 역곡로 132,,37.49570819,126.8080806,건설폐기물+사업장폐기물,,,,590,2025,경기도 부천시 원미구청,032-625-5492,2026-02-25,3860000,경기도 부천시
남광토건 주식회사,경기도 부천시 원미구 역곡로 131,,37.49570819,126.8080806,건설폐기물+사업장폐기물,,,,100,2025,경기도 부천시 원미구청,032-625-5492,2026-02-25,3860000,경기도 부천시
남광토건 주식회사,경기도 부천시 원미구 역곡로 130,,37.49570819,126.8080806,건설폐기물+사업장폐기물,,,,100,2025,경기도 부천시 원미구청,032-625-5492,2026-02-25,3860000,경기도 부천시
남광토건 주식회사,경기도 부천시 원미구 역곡로 129,,37.49570819,126.8080806,건설폐기물+사업장폐기물,,,,100,2025,경기도 부천시 원미구청,032-625-5492,2026-02-25,3860000,경기도 부천시
남광토건 주식회사,경기도 부천시 원미구 역곡로 128,,37.49570819,126.8080806,건설폐기물+사업장폐기물,,,,100,2025,경기도 부천시 원미구청,032-625-5492,2026-02-25,3860000,경기도 부천시
남광토건 주식회사,경기도 부천시 원미구 역곡로 127,,37.49570819,126.8080806,건설폐기물+사업장폐기물,,,,100,2025,경기도 부천시 원미구청,032-625-5492,2026-02-25,3860000,경기도 부천시
남광토건 주식회사,경기도 부천시 원미구 역곡로 126,,37.49570819,126.8080806,건설폐기물+사업장폐기물,,,,100,2025,경기도 부천시 원미구청,032-625-5492,2026-02-25,3860000,경기도 부천시
남광토건 주식회사,경기도 부천시 원미구 역곡로 125,,37.49570819,126.8080806,건설폐기물+사업장폐기물,,,,100,2025,경기도 부천시 원미구청,032-625-5492,2026-02-25,3860000,경기도 부천시
남광토건 주식회사,경기도 부천시 원미구 역곡로 124,,37.49570819,126.8080806,건설폐기물+사업장폐기물,,,,100,2025,경기도 부천시 원미구청,032-625-5492,2026-02-25,3860000,경기도 부천시
남광토건 주식회사,경기도 부천시 원미구 역곡로 123,,37.49570819,126.8080806,건설폐기물+사업장폐기물,,,,100,2025,경기도 부천시 원미구청,032-625-5492,2026-02-25,3860000,경기도 부천시
남광토건 주식회사,경기도 부천시 원미구 역곡로 122,,37.49570819,126.8080806,건설폐기물+사업장폐기물,,,,100,2025,경기도 부천시 원미구청,032-625-5492,2026-02-25,3860000,경기도 부천시
남광토건 주식회사,경기도 부천시 원미구 역곡로 121,,37.49570819,126.8080806,건설폐기물+사업장폐기물,,,,100,2025,경기도 부천시 원미구청,032-625-5492,2026-02-25,3860000,경기도 부천시
남광토건 주식회사,경기도 부천시 원미구 역곡로 120,,37.49570819,126.8080806,건설폐기물+사업장폐기물,,,,200,2025,경기도 부천시 원미구청,032-625-5492,2026-02-25,3860000,경기도 부천시
남광토건 주식회사,경기도 부천시 원미구 역곡로 119,,37.49570819,126.8080806,건설폐기물+사업장폐기물,,,,580,2025,경기도 부천시 원미구청,032-625-5492,2026-02-25,3860000,경기도 부천시
우진종합철거(주),,경기도 부천시 원미구 역곡동 25-32,37.48309511,126.8034869,건설폐기물+사업장폐기물,,,,500,2025,경기도 부천시 원미구청,032-625-5492,2026-02-25,3860000,경기도 부천시
우진종합철거(주),,경기도 부천시 원미구 역곡동 25-32,37.48309511,126.8034869,건설폐기물+사업장폐기물,,,,10000,2025,경기도 부천시 원미구청,032-625-5492,2026-02-25,3860000,경기도 부천시
주식회사 디앤시건설,,경기도 부천시 원미구 춘의동 155-2,37.50418926,126.7910378,건설폐기물+사업장폐기물,,,,100,2025,경기도 부천시 원미구청,032-625-5492,2026-02-25,3860000,경기도 부천시
주식회사 디앤시건설,,경기도 부천시 원미구 춘의동 155-2,37.50418926,126.7910378,건설폐기물+사업장폐기물,,,,15,2025,경기도 부천시 원미구청,032-625-5492,2026-02-25,3860000,경기도 부천시
주식회사 디앤시건설,,경기도 부천시 원미구 춘의동 155-2,37.50418926,126.7910378,건설폐기물+사업장폐기물,,,,200,2025,경기도 부천시 원미구청,032-625-5492,2026-02-25,3860000,경기도 부천시
(주)유성건설,,경기도 부천시 원미구 상동 414-1 외 일원,37.48941506,126.7518378,건설폐기물+사업장폐기물,,,,10,2025,경기도 부천시 원미구청,032-625-5492,2026-02-25,3860000,경기도 부천시
부천북고등학교,경기도 부천시 원미구 삼작로256번길 40 (도당동),,37.51849303,126.7890538,건설폐기물+사업장폐기물,,,,22.59,2025,경기도 부천시 원미구청,032-625-5492,2026-02-25,3860000,경기도 부천시
부천북고등학교,경기도 부천시 원미구 삼작로256번길 40 (도당동),,37.51849303,126.7890538,건설폐기물+사업장폐기물,,,,123.24,2025,경기도 부천시 원미구청,032-625-5492,2026-02-25,3860000,경기도 부천시
(주)세아종합건설,경기도 부천시 원미구 석천로16번길 37 부천여자고등학교 (상동),경기도 부천시 원미구 상동 314 부천여자고등학교,37.48987335,126.7617479,건설폐기물+사업장폐기물,,,,9,2025,경기도 부천시 원미구청,032-625-5492,2026-02-25,3860000,경기도 부천시
(주)세아종합건설,경기도 부천시 원미구 석천로16번길 37 부천여자고등학교 (상동),경기도 부천시 원미구 상동 314 부천여자고등학교,37.48987335,126.7617479,건설폐기물+사업장폐기물,,,,22,2025,경기도 부천시 원미구청,032-625-5492,2026-02-25,3860000,경기도 부천시
(주)스타환경,경기도 부천시 원미구 장말로 159,,37.49435941,126.7603474,건설폐기물+사업장폐기물,,,,20,2025,경기도 부천시 원미구청,032-625-5492,2026-02-25,3860000,경기도 부천시
(주)서영이엔씨,경기도 부천시 원미구 지봉로 43 가톨릭대학교 성심교정 (역곡동),경기도 부천시 원미구 역곡동 산 43-1 가톨릭대학교 성심교정,37.48753137,126.7986015,건설폐기물+사업장폐기물,,,,5,2025,경기도 부천시 원미구청,032-625-5492,2026-02-25,3860000,경기도 부천시
(주)영테크건설,경기도 부천시 원미구 석천로 141,경기도 부천시 원미구 중동 1171-1,37.50046935,126.7608615,건설폐기물+사업장폐기물,,,,30,2026,경기도 부천시 원미구청,032-625-5492,2026-02-25,3860000,경기도 부천시
서울경기남부시설단,,경기도 부천시 원미구 도당동 41-11,37.51205866,126.7898888,건설폐기물+사업장폐기물,,,,9,2026,경기도 부천시 원미구청,032-625-5492,2026-02-25,3860000,경기도 부천시
서울경기남부시설단,,경기도 부천시 원미구 도당동 41-11,37.51205866,126.7898888,건설폐기물+사업장폐기물,,,,84,2026,경기도 부천시 원미구청,032-625-5492,2026-02-25,3860000,경기도 부천시
(주)올어바웃인테리어,경기도 부천시 원미구 부흥로 284 부곡중학교 (중동),경기도 부천시 원미구 중동 1213 부곡중학교,37.49463546,126.7745235,건설폐기물+사업장폐기물,,,,22.7,2026,경기도 부천시 원미구청,032-625-5492,2026-02-25,3860000,경기도 부천시
(주)올어바웃인테리어,경기도 부천시 원미구 부흥로 284 부곡중학교 (중동),경기도 부천시 원미구 중동 1213 부곡중학교,37.49463546,126.7745235,건설폐기물+사업장폐기물,,,,74.9,2026,경기도 부천시 원미구청,032-625-5492,2026-02-25,3860000,경기도 부천시
(주)에이치비건설,,경기도 부천시 원미구 도당동 63-10_11,37.51952606,126.7910479,건설폐기물+사업장폐기물,,,,50,2026,경기도 부천시 원미구청,032-625-5492,2026-02-25,3860000,경기도 부천시
(주)에이치비건설,,경기도 부천시 원미구 도당동 63-10_11,37.51952606,126.7910479,건설폐기물+사업장폐기물,,,,350,2026,경기도 부천시 원미구청,032-625-5492,2026-02-25,3860000,경기도 부천시
(주)에이치비건설,,경기도 부천시 원미구 도당동 63-10_11,37.51952606,126.7910479,건설폐기물+사업장폐기물,,,,100,2026,경기도 부천시 원미구청,032-625-5492,2026-02-25,3860000,경기도 부천시
(주)에이치비건설,,경기도 부천시 원미구 도당동 63-10_11,37.51952606,126.7910479,건설폐기물+사업장폐기물,,,,750,2026,경기도 부천시 원미구청,032-625-5492,2026-02-25,3860000,경기도 부천시
신정종합건설 주식회사,,경기도 부천시 원미구 심곡동 161-4번지 외 1필지,37.48872133,126.7843631,건설폐기물+사업장폐기물,,,,300,2026,경기도 부천시 원미구청,032-625-5492,2026-02-25,3860000,경기도 부천시
신정종합건설 주식회사,,경기도 부천시 원미구 심곡동 161-4번지 외 1필지,37.48872133,126.7843631,건설폐기물+사업장폐기물,,,,100,2026,경기도 부천시 원미구청,032-625-5492,2026-02-25,3860000,경기도 부천시
은성ENC,경기도 부천시 원미구 석천로209번길 40 부광초등학교 (중동),경기도 부천시 원미구 중동 1029-3 부광초등학교,37.50703534,126.7621627,건설폐기물+사업장폐기물,,,,33,2026,경기도 부천시 원미구청,032-625-5492,2026-02-25,3860000,경기도 부천시
은성ENC,경기도 부천시 원미구 석천로209번길 40 부광초등학교 (중동),경기도 부천시 원미구 중동 1029-3 부광초등학교,37.50703534,126.7621627,건설폐기물+사업장폐기물,,,,65,2026,경기도 부천시 원미구청,032-625-5492,2026-02-25,3860000,경기도 부천시
(주)기남건설,경기도 부천시 원미구 계남로 171 중흥고등학교 (중동),경기도 부천시 원미구 중동 1040-4 중흥고등학교,37.5086048,126.7686513,건설폐기물+사업장폐기물,,,,6.53,2026,경기도 부천시 원미구청,032-625-5492,2026-02-25,3860000,경기도 부천시
디엘이앤씨 주식회사,,경기도 부천시 원미구 상동 529-49,37.50905498,126.7456182,건설폐기물+사업장폐기물,,,,300,2026,경기도 부천시 원미구청,032-625-5492,2026-02-25,3860000,경기도 부천시
경기도부천교육지원청,경기도 부천시 원미구 도약로 111 중원고등학교 (중동),경기도 부천시 원미구 중동 1025 중원고등학교,37.51156679,126.7622256,건설폐기물+사업장폐기물,,,,19,2026,경기도 부천시 원미구청,032-625-5492,2026-02-25,3860000,경기도 부천시
경기도부천교육지원청,경기도 부천시 원미구 도약로 111 중원고등학교 (중동),경기도 부천시 원미구 중동 1025 중원고등학교,37.51156679,126.7622256,건설폐기물+사업장폐기물,,,,120,2026,경기도 부천시 원미구청,032-625-5492,2026-02-25,3860000,경기도 부천시
(주)한국환경리서치컨설팅,경기도 부천시 원미구 신상로 94 부천정보산업고등학교 (상동),경기도 부천시 원미구 상동 391 부천정보산업고등학교,37.49636452,126.7494103,건설폐기물+사업장폐기물,,,,15,2026,경기도 부천시 원미구청,032-625-5492,2026-02-25,3860000,경기도 부천시
(주)한국환경리서치컨설팅,경기도 부천시 원미구 신상로 94 부천정보산업고등학교 (상동),경기도 부천시 원미구 상동 391 부천정보산업고등학교,37.49636452,126.7494103,건설폐기물+사업장폐기물,,,,7,2026,경기도 부천시 원미구청,032-625-5492,2026-02-25,3860000,경기도 부천시
경기도부천교육지원청,경기도 부천시 원미구 상동로 10 상원고등학교 (상동),경기도 부천시 원미구 상동 570-8 상원고등학교,37.49839693,126.7523212,건설폐기물+사업장폐기물,,,,37,2026,경기도 부천시 원미구청,032-625-5492,2026-02-25,3860000,경기도 부천시
경기도부천교육지원청,경기도 부천시 원미구 상동로 10 상원고등학교 (상동),경기도 부천시 원미구 상동 570-8 상원고등학교,37.49839693,126.7523212,건설폐기물+사업장폐기물,,,,63,2026,경기도 부천시 원미구청,032-625-5492,2026-02-25,3860000,경기도 부천시
부천시청,경기도 부천시 원미구 신상로 45 외 관내일원,경기도 부천시 원미구 상동 590-1외 관내일원,37.49389877,126.7476904,건설폐기물+사업장폐기물,,,,8,2026,경기도 부천시 원미구청,032-625-5492,2026-02-25,3860000,경기도 부천시
부천시청,경기도 부천시 원미구 신상로 45 외 관내일원,경기도 부천시 원미구 상동 590-1외 관내일원,37.49389877,126.7476904,건설폐기물+사업장폐기물,,,,90,2026,경기도 부천시 원미구청,032-625-5492,2026-02-25,3860000,경기도 부천시
경기도부천교육지원청,경기도 부천시 원미구 상동로 10 상원고등학교 (상동),경기도 부천시 원미구 상동 570-8 상원고등학교,37.49839693,126.7523212,건설폐기물+사업장폐기물,,,,50,2026,경기도 부천시 원미구청,032-625-5492,2026-02-25,3860000,경기도 부천시
현대마취통증의학과의원,전북특별자치도 진안군 진안읍 진무로 1133,전북특별자치도 진안군 진안읍 군상리 452,35.79332656,127.431487,의료폐기물,,,,13,2002,전북특별자치도 진안군청,063-430-2339,2025-12-17,4731000,전북특별자치도 진안군
현대마취통증의학과의원,전북특별자치도 진안군 진안읍 진무로 1133,전북특별자치도 진안군 진안읍 군상리 452,35.79332656,127.431487,의료폐기물,,,,51,2002,전북특별자치도 진안군청,063-430-2339,2025-12-17,4731000,전북특별자치도 진안군
현대마취통증의학과의원,전북특별자치도 진안군 진안읍 진무로 1133,전북특별자치도 진안군 진안읍 군상리 452,35.79332656,127.431487,의료폐기물,,,,6,2002,전북특별자치도 진안군청,063-430-2339,2025-12-17,4731000,전북특별자치도 진안군
동향보건지소,전북특별자치도 진안군 동향면 진성로 1609,전북특별자치도 진안군 동향면 대량리 874,35.83830079,127.5679892,의료폐기물,,,,3,2003,전북특별자치도 진안군청,063-430-2339,2025-12-17,4731000,전북특별자치도 진안군
능금보건진료소,전북특별자치도 진안군 동향면 능금로 203,전북특별자치도 진안군 동향면 능금리 598-1,35.86001324,127.5919455,의료폐기물,,,,1,2003,전북특별자치도 진안군청,063-430-2339,2025-12-17,4731000,전북특별자치도 진안군
김홍기가정의학과의원,전북특별자치도 진안군 진안읍 중앙로 88,전북특별자치도 진안군 진안읍 군상리 441-3,35.79242583,127.4269714,의료폐기물,,,,30,2003,전북특별자치도 진안군청,063-430-2339,2025-12-17,4731000,전북특별자치도 진안군
김홍기가정의학과의원,전북특별자치도 진안군 진안읍 중앙로 88,전북특별자치도 진안군 진안읍 군상리 441-3,35.79242583,127.4269714,의료폐기물,,,,1,2003,전북특별자치도 진안군청,063-430-2339,2025-12-17,4731000,전북특별자치도 진안군
김홍기가정의학과의원,전북특별자치도 진안군 진안읍 중앙로 88,전북특별자치도 진안군 진안읍 군상리 441-3,35.79242583,127.4269714,의료폐기물,,,,7,2003,전북특별자치도 진안군청,063-430-2339,2025-12-17,4731000,전북특별자치도 진안군
김홍기가정의학과의원,전북특별자치도 진안군 진안읍 중앙로 88,전북특별자치도 진안군 진안읍 군상리 441-3,35.79242583,127.4269714,의료폐기물,,,,5,2003,전북특별자치도 진안군청,063-430-2339,2025-12-17,4731000,전북특별자치도 진안군
안천보건지소,전북특별자치도 진안군 안천면 진무로 2998,전북특별자치도 진안군 안천면 노성리 714,35.89716153,127.5529141,의료폐기물,,,,3,2004,전북특별자치도 진안군청,063-430-2339,2025-12-17,4731000,전북특별자치도 진안군
안천보건지소,전북특별자치도 진안군 안천면 진무로 2998,전북특별자치도 진안군 안천면 노성리 714,35.89716153,127.5529141,의료폐기물,,,,1,2004,전북특별자치도 진안군청,063-430-2339,2025-12-17,4731000,전북특별자치도 진안군
마령가정의학과의원,전북특별자치도 진안군 마령면 서평로 187,전북특별자치도 진안군 마령면 평지리 981-10,35.73331061,127.3700261,의료폐기물,,,,5,2004,전북특별자치도 진안군청,063-430-2339,2025-12-17,4731000,전북특별자치도 진안군
마령가정의학과의원,전북특별자치도 진안군 마령면 서평로 187,전북특별자치도 진안군 마령면 평지리 981-10,35.73331061,127.3700261,의료폐기물,,,,10,2004,전북특별자치도 진안군청,063-430-2339,2025-12-17,4731000,전북특별자치도 진안군
마령가정의학과의원,전북특별자치도 진안군 마령면 서평로 187,전북특별자치도 진안군 마령면 평지리 981-10,35.73331061,127.3700261,의료폐기물,,,,7,2004,전북특별자치도 진안군청,063-430-2339,2025-12-17,4731000,전북특별자치도 진안군
백제한의원,전북특별자치도 진안군 진안읍 진무로 1104-4,전북특별자치도 진안군 진안읍 군상리 365-13,35.7917195,127.4291756,의료폐기물,,,,15,2004,전북특별자치도 진안군청,063-430-2339,2025-12-17,4731000,전북특별자치도 진안군
백제한의원,전북특별자치도 진안군 진안읍 진무로 1104-4,전북특별자치도 진안군 진안읍 군상리 365-13,35.7917195,127.4291756,의료폐기물,,,,7,2004,전북특별자치도 진안군청,063-430-2339,2025-12-17,4731000,전북특별자치도 진안군
백운보건지소,전북특별자치도 진안군 백운면 임진로 1346,전북특별자치도 진안군 백운면 백암리 674-4,35.69281246,127.3981024,의료폐기물,,,,7,2004,전북특별자치도 진안군청,063-430-2339,2025-12-17,4731000,전북특별자치도 진안군
백운보건지소,전북특별자치도 진안군 백운면 임진로 1346,전북특별자치도 진안군 백운면 백암리 674-4,35.69281246,127.3981024,의료폐기물,,,,3,2004,전북특별자치도 진안군청,063-430-2339,2025-12-17,4731000,전북특별자치도 진안군
백운보건지소,전북특별자치도 진안군 백운면 임진로 1346,전북특별자치도 진안군 백운면 백암리 674-4,35.69281246,127.3981024,의료폐기물,,,,1,2004,전북특별자치도 진안군청,063-430-2339,2025-12-17,4731000,전북특별자치도 진안군
진안군보건소,전북특별자치도 진안군 진안읍 진무로 1189,전북특별자치도 진안군 진안읍 군상리 90-15,35.79730854,127.4347748,의료폐기물,,,,1,2004,전북특별자치도 진안군청,063-430-2339,2025-12-17,4731000,전북특별자치도 진안군
진안군보건소,전북특별자치도 진안군 진안읍 진무로 1189,전북특별자치도 진안군 진안읍 군상리 90-15,35.79730854,127.4347748,의료폐기물,,,,3,2004,전북특별자치도 진안군청,063-430-2339,2025-12-17,4731000,전북특별자치도 진안군
진안군보건소,전북특별자치도 진안군 진안읍 진무로 1189,전북특별자치도 진안군 진안읍 군상리 90-15,35.79730854,127.4347748,의료폐기물,,,,10,2004,전북특별자치도 진안군청,063-430-2339,2025-12-17,4731000,전북특별자치도 진안군
용담보건지소,전북특별자치도 진안군 용담면 대송로 17,전북특별자치도 진안군 용담면 송풍리 924-3,35.96709112,127.5197999,의료폐기물,,,,5,2004,전북특별자치도 진안군청,063-430-2339,2025-12-17,4731000,전북특별자치도 진안군
용담보건지소,전북특별자치도 진안군 용담면 대송로 17,전북특별자치도 진안군 용담면 송풍리 924-3,35.96709112,127.5197999,의료폐기물,,,,2,2004,전북특별자치도 진안군청,063-430-2339,2025-12-17,4731000,전북특별자치도 진안군
상전보건지소,전북특별자치도 진안군 상전면 주평로 41,전북특별자치도 진안군 상전면 주평리 1045-5,35.82316183,127.486776,의료폐기물,,,,1,2004,전북특별자치도 진안군청,063-430-2339,2025-12-17,4731000,전북특별자치도 진안군
상전보건지소,전북특별자치도 진안군 상전면 주평로 41,전북특별자치도 진안군 상전면 주평리 1045-5,35.82316183,127.486776,의료폐기물,,,,2,2004,전북특별자치도 진안군청,063-430-2339,2025-12-17,4731000,전북특별자치도 진안군
성수보건지소,전북특별자치도 진안군 성수면 관진로 783,전북특별자치도 진안군 성수면 외궁리 705,35.70857984,127.3232482,의료폐기물,,,,2,2004,전북특별자치도 진안군청,063-430-2339,2025-12-17,4731000,전북특별자치도 진안군
성수보건지소,전북특별자치도 진안군 성수면 관진로 783,전북특별자치도 진안군 성수면 외궁리 705,35.70857984,127.3232482,의료폐기물,,,,1,2004,전북특별자치도 진안군청,063-430-2339,2025-12-17,4731000,전북특별자치도 진안군
마령보건지소,전북특별자치도 진안군 마령면 솔안2길 8,전북특별자치도 진안군 마령면 평지리 1004-2,35.73446535,127.3708036,의료폐기물,,,,2,2004,전북특별자치도 진안군청,063-430-2339,2025-12-17,4731000,전북특별자치도 진안군
마령보건지소,전북특별자치도 진안군 마령면 솔안2길 8,전북특별자치도 진안군 마령면 평지리 1004-2,35.73446535,127.3708036,의료폐기물,,,,1,2004,전북특별자치도 진안군청,063-430-2339,2025-12-17,4731000,전북특별자치도 진안군
부귀보건지소,전북특별자치도 진안군 부귀면 부귀로 305-6,전북특별자치도 진안군 부귀면 거석리 786-5,35.83673832,127.3612259,의료폐기물,,,,1,2004,전북특별자치도 진안군청,063-430-2339,2025-12-17,4731000,전북특별자치도 진안군
주천보건지소,전북특별자치도 진안군 주천면 동상주천로 2253,전북특별자치도 진안군 주천면 주양리 92-1,35.97749958,127.4287801,의료폐기물,,,,1,2004,전북특별자치도 진안군청,063-430-2339,2025-12-17,4731000,전북특별자치도 진안군
주천보건지소,전북특별자치도 진안군 주천면 동상주천로 2253,전북특별자치도 진안군 주천면 주양리 92-1,35.97749958,127.4287801,의료폐기물,,,,75,2004,전북특별자치도 진안군청,063-430-2339,2025-12-17,4731000,전북특별자치도 진안군
월포보건진료소,전북특별자치도 진안군 상전면 금지1길 18-31,전북특별자치도 진안군 상전면 월포리 1010-7,35.86181133,127.4766037,의료폐기물,,,,1,2004,전북특별자치도 진안군청,063-430-2339,2025-12-17,4731000,전북특별자치도 진안군
반송보건진료소,전북특별자치도 진안군 백운면 반송길 4,전북특별자치도 진안군 백운면 반송리 337-3,35.66730596,127.4022991,의료폐기물,,,,1,2004,전북특별자치도 진안군청,063-430-2339,2025-12-17,4731000,전북특별자치도 진안군
덕천보건진료소,전북특별자치도 진안군 마령면 덕천로 87,전북특별자치도 진안군 마령면 덕천리 518-7,35.75874671,127.344210,의료폐기물,,,,1,2004,전북특별자치도 진안군청,063-430-2339,2025-12-17,4731000,전북특별자치도 진안군
수항보건진료소,전북특별자치도 진안군 부귀면 황금로 244,전북특별자치도 진안군 부귀면 수항리 1125-1,35.85797246,127.3900169,의료폐기물,,,,11,2004,전북특별자치도 진안군청,063-430-2339,2025-12-17,4731000,전북특별자치도 진안군
수항보건진료소,전북특별자치도 진안군 부귀면 황금로 244,전북특별자치도 진안군 부귀면 수항리 1125-1,35.85797246,127.3900169,의료폐기물,,,,4,2004,전북특별자치도 진안군청,063-430-2339,2025-12-17,4731000,전북특별자치도 진안군
세동보건진료소,전북특별자치도 진안군 부귀면 모래재로 917,전북특별자치도 진안군 부귀면 세동리 254-10,35.80289761,127.3277348,의료폐기물,,,,1,2004,전북특별자치도 진안군청,063-430-2339,2025-12-17,4731000,전북특별자치도 진안군
대불보건진료소,전북특별자치도 진안군 주천면 벌뜸길 9,전북특별자치도 진안군 주천면 대불리 215-4,35.97574632,127.3720116,의료폐기물,,,,1,2004,전북특별자치도 진안군청,063-430-2339,2025-12-17,4731000,전북특별자치도 진안군
무릉보건진료소,전북특별자치도 진안군 주천면 어자길 67,전북특별자치도 진안군 주천면 무릉리 664-1,36.00922389,127.3892844,의료폐기물,,,,1,2004,전북특별자치도 진안군청,063-430-2339,2025-12-17,4731000,전북특별자치도 진안군
원광한의원,전북특별자치도 진안군 마령면 임진로 2101,전북특별자치도 진안군 마령면 평지리 981-4,35.73346602,127.3701312,의료폐기물,,,,1,2004,전북특별자치도 진안군청,063-430-2339,2025-12-17,4731000,전북특별자치도 진안군
송외과,전북특별자치도 진안군 진안읍 시장2길 8,전북특별자치도 진안군 진안읍 군상리 450-22,35.792744,127.4301503,의료폐기물,,,,3,2004,전북특별자치도 진안군청,063-430-2339,2025-12-17,4731000,전북특별자치도 진안군
송외과,전북특별자치도 진안군 진안읍 시장2길 8,전북특별자치도 진안군 진안읍 군상리 450-22,35.792744,127.4301503,의료폐기물,,,,10,2004,전북특별자치도 진안군청,063-430-2339,2025-12-17,4731000,전북특별자치도 진안군
문치과,전북특별자치도 진안군 진안읍 진무로 1094,전북특별자치도 진안군 진안읍 군상리 414-3,35.79176687,127.4282511,의료폐기물,,,,1,2004,전북특별자치도 진안군청,063-430-2339,2025-12-17,4731000,전북특별자치도 진안군
김진호내과,전북특별자치도 진안군 진안읍 진무로 1104,전북특별자치도 진안군 진안읍 군상리 365-9,35.79187523,127.429305,의료폐기물,,,,5,2006,전북특별자치도 진안군청,063-430-2339,2025-12-17,4731000,전북특별자치도 진안군
김진호내과,전북특별자치도 진안군 진안읍 진무로 1104,전북특별자치도 진안군 진안읍 군상리 365-9,35.79187523,127.429305,의료폐기물,,,,30,2006,전북특별자치도 진안군청,063-430-2339,2025-12-17,4731000,전북특별자치도 진안군
김진호내과,전북특별자치도 진안군 진안읍 진무로 1104,전북특별자치도 진안군 진안읍 군상리 365-9,35.79187523,127.429305,의료폐기물,,,,10,2006,전북특별자치도 진안군청,063-430-2339,2025-12-17,4731000,전북특별자치도 진안군
무릉보건진료소,전북특별자치도 진안군 주천면 어자길 44,전북특별자치도 진안군 주천면 무릉리 484-7,36.00805553,127.3872568,의료폐기물,,,,5,2007,전북특별자치도 진안군청,063-430-2339,2025-12-17,4731000,전북특별자치도 진안군
무릉보건진료소,전북특별자치도 진안군 주천면 어자길 44,전북특별자치도 진안군 주천면 무릉리 484-7,36.00805553,127.3872568,의료폐기물,,,,10,2007,전북특별자치도 진안군청,063-430-2339,2025-12-17,4731000,전북특별자치도 진안군
부귀보건지소,전북특별자치도 진안군 부귀면 부귀로 305-6,전북특별자치도 진안군 부귀면 거석리 786-5,35.83673832,127.3612259,의료폐기물,,,,5,2008,전북특별자치도 진안군청,063-430-2339,2025-12-17,4731000,전북특별자치도 진안군
부귀보건지소,전북특별자치도 진안군 부귀면 부귀로 305-6,전북특별자치도 진안군 부귀면 거석리 786-5,35.83673832,127.3612259,의료폐기물,,,,1,2008,전북특별자치도 진안군청,063-430-2339,2025-12-17,4731000,전북특별자치도 진안군
부귀보건지소,전북특별자치도 진안군 부귀면 부귀로 305-6,전북특별자치도 진안군 부귀면 거석리 786-5,35.83673832,127.3612259,의료폐기물,,,,2,2008,전북특별자치도 진안군청,063-430-2339,2025-12-17,4731000,전북특별자치도 진안군
수항보건진료소,전북특별자치도 진안군 부귀면 황금로 244,전북특별자치도 진안군 부귀면 수항리 1125-1,35.85797246,127.3900169,의료폐기물,,,,5,2008,전북특별자치도 진안군청,063-430-2339,2025-12-17,4731000,전북특별자치도 진안군
수항보건진료소,전북특별자치도 진안군 부귀면 황금로 244,전북특별자치도 진안군 부귀면 수항리 1125-1,35.85797246,127.3900169,의료폐기물,,,,2,2008,전북특별자치도 진안군청,063-430-2339,2025-12-17,4731000,전북특별자치도 진안군
좌산보건진료소,전북특별자치도 진안군 성수면 가외반로 15,전북특별자치도 진안군 성수면 좌산리 493-1,35.68294123,127.3157578,의료폐기물,,,,3,2008,전북특별자치도 진안군청,063-430-2339,2025-12-17,4731000,전북특별자치도 진안군
좌산보건진료소,전북특별자치도 진안군 성수면 가외반로 15,전북특별자치도 진안군 성수면 좌산리 493-1,35.68294123,127.3157578,의료폐기물,,,,1,2008,전북특별자치도 진안군청,063-430-2339,2025-12-17,4731000,전북특별자치도 진안군
덕천보건진료소,전북특별자치도 진안군 마령면 덕천로 54,전북특별자치도 진안군 마령면 덕천리 532-2,35.75816184,127.3479198,의료폐기물,,,,10,2008,전북특별자치도 진안군청,063-430-2339,2025-12-17,4731000,전북특별자치도 진안군
덕천보건진료소,전북특별자치도 진안군 마령면 덕천로 54,전북특별자치도 진안군 마령면 덕천리 532-2,35.75816184,127.3479198,의료폐기물,,,,5,2008,전북특별자치도 진안군청,063-430-2339,2025-12-17,4731000,전북특별자치도 진안군
좌포보건진료소,전북특별자치도 진안군 성수면 원좌길 46,전북특별자치도 진안군 성수면 좌포리 1588-50,35.74018163,127.3153715,의료폐기물,,,,10,2008,전북특별자치도 진안군청,063-430-2339,2025-12-17,4731000,전북특별자치도 진안군
좌포보건진료소,전북특별자치도 진안군 성수면 원좌길 46,전북특별자치도 진안군 성수면 좌포리 1588-50,35.74018163,127.3153715,의료폐기물,,,,5,2008,전북특별자치도 진안군청,063-430-2339,2025-12-17,4731000,전북특별자치도 진안군
성수면보건지소,전북특별자치도 진안군 성수면 관진로 783,전북특별자치도 진안군 성수면 외궁리 705,35.70857984,127.3232482,의료폐기물,,,,1,2008,전북특별자치도 진안군청,063-430-2339,2025-12-17,4731000,전북특별자치도 진안군
성수면보건지소,전북특별자치도 진안군 성수면 관진로 783,전북특별자치도 진안군 성수면 외궁리 705,35.70857984,127.3232482,의료폐기물,,,,5,2008,전북특별자치도 진안군청,063-430-2339,2025-12-17,4731000,전북특별자치도 진안군
성수면보건지소,전북특별자치도 진안군 성수면 관진로 783,전북특별자치도 진안군 성수면 외궁리 705,35.70857984,127.3232482,의료폐기물,,,,10,2008,전북특별자치도 진안군청,063-430-2339,2025-12-17,4731000,전북특별자치도 진안군
능금보건진료소,전북특별자치도 진안군 동향면 능금로 203,전북특별자치도 진안군 동향면 능금리 598-1,35.86001324,127.5919455,의료폐기물,,,,2,2008,전북특별자치도 진안군청,063-430-2339,2025-12-17,4731000,전북특별자치도 진안군
능금보건진료소,전북특별자치도 진안군 동향면 능금로 203,전북특별자치도 진안군 동향면 능금리 598-1,35.86001324,127.5919455,의료폐기물,,,,5,2008,전북특별자치도 진안군청,063-430-2339,2025-12-17,4731000,전북특별자치도 진안군
동향보건지소,전북특별자치도 진안군 동향면 진성로 1609,전북특별자치도 진안군 동향면 대량리 874,35.83830079,127.5679892,의료폐기물,,,,10,2008,전북특별자치도 진안군청,063-430-2339,2025-12-17,4731000,전북특별자치도 진안군
동향보건지소,전북특별자치도 진안군 동향면 진성로 1609,전북특별자치도 진안군 동향면 대량리 874,35.83830079,127.5679892,의료폐기물,,,,3,2008,전북특별자치도 진안군청,063-430-2339,2025-12-17,4731000,전북특별자치도 진안군
동향보건지소,전북특별자치도 진안군 동향면 진성로 1609,전북특별자치도 진안군 동향면 대량리 874,35.83830079,127.5679892,의료폐기물,,,,1,2008,전북특별자치도 진안군청,063-430-2339,2025-12-17,4731000,전북특별자치도 진안군
월포보건진료소,전북특별자치도 진안군 상전면 금지1길 18-31,전북특별자치도 진안군 상전면 월포리 1010-7,35.86181133,127.4766037,의료폐기물,,,,2,2008,전북특별자치도 진안군청,063-430-2339,2025-12-17,4731000,전북특별자치도 진안군
월포보건진료소,전북특별자치도 진안군 상전면 금지1길 18-31,전북특별자치도 진안군 상전면 월포리 1010-7,35.86181133,127.4766037,의료폐기물,,,,5,2008,전북특별자치도 진안군청,063-430-2339,2025-12-17,4731000,전북특별자치도 진안군
상전보건지소,전북특별자치도 진안군 상전면 주평로 41,전북특별자치도 진안군 상전면 주평리 1045-5,35.82316183,127.486776,의료폐기물,,,,5,2008,전북특별자치도 진안군청,063-430-2339,2025-12-17,4731000,전북특별자치도 진안군
상전보건지소,전북특별자치도 진안군 상전면 주평로 41,전북특별자치도 진안군 상전면 주평리 1045-5,35.82316183,127.486776,의료폐기물,,,,2,2008,전북특별자치도 진안군청,063-430-2339,2025-12-17,4731000,전북특별자치도 진안군
학선보건진료소,전북특별자치도 진안군 동향면 봉곡길 15,전북특별자치도 진안군 동향면 학선리 268-1,35.84331229,127.6129182,의료폐기물,,,,2,2008,전북특별자치도 진안군청,063-430-2339,2025-12-17,4731000,전북특별자치도 진안군
학선보건진료소,전북특별자치도 진안군 동향면 봉곡길 15,전북특별자치도 진안군 동향면 학선리 268-1,35.84331229,127.6129182,의료폐기물,,,,5,2008,전북특별자치도 진안군청,063-430-2339,2025-12-17,4731000,전북특별자치도 진안군
안천보건지소,전북특별자치도 진안군 안천면 진무로 2998,전북특별자치도 진안군 안천면 노성리 714,35.89716153,127.5529141,의료폐기물,,,,2,2008,전북특별자치도 진안군청,063-430-2339,2025-12-17,4731000,전북특별자치도 진안군
안천보건지소,전북특별자치도 진안군 안천면 진무로 2998,전북특별자치도 진안군 안천면 노성리 714,35.89716153,127.5529141,의료폐기물,,,,5,2008,전북특별자치도 진안군청,063-430-2339,2025-12-17,4731000,전북특별자치도 진안군
용담보건지소,전북특별자치도 진안군 용담면 대송로 17,전북특별자치도 진안군 용담면 송풍리 924-3,35.96709112,127.5197999,의료폐기물,,,,5,2008,전북특별자치도 진안군청,063-430-2339,2025-12-17,4731000,전북특별자치도 진안군
용담보건지소,전북특별자치도 진안군 용담면 대송로 17,전북특별자치도 진안군 용담면 송풍리 924-3,35.96709112,127.5197999,의료폐기물,,,,2,2008,전북특별자치도 진안군청,063-430-2339,2025-12-17,4731000,전북특별자치도 진안군
진안군 보건소,전북특별자치도 진안군 진안읍 진무로 1189,전북특별자치도 진안군 진안읍 군상리 90-15,35.79730854,127.4347748,의료폐기물,,,,30,2008,전북특별자치도 진안군청,063-430-2339,2025-12-17,4731000,전북특별자치도 진안군
진안군 보건소,전북특별자치도 진안군 진안읍 진무로 1189,전북특별자치도 진안군 진안읍 군상리 90-15,35.79730854,127.4347748,의료폐기물,,,,20,2008,전북특별자치도 진안군청,063-430-2339,2025-12-17,4731000,전북특별자치도 진안군
진안군 보건소,전북특별자치도 진안군 진안읍 진무로 1189,전북특별자치도 진안군 진안읍 군상리 90-15,35.79730854,127.4347748,의료폐기물,,,,1,2008,전북특별자치도 진안군청,063-430-2339,2025-12-17,4731000,전북특별자치도 진안군
진안군 보건소,전북특별자치도 진안군 진안읍 진무로 1189,전북특별자치도 진안군 진안읍 군상리 90-15,35.79730854,127.4347748,의료폐기물,,,,100,2008,전북특별자치도 진안군청,063-430-2339,2025-12-17,4731000,전북특별자치도 진안군
진안군 보건소,전북특별자치도 진안군 진안읍 진무로 1189,전북특별자치도 진안군 진안읍 군상리 90-15,35.79730854,127.4347748,의료폐기물,,,,50,2008,전북특별자치도 진안군청,063-430-2339,2025-12-17,4731000,전북특별자치도 진안군
진안군 보건소,전북특별자치도 진안군 진안읍 진무로 1189,전북특별자치도 진안군 진안읍 군상리 90-15,35.79730854,127.4347748,의료폐기물,,,,10,2008,전북특별자치도 진안군청,063-430-2339,2025-12-17,4731000,전북특별자치도 진안군
대불보건진료소,전북특별자치도 진안군 주천면 벌뜸길 9,전북특별자치도 진안군 주천면 대불리 215-4,35.97574049,127.372030,의료폐기물,,,,5,2008,전북특별자치도 진안군청,063-430-2339,2025-12-17,4731000,전북특별자치도 진안군
대불보건진료소,전북특별자치도 진안군 주천면 벌뜸길 9,전북특별자치도 진안군 주천면 대불리 215-4,35.97574049,127.372030,의료폐기물,,,,1,2008,전북특별자치도 진안군청,063-430-2339,2025-12-17,4731000,전북특별자치도 진안군
무릉보건진료소,전북특별자치도 진안군 주천면 어자길 44,전북특별자치도 진안군 주천면 무릉리 484-7,36.00805553,127.3872568,의료폐기물,,,,2,2008,전북특별자치도 진안군청,063-430-2339,2025-12-17,4731000,전북특별자치도 진안군
무릉보건진료소,전북특별자치도 진안군 주천면 어자길 44,전북특별자치도 진안군 주천면 무릉리 484-7,36.00805553,127.3872568,의료폐기물,,,,5,2008,전북특별자치도 진안군청,063-430-2339,2025-12-17,4731000,전북특별자치도 진안군
우리가정의학과의원,전북특별자치도 진안군 진안읍 진무로 1128,전북특별자치도 진안군 진안읍 군상리 403-1,35.79265902,127.4316053,의료폐기물,,,,100,2008,전북특별자치도 진안군청,063-430-2339,2025-12-17,4731000,전북특별자치도 진안군
우리가정의학과의원,전북특별자치도 진안군 진안읍 진무로 1128,전북특별자치도 진안군 진안읍 군상리 403-1,35.79265902,127.4316053,의료폐기물,,,,20,2008,전북특별자치도 진안군청,063-430-2339,2025-12-17,4731000,전북특별자치도 진안군
우리가정의학과의원,전북특별자치도 진안군 진안읍 진무로 1128,전북특별자치도 진안군 진안읍 군상리 403-1,35.79265902,127.4316053,의료폐기물,,,,10,2008,전북특별자치도 진안군청,063-430-2339,2025-12-17,4731000,전북특별자치도 진안군
현대마취통증의학과의원,전북특별자치도 진안군 진안읍 진무로 1133,전북특별자치도 진안군 진안읍 군상리 452,35.79332656,127.431487,의료폐기물,,,,10,2008,전북특별자치도 진안군청,063-430-2339,2025-12-17,4731000,전북특별자치도 진안군
현대마취통증의학과의원,전북특별자치도 진안군 진안읍 진무로 1133,전북특별자치도 진안군 진안읍 군상리 452,35.79332656,127.431487,의료폐기물,,,,100,2008,전북특별자치도 진안군청,063-430-2339,2025-12-17,4731000,전북특별자치도 진안군
현대마취통증의학과의원,전북특별자치도 진안군 진안읍 진무로 1133,전북특별자치도 진안군 진안읍 군상리 452,35.79332656,127.431487,의료폐기물,,,,50,2008,전북특별자치도 진안군청,063-430-2339,2025-12-17,4731000,전북특별자치도 진안군
주천보건지소,전북특별자치도 진안군 주천면 동상주천로 2253,전북특별자치도 진안군 주천면 주양리 92-1,35.97749958,127.4287801,의료폐기물,,,,5,2008,전북특별자치도 진안군청,063-430-2339,2025-12-17,4731000,전북특별자치도 진안군
주천보건지소,전북특별자치도 진안군 주천면 동상주천로 2253,전북특별자치도 진안군 주천면 주양리 92-1,35.97749958,127.4287801,의료폐기물,,,,1,2008,전북특별자치도 진안군청,063-430-2339,2025-12-17,4731000,전북특별자치도 진안군
주천보건지소,전북특별자치도 진안군 주천면 동상주천로 2253,전북특별자치도 진안군 주천면 주양리 92-1,35.97749958,127.4287801,의료폐기물,,,,2,2008,전북특별자치도 진안군청,063-430-2339,2025-12-17,4731000,전북특별자치도 진안군
정천보건지소,전북특별자치도 진안군 정천면 봉학로 66,전북특별자치도 진안군 정천면 봉학리 547,35.87319025,127.4285695,의료폐기물,,,,3,2008,전북특별자치도 진안군청,063-430-2339,2025-12-17,4731000,전북특별자치도 진안군
정천보건지소,전북특별자치도 진안군 정천면 봉학로 66,전북특별자치도 진안군 정천면 봉학리 547,35.87319025,127.4285695,의료폐기물,,,,1,2008,전북특별자치도 진안군청,063-430-2339,2025-12-17,4731000,전북특별자치도 진안군
세동보건진료소,전북특별자치도 진안군 부귀면 모래재로 917,전북특별자치도 진안군 부귀면 세동리 254-10,35.80289761,127.3277348,의료폐기물,,,,2,2008,전북특별자치도 진안군청,063-430-2339,2025-12-17,4731000,전북특별자치도 진안군
세동보건진료소,전북특별자치도 진안군 부귀면 모래재로 917,전북특별자치도 진안군 부귀면 세동리 254-10,35.80289761,127.3277348,의료폐기물,,,,5,2008,전북특별자치도 진안군청,063-430-2339,2025-12-17,4731000,전북특별자치도 진안군
송외과,전북특별자치도 진안군 진안읍 시장2길 8,전북특별자치도 진안군 진안읍 군상리 450-22,35.792744,127.4301503,의료폐기물,,,,50,2008,전북특별자치도 진안군청,063-430-2339,2025-12-17,4731000,전북특별자치도 진안군
송외과,전북특별자치도 진안군 진안읍 시장2길 8,전북특별자치도 진안군 진안읍 군상리 450-22,35.792744,127.4301503,의료폐기물,,,,10,2008,전북특별자치도 진안군청,063-430-2339,2025-12-17,4731000,전북특별자치도 진안군
마이한의원,전북특별자치도 진안군 진안읍 진무로 1112,전북특별자치도 진안군 진안읍 군상리 403-41,35.79195244,127.4300438,의료폐기물,,,,10,2008,전북특별자치도 진안군청,063-430-2339,2025-12-17,4731000,전북특별자치도 진안군
마이한의원,전북특별자치도 진안군 진안읍 진무로 1112,전북특별자치도 진안군 진안읍 군상리 403-41,35.79195244,127.4300438,의료폐기물,,,,20,2008,전북특별자치도 진안군청,063-430-2339,2025-12-17,4731000,전북특별자치도 진안군
문치과,전북특별자치도 진안군 진안읍 진무로 1094,전북특별자치도 진안군 진안읍 군상리 414-3,35.79176687,127.4282511,의료폐기물,,,,10,2008,전북특별자치도 진안군청,063-430-2339,2025-12-17,4731000,전북특별자치도 진안군
문치과,전북특별자치도 진안군 진안읍 진무로 1094,전북특별자치도 진안군 진안읍 군상리 414-3,35.79176687,127.4282511,의료폐기물,,,,5,2008,전북특별자치도 진안군청,063-430-2339,2025-12-17,4731000,전북특별자치도 진안군
문치과,전북특별자치도 진안군 진안읍 진무로 1094,전북특별자치도 진안군 진안읍 군상리 414-3,35.79176687,127.4282511,의료폐기물,,,,1,2008,전북특별자치도 진안군청,063-430-2339,2025-12-17,4731000,전북특별자치도 진안군
구세의원,전북특별자치도 진안군 진안읍 우화산길 10,전북특별자치도 진안군 진안읍 군하리 82-2,35.79070408,127.4259505,의료폐기물,,,,5,2008,전북특별자치도 진안군청,063-430-2339,2025-12-17,4731000,전북특별자치도 진안군
구세의원,전북특별자치도 진안군 진안읍 우화산길 10,전북특별자치도 진안군 진안읍 군하리 82-2,35.79070408,127.4259505,의료폐기물,,,,30,2008,전북특별자치도 진안군청,063-430-2339,2025-12-17,4731000,전북특별자치도 진안군
김홍기가정의학과의원,전북특별자치도 진안군 진안읍 중앙로 88,전북특별자치도 진안군 진안읍 군상리 441-3,35.79242583,127.4269714,의료폐기물,,,,50,2008,전북특별자치도 진안군청,063-430-2339,2025-12-17,4731000,전북특별자치도 진안군
김홍기가정의학과의원,전북특별자치도 진안군 진안읍 중앙로 88,전북특별자치도 진안군 진안읍 군상리 441-3,35.79242583,127.4269714,의료폐기물,,,,10,2008,전북특별자치도 진안군청,063-430-2339,2025-12-17,4731000,전북특별자치도 진안군
평장보건진료소,전북특별자치도 진안군 백운면 평노길 55-5,전북특별자치도 진안군 백운면 평장리 112,35.71197544,127.4116175,의료폐기물,,,,10,2008,전북특별자치도 진안군청,063-430-2339,2025-12-17,4731000,전북특별자치도 진안군
평장보건진료소,전북특별자치도 진안군 백운면 평노길 55-5,전북특별자치도 진안군 백운면 평장리 112,35.71197544,127.4116175,의료폐기물,,,,5,2008,전북특별자치도 진안군청,063-430-2339,2025-12-17,4731000,전북특별자치도 진안군
반송보건진료소,전북특별자치도 진안군 백운면 반송길 4,전북특별자치도 진안군 백운면 반송리 337-3,35.66730596,127.4022991,의료폐기물,,,,1,2008,전북특별자치도 진안군청,063-430-2339,2025-12-17,4731000,전북특별자치도 진안군
반송보건진료소,전북특별자치도 진안군 백운면 반송길 4,전북특별자치도 진안군 백운면 반송리 337-3,35.66730596,127.4022991,의료폐기물,,,,5,2008,전북특별자치도 진안군청,063-430-2339,2025-12-17,4731000,전북특별자치도 진안군
백운보건지소,전북특별자치도 진안군 백운면 임진로 1346,전북특별자치도 진안군 백운면 백암리 674-4,35.69281246,127.3981024,의료폐기물,,,,10,2008,전북특별자치도 진안군청,063-430-2339,2025-12-17,4731000,전북특별자치도 진안군
백운보건지소,전북특별자치도 진안군 백운면 임진로 1346,전북특별자치도 진안군 백운면 백암리 674-4,35.69281246,127.3981024,의료폐기물,,,,3,2008,전북특별자치도 진안군청,063-430-2339,2025-12-17,4731000,전북특별자치도 진안군
백운보건지소,전북특별자치도 진안군 백운면 임진로 1346,전북특별자치도 진안군 백운면 백암리 674-4,35.69281246,127.3981024,의료폐기물,,,,1,2008,전북특별자치도 진안군청,063-430-2339,2025-12-17,4731000,전북특별자치도 진안군
원광한의원,전북특별자치도 진안군 마령면 임진로 2101,전북특별자치도 진안군 마령면 평지리 981-4,35.73346602,127.3701312,의료폐기물,,,,5,2008,전북특별자치도 진안군청,063-430-2339,2025-12-17,4731000,전북특별자치도 진안군
마령가정의학과의원,전북특별자치도 진안군 마령면 서평로 187,전북특별자치도 진안군 마령면 평지리 981-10,35.73331061,127.3700261,의료폐기물,,,,5,2008,전북특별자치도 진안군청,063-430-2339,2025-12-17,4731000,전북특별자치도 진안군
마령가정의학과의원,전북특별자치도 진안군 마령면 서평로 187,전북특별자치도 진안군 마령면 평지리 981-10,35.73331061,127.3700261,의료폐기물,,,,30,2008,전북특별자치도 진안군청,063-430-2339,2025-12-17,4731000,전북특별자치도 진안군
마령보건지소,전북특별자치도 진안군 마령면 솔안2길 8,전북특별자치도 진안군 마령면 평지리 1004-2,35.73446535,127.3708036,의료폐기물,,,,5,2008,전북특별자치도 진안군청,063-430-2339,2025-12-17,4731000,전북특별자치도 진안군
마령보건지소,전북특별자치도 진안군 마령면 솔안2길 8,전북특별자치도 진안군 마령면 평지리 1004-2,35.73446535,127.3708036,의료폐기물,,,,10,2008,전북특별자치도 진안군청,063-430-2339,2025-12-17,4731000,전북특별자치도 진안군
마령보건지소,전북특별자치도 진안군 마령면 솔안2길 8,전북특별자치도 진안군 마령면 평지리 1004-2,35.73446535,127.3708036,의료폐기물,,,,1,2008,전북특별자치도 진안군청,063-430-2339,2025-12-17,4731000,전북특별자치도 진안군
유동물병원,전북특별자치도 진안군 진안읍 대광길 8,전북특별자치도 진안군 진안읍 군하리 125-47,35.78883191,127.4218039,의료폐기물,,,,3,2008,전북특별자치도 진안군청,063-430-2339,2025-12-17,4731000,전북특별자치도 진안군
유동물병원,전북특별자치도 진안군 진안읍 대광길 8,전북특별자치도 진안군 진안읍 군하리 125-47,35.78883191,127.4218039,의료폐기물,,,,1,2008,전북특별자치도 진안군청,063-430-2339,2025-12-17,4731000,전북특별자치도 진안군
유동물병원,전북특별자치도 진안군 진안읍 대광길 8,전북특별자치도 진안군 진안읍 군하리 125-47,35.78883191,127.4218039,의료폐기물,,,,10,2008,전북특별자치도 진안군청,063-430-2339,2025-12-17,4731000,전북특별자치도 진안군
진안치과의원,전북특별자치도 진안군 진안읍 진무로 1102,전북특별자치도 진안군 진안읍 군상리 365-14,35.7918247,127.4290437,의료폐기물,,,,5,2008,전북특별자치도 진안군청,063-430-2339,2025-12-17,4731000,전북특별자치도 진안군
진안치과의원,전북특별자치도 진안군 진안읍 진무로 1102,전북특별자치도 진안군 진안읍 군상리 365-14,35.7918247,127.4290437,의료폐기물,,,,1,2008,전북특별자치도 진안군청,063-430-2339,2025-12-17,4731000,전북특별자치도 진안군
진안치과의원,전북특별자치도 진안군 진안읍 진무로 1102,전북특별자치도 진안군 진안읍 군상리 365-14,35.7918247,127.4290437,의료폐기물,,,,10,2008,전북특별자치도 진안군청,063-430-2339,2025-12-17,4731000,전북특별자치도 진안군
백제한의원,전북특별자치도 진안군 진안읍 진무로 1104-4,전북특별자치도 진안군 진안읍 군상리 365-13,35.7917195,127.4291756,의료폐기물,,,,50,2008,전북특별자치도 진안군청,063-430-2339,2025-12-17,4731000,전북특별자치도 진안군
백제한의원,전북특별자치도 진안군 진안읍 진무로 1104-4,전북특별자치도 진안군 진안읍 군상리 365-13,35.7917195,127.4291756,의료폐기물,,,,30,2008,전북특별자치도 진안군청,063-430-2339,2025-12-17,4731000,전북특별자치도 진안군
김진호내과,전북특별자치도 진안군 진안읍 진무로 1096-1,전북특별자치도 진안군 진안읍 군상리 364-8,35.79180558,127.4285179,의료폐기물,,,,50,2008,전북특별자치도 진안군청,063-430-2339,2025-12-17,4731000,전북특별자치도 진안군
김진호내과,전북특별자치도 진안군 진안읍 진무로 1096-1,전북특별자치도 진안군 진안읍 군상리 364-8,35.79180558,127.4285179,의료폐기물,,,,10,2008,전북특별자치도 진안군청,063-430-2339,2025-12-17,4731000,전북특별자치도 진안군
삼양동물병원,전북특별자치도 진안군 진안읍 진무로 1108,전북특별자치도 진안군 진안읍 군상리 366-31,35.79194828,127.4296197,의료폐기물,,,,3,2008,전북특별자치도 진안군청,063-430-2339,2025-12-17,4731000,전북특별자치도 진안군
삼양동물병원,전북특별자치도 진안군 진안읍 진무로 1108,전북특별자치도 진안군 진안읍 군상리 366-31,35.79194828,127.4296197,의료폐기물,,,,10,2008,전북특별자치도 진안군청,063-430-2339,2025-12-17,4731000,전북특별자치도 진안군
삼양동물병원,전북특별자치도 진안군 진안읍 진무로 1108,전북특별자치도 진안군 진안읍 군상리 366-31,35.79194828,127.4296197,의료폐기물,,,,1,2008,전북특별자치도 진안군청,063-430-2339,2025-12-17,4731000,전북특별자치도 진안군
진안의원,전북특별자치도 진안군 진안읍 진무로 1109-1,전북특별자치도 진안군 진안읍 군상리 405-3,35.79223012,127.4299424,의료폐기물,,,,50,2008,전북특별자치도 진안군청,063-430-2339,2025-12-17,4731000,전북특별자치도 진안군
진안의원,전북특별자치도 진안군 진안읍 진무로 1109-1,전북특별자치도 진안군 진안읍 군상리 405-3,35.79223012,127.4299424,의료폐기물,,,,10,2008,전북특별자치도 진안군청,063-430-2339,2025-12-17,4731000,전북특별자치도 진안군
진안연세안과,전북특별자치도 진안군 진안읍 진무로 1090,전북특별자치도 진안군 진안읍 군상리 416-1,35.79164178,127.4278699,의료폐기물,,,,10,2008,전북특별자치도 진안군청,063-430-2339,2025-12-17,4731000,전북특별자치도 진안군
진안연세안과,전북특별자치도 진안군 진안읍 진무로 1090,전북특별자치도 진안군 진안읍 군상리 416-1,35.79164178,127.4278699,의료폐기물,,,,50,2008,전북특별자치도 진안군청,063-430-2339,2025-12-17,4731000,전북특별자치도 진안군
진안군 복합 노인복지타운 노인요양원,전북특별자치도 진안군 진안읍 마이산로 82,전북특별자치도 진안군 진안읍 군하리 351-17,35.77993132,127.4179939,의료폐기물,,,,300,2008,전북특별자치도 진안군청,063-430-2339,2025-12-17,4731000,전북특별자치도 진안군
진안군 복합 노인복지타운 노인요양원,전북특별자치도 진안군 진안읍 마이산로 82,전북특별자치도 진안군 진안읍 군하리 351-17,35.77993132,127.4179939,의료폐기물,,,,50,2008,전북특별자치도 진안군청,063-430-2339,2025-12-17,4731000,전북특별자치도 진안군
바른치과,전북특별자치도 진안군 진안읍 시장2길 4,전북특별자치도 진안군 진안읍 군상리 405-5,35.79237585,127.4301957,의료폐기물,,,,10,2008,전북특별자치도 진안군청,063-430-2339,2025-12-17,4731000,전북특별자치도 진안군
바른치과,전북특별자치도 진안군 진안읍 시장2길 4,전북특별자치도 진안군 진안읍 군상리 405-5,35.79237585,127.4301957,의료폐기물,,,,30,2008,전북특별자치도 진안군청,063-430-2339,2025-12-17,4731000,전북특별자치도 진안군
바른치과,전북특별자치도 진안군 진안읍 시장2길 4,전북특별자치도 진안군 진안읍 군상리 405-5,35.79237585,127.4301957,의료폐기물,,,,1,2008,전북특별자치도 진안군청,063-430-2339,2025-12-17,4731000,전북특별자치도 진안군
백운노인선교원,전북특별자치도 진안군 백운면 윤기길 4-35,전북특별자치도 진안군 백운면 덕현리 236,35.69239946,127.3853193,의료폐기물,,,,30,2009,전북특별자치도 진안군청,063-430-2339,2025-12-17,4731000,전북특별자치도 진안군
백운노인선교원,전북특별자치도 진안군 백운면 윤기길 4-35,전북특별자치도 진안군 백운면 덕현리 236,35.69239946,127.3853193,의료폐기물,,,,300,2009,전북특별자치도 진안군청,063-430-2339,2025-12-17,4731000,전북특별자치도 진안군
반월노인사랑의집,전북특별자치도 진안군 진안읍 원반월안길 39-9,전북특별자치도 진안군 진안읍 반월리 639-4,35.76149574,127.4410931,의료폐기물,,,,300,2009,전북특별자치도 진안군청,063-430-2339,2025-12-17,4731000,전북특별자치도 진안군
반월노인사랑의집,전북특별자치도 진안군 진안읍 원반월안길 39-9,전북특별자치도 진안군 진안읍 반월리 639-4,35.76149574,127.4410931,의료폐기물,,,,30,2009,전북특별자치도 진안군청,063-430-2339,2025-12-17,4731000,전북특별자치도 진안군
믿음의집,전북특별자치도 진안군 진안읍 원반월안길 39-7,전북특별자치도 진안군 진안읍 반월리 638-1,35.7614632,127.4407996,의료폐기물,,,,300,2011,전북특별자치도 진안군청,063-430-2339,2025-12-17,4731000,전북특별자치도 진안군
믿음의집,전북특별자치도 진안군 진안읍 원반월안길 39-7,전북특별자치도 진안군 진안읍 반월리 638-1,35.7614632,127.4407996,의료폐기물,,,,30,2011,전북특별자치도 진안군청,063-430-2339,2025-12-17,4731000,전북특별자치도 진안군
임마누엘노인복지센터,전북특별자치도 진안군 성수면 용포로 170,전북특별자치도 진안군 성수면 용포리 61-10,35.70716691,127.3059775,의료폐기물,,,,30,2011,전북특별자치도 진안군청,063-430-2339,2025-12-17,4731000,전북특별자치도 진안군
임마누엘노인복지센터,전북특별자치도 진안군 성수면 용포로 170,전북특별자치도 진안군 성수면 용포리 61-10,35.70716691,127.3059775,의료폐기물,,,,10,2011,전북특별자치도 진안군청,063-430-2339,2025-12-17,4731000,전북특별자치도 진안군
우리손 진안농장,전북특별자치도 진안군 성수면 성백로 844-41,전북특별자치도 진안군 성수면 구신리 198,35.66791763,127.3708631,의료폐기물,,,,200,2011,전북특별자치도 진안군청,063-430-2339,2025-12-17,4731000,전북특별자치도 진안군
우리손 진안농장,전북특별자치도 진안군 성수면 성백로 844-41,전북특별자치도 진안군 성수면 구신리 198,35.66791763,127.3708631,의료폐기물,,,,300,2011,전북특별자치도 진안군청,063-430-2339,2025-12-17,4731000,전북특별자치도 진안군
우리손 진안농장,전북특별자치도 진안군 성수면 성백로 844-41,전북특별자치도 진안군 성수면 구신리 198,35.66791763,127.3708631,의료폐기물,,,,2000,2011,전북특별자치도 진안군청,063-430-2339,2025-12-17,4731000,전북특별자치도 진안군
용담한의원,전북특별자치도 진안군 진안읍 진장로 4,전북특별자치도 진안군 진안읍 군상리 402-7,35.79220669,127.4316009,의료폐기물,,,,50,2012,전북특별자치도 진안군청,063-430-2339,2025-12-17,4731000,전북특별자치도 진안군
용담한의원,전북특별자치도 진안군 진안읍 진장로 4,전북특별자치도 진안군 진안읍 군상리 402-7,35.79220669,127.4316009,의료폐기물,,,,10,2012,전북특별자치도 진안군청,063-430-2339,2025-12-17,4731000,전북특별자치도 진안군
연합마이치과의원,전북특별자치도 진안군 진안읍 진무로 1120,전북특별자치도 진안군 진안읍 군상리 403-19,35.79211377,127.4309731,의료폐기물,,,,10,2013,전북특별자치도 진안군청,063-430-2339,2025-12-17,4731000,전북특별자치도 진안군
연합마이치과의원,전북특별자치도 진안군 진안읍 진무로 1120,전북특별자치도 진안군 진안읍 군상리 403-19,35.79211377,127.4309731,의료폐기물,,,,5,2013,전북특별자치도 진안군청,063-430-2339,2025-12-17,4731000,전북특별자치도 진안군
연합마이치과의원,전북특별자치도 진안군 진안읍 진무로 1120,전북특별자치도 진안군 진안읍 군상리 403-19,35.79211377,127.4309731,의료폐기물,,,,20,2013,전북특별자치도 진안군청,063-430-2339,2025-12-17,4731000,전북특별자치도 진안군
진안원광한의원,전북특별자치도 진안군 진안읍 진무로 1099,전북특별자치도 진안군 진안읍 군상리 406-10,35.79220299,127.4287062,의료폐기물,,,,50,2014,전북특별자치도 진안군청,063-430-2339,2025-12-17,4731000,전북특별자치도 진안군
진안원광한의원,전북특별자치도 진안군 진안읍 진무로 1099,전북특별자치도 진안군 진안읍 군상리 406-10,35.79220299,127.4287062,의료폐기물,,,,10,2014,전북특별자치도 진안군청,063-430-2339,2025-12-17,4731000,전북특별자치도 진안군
전북특별자치도 축산연구소,전북특별자치도 진안군 성수면 성백로 203,전북특별자치도 진안군 성수면 신기리 654,35.67390748,127.3261953,의료폐기물,,,,10,2014,전북특별자치도 진안군청,063-430-2339,2025-12-17,4731000,전북특별자치도 진안군
전북특별자치도 축산연구소,전북특별자치도 진안군 성수면 성백로 203,전북특별자치도 진안군 성수면 신기리 654,35.67390748,127.3261953,의료폐기물,,,,100,2014,전북특별자치도 진안군청,063-430-2339,2025-12-17,4731000,전북특별자치도 진안군
전북특별자치도 축산연구소,전북특별자치도 진안군 성수면 성백로 203,전북특별자치도 진안군 성수면 신기리 654,35.67390748,127.3261953,의료폐기물,,,,50,2014,전북특별자치도 진안군청,063-430-2339,2025-12-17,4731000,전북특별자치도 진안군
현대의원,전북특별자치도 진안군 진안읍 진무로 1133,전북특별자치도 진안군 진안읍 군상리 452,35.79332656,127.431487,의료폐기물,,,,30,2021,전북특별자치도 진안군청,063-430-2339,2025-12-17,4731000,전북특별자치도 진안군
현대의원,전북특별자치도 진안군 진안읍 진무로 1133,전북특별자치도 진안군 진안읍 군상리 452,35.79332656,127.431487,의료폐기물,,,,100,2021,전북특별자치도 진안군청,063-430-2339,2025-12-17,4731000,전북특별자치도 진안군
현대의원,전북특별자치도 진안군 진안읍 진무로 1133,전북특별자치도 진안군 진안읍 군상리 452,35.79332656,127.431487,의료폐기물,,,,50,2021,전북특별자치도 진안군청,063-430-2339,2025-12-17,4731000,전북특별자치도 진안군
현대의원,전북특별자치도 진안군 진안읍 진무로 1133,전북특별자치도 진안군 진안읍 군상리 452,35.79332656,127.431487,의료폐기물,,,,10,2021,전북특별자치도 진안군청,063-430-2339,2025-12-17,4731000,전북특별자치도 진안군
한들동물병원,전북특별자치도 진안군 진안읍 진장로 16,전북특별자치도 진안군 진안읍 군상리 285-9,35.79245303,127.4330496,의료폐기물,,,,50,2022,전북특별자치도 진안군청,063-430-2339,2025-12-17,4731000,전북특별자치도 진안군
한들동물병원,전북특별자치도 진안군 진안읍 진장로 16,전북특별자치도 진안군 진안읍 군상리 285-9,35.79245303,127.4330496,의료폐기물,,,,30,2022,전북특별자치도 진안군청,063-430-2339,2025-12-17,4731000,전북특별자치도 진안군
한들동물병원,전북특별자치도 진안군 진안읍 진장로 16,전북특별자치도 진안군 진안읍 군상리 285-9,35.79245303,127.4330496,의료폐기물,,,,100,2022,전북특별자치도 진안군청,063-430-2339,2025-12-17,4731000,전북특별자치도 진안군
팜그린동물병원,전북특별자치도 진안군 진안읍 진무로 887,전북특별자치도 진안군 진안읍 단양리 177-2,35.77726761,127.4291376,의료폐기물,,,,50,2022,전북특별자치도 진안군청,063-430-2339,2025-12-17,4731000,전북특별자치도 진안군
팜그린동물병원,전북특별자치도 진안군 진안읍 진무로 887,전북특별자치도 진안군 진안읍 단양리 177-2,35.77726761,127.4291376,의료폐기물,,,,100,2022,전북특별자치도 진안군청,063-430-2339,2025-12-17,4731000,전북특별자치도 진안군
팜그린동물병원,전북특별자치도 진안군 진안읍 진무로 887,전북특별자치도 진안군 진안읍 단양리 177-2,35.77726761,127.4291376,의료폐기물,,,,30,2022,전북특별자치도 진안군청,063-430-2339,2025-12-17,4731000,전북특별자치도 진안군
진안군 의료원,전북특별자치도 진안군 진안읍 진무로 1145,전북특별자치도 진안군 진안읍 군상리 90-144,35.79523425,127.4316375,의료폐기물,,,,50,2023,전북특별자치도 진안군청,063-430-2339,2025-12-17,4731000,전북특별자치도 진안군
진안군 의료원,전북특별자치도 진안군 진안읍 진무로 1145,전북특별자치도 진안군 진안읍 군상리 90-144,35.79523425,127.4316375,의료폐기물,,,,100,2023,전북특별자치도 진안군청,063-430-2339,2025-12-17,4731000,전북특별자치도 진안군
오케이(OK)동물병원,전북특별자치도 진안군 진안읍 진무로 994,전북특별자치도 진안군 진안읍 군하리 330-18,35.7849488,127.4229451,의료폐기물,,,,30,2023,전북특별자치도 진안군청,063-430-2339,2025-12-17,4731000,전북특별자치도 진안군
오케이(OK)동물병원,전북특별자치도 진안군 진안읍 진무로 994,전북특별자치도 진안군 진안읍 군하리 330-18,35.7849488,127.4229451,의료폐기물,,,,50,2023,전북특별자치도 진안군청,063-430-2339,2025-12-17,4731000,전북특별자치도 진안군
진안군의료원장례식장,전북특별자치도 진안군 진안읍 진무로 1145,전북특별자치도 진안군 진안읍 군상리 90-144,35.79523425,127.4316375,의료폐기물,,,,50,2024,전북특별자치도 진안군청,063-430-2339,2025-12-17,4731000,전북특별자치도 진안군
진안군의료원장례식장,전북특별자치도 진안군 진안읍 진무로 1145,전북특별자치도 진안군 진안읍 군상리 90-144,35.79523425,127.4316375,의료폐기물,,,,1,2024,전북특별자치도 진안군청,063-430-2339,2025-12-17,4731000,전북특별자치도 진안군
진안군의료원장례식장,전북특별자치도 진안군 진안읍 진무로 1145,전북특별자치도 진안군 진안읍 군상리 90-144,35.79523425,127.4316375,의료폐기물,,,,2,2024,전북특별자치도 진안군청,063-430-2339,2025-12-17,4731000,전북특별자치도 진안군
진안소방서(진안119안전센터),전북특별자치도 진안군 진안읍 쇠징계로 9,전북특별자치도 진안군 진안읍 군상리 79-1,35.7988932,127.4354756,의료폐기물,,,,30,2025,전북특별자치도 진안군청,063-430-2339,2025-12-17,4731000,전북특별자치도 진안군
진안소방서(진안119안전센터),전북특별자치도 진안군 진안읍 쇠징계로 9,전북특별자치도 진안군 진안읍 군상리 79-1,35.7988932,127.4354756,의료폐기물,,,,100,2025,전북특별자치도 진안군청,063-430-2339,2025-12-17,4731000,전북특별자치도 진안군
진안소방서(마령119안전센터),전북특별자치도 진안군 마령면 임진로 2077-24,전북특별자치도 진안군 마령면 평지리 976-16,35.73179503,127.3697924,의료폐기물,,,,30,2025,전북특별자치도 진안군청,063-430-2339,2025-12-17,4731000,전북특별자치도 진안군
진안소방서(마령119안전센터),전북특별자치도 진안군 마령면 임진로 2077-24,전북특별자치도 진안군 마령면 평지리 976-16,35.73179503,127.3697924,의료폐기물,,,,100,2025,전북특별자치도 진안군청,063-430-2339,2025-12-17,4731000,전북특별자치도 진안군
진안소방서(주천119지역대),전북특별자치도 진안군 주천면 동상주천로 2213,전북특별자치도 진안군 주천면 주양리 437-3,35.97524295,127.4254226,의료폐기물,,,,30,2025,전북특별자치도 진안군청,063-430-2339,2025-12-17,4731000,전북특별자치도 진안군
진안소방서(주천119지역대),전북특별자치도 진안군 주천면 동상주천로 2213,전북특별자치도 진안군 주천면 주양리 437-3,35.97524295,127.4254226,의료폐기물,,,,100,2025,전북특별자치도 진안군청,063-430-2339,2025-12-17,4731000,전북특별자치도 진안군
아몬드나무요양원,전북특별자치도 진안군 진안읍 하평길 24,전북특별자치도 진안군 진안읍 연장리 1622-8,35.76588294,127.3726343,의료폐기물,,,,30,2025,전북특별자치도 진안군청,063-430-2339,2025-12-17,4731000,전북특별자치도 진안군
아몬드나무요양원,전북특별자치도 진안군 진안읍 하평길 24,전북특별자치도 진안군 진안읍 연장리 1622-8,35.76588294,127.3726343,의료폐기물,,,,50,2025,전북특별자치도 진안군청,063-430-2339,2025-12-17,4731000,전북특별자치도 진안군
진안폐차장,전북특별자치도 진안군 진안읍 전진로 2751-9,전북특별자치도 진안군 진안읍 연장리 1143-2,35.77688086,127.3664157,지정폐기물,,,,2000,2012,전북특별자치도 진안군청,063-430-2339,2025-12-17,4731000,전북특별자치도 진안군
(유)유공,전북특별자치도 진안군 진안읍 전진로 3183-18,전북특별자치도 진안군 진안읍 정곡리 123,35.78320439,127.4093325,지정폐기물,,,,1000,2014,전북특별자치도 진안군청,063-430-2339,2025-12-17,4731000,전북특별자치도 진안군
(유)유공,전북특별자치도 진안군 진안읍 전진로 3183-18,전북특별자치도 진안군 진안읍 정곡리 123,35.78320439,127.4093325,지정폐기물,,,,2000,2014,전북특별자치도 진안군청,063-430-2339,2025-12-17,4731000,전북특별자치도 진안군
두현종합폐차장,전북특별자치도 진안군 부귀면 전진로 2611-26,전북특별자치도 진안군 부귀면 신정리 263-9,35.78589207,127.3532717,지정폐기물,,,,1000,2016,전북특별자치도 진안군청,063-430-2339,2025-12-17,4731000,전북특별자치도 진안군
두현종합폐차장,전북특별자치도 진안군 부귀면 전진로 2611-26,전북특별자치도 진안군 부귀면 신정리 263-9,35.78589207,127.3532717,지정폐기물,,,,2500,2016,전북특별자치도 진안군청,063-430-2339,2025-12-17,4731000,전북특별자치도 진안군
두현종합폐차장,전북특별자치도 진안군 부귀면 전진로 2611-26,전북특별자치도 진안군 부귀면 신정리 263-9,35.78589207,127.3532717,지정폐기물,,,,2000,2016,전북특별자치도 진안군청,063-430-2339,2025-12-17,4731000,전북특별자치도 진안군
대상(주) 진안APC,전북특별자치도 진안군 진안읍 대연장길 4,전북특별자치도 진안군 진안읍 연장리 1788,35.7723615,127.3821942,지정폐기물,,,,2083,2021,전북특별자치도 진안군청,063-430-2339,2025-12-17,4731000,전북특별자치도 진안군
(주)강성산업개발,전북특별자치도 진안군 부귀면 전진로 2091,전북특별자치도 진안군 부귀면 오룡리 390,35.82642878,127.3517198,지정폐기물,,,,1667,2022,전북특별자치도 진안군청,063-430-2339,2025-12-17,4731000,전북특별자치도 진안군
(유)O.K,전북특별자치도 진안군 진안읍 반월길 39,전북특별자치도 진안군 진안읍 반월리 546,35.76853145,127.4379302,사업장폐기물,,,,1250,1996,전북특별자치도 진안군청,063-430-2339,2025-12-17,4731000,전북특별자치도 진안군
(유)O.K,전북특별자치도 진안군 진안읍 반월길 39,전북특별자치도 진안군 진안읍 반월리 546,35.76853145,127.4379302,사업장폐기물,,,,83,1996,전북특별자치도 진안군청,063-430-2339,2025-12-17,4731000,전북특별자치도 진안군
(유)O.K,전북특별자치도 진안군 진안읍 반월길 39,전북특별자치도 진안군 진안읍 반월리 546,35.76853145,127.4379302,사업장폐기물,,,,42,1996,전북특별자치도 진안군청,063-430-2339,2025-12-17,4731000,전북특별자치도 진안군
(유)O.K,전북특별자치도 진안군 진안읍 반월길 39,전북특별자치도 진안군 진안읍 반월리 546,35.76853145,127.4379302,사업장폐기물,,,,10000,1996,전북특별자치도 진안군청,063-430-2339,2025-12-17,4731000,전북특별자치도 진안군
(유)O.K,전북특별자치도 진안군 진안읍 반월길 39,전북특별자치도 진안군 진안읍 반월리 546,35.76853145,127.4379302,사업장폐기물,,,,50,1996,전북특별자치도 진안군청,063-430-2339,2025-12-17,4731000,전북특별자치도 진안군
진안군청(수동정수장),,전북특별자치도 진안군 상전면 수동리 산 17-2,35.83365844,127.5124008,사업장폐기물,,,,15583,1997,전북특별자치도 진안군청,063-430-2339,2025-12-17,4731000,전북특별자치도 진안군
진안군청(분뇨 및 가축분뇨공공처리시설),전북특별자치도 진안군 진안읍 전진로 3183-99,전북특별자치도 진안군 진안읍 정곡리 278,35.79131856,127.4100825,사업장폐기물,,,,1508,2000,전북특별자치도 진안군청,063-430-2339,2025-12-17,4731000,전북특별자치도 진안군
진안군청(분뇨 및 가축분뇨공공처리시설),전북특별자치도 진안군 진안읍 전진로 3183-99,전북특별자치도 진안군 진안읍 정곡리 278,35.79131856,127.4100825,사업장폐기물,,,,11000,2000,전북특별자치도 진안군청,063-430-2339,2025-12-17,4731000,전북특별자치도 진안군
진안군청(분뇨 및 가축분뇨공공처리시설),전북특별자치도 진안군 진안읍 전진로 3183-99,전북특별자치도 진안군 진안읍 정곡리 278,35.79131856,127.4100825,사업장폐기물,,,,11017,2000,전북특별자치도 진안군청,063-430-2339,2025-12-17,4731000,전북특별자치도 진안군
진안군청(분뇨 및 가축분뇨공공처리시설),전북특별자치도 진안군 진안읍 전진로 3183-99,전북특별자치도 진안군 진안읍 정곡리 278,35.79131856,127.4100825,사업장폐기물,,,,10900,2000,전북특별자치도 진안군청,063-430-2339,2025-12-17,4731000,전북특별자치도 진안군
진안군청(분뇨 및 가축분뇨공공처리시설),전북특별자치도 진안군 진안읍 전진로 3183-99,전북특별자치도 진안군 진안읍 정곡리 278,35.79131856,127.4100825,사업장폐기물,,,,1667,2000,전북특별자치도 진안군청,063-430-2339,2025-12-17,4731000,전북특별자치도 진안군
진안군청(분뇨 및 가축분뇨공공처리시설),전북특별자치도 진안군 진안읍 전진로 3183-99,전북특별자치도 진안군 진안읍 정곡리 278,35.79131856,127.4100825,사업장폐기물,,,,14000,2000,전북특별자치도 진안군청,063-430-2339,2025-12-17,4731000,전북특별자치도 진안군
진안군청(분뇨 및 가축분뇨공공처리시설),전북특별자치도 진안군 진안읍 전진로 3183-99,전북특별자치도 진안군 진안읍 정곡리 278,35.79131856,127.4100825,사업장폐기물,,,,215090,2000,전북특별자치도 진안군청,063-430-2339,2025-12-17,4731000,전북특별자치도 진안군
한국농협김치조합공동사업법인 전북지사,전북특별자치도 진안군 부귀면 가정길 6,전북특별자치도 진안군 부귀면 신정리 537,35.80060922,127.3454732,사업장폐기물,,,,8333,2002,전북특별자치도 진안군청,063-430-2339,2025-12-17,4731000,전북특별자치도 진안군
한국농협김치조합공동사업법인 전북지사,전북특별자치도 진안군 부귀면 가정길 6,전북특별자치도 진안군 부귀면 신정리 537,35.80060922,127.3454732,사업장폐기물,,,,66667,2002,전북특별자치도 진안군청,063-430-2339,2025-12-17,4731000,전북특별자치도 진안군
(주)반석레미콘,전북특별자치도 진안군 용담면 안용로 1196,전북특별자치도 진안군 용담면 송풍리 1642-5,35.98054707,127.5162471,사업장폐기물,,,,8333,2000,전북특별자치도 진안군청,063-430-2339,2025-12-17,4731000,전북특별자치도 진안군
(유)신영,전북특별자치도 진안군 마령면 관진로 1451,전북특별자치도 진안군 마령면 덕천리 456,35.75348911,127.3480254,사업장폐기물,,,,6667,2001,전북특별자치도 진안군청,063-430-2339,2025-12-17,4731000,전북특별자치도 진안군
(유)신영,전북특별자치도 진안군 마령면 관진로 1451,전북특별자치도 진안군 마령면 덕천리 456,35.75348911,127.3480254,사업장폐기물,,,,50000,2001,전북특별자치도 진안군청,063-430-2339,2025-12-17,4731000,전북특별자치도 진안군
(유)신영,전북특별자치도 진안군 마령면 관진로 1451,전북특별자치도 진안군 마령면 덕천리 456,35.75348911,127.3480254,사업장폐기물,,,,12500,2001,전북특별자치도 진안군청,063-430-2339,2025-12-17,4731000,전북특별자치도 진안군
(유)신영,전북특별자치도 진안군 마령면 관진로 1451,전북특별자치도 진안군 마령면 덕천리 456,35.75348911,127.3480254,사업장폐기물,,,,8333,2001,전북특별자치도 진안군청,063-430-2339,2025-12-17,4731000,전북특별자치도 진안군
(유)신영,전북특별자치도 진안군 마령면 관진로 1451,전북특별자치도 진안군 마령면 덕천리 456,35.75348911,127.3480254,사업장폐기물,,,,25000,2001,전북특별자치도 진안군청,063-430-2339,2025-12-17,4731000,전북특별자치도 진안군
(유)신영,전북특별자치도 진안군 마령면 관진로 1451,전북특별자치도 진안군 마령면 덕천리 456,35.75348911,127.3480254,사업장폐기물,,,,41667,2001,전북특별자치도 진안군청,063-430-2339,2025-12-17,4731000,전북특별자치도 진안군
(유)신영,전북특별자치도 진안군 마령면 관진로 1451,전북특별자치도 진안군 마령면 덕천리 456,35.75348911,127.3480254,사업장폐기물,,,,16667,2001,전북특별자치도 진안군청,063-430-2339,2025-12-17,4731000,전북특별자치도 진안군
(주)반석레미콘아스콘지점,전북특별자치도 진안군 용담면 안용로 1196,전북특별자치도 진안군 용담면 송풍리 1642-5,35.98054707,127.5162471,사업장폐기물,,,,166667,2002,전북특별자치도 진안군청,063-430-2339,2025-12-17,4731000,전북특별자치도 진안군
(주)건보,전북특별자치도 진안군 진안읍 거북바위로1길 19-6,전북특별자치도 진안군 진안읍 연장리 1066,35.77293213,127.3729061,사업장폐기물,,,,6667,2003,전북특별자치도 진안군청,063-430-2339,2025-12-17,4731000,전북특별자치도 진안군
(주)건보,전북특별자치도 진안군 진안읍 거북바위로1길 19-6,전북특별자치도 진안군 진안읍 연장리 1066,35.77293213,127.3729061,사업장폐기물,,,,1667,2003,전북특별자치도 진안군청,063-430-2339,2025-12-17,4731000,전북특별자치도 진안군
(주)건보,전북특별자치도 진안군 진안읍 거북바위로1길 19-6,전북특별자치도 진안군 진안읍 연장리 1066,35.77293213,127.3729061,사업장폐기물,,,,417,2003,전북특별자치도 진안군청,063-430-2339,2025-12-17,4731000,전북특별자치도 진안군
(주)강성산업개발,전북특별자치도 진안군 부귀면 전진로 2091,전북특별자치도 진안군 부귀면 오룡리 390,35.82642878,127.3517198,사업장폐기물,,,,2500,2004,전북특별자치도 진안군청,063-430-2339,2025-12-17,4731000,전북특별자치도 진안군
(주)강성산업개발,전북특별자치도 진안군 부귀면 전진로 2091,전북특별자치도 진안군 부귀면 오룡리 390,35.82642878,127.3517198,사업장폐기물,,,,833333,2004,전북특별자치도 진안군청,063-430-2339,2025-12-17,4731000,전북특별자치도 진안군
(주)강성산업개발,전북특별자치도 진안군 부귀면 전진로 2091,전북특별자치도 진안군 부귀면 오룡리 390,35.82642878,127.3517198,사업장폐기물,,,,833,2004,전북특별자치도 진안군청,063-430-2339,2025-12-17,4731000,전북특별자치도 진안군
(주)강성산업개발,전북특별자치도 진안군 부귀면 전진로 2091,전북특별자치도 진안군 부귀면 오룡리 390,35.82642878,127.3517198,사업장폐기물,,,,5500,2004,전북특별자치도 진안군청,063-430-2339,2025-12-17,4731000,전북특별자치도 진안군
(주)강성산업개발,전북특별자치도 진안군 부귀면 전진로 2091,전북특별자치도 진안군 부귀면 오룡리 390,35.82642878,127.3517198,사업장폐기물,,,,4000,2004,전북특별자치도 진안군청,063-430-2339,2025-12-17,4731000,전북특별자치도 진안군
(주)강성산업개발,전북특별자치도 진안군 부귀면 전진로 2091,전북특별자치도 진안군 부귀면 오룡리 390,35.82642878,127.3517198,사업장폐기물,,,,2000,2004,전북특별자치도 진안군청,063-430-2339,2025-12-17,4731000,전북특별자치도 진안군
(주)강성산업개발,전북특별자치도 진안군 부귀면 전진로 2091,전북특별자치도 진안군 부귀면 오룡리 390,35.82642878,127.3517198,사업장폐기물,,,,7700,2004,전북특별자치도 진안군청,063-430-2339,2025-12-17,4731000,전북특별자치도 진안군
(주)강성산업개발,전북특별자치도 진안군 부귀면 전진로 2091,전북특별자치도 진안군 부귀면 오룡리 390,35.82642878,127.3517198,사업장폐기물,,,,19167,2004,전북특별자치도 진안군청,063-430-2339,2025-12-17,4731000,전북특별자치도 진안군
(주)강성산업개발,전북특별자치도 진안군 부귀면 전진로 2091,전북특별자치도 진안군 부귀면 오룡리 390,35.82642878,127.3517198,사업장폐기물,,,,16667,2004,전북특별자치도 진안군청,063-430-2339,2025-12-17,4731000,전북특별자치도 진안군
한국전력공사진안지점,전북특별자치도 진안군 진안읍 대괭이길 7-21,전북특별자치도 진안군 진안읍 군하리 121-2,35.79078557,127.4215997,사업장폐기물,,,,100000,2004,전북특별자치도 진안군청,063-430-2339,2025-12-17,4731000,전북특별자치도 진안군
진안농업협동조합,전북특별자치도 진안군 진안읍 전진로 2968,전북특별자치도 진안군 진안읍 연장리 474-2,35.77121416,127.3890615,사업장폐기물,,,,20000,2005,전북특별자치도 진안군청,063-430-2339,2025-12-17,4731000,전북특별자치도 진안군
진안농업협동조합,전북특별자치도 진안군 진안읍 전진로 2968,전북특별자치도 진안군 진안읍 연장리 474-2,35.77121416,127.3890615,사업장폐기물,,,,40000,2005,전북특별자치도 진안군청,063-430-2339,2025-12-17,4731000,전북특별자치도 진안군
한국도로공사 진안지사,전북특별자치도 진안군 진안읍 진무로 847,전북특별자치도 진안군 진안읍 단양리 156-15,35.77407797,127.4300422,사업장폐기물,,,,25000,2008,전북특별자치도 진안군청,063-430-2339,2025-12-17,4731000,전북특별자치도 진안군
대상(주) 진안APC,전북특별자치도 진안군 진안읍 대연장길 4,전북특별자치도 진안군 진안읍 연장리 1788,35.7723615,127.3821942,사업장폐기물,,,,20833,2010,전북특별자치도 진안군청,063-430-2339,2025-12-17,4731000,전북특별자치도 진안군
대상(주) 진안APC,전북특별자치도 진안군 진안읍 대연장길 4,전북특별자치도 진안군 진안읍 연장리 1788,35.7723615,127.3821942,사업장폐기물,,,,2500,2010,전북특별자치도 진안군청,063-430-2339,2025-12-17,4731000,전북특별자치도 진안군
대상(주) 진안APC,전북특별자치도 진안군 진안읍 대연장길 4,전북특별자치도 진안군 진안읍 연장리 1788,35.7723615,127.3821942,사업장폐기물,,,,33333,2010,전북특별자치도 진안군청,063-430-2339,2025-12-17,4731000,전북특별자치도 진안군
대상(주) 진안APC,전북특별자치도 진안군 진안읍 대연장길 4,전북특별자치도 진안군 진안읍 연장리 1788,35.7723615,127.3821942,사업장폐기물,,,,25000,2010,전북특별자치도 진안군청,063-430-2339,2025-12-17,4731000,전북특별자치도 진안군
(유)강성산업개발,,전북특별자치도 진안군 부귀면 오룡리 390-3,35.82642878,127.3517198,사업장폐기물,,,,8333,2010,전북특별자치도 진안군청,063-430-2339,2025-12-17,4731000,전북특별자치도 진안군
농업회사법인 유한회사 이삭,전북특별자치도 진안군 부귀면 오복1길 27-3,전북특별자치도 진안군 부귀면 오룡리 18-7,35.82437267,127.3532522,사업장폐기물,,,,192000,2011,전북특별자치도 진안군청,063-430-2339,2025-12-17,4731000,전북특별자치도 진안군
농업회사법인 유한회사 이삭,전북특별자치도 진안군 부귀면 오복1길 27-3,전북특별자치도 진안군 부귀면 오룡리 18-7,35.82437267,127.3532522,사업장폐기물,,,,583333,2011,전북특별자치도 진안군청,063-430-2339,2025-12-17,4731000,전북특별자치도 진안군
농업회사법인 유한회사 이삭,전북특별자치도 진안군 부귀면 오복1길 27-3,전북특별자치도 진안군 부귀면 오룡리 18-7,35.82437267,127.3532522,사업장폐기물,,,,5000,2011,전북특별자치도 진안군청,063-430-2339,2025-12-17,4731000,전북특별자치도 진안군
농업회사법인 유한회사 이삭,전북특별자치도 진안군 부귀면 오복1길 27-3,전북특별자치도 진안군 부귀면 오룡리 18-7,35.82437267,127.3532522,사업장폐기물,,,,384000,2011,전북특별자치도 진안군청,063-430-2339,2025-12-17,4731000,전북특별자치도 진안군
백운농업협동조합,전북특별자치도 진안군 백운면 임진로 1305,전북특별자치도 진안군 백운면 백암리 867,35.6896185,127.3963096,사업장폐기물,,,,4167,2011,전북특별자치도 진안군청,063-430-2339,2025-12-17,4731000,전북특별자치도 진안군
진안폐차장,전북특별자치도 진안군 진안읍 전진로 2751-9,전북특별자치도 진안군 진안읍 연장리 1143-2,35.77688086,127.3664157,사업장폐기물,,,,5000,2011,전북특별자치도 진안군청,063-430-2339,2025-12-17,4731000,전북특별자치도 진안군
진안폐차장,전북특별자치도 진안군 진안읍 전진로 2751-9,전북특별자치도 진안군 진안읍 연장리 1143-2,35.77688086,127.3664157,사업장폐기물,,,,4167,2011,전북특별자치도 진안군청,063-430-2339,2025-12-17,4731000,전북특별자치도 진안군
진안폐차장,전북특별자치도 진안군 진안읍 전진로 2751-9,전북특별자치도 진안군 진안읍 연장리 1143-2,35.77688086,127.3664157,사업장폐기물,,,,83,2011,전북특별자치도 진안군청,063-430-2339,2025-12-17,4731000,전북특별자치도 진안군
진안폐차장,전북특별자치도 진안군 진안읍 전진로 2751-9,전북특별자치도 진안군 진안읍 연장리 1143-2,35.77688086,127.3664157,사업장폐기물,,,,15000,2011,전북특별자치도 진안군청,063-430-2339,2025-12-17,4731000,전북특별자치도 진안군
(유)O.K,전북특별자치도 진안군 진안읍 반월길 39,전북특별자치도 진안군 진안읍 반월리 546,35.76853145,127.4379302,사업장폐기물,,,,40000,2012,전북특별자치도 진안군청,063-430-2339,2025-12-17,4731000,전북특별자치도 진안군
진안마이산(장수방향)휴게소,전북특별자치도 진안군 진안읍 익산장수고속도로 42,전북특별자치도 진안군 진안읍 단양리 333-75,35.77484848,127.4265932,사업장폐기물,,,,3333,2012,전북특별자치도 진안군청,063-430-2339,2025-12-17,4731000,전북특별자치도 진안군
시카프관광개발 주식회사 진안(익산)휴게소,전북특별자치도 진안군 진안읍 익산장수고속도로 41-1,전북특별자치도 진안군 진안읍 단양리 171-126,35.77749551,127.4266608,사업장폐기물,,,,1667,2012,전북특별자치도 진안군청,063-430-2339,2025-12-17,4731000,전북특별자치도 진안군
영농조합법인 시케이푸드,전북특별자치도 진안군 진안읍 거북바위로3길 18,전북특별자치도 진안군 진안읍 연장리 1774,35.77175789,127.377955,사업장폐기물,,,,417,2013,전북특별자치도 진안군청,063-430-2339,2025-12-17,4731000,전북특별자치도 진안군
영농조합법인 시케이푸드,전북특별자치도 진안군 진안읍 거북바위로3길 18,전북특별자치도 진안군 진안읍 연장리 1774,35.77175789,127.377955,사업장폐기물,,,,4167,2013,전북특별자치도 진안군청,063-430-2339,2025-12-17,4731000,전북특별자치도 진안군
영농조합법인 시케이푸드,전북특별자치도 진안군 진안읍 거북바위로3길 18,전북특별자치도 진안군 진안읍 연장리 1774,35.77175789,127.377955,사업장폐기물,,,,8333,2013,전북특별자치도 진안군청,063-430-2339,2025-12-17,4731000,전북특별자치도 진안군
(유)승원,전북특별자치도 진안군 마령면 진무로 98-21,전북특별자치도 진안군 마령면 평지리 429-6,35.73640104,127.3769705,사업장폐기물,,,,100000,2014,전북특별자치도 진안군청,063-430-2339,2025-12-17,4731000,전북특별자치도 진안군
씨제이웰케어 진안공장,전북특별자치도 진안군 진안읍 홍삼한방로 21-23,전북특별자치도 진안군 진안읍 반월리 1812,35.77278354,127.4369046,사업장폐기물,,,,75000,2014,전북특별자치도 진안군청,063-430-2339,2025-12-17,4731000,전북특별자치도 진안군
씨제이웰케어 진안공장,전북특별자치도 진안군 진안읍 홍삼한방로 21-23,전북특별자치도 진안군 진안읍 반월리 1812,35.77278354,127.4369046,사업장폐기물,,,,8000,2014,전북특별자치도 진안군청,063-430-2339,2025-12-17,4731000,전북특별자치도 진안군
씨제이웰케어 진안공장,전북특별자치도 진안군 진안읍 홍삼한방로 21-23,전북특별자치도 진안군 진안읍 반월리 1812,35.77278354,127.4369046,사업장폐기물,,,,4000,2014,전북특별자치도 진안군청,063-430-2339,2025-12-17,4731000,전북특별자치도 진안군
씨제이웰케어 진안공장,전북특별자치도 진안군 진안읍 홍삼한방로 21-23,전북특별자치도 진안군 진안읍 반월리 1812,35.77278354,127.4369046,사업장폐기물,,,,10000,2014,전북특별자치도 진안군청,063-430-2339,2025-12-17,4731000,전북특별자치도 진안군
참식품주식회사,전북특별자치도 진안군 진안읍 거북바위로3길 38,전북특별자치도 진안군 진안읍 연장리 1779,35.77150763,127.3806647,사업장폐기물,,,,500,2015,전북특별자치도 진안군청,063-430-2339,2025-12-17,4731000,전북특별자치도 진안군
참식품주식회사,전북특별자치도 진안군 진안읍 거북바위로3길 38,전북특별자치도 진안군 진안읍 연장리 1779,35.77150763,127.3806647,사업장폐기물,,,,1250,2015,전북특별자치도 진안군청,063-430-2339,2025-12-17,4731000,전북특별자치도 진안군
참식품주식회사,전북특별자치도 진안군 진안읍 거북바위로3길 38,전북특별자치도 진안군 진안읍 연장리 1779,35.77150763,127.3806647,사업장폐기물,,,,3390,2015,전북특별자치도 진안군청,063-430-2339,2025-12-17,4731000,전북특별자치도 진안군
(유)유공,전북특별자치도 진안군 진안읍 전진로 3183-18,전북특별자치도 진안군 진안읍 정곡리 123,35.78320439,127.4093325,사업장폐기물,,,,1000,2015,전북특별자치도 진안군청,063-430-2339,2025-12-17,4731000,전북특별자치도 진안군
(유)유공,전북특별자치도 진안군 진안읍 전진로 3183-18,전북특별자치도 진안군 진안읍 정곡리 123,35.78320439,127.4093325,사업장폐기물,,,,5000,2015,전북특별자치도 진안군청,063-430-2339,2025-12-17,4731000,전북특별자치도 진안군
(유)유공,전북특별자치도 진안군 진안읍 전진로 3183-18,전북특별자치도 진안군 진안읍 정곡리 123,35.78320439,127.4093325,사업장폐기물,,,,83,2015,전북특별자치도 진안군청,063-430-2339,2025-12-17,4731000,전북특별자치도 진안군
(주)우드사이로,전북특별자치도 진안군 마령면 관진로 1619,전북특별자치도 진안군 마령면 덕천리 147-4,35.76776165,127.3566907,사업장폐기물,,,,4167,2015,전북특별자치도 진안군청,063-430-2339,2025-12-17,4731000,전북특별자치도 진안군
(주)우양 진안공장,전북특별자치도 진안군 진안읍 거북바위로2길 21,전북특별자치도 진안군 진안읍 연장리 1760,35.77333583,127.3755057,사업장폐기물,,,,3000,2015,전북특별자치도 진안군청,063-430-2339,2025-12-17,4731000,전북특별자치도 진안군
(주)우양 진안공장,전북특별자치도 진안군 진안읍 거북바위로2길 21,전북특별자치도 진안군 진안읍 연장리 1760,35.77333583,127.3755057,사업장폐기물,,,,15000,2015,전북특별자치도 진안군청,063-430-2339,2025-12-17,4731000,전북특별자치도 진안군
(주)우양 진안공장,전북특별자치도 진안군 진안읍 거북바위로2길 21,전북특별자치도 진안군 진안읍 연장리 1760,35.77333583,127.3755057,사업장폐기물,,,,20833,2015,전북특별자치도 진안군청,063-430-2339,2025-12-17,4731000,전북특별자치도 진안군
무진장축협물류센타,전북특별자치도 진안군 진안읍 전진로 2729,전북특별자치도 진안군 진안읍 연장리 1616,35.77735019,127.3646812,사업장폐기물,,,,1667,2015,전북특별자치도 진안군청,063-430-2339,2025-12-17,4731000,전북특별자치도 진안군
무진장축협물류센타,전북특별자치도 진안군 진안읍 전진로 2729,전북특별자치도 진안군 진안읍 연장리 1616,35.77735019,127.3646812,사업장폐기물,,,,1000,2015,전북특별자치도 진안군청,063-430-2339,2025-12-17,4731000,전북특별자치도 진안군
전북인삼농협 지엠피,전북특별자치도 진안군 진안읍 홍삼한방로 22-22,전북특별자치도 진안군 진안읍 반월리 1824,35.76975712,127.4362563,사업장폐기물,,,,5000,2015,전북특별자치도 진안군청,063-430-2339,2025-12-17,4731000,전북특별자치도 진안군
두현종합폐차장,전북특별자치도 진안군 부귀면 전진로 2611-26,전북특별자치도 진안군 부귀면 신정리 263-9,35.78589207,127.3532717,사업장폐기물,,,,15000,2016,전북특별자치도 진안군청,063-430-2339,2025-12-17,4731000,전북특별자치도 진안군
두현종합폐차장,전북특별자치도 진안군 부귀면 전진로 2611-26,전북특별자치도 진안군 부귀면 신정리 263-9,35.78589207,127.3532717,사업장폐기물,,,,20000,2016,전북특별자치도 진안군청,063-430-2339,2025-12-17,4731000,전북특별자치도 진안군
두현종합폐차장,전북특별자치도 진안군 부귀면 전진로 2611-26,전북특별자치도 진안군 부귀면 신정리 263-9,35.78589207,127.3532717,사업장폐기물,,,,10000,2016,전북특별자치도 진안군청,063-430-2339,2025-12-17,4731000,전북특별자치도 진안군
두현종합폐차장,전북특별자치도 진안군 부귀면 전진로 2611-26,전북특별자치도 진안군 부귀면 신정리 263-9,35.78589207,127.3532717,사업장폐기물,,,,83,2016,전북특별자치도 진안군청,063-430-2339,2025-12-17,4731000,전북특별자치도 진안군
늘푸른 영농조합법인,전북특별자치도 진안군 진안읍 홍삼한방로 21-61,전북특별자치도 진안군 진안읍 반월리 1828,35.77224394,127.4406395,사업장폐기물,,,,3000,2017,전북특별자치도 진안군청,063-430-2339,2025-12-17,4731000,전북특별자치도 진안군
(유)일토씨엔엠(진안공공하수처리장),전북특별자치도 진안군 진안읍 학천변길 99,전북특별자치도 진안군 진안읍 군상리 158,35.79813602,127.4406068,사업장폐기물,,,,5000,2018,전북특별자치도 진안군청,063-430-2339,2025-12-17,4731000,전북특별자치도 진안군
(유)일토씨엔엠(진안공공하수처리장),전북특별자치도 진안군 진안읍 학천변길 99,전북특별자치도 진안군 진안읍 군상리 158,35.79813602,127.4406068,사업장폐기물,,,,8333,2018,전북특별자치도 진안군청,063-430-2339,2025-12-17,4731000,전북특별자치도 진안군
(유)일토씨엔엠(진안공공하수처리장),전북특별자치도 진안군 진안읍 학천변길 99,전북특별자치도 진안군 진안읍 군상리 158,35.79813602,127.4406068,사업장폐기물,,,,41667,2018,전북특별자치도 진안군청,063-430-2339,2025-12-17,4731000,전북특별자치도 진안군
(유)일토씨엔엠(진안공공하수처리장),전북특별자치도 진안군 진안읍 학천변길 99,전북특별자치도 진안군 진안읍 군상리 158,35.79813602,127.4406068,사업장폐기물,,,,10000,2018,전북특별자치도 진안군청,063-430-2339,2025-12-17,4731000,전북특별자치도 진안군
(유)일토씨엔엠(진안공공하수처리장),전북특별자치도 진안군 진안읍 학천변길 99,전북특별자치도 진안군 진안읍 군상리 158,35.79813602,127.4406068,사업장폐기물,,,,25000,2018,전북특별자치도 진안군청,063-430-2339,2025-12-17,4731000,전북특별자치도 진안군
(유)대성환경,전북특별자치도 진안군 부귀면 전진로 2091,전북특별자치도 진안군 부귀면 오룡리 390,35.82642878,127.3517198,사업장폐기물,,,,833,2018,전북특별자치도 진안군청,063-430-2339,2025-12-17,4731000,전북특별자치도 진안군
(유)대성환경,전북특별자치도 진안군 부귀면 전진로 2091,전북특별자치도 진안군 부귀면 오룡리 390,35.82642878,127.3517198,사업장폐기물,,,,1667,2018,전북특별자치도 진안군청,063-430-2339,2025-12-17,4731000,전북특별자치도 진안군
(유)대성환경,전북특별자치도 진안군 부귀면 전진로 2091,전북특별자치도 진안군 부귀면 오룡리 390,35.82642878,127.3517198,사업장폐기물,,,,8333,2018,전북특별자치도 진안군청,063-430-2339,2025-12-17,4731000,전북특별자치도 진안군
주식회사 팜덕 세븐(SEVEN)지점,전북특별자치도 진안군 진안읍 거북바위로1길 11,전북특별자치도 진안군 진안읍 연장리 1066-8,35.77199566,127.3734198,사업장폐기물,,,,4000,2019,전북특별자치도 진안군청,063-430-2339,2025-12-17,4731000,전북특별자치도 진안군
주식회사 팜덕 세븐(SEVEN)지점,전북특별자치도 진안군 진안읍 거북바위로1길 11,전북특별자치도 진안군 진안읍 연장리 1066-8,35.77199566,127.3734198,사업장폐기물,,,,4167,2019,전북특별자치도 진안군청,063-430-2339,2025-12-17,4731000,전북특별자치도 진안군
주식회사 팜덕 세븐(SEVEN)지점,전북특별자치도 진안군 진안읍 거북바위로1길 11,전북특별자치도 진안군 진안읍 연장리 1066-8,35.77199566,127.3734198,사업장폐기물,,,,5000,2019,전북특별자치도 진안군청,063-430-2339,2025-12-17,4731000,전북특별자치도 진안군
주식회사 팜덕 세븐(SEVEN)지점,전북특별자치도 진안군 진안읍 거북바위로1길 11,전북특별자치도 진안군 진안읍 연장리 1066-8,35.77199566,127.3734198,사업장폐기물,,,,10000,2019,전북특별자치도 진안군청,063-430-2339,2025-12-17,4731000,전북특별자치도 진안군
주식회사 팜덕 세븐(SEVEN)지점,전북특별자치도 진안군 진안읍 거북바위로1길 11,전북특별자치도 진안군 진안읍 연장리 1066-8,35.77199566,127.3734198,사업장폐기물,,,,2500,2019,전북특별자치도 진안군청,063-430-2339,2025-12-17,4731000,전북특별자치도 진안군
주식회사 팜덕 세븐(SEVEN)지점,전북특별자치도 진안군 진안읍 거북바위로1길 11,전북특별자치도 진안군 진안읍 연장리 1066-8,35.77199566,127.3734198,사업장폐기물,,,,12500,2019,전북특별자치도 진안군청,063-430-2339,2025-12-17,4731000,전북특별자치도 진안군
진안군청(진안고원골프연습장),전북특별자치도 진안군 진안읍 우화2길 33-16,전북특별자치도 진안군 진안읍 군상리 334-1,35.78850256,127.4308626,사업장폐기물,,,,833,2021,전북특별자치도 진안군청,063-430-2339,2025-12-17,4731000,전북특별자치도 진안군
주식회사 그린파이프,전북특별자치도 진안군 진안읍 거북바위로3길 15-6,전북특별자치도 진안군 진안읍 연장리 1770,35.77241025,127.378922,사업장폐기물,,,,4000,2021,전북특별자치도 진안군청,063-430-2339,2025-12-17,4731000,전북특별자치도 진안군
(주)함소아제약 진안공장,전북특별자치도 진안군 진안읍 홍삼한방로 42,전북특별자치도 진안군 진안읍 반월리 521-1,35.77047745,127.4386974,사업장폐기물,,,,3000,2021,전북특별자치도 진안군청,063-430-2339,2025-12-17,4731000,전북특별자치도 진안군
진안군청(상하수도과),전북특별자치도 진안군 진안읍 중앙로 67,전북특별자치도 진안군 진안읍 군하리 97-4,35.7912555,127.424667,사업장폐기물,,,,5000,2023,전북특별자치도 진안군청,063-430-2339,2025-12-17,4731000,전북특별자치도 진안군
OK 아스콘(유),전북특별자치도 진안군 진안읍 반월길 29,전북특별자치도 진안군 진안읍 반월리 1175,35.76568465,127.4374074,사업장폐기물,,,,10000,2023,전북특별자치도 진안군청,063-430-2339,2025-12-17,4731000,전북특별자치도 진안군
주식회사 서강,전북특별자치도 진안군 진안읍 진장로 220-9,전북특별자치도 진안군 진안읍 구룡리 846-9,35.78016283,127.4466065,사업장폐기물,,,,4167,2025,전북특별자치도 진안군청,063-430-2339,2025-12-17,4731000,전북특별자치도 진안군
SK브로드밴드(주),경기도 군포시 건건로 243 (대야미동),경기도 군포시 대야미동 545-14,37.32063587,126.9127918,사업장폐기물,,,,2500,2025,경기도 군포시청,031-390-0356,2026-01-07,4020000,경기도 군포시
주식회사마스타식품(지점),"경기도 군포시 산본로 94, 1층 (당정동)",경기도 군포시 당정동 343-6,37.35471923,126.9559454,사업장폐기물,,,,12000,2025,경기도 군포시청,031-390-0356,2026-01-07,4020000,경기도 군포시
한국뉴초이스푸드(주),"경기도 군포시 번영로 82, 한국복합물류(주) 관리동 (부곡동)",경기도 군포시 부곡동 1231 한국복합물류(주) 관리동,37.32959795,126.9348359,사업장폐기물,,,,12500,2025,경기도 군포시청,031-390-0356,2026-01-07,4020000,경기도 군포시
디케이테크주식회사3공장,"경기도 군포시 군포첨단산업2로 33, 4층 (부곡동)",경기도 군포시 부곡동 1247-9,37.32639426,126.9436793,사업장폐기물,,,,15000,2025,경기도 군포시청,031-390-0356,2026-01-07,4020000,경기도 군포시
(주)디팜스테크3공장,"경기도 군포시 군포첨단산업2로 33, 1동 (부곡동)",경기도 군포시 부곡동 1247-9,37.32639426,126.9436793,사업장폐기물,,,,15000,2025,경기도 군포시청,031-390-0356,2026-01-07,4020000,경기도 군포시
SK텔레콤수도권Infra본부,경기도 군포시 건건로 243 (대야미동),경기도 군포시 대야미동 545-14,37.32063587,126.9127918,사업장폐기물,,,,4166.66666,2025,경기도 군포시청,031-390-0356,2026-01-07,4020000,경기도 군포시
(주)대양건설,"경기도 군포시 공단로124번길 23, 1315호 (당정동)",경기도 군포시 당정동 181-7,37.35661924,126.9522813,사업장폐기물,,,,1833.33333,2025,경기도 군포시청,031-390-0356,2026-01-07,4020000,경기도 군포시
주식회사 러스텍오토,경기도 군포시 당정로75번길 15 (당정동),경기도 군포시 당정동 322-5,37.35413558,126.9529959,사업장폐기물,,,,33333.3333,2025,경기도 군포시청,031-390-0356,2026-01-07,4020000,경기도 군포시
한국도로공사 군포지사,"경기도 군포시 군포로 86, 한국도로공사군포지사 (대야미동)",경기도 군포시 대야미동 325-6 한국도로공사군포지사,37.32390803,126.9184196,사업장폐기물,,,,22916.6666,2025,경기도 군포시청,031-390-0356,2026-01-07,4020000,경기도 군포시
한빛창호복층,경기도 군포시 엘에스로45번길 69 (당정동),경기도 군포시 당정동 231-26,37.36455987,126.9533185,사업장폐기물,,,,12500,2024,경기도 군포시청,031-390-0356,2026-01-07,4020000,경기도 군포시
(주)태성산업,경기도 군포시 군포첨단산업2로 64-24 (부곡동),경기도 군포시 부곡동 1275,37.32715129,126.9471272,사업장폐기물,,,,40000,2024,경기도 군포시청,031-390-0356,2026-01-07,4020000,경기도 군포시
주식회사 프라임아이티AC호텔 바이메리어트 서울금정,"경기도 군포시 군포로 697, AC호텔 바이 메리어트 서울금정 (금정동)",경기도 군포시 금정동 78-3 AC호텔 바이 메리어트 서울금정,37.36770199,126.944676,사업장폐기물,,,,20500,2024,경기도 군포시청,031-390-0356,2026-01-07,4020000,경기도 군포시
(주)신환종합공사,"경기도 군포시 금산로 14, 정효빌딩 (금정동)",경기도 군포시 금정동 725-6 정효빌딩 103호,37.3638635,126.9410696,사업장폐기물,,,,833.333333,2024,경기도 군포시청,031-390-0356,2026-01-07,4020000,경기도 군포시
아이비티 주식회사,"경기도 군포시 공단로140번길 52, 에이스 하이테크시티군포 803호 (당정동)",경기도 군포시 당정동 181-43 에이스 하이테크시티군포,37.35719852,126.9555251,사업장폐기물,,,,333.333333,2024,경기도 군포시청,031-390-0356,2026-01-07,4020000,경기도 군포시
휴마시스 주식회사,"경기도 군포시 군포첨단산업2로 37, 휴마시스(주)GMP군포점 (부곡동)",경기도 군포시 부곡동 1247-7,37.32644715,126.9442048,사업장폐기물,,,,41666.6666,2023,경기도 군포시청,031-390-0356,2026-01-07,4020000,경기도 군포시
(주)해강솔루션,경기도 군포시 산본로48번길 10-22 (당정동),경기도 군포시 당정동 91-6,37.35792282,126.9605115,사업장폐기물,,,,1916.66666,2023,경기도 군포시청,031-390-0356,2026-01-07,4020000,경기도 군포시
보영운수(주)군포영업소,"경기도 군포시 번영로 179-46, 공영차고지 (부곡동)",경기도 군포시 부곡동 773-3 공영차고지,37.33130418,126.9273165,사업장폐기물,,,,1666.66666,2022,경기도 군포시청,031-390-0356,2026-01-07,4020000,경기도 군포시
군포시청(건설과),"경기도 군포시 청백리길 6, 군포시청 (금정동)",경기도 군포시 금정동 844 군포시청,37.36102307,126.9353158,사업장폐기물,,,,8333.33333,2022,경기도 군포시청,031-390-0356,2026-01-07,4020000,경기도 군포시
(주)에이블루,"경기도 군포시 봉성로 56, 2층 (당정동)",경기도 군포시 당정동 513-3,37.35082221,126.9509594,사업장폐기물,,,,100000,2022,경기도 군포시청,031-390-0356,2026-01-07,4020000,경기도 군포시
에이케이플라자(주) 금정점,"경기도 군포시 엘에스로 143 (금정동, 힐스테이트 금정역)",경기도 군포시 금정동 916 힐스테이트 금정역,37.37227907,126.9448628,사업장폐기물,,,,39100,2022,경기도 군포시청,031-390-0356,2026-01-07,4020000,경기도 군포시
(주)브라운에프엔비,"경기도 군포시 농심로 35, 농심(주) (당정동)",경기도 군포시 당정동 247 농심(주),37.3608042,126.9539736,사업장폐기물,,,,8333.33333,2022,경기도 군포시청,031-390-0356,2026-01-07,4020000,경기도 군포시
유한킴벌리(주),경기도 군포시 경수대로 443 (당정동),경기도 군포시 당정동 27-4,37.36289694,126.9594263,사업장폐기물,,,,11000,2022,경기도 군포시청,031-390-0356,2026-01-07,4020000,경기도 군포시
(주)에이치와이모빌리티,경기도 군포시 군포첨단산업2로 118 (부곡동),경기도 군포시 부곡동 1242-1,37.32771431,126.9395144,사업장폐기물,,,,3750,2021,경기도 군포시청,031-390-0356,2026-01-07,4020000,경기도 군포시
(주)에이치케이유림로지스,경기도 군포시 경수대로 443 (당정동),경기도 군포시 당정동 27-4,37.36289694,126.9594263,사업장폐기물,,,,29166.6666,2021,경기도 군포시청,031-390-0356,2026-01-07,4020000,경기도 군포시
거성인터내셔날,경기도 군포시 고산로724번길 19 (산본동),경기도 군포시 산본동 73-24,37.37316134,126.9387079,사업장폐기물,,,,20000,2021,경기도 군포시청,031-390-0356,2026-01-07,4020000,경기도 군포시
(주)포엔,경기도 군포시 공단로 107 (당동),경기도 군포시 당동 134-38,37.3546833,126.9490516,사업장폐기물,,,,2500,2021,경기도 군포시청,031-390-0356,2026-01-07,4020000,경기도 군포시
주식회사 씨엠에스,경기도 군포시 군포첨단산업2로 81 (주)씨엠에스 군포공장 (부곡동),경기도 군포시 부곡동 1247 (주)씨엠에스 군포공장,37.32682858,126.9431277,사업장폐기물,,,,26666.6666,2021,경기도 군포시청,031-390-0356,2026-01-07,4020000,경기도 군포시
(주)삼천리이에스,경기도 군포시 당정로27번길 11 (주)삼천리중부지역본부 (당정동),경기도 군포시 당정동 455 (주)삼천리중부지역본부,37.35075649,126.9542584,사업장폐기물,,,,3333.33333,2021,경기도 군포시청,031-390-0356,2026-01-07,4020000,경기도 군포시
(주)스킨푸드,"경기도 군포시 번영로 82, 한국복합물류(주) 1-1 O동 (부곡동)",경기도 군포시 부곡동 451 한국복합물류(주),37.32959795,126.9348359,사업장폐기물,,,,4166.66666,2020,경기도 군포시청,031-390-0356,2026-01-07,4020000,경기도 군포시
크레텍책임(주),"경기도 군포시 당정로 96, 크레텍책임 서울본사 (당정동)",경기도 군포시 당정동 1130 크레텍책임 서울본사,37.35545413,126.9498931,사업장폐기물,,,,25000,2020,경기도 군포시청,031-390-0356,2026-01-07,4020000,경기도 군포시
(주)진한테크,"경기도 군포시 산본로101번길 8, 5층 (당정동)",경기도 군포시 당정동 352-10,37.35318223,126.9556577,사업장폐기물,,,,2500,2020,경기도 군포시청,031-390-0356,2026-01-07,4020000,경기도 군포시
(주)에이플러스 제2공장,경기도 군포시 당정로60번길 8 (당정동),경기도 군포시 당정동 327-14,37.35442833,126.9544139,사업장폐기물,,,,666.666666,2020,경기도 군포시청,031-390-0356,2026-01-07,4020000,경기도 군포시
(주)한성GT,"경기도 군포시 군포첨단산업1로 39, 3층 (부곡동)",경기도 군포시 부곡동 1232,37.32771791,126.9365831,사업장폐기물,,,,4000,2019,경기도 군포시청,031-390-0356,2026-01-07,4020000,경기도 군포시
(주)디팜스테크,경기도 군포시 군포첨단산업1로 47 (부곡동),경기도 군포시 부곡동 1232-2,37.32771806,126.9377138,사업장폐기물,,,,26666.6666,2019,경기도 군포시청,031-390-0356,2026-01-07,4020000,경기도 군포시
유공자원 고철,경기도 군포시 공단로 232 (금정동),경기도 군포시 금정동 183-16,37.36544714,126.9473651,사업장폐기물,,,,40000,2019,경기도 군포시청,031-390-0356,2026-01-07,4020000,경기도 군포시
조광페인트(주),"경기도 군포시 공단로140번길 59, 조광페인트 이노센터 (당정동)",경기도 군포시 당정동 174-15 조광페인트 이노센터,37.35819357,126.9563737,사업장폐기물,,,,625,2019,경기도 군포시청,031-390-0356,2026-01-07,4020000,경기도 군포시
(주)씨엔에프,경기도 군포시 공단로140번안길 29 (당정동),경기도 군포시 당정동 174-5,37.35981711,126.9548857,사업장폐기물,,,,45333.3333,2019,경기도 군포시청,031-390-0356,2026-01-07,4020000,경기도 군포시
군포도시공사(새활용타운),"경기도 군포시 번영로 145, 새활용타운 (부곡동)",경기도 군포시 부곡동 732-1 새활용타운,37.32914529,126.9301236,사업장폐기물,,,,180000,2018,경기도 군포시청,031-390-0356,2026-01-07,4020000,경기도 군포시
성신화학(주),경기도 군포시 군포첨단산업1로 28 (부곡동),경기도 군포시 부곡동 1233-5,37.3262506,126.9373024,사업장폐기물,,,,3333.33333,2018,경기도 군포시청,031-390-0356,2026-01-07,4020000,경기도 군포시
(주)남륜하이테크,경기도 군포시 산본로77번길 26-1 (당정동),경기도 군포시 당정동 366-5 2층,37.35271349,126.9588047,사업장폐기물,,,,10000,2018,경기도 군포시청,031-390-0356,2026-01-07,4020000,경기도 군포시
미성기업사,경기도 군포시 산본로54번길 11 (당정동),경기도 군포시 당정동 150,37.35513201,126.9600612,사업장폐기물,,,,2500,2018,경기도 군포시청,031-390-0356,2026-01-07,4020000,경기도 군포시
선바이오㈜,경기도 군포시 산본로 95 (당정동),경기도 군포시 당정동 352-5,37.35381622,126.9561984,사업장폐기물,,,,1000,2018,경기도 군포시청,031-390-0356,2026-01-07,4020000,경기도 군포시
(주)판토스,"경기도 군포시 번영로 82, 한국복합물류(주) (부곡동)",경기도 군포시 부곡동 451 한국복합물류(주),37.32959795,126.9348359,사업장폐기물,,,,10833.3333,2018,경기도 군포시청,031-390-0356,2026-01-07,4020000,경기도 군포시
트레이더스 홀세일클럽 군포점,"경기도 군포시 삼성로 74, 트레이더스 군포점 (부곡동)",경기도 군포시 부곡동 1227-1 트레이더스 군포점,37.34012234,126.9346494,사업장폐기물,,,,69833.3333,2017,경기도 군포시청,031-390-0356,2026-01-07,4020000,경기도 군포시
원광대학교 산본병원,"경기도 군포시 산본로 327, 원광대학교의과대학산본병원 (산본동)",경기도 군포시 산본동 1126-1 원광대학교의과대학산본병원,37.35978078,126.9333031,사업장폐기물,,,,833.333333,2017,경기도 군포시청,031-390-0356,2026-01-07,4020000,경기도 군포시
주식회사 재민뷰텍,경기도 군포시 군포첨단산업2로 76 (부곡동),경기도 군포시 부곡동 1243-1,37.3276161,126.9442912,사업장폐기물,,,,9000,2017,경기도 군포시청,031-390-0356,2026-01-07,4020000,경기도 군포시
(주)부일신소재,경기도 군포시 산본로86번안길 24-1 (당정동),경기도 군포시 당정동 340-10 201호,37.35599232,126.9548307,사업장폐기물,,,,1666.66666,2017,경기도 군포시청,031-390-0356,2026-01-07,4020000,경기도 군포시
(주)혜창,경기도 군포시 엘에스로115번길 63 (금정동),경기도 군포시 금정동 689-14,37.37020889,126.9459987,사업장폐기물,,,,541.666666,2017,경기도 군포시청,031-390-0356,2026-01-07,4020000,경기도 군포시
주식회사 케이티,"경기도 군포시 산본로 362 (산본동, KT군포지점)",경기도 군포시 산본동 1096-3,37.3628187,126.9319087,사업장폐기물,,,,9000,2017,경기도 군포시청,031-390-0356,2026-01-07,4020000,경기도 군포시
(주)현대그린푸드 현대케피코,"경기도 군포시 고산로 102, 엑스1동 지하1층 (당정동, 케피코(주))",,37.35223383,126.9586964,사업장폐기물,,,,10800,2017,경기도 군포시청,031-390-0356,2026-01-07,4020000,경기도 군포시
주식회사 진한,"경기도 군포시 공단로140번길 55 (당정동, (주)진한)",경기도 군포시 당정동 174-16,37.35819155,126.9557903,사업장폐기물,,,,4666.66666,2017,경기도 군포시청,031-390-0356,2026-01-07,4020000,경기도 군포시
대진전기주식회사,경기도 군포시 엘에스로182번길 3-4 (산본동),경기도 군포시 산본동 18-18,37.3766555,126.9432053,사업장폐기물,,,,8000,2017,경기도 군포시청,031-390-0356,2026-01-07,4020000,경기도 군포시
(주)덴키스트,경기도 군포시 농심로 3 (당정동),경기도 군포시 당정동 265,37.3608275,126.9501116,사업장폐기물,,,,6000,2017,경기도 군포시청,031-390-0356,2026-01-07,4020000,경기도 군포시
해성정공(주),경기도 군포시 공단로 278-8 (금정동),경기도 군포시 금정동 690,37.36908533,126.9460315,사업장폐기물,,,,3000,2017,경기도 군포시청,031-390-0356,2026-01-07,4020000,경기도 군포시
우성글라스텍,"경기도 군포시 공단로140번안길 37, 나동 (당정동)",경기도 군포시 당정동 174-8,37.35975057,126.9554765,사업장폐기물,,,,4000,2017,경기도 군포시청,031-390-0356,2026-01-07,4020000,경기도 군포시
(주)무림,경기도 군포시 당정로60번길 25 (당정동),경기도 군포시 당정동 343-9,37.35499869,126.9553792,사업장폐기물,,,,3500,2017,경기도 군포시청,031-390-0356,2026-01-07,4020000,경기도 군포시
주식회사 대륜,"경기도 군포시 공단로140번안길 23 (당정동, 주식회사대륜사옥)",,37.35968793,126.9537828,사업장폐기물,,,,3500,2017,경기도 군포시청,031-390-0356,2026-01-07,4020000,경기도 군포시
부흥산업(주),경기도 군포시 고산로 142 (당정동),경기도 군포시 당정동 448-4,37.34969285,126.9554937,사업장폐기물,,,,3500,2017,경기도 군포시청,031-390-0356,2026-01-07,4020000,경기도 군포시
한성정밀공업,경기도 군포시 고래들길 48 (당정동),경기도 군포시 당정동 91-10,37.35766875,126.9608401,사업장폐기물,,,,4000,2017,경기도 군포시청,031-390-0356,2026-01-07,4020000,경기도 군포시
군포고등학교,"경기도 군포시 오금로 118 (금정동, 군포고등학교)",,37.35760393,126.9404491,사업장폐기물,,,,6000,2017,경기도 군포시청,031-390-0356,2026-01-07,4020000,경기도 군포시
(재)한국기계전기전자시험연구원,"경기도 군포시 흥안대로27번길 22, 한국기계전기전자시험연구원 (금정동)",경기도 군포시 금정동 692-8 한국기계전기전자시험연구원,37.36848942,126.9474867,사업장폐기물,,,,50000,2017,경기도 군포시청,031-390-0356,2026-01-07,4020000,경기도 군포시
군포IT밸리관리위원회,"경기도 군포시 고산로148번길 17, 군포IT밸리 (당정동)",경기도 군포시 당정동 1045 군포IT밸리,37.34961289,126.9535188,사업장폐기물,,,,12000,2016,경기도 군포시청,031-390-0356,2026-01-07,4020000,경기도 군포시
디오펀(DIOFUN),"경기도 군포시 엘에스로166번길 10-16, 4층 (금정동)",,37.3749212,126.945876,사업장폐기물,,,,15000,2016,경기도 군포시청,031-390-0356,2026-01-07,4020000,경기도 군포시
L&C타워,"경기도 군포시 엘에스로 153-18, L&C타워 (산본동)",경기도 군포시 산본동 1026-52 L&C타워,37.37395971,126.9444998,사업장폐기물,,,,27000,2016,경기도 군포시청,031-390-0356,2026-01-07,4020000,경기도 군포시
세종다이아몬드,경기도 군포시 농심로59번길 11 (당정동),,37.36385858,126.9546539,사업장폐기물,,,,2500,2016,경기도 군포시청,031-390-0356,2026-01-07,4020000,경기도 군포시
롯데쇼핑(주)롯데피트인 산본점,경기도 군포시 번영로 485 (산본동),경기도 군포시 산본동 1145-6,37.3578053,126.9306689,사업장폐기물,,,,228000,2016,경기도 군포시청,031-390-0356,2026-01-07,4020000,경기도 군포시
주식회사씨엔에프,경기도 군포시 공단로140번길 7 (당정동),,37.35792143,126.9503542,사업장폐기물,,,,45000,2016,경기도 군포시청,031-390-0356,2026-01-07,4020000,경기도 군포시
용호고등학교,"경기도 군포시 용호2로 10 (당동, 용호고등학교)",,37.3418258,126.9393348,사업장폐기물,,,,8000,2015,경기도 군포시청,031-390-0356,2026-01-07,4020000,경기도 군포시
주식회사 플루토스,경기도 군포시 산본로48번길 48 (당정동),,37.35915936,126.9596055,사업장폐기물,,,,5000,2015,경기도 군포시청,031-390-0356,2026-01-07,4020000,경기도 군포시
(주)씨앤피코스메틱스,"경기도 군포시 번영로 82 (부곡동, (주)한국복합물류 F동 3층)",,37.32959795,126.9348359,사업장폐기물,,,,1330,2015,경기도 군포시청,031-390-0356,2026-01-07,4020000,경기도 군포시
(주)푸드윈,"경기도 군포시 공단로 149, 아이밸리 군포 105~107,207~209호 (당동)",경기도 군포시 당동 14-1 아이밸리 군포,37.35886674,126.9491904,사업장폐기물,,,,120000,2014,경기도 군포시청,031-390-0356,2026-01-07,4020000,경기도 군포시
(주)부영월드,경기도 군포시 당정로 60 (당정동),,37.35448455,126.9536836,사업장폐기물,,,,66666.6666,2014,경기도 군포시청,031-390-0356,2026-01-07,4020000,경기도 군포시
서울육가공(주),경기도 군포시 당산로156번길 18 (금정동),,37.36527177,126.9443635,사업장폐기물,,,,10000,2013,경기도 군포시청,031-390-0356,2026-01-07,4020000,경기도 군포시
(주)군포종합폐차장,경기도 군포시 공단로 37-1 (당동),경기도 군포시 당동 168,37.34872975,126.948844,사업장폐기물,,,,357216.666,2013,경기도 군포시청,031-390-0356,2026-01-07,4020000,경기도 군포시
의료법인효산의료재단 지샘병원,경기도 군포시 군포로 591 (당동),경기도 군포시 당동,37.35867202,126.9473165,사업장폐기물,,,,52016.6666,2013,경기도 군포시청,031-390-0356,2026-01-07,4020000,경기도 군포시
군포e비즈니스고등학교,경기도 군포시 수리산로 153 (산본동),경기도 군포시 산본동,37.36305308,126.9185422,사업장폐기물,,,,5000,2013,경기도 군포시청,031-390-0356,2026-01-07,4020000,경기도 군포시
(주)지엘,경기도 군포시 엘에스로91번길 93 (금정동),경기도 군포시 금정동 694,37.36769544,126.9471063,사업장폐기물,,,,9250,2012,경기도 군포시청,031-390-0356,2026-01-07,4020000,경기도 군포시
엘에스전선(주),"경기도 군포시 공단로140번길 27, 군포LS R&D센터 (당정동)",경기도 군포시 당정동 181 군포LS R&D센터,37.35816507,126.9523333,사업장폐기물,,,,5500,2012,경기도 군포시청,031-390-0356,2026-01-07,4020000,경기도 군포시
(주)예선테크,경기도 군포시 공단로 356-3 (주)예선테크 (산본동),경기도 군포시 산본동 1026-2 (주)예선테크,37.3760504,126.9423208,사업장폐기물,,,,12500,2011,경기도 군포시청,031-390-0356,2026-01-07,4020000,경기도 군포시
금봉테크노벨리2관리사무소,"경기도 군포시 고래들길 56, 2층 (당정동, 금봉테크노벨리)",경기도 군포시 당정동 93-5 금봉테크노벨리2,37.35705584,126.9604863,사업장폐기물,,,,14000,2011,경기도 군포시청,031-390-0356,2026-01-07,4020000,경기도 군포시
서진산업(주)서진기술연구소,경기도 군포시 엘에스로 169 (산본동),경기도 군포시 산본동 1026-6,37.37484887,126.9439872,사업장폐기물,,,,6000,2011,경기도 군포시청,031-390-0356,2026-01-07,4020000,경기도 군포시
동아환경개발(주),"경기도 군포시 공단로 72, 동국실업(주) (당정동)",경기도 군포시 당정동 500-1 동아환경개발(주),37.35218758,126.951514,사업장폐기물,,,,46000,2011,경기도 군포시청,031-390-0356,2026-01-07,4020000,경기도 군포시
(주)하나텍,경기도 군포시 산본로48번길 10-22 (당정동),경기도 군포시 당정동 91-6,37.35792282,126.9605115,사업장폐기물,,,,5000,2011,경기도 군포시청,031-390-0356,2026-01-07,4020000,경기도 군포시
(재)남천병원,경기도 군포시 고산로 575 (산본동),경기도 군포시 산본동 1100-1,37.36468387,126.9259764,사업장폐기물,,,,33000,2011,경기도 군포시청,031-390-0356,2026-01-07,4020000,경기도 군포시
(주)서원인텍,경기도 군포시 공단로140번길 32-15 (주)서원인텍 (당정동),경기도 군포시 당정동 181-39 (주)서원인텍,37.35686405,126.953872,사업장폐기물,,,,24000,2011,경기도 군포시청,031-390-0356,2026-01-07,4020000,경기도 군포시
(주)대성마리프,경기도 군포시 공단로 298-24 (금정동),경기도 군포시 금정동 689-31,37.37097596,126.946057,사업장폐기물,,,,9000,2011,경기도 군포시청,031-390-0356,2026-01-07,4020000,경기도 군포시
(주)한국유통,경기도 군포시 고산로250번길 13 (당동),경기도 군포시 당동 919,37.34737858,126.9444672,사업장폐기물,,,,5000,2011,경기도 군포시청,031-390-0356,2026-01-07,4020000,경기도 군포시
군포경찰서,경기도 군포시 산본로324번길 16 (금정동),경기도 군포시 금정동 848,37.36055954,126.9370769,사업장폐기물,,,,9000,2011,경기도 군포시청,031-390-0356,2026-01-07,4020000,경기도 군포시
(주)쎄니트산본지점,경기도 군포시 번영로 505 (산본동),경기도 군포시 산본동 1142-2,37.35878276,126.933217,사업장폐기물,,,,9000,2011,경기도 군포시청,031-390-0356,2026-01-07,4020000,경기도 군포시
전주이씨안양군파진사공,경기도 군포시 산본로 404 (산본동),경기도 군포시 산본동 1098,37.36612244,126.9292103,사업장폐기물,,,,77500,2011,경기도 군포시청,031-390-0356,2026-01-07,4020000,경기도 군포시
삼흥환경건설(주),"경기도 군포시 산본로324번길 8, 동영센트럴타워 3층 6~7호 (금정동)",경기도 군포시 금정동 847-2 동영센트럴타워,37.35996709,126.9350349,사업장폐기물,,,,5803333.33,2008,경기도 군포시청,031-390-0356,2026-01-07,4020000,경기도 군포시
SK벤티움지식산업센터,경기도 군포시 고산로 166 (당정동),경기도 군포시 당정동 522,37.34875428,126.9537008,사업장폐기물,,,,17200,2007,경기도 군포시청,031-390-0356,2026-01-07,4020000,경기도 군포시
강남제비스코(주)안양,경기도 군포시 농심로 8 (당정동),경기도 군포시 당정동 284-1,37.36141539,126.9504809,사업장폐기물,,,,82100,2007,경기도 군포시청,031-390-0356,2026-01-07,4020000,경기도 군포시
(주)동양/건재부문 안양공장,경기도 군포시 농심로 85 (당정동),,37.36421495,126.9566185,사업장폐기물,,,,333333.333,2006,경기도 군포시청,031-390-0356,2026-01-07,4020000,경기도 군포시
(주)뉴코아아울렛산본점,"경기도 군포시 번영로 504 (산본동, 산본역)",경기도 군포시 산본동 1231,37.35810516,126.9331752,사업장폐기물,,,,47500,2005,경기도 군포시청,031-390-0356,2026-01-07,4020000,경기도 군포시
(주)농심,경기도 군포시 농심로 35 (당정동),경기도 군포시 당정동 203-1번지,37.3608042,126.9539736,사업장폐기물,,,,540333.333,2002,경기도 군포시청,031-390-0356,2026-01-07,4020000,경기도 군포시
(주)영풍산업,경기도 군포시 당정로60번길 21 (당정동),경기도 군포시 당정동 343-11,37.35456205,126.9551249,사업장폐기물,,,,15000,2001,경기도 군포시청,031-390-0356,2026-01-07,4020000,경기도 군포시
(주)돌담,경기도 군포시 농심로 88-44 (당정동),경기도 군포시 당정동 23-5,37.36182744,126.9569425,사업장폐기물,,,,9500,2001,경기도 군포시청,031-390-0356,2026-01-07,4020000,경기도 군포시
신라테크노빌관리사무소,경기도 군포시 당정로 90 (당동),경기도 군포시 당동 39-3,37.3553608,126.9507979,사업장폐기물,,,,10000,1997,경기도 군포시청,031-390-0356,2026-01-07,4020000,경기도 군포시
(주)세화전자,경기도 군포시 당정로60번길 28 (당정동),경기도 군포시 당정동 343-6,37.35471923,126.9559454,사업장폐기물,,,,10000,1997,경기도 군포시청,031-390-0356,2026-01-07,4020000,경기도 군포시
한국복합물류(주),경기도 군포시 번영로 82 (부곡동),경기도 군포시 부곡동 451,37.32959795,126.9348359,사업장폐기물,,,,228333.333,1997,경기도 군포시청,031-390-0356,2026-01-07,4020000,경기도 군포시
팩컴 에이에이피(주),경기도 군포시 농심로59번길 7-12 (당정동),경기도 군포시 당정동 242-2,37.36330125,126.9542884,사업장폐기물,,,,7500,1996,경기도 군포시청,031-390-0356,2026-01-07,4020000,경기도 군포시
가온전선(주),경기도 군포시 엘에스로45번길 120 (금정동),경기도 군포시 금정동 166,37.3623782,126.9497525,사업장폐기물,,,,339600,1996,경기도 군포시청,031-390-0356,2026-01-07,4020000,경기도 군포시
주식회사 늘푸른초원,경기도 군포시 공단로214번길 5 (금정동),경기도 군포시 금정동 193,37.36487481,126.9485984,사업장폐기물,,,,40166.6666,1996,경기도 군포시청,031-390-0356,2026-01-07,4020000,경기도 군포시
(주)현대케피코,경기도 군포시 고산로 102 (당정동),경기도 군포시 당정동 410,37.35223383,126.9586964,사업장폐기물,,,,87083.3333,1996,경기도 군포시청,031-390-0356,2026-01-07,4020000,경기도 군포시
정일금형정공(주),경기도 군포시 산본로48번길 54 (당정동),경기도 군포시 당정동 78-7,37.35902316,126.9602548,사업장폐기물,,,,1250,1996,경기도 군포시청,031-390-0356,2026-01-07,4020000,경기도 군포시
성우산업,경기도 군포시 엘에스로182번길 26 (산본동),경기도 군포시 산본동 18-27,37.3777694,126.9431259,사업장폐기물,,,,5000,2009,경기도 군포시청,031-390-0356,2026-01-07,4020000,경기도 군포시
에코이앤오(주) (군포대야미하수처리장),경기도 군포시 호수로 170-85 (둔대동),경기도 군포시 둔대동 301-5,37.32136505,126.8996775,사업장폐기물,,,,318500,2009,경기도 군포시청,031-390-0356,2026-01-07,4020000,경기도 군포시
(주)제이월드,경기도 군포시 고산로 120 (당정동),경기도 군포시 당정동 432-5,37.35021007,126.9577809,사업장폐기물,,,,25000,2009,경기도 군포시청,031-390-0356,2026-01-07,4020000,경기도 군포시
수리산랜드,경기도 군포시 금당로69번길 35 (당동),경기도 군포시 당동 949-1,37.35187591,126.9392024,사업장폐기물,,,,48000,2009,경기도 군포시청,031-390-0356,2026-01-07,4020000,경기도 군포시
제이제이이에스주식회사 군포점,경기도 군포시 용호1로2번길 47-7 (당동),경기도 군포시 당동 962-3,37.3465742,126.9412314,사업장폐기물,,,,70000,2009,경기도 군포시청,031-390-0356,2026-01-07,4020000,경기도 군포시
군포농업협동조합,경기도 군포시 산본로 400 (산본동),경기도 군포시 산본동 1099,37.36573717,126.9292231,사업장폐기물,,,,84166.6666,2009,경기도 군포시청,031-390-0356,2026-01-07,4020000,경기도 군포시
학교법인 한세대학교,경기도 군포시 한세로 30 (당정동),경기도 군포시 당정동 604-5,37.34414801,126.9538537,사업장폐기물,,,,11916.6666,2009,경기도 군포시청,031-390-0356,2026-01-07,4020000,경기도 군포시
군포시수도녹지사업소(수도과),경기도 군포시 수리산로 151 (산본동),경기도 군포시 산본동 485-6,37.36260714,126.9177363,사업장폐기물,,,,159166.666,2009,경기도 군포시청,031-390-0356,2026-01-07,4020000,경기도 군포시
한국건설생활환경시험연구원,"경기도 군포시 공단로 149, 805호 (당동)",경기도 군포시 당동 14-1,37.35886674,126.9491904,사업장폐기물,,,,42666.6666,2009,경기도 군포시청,031-390-0356,2026-01-07,4020000,경기도 군포시
한솔테크노타운,경기도 군포시 경수대로 455 (당정동),경기도 군포시 당정동 16-1,37.36359509,126.9590144,사업장폐기물,,,,15000,2008,경기도 군포시청,031-390-0356,2026-01-07,4020000,경기도 군포시
삼성물산(주)안양컨트리클럽,"경기도 군포시 군포로 364 (부곡동, 안양컨트리클럽)",경기도 군포시 부곡동 1,37.3394048,126.9392884,사업장폐기물,,,,243466.666,2008,경기도 군포시청,031-390-0356,2026-01-07,4020000,경기도 군포시
군포도시공사(군포환경관리소),경기도 군포시 초막골길 101-58 (산본동),경기도 군포시 산본동 962-1,37.34483156,126.9143039,사업장폐기물,,,,1721673.33,2008,경기도 군포시청,031-390-0356,2026-01-07,4020000,경기도 군포시
삼양통상(주),경기도 군포시 공단로 90 (당정동),경기도 군포시 당정동 488,37.3535422,126.9508756,사업장폐기물,,,,2335666.66,2008,경기도 군포시청,031-390-0356,2026-01-07,4020000,경기도 군포시
한국도로공사 군포지사,경기도 군포시 군포로 86 (대야미동),경기도 군포시 대야미동 355,37.32390803,126.9184196,사업장폐기물,,,,21166.6666,2008,경기도 군포시청,031-390-0356,2026-01-07,4020000,경기도 군포시
코카콜라음료(주),"경기도 군포시 엘에스로45번길 105-1, 코카콜라 물류창고 (당정동)",경기도 군포시 당정동 246 코카콜라 물류창고,37.36298709,126.9530017,사업장폐기물,,,,387016.666,2008,경기도 군포시청,031-390-0356,2026-01-07,4020000,경기도 군포시
군포시청(새활용타운),경기도 군포시 번영로 145 (부곡동),경기도 군포시 부곡동 732-1,37.32914529,126.9301236,사업장폐기물,,,,147250,2011,경기도 군포시청,031-390-0356,2026-01-07,4020000,경기도 군포시
흥진고등학교,경기도 군포시 오금로 15-17 (금정동),경기도 군포시 금정동 875-7,37.35237537,126.9291997,사업장폐기물,,,,9000,2010,경기도 군포시청,031-390-0356,2026-01-07,4020000,경기도 군포시
주식회사 누리(군포부곡물말끔터),경기도 군포시 번영로28번길 45-48 (부곡동),경기도 군포시 부곡동 1115,37.32572104,126.9462225,사업장폐기물,,,,70000,2009,경기도 군포시청,031-390-0356,2026-01-07,4020000,경기도 군포시
한국전력공사경기본부,경기도 군포시 송부로 12-73 (도마교동),경기도 군포시 도마교동 273,37.31048036,126.9162184,사업장폐기물,,,,20833.3333,2009,경기도 군포시청,031-390-0356,2026-01-07,4020000,경기도 군포시
(주)이마트 산본점,"경기도 군포시 산본로 347, 이마트백화점 (산본동)",경기도 군포시 산본동 1123 이마트백화점,37.36108818,126.9314181,사업장폐기물,,,,226200,2009,경기도 군포시청,031-390-0356,2026-01-07,4020000,경기도 군포시
희성전자(주)대구공장,대구광역시 달서구 성서공단로11길 63 (호산동),,35.8399573,128.4868256,의료폐기물,,,,40,2014,대구광역시 달서구청,053-667-2745,2025-12-10,3470000,대구광역시 달서구
휴요양병원,대구광역시 달서구 성당로 215 (두류동),,35.85153162,128.5732805,의료폐기물,,,,2200,2012,대구광역시 달서구청,053-667-2745,2025-12-10,3470000,대구광역시 달서구
효성이비인후과,대구광역시 달서구 달구벌대로 1530 (감삼동_ 301-303 삼정브리티시용산),,35.84933438,128.534025512,의료폐기물,,,,12,2000,대구광역시 달서구청,053-667-2745,2025-12-10,3470000,대구광역시 달서구
효경산부인과의원,대구광역시 달서구 성서로 420_ 302호 (이곡동_ 메가타운),,35.85500197,128.5077769,의료폐기물,,,,27.5,2002,대구광역시 달서구청,053-667-2745,2025-12-10,3470000,대구광역시 달서구
황진복소아청소년과의원,"대구광역시 달서구 비슬로 2716, 2층(대곡동)",,35.80906496,128.5122765,의료폐기물,,,,300,2018,대구광역시 달서구청,053-667-2745,2025-12-10,3470000,대구광역시 달서구
황준치과,대구광역시 달서구 장기로 140 (성당동),,35.84372851,128.5451607,의료폐기물,,,,21.5,2000,대구광역시 달서구청,053-667-2745,2025-12-10,3470000,대구광역시 달서구
황준구안과의원,대구광역시 달서구 도원로 29_ 306호 (도원동_ 중앙빌딩),,35.80714962,128.5360261,의료폐기물,,,,10.5,2000,대구광역시 달서구청,053-667-2745,2025-12-10,3470000,대구광역시 달서구
화인마취통증의학과의원 대구상인점,"대구광역시 달서구 월배로 219, CENTRO TOWER 5층 501, 502호 (상인동)",,35.81910446,128.537078,의료폐기물,,,,40,2023,대구광역시 달서구청,053-667-2745,2025-12-10,3470000,대구광역시 달서구
화성연합의원,대구광역시 달서구 월배로 154 (상인동),,35.81617228,128.5310293,의료폐기물,,,,138,2003,대구광역시 달서구청,053-667-2745,2025-12-10,3470000,대구광역시 달서구
홍동대치과의원,대구광역시 달서구 구마로 264 (송현동),,35.83724417,128.5567345,의료폐기물,,,,21.5,2000,대구광역시 달서구청,053-667-2745,2025-12-10,3470000,대구광역시 달서구
호박치과,"대구광역시 달서구 이곡공원로 26, 4층 (이곡동)",,35.8550619,128.5103027,의료폐기물,,,,37.5,2025,대구광역시 달서구청,053-667-2745,2025-12-10,3470000,대구광역시 달서구
혜인가정의학과의원,대구광역시 달서구 상화로8길 23_ 2층 (대곡동_ 삼성래미안1차아파트상가),,35.80762188,128.5176815,의료폐기물,,,,11,2001,대구광역시 달서구청,053-667-2745,2025-12-10,3470000,대구광역시 달서구
혜성소아청소년과의원,대구광역시 달서구 월곡로32길 2 (상인동),,35.81060968,128.5466635,의료폐기물,,,,12,2000,대구광역시 달서구청,053-667-2745,2025-12-10,3470000,대구광역시 달서구
혜민내과,대구광역시 달서구 월배로 92_ 3층 (진천동),,35.81390953,128.5246798,의료폐기물,,,,51,2006,대구광역시 달서구청,053-667-2745,2025-12-10,3470000,대구광역시 달서구
현앤신이비인후과의원,대구광역시 달서구 상인서로 94_ 206호 (상인동_ 동화태왕아파트상가),,35.81832409,128.5407872,의료폐기물,,,,56,2008,대구광역시 달서구청,053-667-2745,2025-12-10,3470000,대구광역시 달서구
현소아청소년과의원,대구광역시 달서구 도원로 30 (도원동),,35.80720962,128.5353406,의료폐기물,,,,20,2005,대구광역시 달서구청,053-667-2745,2025-12-10,3470000,대구광역시 달서구
현대정형외과의원,대구광역시 달서구 계대동문로 120 (이곡동),,35.85511969,128.5055635,의료폐기물,,,,34,2003,대구광역시 달서구청,053-667-2745,2025-12-10,3470000,대구광역시 달서구
현대실버타운,대구광역시 달서구 상화북로5길 5 (진천동),,35.81061225,128.528611,의료폐기물,,,,130,2022,대구광역시 달서구청,053-667-2745,2025-12-10,3470000,대구광역시 달서구
현대비뇨기과산부인과연합의원,대구광역시 달서구 계대동문로 120_ 4층 (이곡동),,35.85511969,128.5055635,의료폐기물,,,,175,2009,대구광역시 달서구청,053-667-2745,2025-12-10,3470000,대구광역시 달서구
현대내과의원,대구광역시 달서구 달구벌대로251길 33_ 301호 (이곡동),,35.85515387,128.5047112,의료폐기물,,,,64.5,2000,대구광역시 달서구청,053-667-2745,2025-12-10,3470000,대구광역시 달서구
헌혈의집 신월성센터,"대구광역시 달서구 조암로 5, 6층 (월성동)",,35.8253870176,128.529275629,의료폐기물,,,,475,2024,대구광역시 달서구청,053-667-2745,2025-12-10,3470000,대구광역시 달서구
허병원 장례식장,대구광역시 달서구 학산로 121 (본동),,35.83363375,128.5396364,의료폐기물,,,,20,2011,대구광역시 달서구청,053-667-2745,2025-12-10,3470000,대구광역시 달서구
허내과의원,대구광역시 달서구 월배로 111 (진천동),,35.81483946,128.5266399,의료폐기물,,,,68,2000,대구광역시 달서구청,053-667-2745,2025-12-10,3470000,대구광역시 달서구
행복재활요양원,대구광역시 달서구 대명천로16길 11 (성당동),,35.83942861,128.5513017338,의료폐기물,,,,70,2020,대구광역시 달서구청,053-667-2745,2025-12-10,3470000,대구광역시 달서구
행복의원,"대구광역시 달서구 조암로 145, L타워 2층 201호 (대천동)",,35.8192957767,128.5163970098,의료폐기물,,,,120,2014,대구광역시 달서구청,053-667-2745,2025-12-10,3470000,대구광역시 달서구
행복드림내과,대구광역시 달서구 당산로 88_ 2층 (성당동),,35.84532738,128.5448052,의료폐기물,,,,470,2008,대구광역시 달서구청,053-667-2745,2025-12-10,3470000,대구광역시 달서구
해내다한의원,"대구광역시 달서구 와룡로 186, 401동 208,209,210호 (감삼동, 빌리브 스카이 주상복합)",,35.8493778787,128.5379574814,의료폐기물,,,,230,2025,대구광역시 달서구청,053-667-2745,2025-12-10,3470000,대구광역시 달서구
한진욱치과,대구광역시 달서구 달구벌대로 1491 (용산동),,35.84961951,128.5301112,의료폐기물,,,,21.5,2004,대구광역시 달서구청,053-667-2745,2025-12-10,3470000,대구광역시 달서구
한일연합의원,대구광역시 달서구 신당로 63 (신당동_ 제1층제6호),,35.85376393,128.4994886,의료폐기물,,,,23,2013,대구광역시 달서구청,053-667-2745,2025-12-10,3470000,대구광역시 달서구
한상희성형외과의원,대구광역시 달서구 상인서로 103-6 (상인동),,35.81838881,128.5395594,의료폐기물,,,,25,2011,대구광역시 달서구청,053-667-2745,2025-12-10,3470000,대구광역시 달서구
한사랑산부인과,대구광역시 달서구 달구벌대로 1542_ 8층 (감삼동),,35.84956233,128.5357138,의료폐기물,,,,80,2008,대구광역시 달서구청,053-667-2745,2025-12-10,3470000,대구광역시 달서구
한사랑가정의학과,대구광역시 달서구 도원로 24 (도원동),,35.80757827,128.5354561,의료폐기물,,,,43,2000,대구광역시 달서구청,053-667-2745,2025-12-10,3470000,대구광역시 달서구
한빛제통마취통증의학과,대구광역시 달서구 월곡로 260_ 4층 (상인동_ 상인프라자),,35.81777782,128.5393189,의료폐기물,,,,20.5,2005,대구광역시 달서구청,053-667-2745,2025-12-10,3470000,대구광역시 달서구
한빛이비인후과의원,대구광역시 달서구 성지로 78 (용산동),,35.8562003951,128.5213032,의료폐기물,,,,17,2000,대구광역시 달서구청,053-667-2745,2025-12-10,3470000,대구광역시 달서구
한빛소아과의원,대구광역시 달서구 선원남로 113 (이곡동),,35.85742203,128.5126805,의료폐기물,,,,12,2000,대구광역시 달서구청,053-667-2745,2025-12-10,3470000,대구광역시 달서구
한빛내과의원,"대구광역시 달서구 구마로 228, 2층 (송현동)",,35.83683801,128.5526768,의료폐기물,,,,140,2017,대구광역시 달서구청,053-667-2745,2025-12-10,3470000,대구광역시 달서구
한미병원,대구광역시 달서구 이곡동로 66 (이곡동),,35.8548275,128.5113739,의료폐기물,,,,2023,2007,대구광역시 달서구청,053-667-2745,2025-12-10,3470000,대구광역시 달서구
한마음연합치과,대구광역시 달서구 이곡공원로 28 (이곡동),,35.85495985,128.5106447,의료폐기물,,,,21.5,2000,대구광역시 달서구청,053-667-2745,2025-12-10,3470000,대구광역시 달서구
한독치과의원,대구광역시 달서구 명덕로 10 (두류동),,35.8610713,128.5721465,의료폐기물,,,,19,2009,대구광역시 달서구청,053-667-2745,2025-12-10,3470000,대구광역시 달서구
한결장례식장,대구광역시 달서구 대명천로 15 (성당동),,35.83902166,128.5576101185,의료폐기물,,,,55,2015,대구광역시 달서구청,053-667-2745,2025-12-10,3470000,대구광역시 달서구
한결요양병원,대구광역시 달서구 대명천로 15 (성당동),,35.83902166,128.5576101185,의료폐기물,,,,6800,2015,대구광역시 달서구청,053-667-2745,2025-12-10,3470000,대구광역시 달서구
하얀치과의원,대구광역시 달서구 월배로 397_ 3층 (송현동),,35.83016666,128.5505848,의료폐기물,,,,21.5,2005,대구광역시 달서구청,053-667-2745,2025-12-10,3470000,대구광역시 달서구
하얀미소연합치과의원,대구광역시 달서구 계대동문로 106 (이곡동),,35.85509854,128.5037802,의료폐기물,,,,21.5,2001,대구광역시 달서구청,053-667-2745,2025-12-10,3470000,대구광역시 달서구
하나종합내과의원,대구광역시 달서구 명덕로 23 (두류동_ 1층),,35.86061119,128.5742003,의료폐기물,,,,122,2011,대구광역시 달서구청,053-667-2745,2025-12-10,3470000,대구광역시 달서구
하나연합치과의원,대구광역시 달서구 한들로 23 (장기동),,35.84811357,128.5280431,의료폐기물,,,,21.5,2004,대구광역시 달서구청,053-667-2745,2025-12-10,3470000,대구광역시 달서구
하나마취통증의학과의원,대구광역시 달서구 달구벌대로 1649_ 2층 (감삼동),,35.85400451,128.5464141,의료폐기물,,,,90,2011,대구광역시 달서구청,053-667-2745,2025-12-10,3470000,대구광역시 달서구
하나가정의학과의원,"대구광역시 달서구 용산서로 14, 202호 (용산동)",,35.8577874,128.5291069674,의료폐기물,,,,90,2024,대구광역시 달서구청,053-667-2745,2025-12-10,3470000,대구광역시 달서구
하가정의학과의원,대구광역시 달서구 상화로 300-21_ 2층 203호 (도원동),,35.80794431,128.5462854,의료폐기물,,,,92,2015,대구광역시 달서구청,053-667-2745,2025-12-10,3470000,대구광역시 달서구
필치과의원,대구광역시 달서구 이곡공원로 32 (이곡동),,35.85495696,128.510988,의료폐기물,,,,26.5,2016,대구광역시 달서구청,053-667-2745,2025-12-10,3470000,대구광역시 달서구
필립치과,대구광역시 달서구 월배로 77 (진천동),,35.81409655,128.5228337,의료폐기물,,,,26.5,2011,대구광역시 달서구청,053-667-2745,2025-12-10,3470000,대구광역시 달서구
피움산부인과의원,대구광역시 달서구 월배로 219_ 7층 702호 (상인동),,35.81910446,128.537078,의료폐기물,,,,67,2015,대구광역시 달서구청,053-667-2745,2025-12-10,3470000,대구광역시 달서구
플러스치과의원,대구광역시 달서구 월배로 180 (상인동),,35.8173002135,128.5335345,의료폐기물,,,,21.5,2000,대구광역시 달서구청,053-667-2745,2025-12-10,3470000,대구광역시 달서구
플러스진치과의원,대구광역시 달서구 달구벌대로 1643 (감삼동),,35.85382846,128.5459245,의료폐기물,,,,21.5,2007,대구광역시 달서구청,053-667-2745,2025-12-10,3470000,대구광역시 달서구
프라임치과의원,대구광역시 달서구 상원로 128 (상인동),,35.81984395,128.5307669,의료폐기물,,,,21.5,2008,대구광역시 달서구청,053-667-2745,2025-12-10,3470000,대구광역시 달서구
퓨어클린의원,대구광역시 달서구 월배로 218 (상인동),,35.81849818,128.5373358,의료폐기물,,,,71,2008,대구광역시 달서구청,053-667-2745,2025-12-10,3470000,대구광역시 달서구
푸른이비인후과의원,대구광역시 달서구 조암남로 158_ 2층 201_202호 (유천동),,35.81655883,128.5174081,의료폐기물,,,,80,2016,대구광역시 달서구청,053-667-2745,2025-12-10,3470000,대구광역시 달서구
푸른가정의원,대구광역시 달서구 상화북로 185 (상인동),,35.81330483,128.5457017482,의료폐기물,,,,46,2009,대구광역시 달서구청,053-667-2745,2025-12-10,3470000,대구광역시 달서구
평화치과의원,대구광역시 달서구 성서로 374 (이곡동),,35.85094551,128.5077034,의료폐기물,,,,37.5,2000,대구광역시 달서구청,053-667-2745,2025-12-10,3470000,대구광역시 달서구
평안의원,대구광역시 달서구 월곡로26길 33 (상인동),,35.80872942,128.5503355,의료폐기물,,,,16.5,2000,대구광역시 달서구청,053-667-2745,2025-12-10,3470000,대구광역시 달서구
편한마취통증의학과,대구광역시 달서구 성서로 420 (이곡동),,35.85500197,128.5077769,의료폐기물,,,,15.5,2004,대구광역시 달서구청,053-667-2745,2025-12-10,3470000,대구광역시 달서구
편한e치과의원,"대구광역시 달서구 송현로7길 10, 1222동 203호 (상인동, 상인화성파크드림1단지 아파트)",,35.82243619,128.5448372,의료폐기물,,,,27.5,2017,대구광역시 달서구청,053-667-2745,2025-12-10,3470000,대구광역시 달서구
편안한마디연합신경외과의원,"대구광역시 달서구 도원로 19, 4층(도원동)",,35.80792451,128.5360804,의료폐기물,,,,100,2019,대구광역시 달서구청,053-667-2745,2025-12-10,3470000,대구광역시 달서구
편안수치과의원,"대구광역시 달서구 월배로 168, 아보스타워 2층 202호(상인동)",,35.81670243,128.532287,의료폐기물,,,,27.5,2013,대구광역시 달서구청,053-667-2745,2025-12-10,3470000,대구광역시 달서구
편안수마취통증의학과의원,"대구광역시 달서구 월배로 92, 301호(진천동)",,35.81390953,128.5246798,의료폐기물,,,,152,2019,대구광역시 달서구청,053-667-2745,2025-12-10,3470000,대구광역시 달서구
퍼스트치과의원,대구광역시 달서구 달구벌대로 1653 (감삼동),,35.85420886,128.5466822806,의료폐기물,,,,27.5,2012,대구광역시 달서구청,053-667-2745,2025-12-10,3470000,대구광역시 달서구
파티마정형외과,대구광역시 달서구 이곡공원로 42 (이곡동),,35.85502004,128.512063,의료폐기물,,,,32.5,2009,대구광역시 달서구청,053-667-2745,2025-12-10,3470000,대구광역시 달서구
튼튼한치과,대구광역시 달서구 달구벌대로 1659 (감삼동),,35.85447418,128.5473505,의료폐기물,,,,57.5,2014,대구광역시 달서구청,053-667-2745,2025-12-10,3470000,대구광역시 달서구
튼튼소아청소년과의원,대구광역시 달서구 조암남로32길 30 (대천동),,35.81865594,128.5156969,의료폐기물,,,,220,2017,대구광역시 달서구청,053-667-2745,2025-12-10,3470000,대구광역시 달서구
토마토피부과,대구광역시 달서구 당산로 88_ 3층 (성당동),,35.84532738,128.5448052,의료폐기물,,,,105,2016,대구광역시 달서구청,053-667-2745,2025-12-10,3470000,대구광역시 달서구
탑이비인후과의원,대구광역시 달서구 월배로 324 (송현동_ 송지빌딩 2층),,35.82431609,128.5463785,의료폐기물,,,,280,2010,대구광역시 달서구청,053-667-2745,2025-12-10,3470000,대구광역시 달서구
탑연합비뇨기과,대구광역시 달서구 월배로 322 (송현동),,35.82412736,128.5463096,의료폐기물,,,,62,2014,대구광역시 달서구청,053-667-2745,2025-12-10,3470000,대구광역시 달서구
탑연합 속내과 산부인과,"대구광역시 달서구 도원로 36, 2층(도원동)",,35.8064892,128.5352428,의료폐기물,,,,115,2019,대구광역시 달서구청,053-667-2745,2025-12-10,3470000,대구광역시 달서구
킹플란트치과의원,대구광역시 달서구 달구벌대로 1663 (감삼동),,35.85458847,128.5476842,의료폐기물,,,,115.5,2024,대구광역시 달서구청,053-667-2745,2025-12-10,3470000,대구광역시 달서구
킴즈네이처제통외과,대구광역시 달서구 월배로 79 (진천동),,35.81411326,128.5229888,의료폐기물,,,,49,2018,대구광역시 달서구청,053-667-2745,2025-12-10,3470000,대구광역시 달서구
킴스연합의원,대구광역시 달서구 송현로7길 26 (상인동),,35.82039546,128.5462384,의료폐기물,,,,280,2012,대구광역시 달서구청,053-667-2745,2025-12-10,3470000,대구광역시 달서구
클린치과의원,대구광역시 달서구 와룡로 186 (감삼동),,35.8493778787,128.5379574814,의료폐기물,,,,10.5,2022,대구광역시 달서구청,053-667-2745,2025-12-10,3470000,대구광역시 달서구
쿠키연합소아청소년과의원,대구광역시 달서구 진천로 77 (진천동),,35.81645527,128.521115,의료폐기물,,,,150,2021,대구광역시 달서구청,053-667-2745,2025-12-10,3470000,대구광역시 달서구
코끼리속내과의원,"대구광역시 달서구 상화북로 186, 2층 (상인동)",,35.81291364,128.5461000536,의료폐기물,,,,610,2024,대구광역시 달서구청,053-667-2745,2025-12-10,3470000,대구광역시 달서구
추호식내과의원,대구광역시 달서구 월배로 398 (송현동),,35.82978369,128.5510779,의료폐기물,,,,14.5,2001,대구광역시 달서구청,053-667-2745,2025-12-10,3470000,대구광역시 달서구
최찬오내과의원,대구광역시 달서구 달구벌대로 1718 (두류동),,35.85601662,128.5534508,의료폐기물,,,,1154.5,2009,대구광역시 달서구청,053-667-2745,2025-12-10,3470000,대구광역시 달서구
최종화내과,대구광역시 달서구 달구벌대로 1641 (감삼동),,35.85365173,128.5455124,의료폐기물,,,,41,2011,대구광역시 달서구청,053-667-2745,2025-12-10,3470000,대구광역시 달서구
최상규이비인후과의원,대구광역시 달서구 월배로 331 (송현동),,35.82519119,128.5463125,의료폐기물,,,,23,2003,대구광역시 달서구청,053-667-2745,2025-12-10,3470000,대구광역시 달서구
최비뇨기과의원,대구광역시 달서구 월배로 222 (상인동),,35.81863879,128.5377583,의료폐기물,,,,12.5,2000,대구광역시 달서구청,053-667-2745,2025-12-10,3470000,대구광역시 달서구
초록소아청소년과의원,대구광역시 달서구 호산로 125 (파호동_ 명가타운상가),,35.85021633,128.473675,의료폐기물,,,,15,2011,대구광역시 달서구청,053-667-2745,2025-12-10,3470000,대구광역시 달서구
청치과의원,대구광역시 달서구 월배로 104 (진천동),,35.81422321,128.5259567,의료폐기물,,,,21.5,2000,대구광역시 달서구청,053-667-2745,2025-12-10,3470000,대구광역시 달서구
청명연합이비인후과의원,"대구광역시 달서구 조암로 42, 201,202,402,403호(월성동, 플러스타워)",,35.82475194,128.5251032834,의료폐기물,,,,240,2018,대구광역시 달서구청,053-667-2745,2025-12-10,3470000,대구광역시 달서구
척편한재활의학과의원,"대구광역시 달서구 월배로 168, 301~303호(상인동)",,35.81670243,128.532287,의료폐기물,,,,190,2018,대구광역시 달서구청,053-667-2745,2025-12-10,3470000,대구광역시 달서구
채승범 정형외과,"대구광역시 달서구 구마로 258, 1층 (송현동)",,35.83703307,128.5561338,의료폐기물,,,,430,2024,대구광역시 달서구청,053-667-2745,2025-12-10,3470000,대구광역시 달서구
채소아청소년과의원,"대구광역시 달서구 장기로 217, 2층 (본리동)",,35.84331643,128.5364508763,의료폐기물,,,,31,2000,대구광역시 달서구청,053-667-2745,2025-12-10,3470000,대구광역시 달서구
창한방병원,대구광역시 달서구 달구벌대로 1616 (감삼동),,35.85214568,128.5434882,의료폐기물,,,,1793.33,2021,대구광역시 달서구청,053-667-2745,2025-12-10,3470000,대구광역시 달서구
참행복한치과의원,대구광역시 달서구 용산로 174 (용산동),,35.85279515,128.5309164,의료폐기물,,,,21.5,2006,대구광역시 달서구청,053-667-2745,2025-12-10,3470000,대구광역시 달서구
참조은연합 이비인후과의원,대구광역시 달서구 월배로11길 14 (진천동),,35.81472706,128.5207829,의료폐기물,,,,37,2013,대구광역시 달서구청,053-667-2745,2025-12-10,3470000,대구광역시 달서구
참조은병원,대구광역시 달서구 월배로 404 (송현동),,35.83029317,128.5515829,의료폐기물,,,,2940,2009,대구광역시 달서구청,053-667-2745,2025-12-10,3470000,대구광역시 달서구
참조은 요양원,대구광역시 달서구 서당로12길 36 (신당동),,35.85742615,128.4971045794,의료폐기물,,,,70,2024,대구광역시 달서구청,053-667-2745,2025-12-10,3470000,대구광역시 달서구
참이비인후과의원,대구광역시 달서구 도원로 30_ 202호 (도원동_ 대곡프라자),,35.80720962,128.5353406,의료폐기물,,,,13,2002,대구광역시 달서구청,053-667-2745,2025-12-10,3470000,대구광역시 달서구
참사랑정형외과의원,"대구광역시 달서구 월배로 138, 8층(진천동)",,35.81544607,128.5295035,의료폐기물,,,,161,2019,대구광역시 달서구청,053-667-2745,2025-12-10,3470000,대구광역시 달서구
참밝은안과,대구광역시 달서구 당산로 88_ 3층 (성당동),,35.84532738,128.5448052,의료폐기물,,,,60,2008,대구광역시 달서구청,053-667-2745,2025-12-10,3470000,대구광역시 달서구
참바른연합치과,대구광역시 달서구 조암로 24_ 402호 (월성동),,35.82554626,128.5270988,의료폐기물,,,,46.5,2016,대구광역시 달서구청,053-667-2745,2025-12-10,3470000,대구광역시 달서구
참고운치과,대구광역시 달서구 당산로 90_ 2층 201호 (성당동),,35.84554441,128.5447305,의료폐기물,,,,27.5,2017,대구광역시 달서구청,053-667-2745,2025-12-10,3470000,대구광역시 달서구
진피부과의원,대구광역시 달서구 진천로 77 (진천동),,35.81645527,128.521115,의료폐기물,,,,300,2022,대구광역시 달서구청,053-667-2745,2025-12-10,3470000,대구광역시 달서구
진천한의원,"대구광역시 달서구 진천로 77 (진천동, 진천역 계룡 리슈빌)",,35.81645527,128.521115,의료폐기물,,,,28,2011,대구광역시 달서구청,053-667-2745,2025-12-10,3470000,대구광역시 달서구
진천신라병원,대구광역시 달서구 월배로 10 (진천동),,35.81103622,128.5169281,의료폐기물,,,,1250,2008,대구광역시 달서구청,053-667-2745,2025-12-10,3470000,대구광역시 달서구
진천삼성정형외과,대구광역시 달서구 월배로 58 (진천동),,35.81321116,128.5209295,의료폐기물,,,,44,2021,대구광역시 달서구청,053-667-2745,2025-12-10,3470000,대구광역시 달서구
진천가톨릭피부과의원,대구광역시 달서구 월배로 63 (진천동),,35.8143218695,128.5215607454,의료폐기물,,,,29,2008,대구광역시 달서구청,053-667-2745,2025-12-10,3470000,대구광역시 달서구
진용림치과의원,대구광역시 달서구 성당로 287 (두류동),,35.85797061,128.5740871,의료폐기물,,,,21.5,2000,대구광역시 달서구청,053-667-2745,2025-12-10,3470000,대구광역시 달서구
지우다피부과,대구광역시 달서구 조암로 149 (대천동),,35.81908603,128.5160124,의료폐기물,,,,450,2022,대구광역시 달서구청,053-667-2745,2025-12-10,3470000,대구광역시 달서구
지엔케이치과의원,대구광역시 달서구 상화북로 185 (상인동),,35.81330483,128.5457017482,의료폐기물,,,,27.5,2014,대구광역시 달서구청,053-667-2745,2025-12-10,3470000,대구광역시 달서구
지미의원,"대구광역시 달서구 월배로 58, 3층 (진천동)",,35.81321116,128.5209295,의료폐기물,,,,90,2012,대구광역시 달서구청,053-667-2745,2025-12-10,3470000,대구광역시 달서구
중앙요양병원장례식장,대구광역시 달서구 월배로83길 14 (송현동),,35.83205606,128.5510304,의료폐기물,,,,50,2017,대구광역시 달서구청,053-667-2745,2025-12-10,3470000,대구광역시 달서구
중앙요양병원,대구광역시 달서구 월배로83길 14 (송현동),,35.83205606,128.5510304,의료폐기물,,,,6340,2017,대구광역시 달서구청,053-667-2745,2025-12-10,3470000,대구광역시 달서구
중앙안과,대구광역시 달서구 성서로 420 (이곡동),,35.85500197,128.5077769,의료폐기물,,,,73.5,2009,대구광역시 달서구청,053-667-2745,2025-12-10,3470000,대구광역시 달서구
중앙비뇨기과의원,대구광역시 달서구 도원로 30_ 305호 (도원동_ 대곡프라자),,35.80720962,128.5353406,의료폐기물,,,,16.5,2000,대구광역시 달서구청,053-667-2745,2025-12-10,3470000,대구광역시 달서구
중앙내과,대구광역시 달서구 이곡공원로 46 (이곡동),,35.85501733,128.5123841,의료폐기물,,,,44,2009,대구광역시 달서구청,053-667-2745,2025-12-10,3470000,대구광역시 달서구
준이비인후과,대구광역시 달서구 조암남로 42 (월성동),,35.82177877,128.5280244,의료폐기물,,,,56,2012,대구광역시 달서구청,053-667-2745,2025-12-10,3470000,대구광역시 달서구
죽전탑치과의원,"대구광역시 달서구 달구벌대로 1545, 골든뷰 메디타워 902호 (죽전동)",,35.8503705,128.5360897,의료폐기물,,,,160,2025,대구광역시 달서구청,053-667-2745,2025-12-10,3470000,대구광역시 달서구
죽전연합정형외과,대구광역시 달서구 와룡로 206 (죽전동),,35.85105183,128.5375825,의료폐기물,,,,188,2000,대구광역시 달서구청,053-667-2745,2025-12-10,3470000,대구광역시 달서구
죽전에스라인치과,대구광역시 달서구 달구벌대로 1564 (감삼동),,35.85014481,128.538213,의료폐기물,,,,27.5,2021,대구광역시 달서구청,053-667-2745,2025-12-10,3470000,대구광역시 달서구
죽전안과,대구광역시 달서구 달구벌대로 1653 (감삼동),,35.85420886,128.5466822806,의료폐기물,,,,25,2011,대구광역시 달서구청,053-667-2745,2025-12-10,3470000,대구광역시 달서구
죽전속내과의원,"대구광역시 달서구 달구벌대로 1542, 2층 201호 (감삼동)",,35.84956233,128.5357138,의료폐기물,,,,380,2025,대구광역시 달서구청,053-667-2745,2025-12-10,3470000,대구광역시 달서구
죽전샘편한내과의원,"대구광역시 달서구 달구벌대로 1565, 2층 (죽전동)",,35.85088737,128.5378351,의료폐기물,,,,470,2023,대구광역시 달서구청,053-667-2745,2025-12-10,3470000,대구광역시 달서구
죽전바른신경과,대구광역시 달서구 달구벌대로 1565 (죽전동),,35.85088737,128.5378351,의료폐기물,,,,33,2021,대구광역시 달서구청,053-667-2745,2025-12-10,3470000,대구광역시 달서구
죽전마취통증의학과의원,대구광역시 달서구 달구벌대로 1564 (감삼동),,35.85014481,128.538213,의료폐기물,,,,220,2020,대구광역시 달서구청,053-667-2745,2025-12-10,3470000,대구광역시 달서구
주치과의원,대구광역시 달서구 월배로 92 (진천동),,35.81390953,128.5246798,의료폐기물,,,,21.5,2007,대구광역시 달서구청,053-667-2745,2025-12-10,3470000,대구광역시 달서구
주식회사 지씨셀(서대구),대구광역시 달서구 조암남로32길 20-8 (대천동),,35.81850977,128.5169902,의료폐기물,,,,280,2020,대구광역시 달서구청,053-667-2745,2025-12-10,3470000,대구광역시 달서구
주식회사 남대구전문장례식장,대구광역시 달서구 성서공단로 315 (장동),,35.8368957747,128.5175914,의료폐기물,,,,370,2024,대구광역시 달서구청,053-667-2745,2025-12-10,3470000,대구광역시 달서구
좋은연합정형외과의원,대구광역시 달서구 당산로 94 (성당동),,35.84583336,128.5446789,의료폐기물,,,,130,2010,대구광역시 달서구청,053-667-2745,2025-12-10,3470000,대구광역시 달서구
종합치과의원,대구광역시 달서구 도원로 19_ 5층 (도원동),,35.80792451,128.5360804,의료폐기물,,,,81,2000,대구광역시 달서구청,053-667-2745,2025-12-10,3470000,대구광역시 달서구
종합내과의원,대구광역시 달서구 월성로 20 (월성동),,35.83158006,128.533144,의료폐기물,,,,21.5,2004,대구광역시 달서구청,053-667-2745,2025-12-10,3470000,대구광역시 달서구
조은에스치과,대구광역시 달서구 죽전길 153 (죽전동),,35.85843488,128.5397608,의료폐기물,,,,54,2021,대구광역시 달서구청,053-667-2745,2025-12-10,3470000,대구광역시 달서구
조은안과,대구광역시 달서구 조암로 1 (월성동),,35.82567725,128.529702,의료폐기물,,,,650,2022,대구광역시 달서구청,053-667-2745,2025-12-10,3470000,대구광역시 달서구
조은속류마내과,"대구광역시 달서구 월배로 164, 5층 (상인동)",,35.81653429,128.5319196,의료폐기물,,,,29,2019,대구광역시 달서구청,053-667-2745,2025-12-10,3470000,대구광역시 달서구
조은마취과의원,대구광역시 달서구 달구벌대로 1641 (감삼동),,35.85365173,128.5455124,의료폐기물,,,,140,2011,대구광역시 달서구청,053-667-2745,2025-12-10,3470000,대구광역시 달서구
제일연합치과의원,대구광역시 달서구 월배로 110 (진천동),,35.814235,128.5266874,의료폐기물,,,,54,2008,대구광역시 달서구청,053-667-2745,2025-12-10,3470000,대구광역시 달서구
제일연합정형외과내과의원,"대구광역시 달서구 한실로 65, 1,3,5층 (도원동)",,35.80732164,128.5338479,의료폐기물,,,,21.5,2019,대구광역시 달서구청,053-667-2745,2025-12-10,3470000,대구광역시 달서구
제이스피부과의원,대구광역시 달서구 월배로 219 (상인동),,35.81910446,128.537078,의료폐기물,,,,200,2007,대구광역시 달서구청,053-667-2745,2025-12-10,3470000,대구광역시 달서구
제우스치과의원,"대구광역시 달서구 구마로 256, 3층 (송현동)",,35.83702707,128.5557905,의료폐기물,,,,24,2025,대구광역시 달서구청,053-667-2745,2025-12-10,3470000,대구광역시 달서구
제로치과병원,"대구광역시 달서구 조암로 5, 월성수메디컬빌딩 501호, 502호, 503호 (월성동)",,35.8253870176,128.529275629,의료폐기물,,,,37.5,2024,대구광역시 달서구청,053-667-2745,2025-12-10,3470000,대구광역시 달서구
제니스마취통증의학과의원,대구광역시 달서구 월배로 196 (상인동),,35.81785938,128.5350915,의료폐기물,,,,37.5,2024,대구광역시 달서구청,053-667-2745,2025-12-10,3470000,대구광역시 달서구
정은재바른이치과교정과치과의원,대구광역시 달서구 월배로 170 (상인동),,35.81687115,128.5325881,의료폐기물,,,,290,2009,대구광역시 달서구청,053-667-2745,2025-12-10,3470000,대구광역시 달서구
정외과의원,대구광역시 달서구 월성로 77 (월성동),,35.83003458,128.5283302,의료폐기물,,,,68.5,2000,대구광역시 달서구청,053-667-2745,2025-12-10,3470000,대구광역시 달서구
정성치과의원,대구광역시 달서구 달구벌대로 1672 (두류동),,35.85420641,128.5490448669,의료폐기물,,,,19.5,2021,대구광역시 달서구청,053-667-2745,2025-12-10,3470000,대구광역시 달서구
정성드림치과의원,대구광역시 달서구 송현로 42 (송현동),,35.82255634,128.5476063,의료폐기물,,,,27.5,2011,대구광역시 달서구청,053-667-2745,2025-12-10,3470000,대구광역시 달서구
정상원내과,"대구광역시 달서구 조암로 1 401,402호 (월성동, 미래타워)",,35.82567725,128.529702,의료폐기물,,,,26.5,2017,대구광역시 달서구청,053-667-2745,2025-12-10,3470000,대구광역시 달서구
정문관내과의원,대구광역시 달서구 구마로 255_ 2층 (성당동),,35.83762252,128.5557431,의료폐기물,,,,210,2009,대구광역시 달서구청,053-667-2745,2025-12-10,3470000,대구광역시 달서구
정명희소아청소년과의원,대구광역시 달서구 달구벌대로 1647 (감삼동),,35.85393442,128.5461806,의료폐기물,,,,110,2021,대구광역시 달서구청,053-667-2745,2025-12-10,3470000,대구광역시 달서구
정규배치과,대구광역시 달서구 달구벌대로 1611 (감삼동),,35.85256939,128.5424528,의료폐기물,,,,166,2000,대구광역시 달서구청,053-667-2745,2025-12-10,3470000,대구광역시 달서구
전재윤이비인후과,대구광역시 달서구 성서로 419 (이곡동),,35.85499304,128.5066915,의료폐기물,,,,21.5,2005,대구광역시 달서구청,053-667-2745,2025-12-10,3470000,대구광역시 달서구
전석복지재단 소망내과의원,대구광역시 달서구 성당로 291 (두류동),,35.85842114,128.5741154,의료폐기물,,,,10.5,2000,대구광역시 달서구청,053-667-2745,2025-12-10,3470000,대구광역시 달서구
장석락내과의원,대구광역시 달서구 계대동문로 47 (신당동),,35.85570948,128.4975418,의료폐기물,,,,1140,2009,대구광역시 달서구청,053-667-2745,2025-12-10,3470000,대구광역시 달서구
장병준산부인과,대구광역시 달서구 용산로 225 (용산동),,35.85780401,128.5303167,의료폐기물,,,,23.5,2000,대구광역시 달서구청,053-667-2745,2025-12-10,3470000,대구광역시 달서구
장기푸른가정의학과의원,대구광역시 달서구 한들로 36_ 116동 204호 (장기동_ 영남네오빌상가),,35.84707127,128.527631,의료폐기물,,,,15.5,2013,대구광역시 달서구청,053-667-2745,2025-12-10,3470000,대구광역시 달서구
장기치과,대구광역시 달서구 한들로 55 (장기동),,35.84485965,128.5300607,의료폐기물,,,,19.5,2000,대구광역시 달서구청,053-667-2745,2025-12-10,3470000,대구광역시 달서구
잘봄이비인후과의원,"대구광역시 달서구 달구벌대로 1521, 2,3층 (용산동)",,35.85004305,128.5332838,의료폐기물,,,,21.5,2025,대구광역시 달서구청,053-667-2745,2025-12-10,3470000,대구광역시 달서구
잘봄안과,"대구광역시 달서구 조암로 5, 602,603호 (월성동)",,35.8253870176,128.529275629,의료폐기물,,,,150,2024,대구광역시 달서구청,053-667-2745,2025-12-10,3470000,대구광역시 달서구
잘보는한방병원,대구광역시 달서구 달구벌대로 1653 (감삼동),,35.85420886,128.5466822806,의료폐기물,,,,60,2022,대구광역시 달서구청,053-667-2745,2025-12-10,3470000,대구광역시 달서구
자애내과의원,대구광역시 달서구 월배로 214 (상인동),,35.81837541,128.5369357,의료폐기물,,,,480,2000,대구광역시 달서구청,053-667-2745,2025-12-10,3470000,대구광역시 달서구
임종호치과의원,대구광역시 달서구 성지로 84 (용산동),,35.85675394,128.5213104,의료폐기물,,,,32,2000,대구광역시 달서구청,053-667-2745,2025-12-10,3470000,대구광역시 달서구
임의원,"대구광역시 달서구 상인로 14, 102호 (상인동, 드림빌딩)",,35.80950422,128.5514304,의료폐기물,,,,37.5,2009,대구광역시 달서구청,053-667-2745,2025-12-10,3470000,대구광역시 달서구
임S플란트 치과의원,"대구광역시 달서구 월배로 147, 3층 301호(진천동)",,35.81640619,128.5300361,의료폐기물,,,,215,2019,대구광역시 달서구청,053-667-2745,2025-12-10,3470000,대구광역시 달서구
일상한의원,대구광역시 달서구 월배로 201 (상인동),,35.81854989,128.5355211,의료폐기물,,,,27.5,2021,대구광역시 달서구청,053-667-2745,2025-12-10,3470000,대구광역시 달서구
일리치과,대구광역시 달서구 송현로7길 23 (상인동),,35.82035661,128.546559,의료폐기물,,,,200,2015,대구광역시 달서구청,053-667-2745,2025-12-10,3470000,대구광역시 달서구
일곱가지약속치과의원,대구광역시 달서구 월배로 219 (상인동),,35.81910446,128.537078,의료폐기물,,,,27.5,2014,대구광역시 달서구청,053-667-2745,2025-12-10,3470000,대구광역시 달서구
인생피부과의원,대구광역시 달서구 용산로 141 (용산동),,35.85012433,128.5301177,의료폐기물,,,,87.5,2022,대구광역시 달서구청,053-667-2745,2025-12-10,3470000,대구광역시 달서구
이행복한치과,대구광역시 달서구 조암남로 38 (월성동),,35.82193621,128.528591,의료폐기물,,,,80,2014,대구광역시 달서구청,053-667-2745,2025-12-10,3470000,대구광역시 달서구
이한무가정의학과의원,대구광역시 달서구 야외음악당로39길 54 (두류동),,35.85414263,128.5543341,의료폐기물,,,,27.5,2020,대구광역시 달서구청,053-667-2745,2025-12-10,3470000,대구광역시 달서구
이준엽이비인후과의원,대구광역시 달서구 당산로 89_ 3층 (감삼동),,35.84540431,128.5442525,의료폐기물,,,,220,2011,대구광역시 달서구청,053-667-2745,2025-12-10,3470000,대구광역시 달서구
이정택치과,대구광역시 달서구 월배로 491-1 (송현동),,35.8368577,128.5566006315,의료폐기물,,,,16.5,2000,대구광역시 달서구청,053-667-2745,2025-12-10,3470000,대구광역시 달서구
이정태치과,대구광역시 달서구 학산로 17_ 403호 (월성동_ 청구코아),,35.82752252,128.5310986,의료폐기물,,,,21.5,2000,대구광역시 달서구청,053-667-2745,2025-12-10,3470000,대구광역시 달서구
이재환치과,대구광역시 달서구 계대동문로 102 (이곡동),,35.85506563,128.5034032,의료폐기물,,,,21.5,2000,대구광역시 달서구청,053-667-2745,2025-12-10,3470000,대구광역시 달서구
이재준내과의원,대구광역시 달서구 월서로 14 (상인동_ 상인역이편한세상 131/201),,35.82171214,128.5336913,의료폐기물,,,,21.5,2000,대구광역시 달서구청,053-667-2745,2025-12-10,3470000,대구광역시 달서구
이재성내과,대구광역시 달서구 학산로7길 67_ 2층 (본동),,35.83420604,128.5307644,의료폐기물,,,,17.5,2010,대구광역시 달서구청,053-667-2745,2025-12-10,3470000,대구광역시 달서구
이장동치과의원,대구광역시 달서구 월배로 80 (진천동),,35.8135993354,128.5238905,의료폐기물,,,,97.5,2009,대구광역시 달서구청,053-667-2745,2025-12-10,3470000,대구광역시 달서구
이인치과,대구광역시 달서구 구마로14남길 60 (본동),,35.8356203,128.5319563,의료폐기물,,,,21.5,2000,대구광역시 달서구청,053-667-2745,2025-12-10,3470000,대구광역시 달서구
이원재치과의원,대구광역시 달서구 상화북로 117 (상인동),,35.81147621,128.5382296,의료폐기물,,,,21.5,2000,대구광역시 달서구청,053-667-2745,2025-12-10,3470000,대구광역시 달서구
이원식치과,대구광역시 달서구 성서로 419 (이곡동),,35.85499304,128.5066915,의료폐기물,,,,21.5,2000,대구광역시 달서구청,053-667-2745,2025-12-10,3470000,대구광역시 달서구
이왕가치과의원,대구광역시 달서구 상인로 88-1 (상인동),,35.81512996,128.5473095,의료폐기물,,,,21.5,2000,대구광역시 달서구청,053-667-2745,2025-12-10,3470000,대구광역시 달서구
이영국비뇨기과의원,대구광역시 달서구 달구벌대로 1666 (두류동),,35.85404025,128.5485187,의료폐기물,,,,21.5,2021,대구광역시 달서구청,053-667-2745,2025-12-10,3470000,대구광역시 달서구
이연희산부인과,대구광역시 달서구 달구벌대로 1692 (두류동),,35.85505439,128.5511124,의료폐기물,,,,60,2009,대구광역시 달서구청,053-667-2745,2025-12-10,3470000,대구광역시 달서구
이안치과,대구광역시 달서구 달구벌대로 1744 (두류동),,35.85699498,128.5560050268,의료폐기물,,,,20,2005,대구광역시 달서구청,053-667-2745,2025-12-10,3470000,대구광역시 달서구
이수연의원,대구광역시 달서구 상인로 9 (상인동),,35.80901868,128.5512802,의료폐기물,,,,21.5,2016,대구광역시 달서구청,053-667-2745,2025-12-10,3470000,대구광역시 달서구
이성철치과의원,대구광역시 달서구 달구벌대로 1740 (두류동),,35.85682653,128.5556765,의료폐기물,,,,72,2000,대구광역시 달서구청,053-667-2745,2025-12-10,3470000,대구광역시 달서구
이산부인과의원,대구광역시 달서구 월배로 210 (상인동),,35.81826175,128.5365247,의료폐기물,,,,21.5,2000,대구광역시 달서구청,053-667-2745,2025-12-10,3470000,대구광역시 달서구
이봄치과,대구광역시 달서구 조암로 1 (월성동),,35.82567725,128.529702,의료폐기물,,,,26,2015,대구광역시 달서구청,053-667-2745,2025-12-10,3470000,대구광역시 달서구
이병화이비인후과의원,대구광역시 달서구 도원로 20 (도원동),,35.80798356,128.5355056,의료폐기물,,,,26.5,2000,대구광역시 달서구청,053-667-2745,2025-12-10,3470000,대구광역시 달서구
이베스트치과,대구광역시 달서구 달구벌대로 1736 (두류동),,35.85666786,128.5552646,의료폐기물,,,,21,2015,대구광역시 달서구청,053-667-2745,2025-12-10,3470000,대구광역시 달서구
이미지치과,"대구광역시 달서구 조암로 16, 4층(월성동)",,35.82583731,128.5278553,의료폐기물,,,,57.5,2018,대구광역시 달서구청,053-667-2745,2025-12-10,3470000,대구광역시 달서구
이미정산부인과사랑의원,대구광역시 달서구 월배로 170 (상인동),,35.81687115,128.5325881,의료폐기물,,,,93.5,2000,대구광역시 달서구청,053-667-2745,2025-12-10,3470000,대구광역시 달서구
이롬연합치과의원,대구광역시 달서구 진천로 93_ 309_310_311호 (대천동),,35.81666033,128.5224459,의료폐기물,,,,360,2016,대구광역시 달서구청,053-667-2745,2025-12-10,3470000,대구광역시 달서구
이레소아과,대구광역시 달서구 장기로 248 (장기동),,35.84374044,128.533357,의료폐기물,,,,26.5,2009,대구광역시 달서구청,053-667-2745,2025-12-10,3470000,대구광역시 달서구
이레불꽃치과의원,대구광역시 달서구 달구벌대로 1710_ 4층 (두류동),,35.85571575,128.5528045,의료폐기물,,,,10,2015,대구광역시 달서구청,053-667-2745,2025-12-10,3470000,대구광역시 달서구
이동식치과의원,대구광역시 달서구 달구벌대로 1666_ 3층 (두류동),,35.85404025,128.5485187,의료폐기물,,,,47.5,2000,대구광역시 달서구청,053-667-2745,2025-12-10,3470000,대구광역시 달서구
이동국신경과,"대구광역시 달서구 구마로 218, 3층 (송현동)",,35.83660508,128.5514779,의료폐기물,,,,21.5,2022,대구광역시 달서구청,053-667-2745,2025-12-10,3470000,대구광역시 달서구
이노안과의원,대구광역시 달서구 월곡로 260_ 5층 (상인동_ 상인프라자),,35.81777782,128.5393189,의료폐기물,,,,100.5,2008,대구광역시 달서구청,053-667-2745,2025-12-10,3470000,대구광역시 달서구
이기태내과의원,대구광역시 달서구 달구벌대로 1762_ 201호 (두류동_ 두류메디칼타워),,35.85734324,128.5584299,의료폐기물,,,,217,2006,대구광역시 달서구청,053-667-2745,2025-12-10,3470000,대구광역시 달서구
이강혁이비인후과,대구광역시 달서구 성서로 420 (이곡동),,35.85500197,128.5077769,의료폐기물,,,,1731,2004,대구광역시 달서구청,053-667-2745,2025-12-10,3470000,대구광역시 달서구
이가튼튼치과의원,대구광역시 달서구 상화로 308-10_ 2층 (도원동),,35.80821529,128.5472629,의료폐기물,,,,29,2015,대구광역시 달서구청,053-667-2745,2025-12-10,3470000,대구광역시 달서구
이(e)드림치과의원,대구광역시 달서구 진천로 92 (대천동),,35.81717301,128.523648,의료폐기물,,,,26.5,2005,대구광역시 달서구청,053-667-2745,2025-12-10,3470000,대구광역시 달서구
의료법인서봉의료재단 보강병원,대구광역시 달서구 월배로 102 (진천동),,35.81345398,128.5252384,의료폐기물,,,,21.5,2000,대구광역시 달서구청,053-667-2745,2025-12-10,3470000,대구광역시 달서구
의료법인 일민의료재단 세강병원,대구광역시 달서구 구마로 220 (송현동),,35.8366393,128.5516887,의료폐기물,,,,4520,2009,대구광역시 달서구청,053-667-2745,2025-12-10,3470000,대구광역시 달서구
의료법인 상보의료재단,대구광역시 달서구 달구벌대로 1762 (두류동),,35.85734324,128.5584299,의료폐기물,,,,5600,2009,대구광역시 달서구청,053-667-2745,2025-12-10,3470000,대구광역시 달서구
의료법인 명문의료재단,대구광역시 달서구 달구벌대로 1750 (두류동),,35.85702345,128.5568641,의료폐기물,,,,9410,2009,대구광역시 달서구청,053-667-2745,2025-12-10,3470000,대구광역시 달서구
은샘연합소아청소년과의원,대구광역시 달서구 송현로7길 10_ 208-209호 (상인동_ 화성파크드림복합상가),,35.82243619,128.5448372,의료폐기물,,,,2829,2010,대구광역시 달서구청,053-667-2745,2025-12-10,3470000,대구광역시 달서구
윤형진내과,대구광역시 달서구 달구벌대로 1744 (두류동),,35.85699498,128.5560050268,의료폐기물,,,,120,2000,대구광역시 달서구청,053-667-2745,2025-12-10,3470000,대구광역시 달서구
윤종근치과,대구광역시 달서구 계대동문로 99 성서보성화성타운,,35.85565468,128.5041194,의료폐기물,,,,47.5,2000,대구광역시 달서구청,053-667-2745,2025-12-10,3470000,대구광역시 달서구
윤병헌내과의원,대구광역시 달서구 성당로 209 (성당동),,35.85107346,128.5731042166,의료폐기물,,,,21.5,2009,대구광역시 달서구청,053-667-2745,2025-12-10,3470000,대구광역시 달서구
윤내과의원,대구광역시 달서구 송현로 40 (송현동),,35.82244565,128.5478926,의료폐기물,,,,83,2010,대구광역시 달서구청,053-667-2745,2025-12-10,3470000,대구광역시 달서구
유어스치과,대구광역시 달서구 월배로39길 30 (상인동),,35.82038017,128.5323678,의료폐기물,,,,39.5,2009,대구광역시 달서구청,053-667-2745,2025-12-10,3470000,대구광역시 달서구
유수정산부인과의원,대구광역시 달서구 달구벌대로 1714 (두류동),,35.8558752,128.5531278,의료폐기물,,,,21.5,2005,대구광역시 달서구청,053-667-2745,2025-12-10,3470000,대구광역시 달서구
유림연합의원,대구광역시 달서구 당산로 99-1 (감삼동),,35.84647494,128.5445102,의료폐기물,,,,40,2006,대구광역시 달서구청,053-667-2745,2025-12-10,3470000,대구광역시 달서구
유로합동비뇨기과의원,대구광역시 달서구 월배로 233 (상인동_ 7층),,35.8195047,128.5387548,의료폐기물,,,,40,2013,대구광역시 달서구청,053-667-2745,2025-12-10,3470000,대구광역시 달서구
유디성서치과의원,"대구광역시 달서구 이곡공원로 12, 2층 (이곡동)",,35.85499426,128.5087030825,의료폐기물,,,,67,2020,대구광역시 달서구청,053-667-2745,2025-12-10,3470000,대구광역시 달서구
유니온치과보철과치과의원,대구광역시 달서구 용산로 141 (용산동),,35.85012433,128.5301177,의료폐기물,,,,110.5,2021,대구광역시 달서구청,053-667-2745,2025-12-10,3470000,대구광역시 달서구
유가정의학과의원,대구광역시 달서구 월배로28안길 53 (진천동),,35.81313002,128.5283335,의료폐기물,,,,27.5,2001,대구광역시 달서구청,053-667-2745,2025-12-10,3470000,대구광역시 달서구
위드치과,대구광역시 달서구 진천로 77_ 301-309호 (진천동),,35.81645527,128.521115,의료폐기물,,,,28,2012,대구광역시 달서구청,053-667-2745,2025-12-10,3470000,대구광역시 달서구
위드병원,대구광역시 달서구 명덕로 23 (두류동),,35.86061119,128.5742003,의료폐기물,,,,27.5,2013,대구광역시 달서구청,053-667-2745,2025-12-10,3470000,대구광역시 달서구
웰키즈소아청소년과의원,대구광역시 달서구 조암로 29 (월성동),,35.82454798,128.5268092,의료폐기물,,,,177,2021,대구광역시 달서구청,053-667-2745,2025-12-10,3470000,대구광역시 달서구
웰리브의원,"대구광역시 달서구 갈밭로 6, 203호(대곡동, 대곡빌딩)",,35.80077732,128.5326675,의료폐기물,,,,330,2018,대구광역시 달서구청,053-667-2745,2025-12-10,3470000,대구광역시 달서구
월촌한결한의원,"대구광역시 달서구 송현로 38, 3층 (송현동)",,35.82236375,128.5479801,의료폐기물,,,,115,2024,대구광역시 달서구청,053-667-2745,2025-12-10,3470000,대구광역시 달서구
월촌탑마취통증의학과의원,대구광역시 달서구 월배로 322 (송현동),,35.82412736,128.5463096,의료폐기물,,,,41,2021,대구광역시 달서구청,053-667-2745,2025-12-10,3470000,대구광역시 달서구
월성탑치과,"대구광역시 달서구 조암로 20, 2층 201호 (월성동)",,35.82570587,128.5274108,의료폐기물,,,,600,2014,대구광역시 달서구청,053-667-2745,2025-12-10,3470000,대구광역시 달서구
월성제일외과의원,대구광역시 달서구 구마로12길 93 (본동),,35.83297836,128.5341021782,의료폐기물,,,,27.5,2001,대구광역시 달서구청,053-667-2745,2025-12-10,3470000,대구광역시 달서구
월성제일내과의원,대구광역시 달서구 학산로 16_ B동 2층 (월성동_ 우방코아),,35.82692336,128.531578,의료폐기물,,,,18.5,2002,대구광역시 달서구청,053-667-2745,2025-12-10,3470000,대구광역시 달서구
월성우리치과의원,대구광역시 달서구 학산로7길 5 (월성동),,35.82811255,128.531682,의료폐기물,,,,15.5,2014,대구광역시 달서구청,053-667-2745,2025-12-10,3470000,대구광역시 달서구
월성수연합치과,"대구광역시 달서구 조암로 42, 5층 503호 (월성동, 플러스타워)",,35.82475194,128.5251032834,의료폐기물,,,,27.5,2017,대구광역시 달서구청,053-667-2745,2025-12-10,3470000,대구광역시 달서구
월성속사랑내과,대구광역시 달서구 조암로 4 (월성동),,35.82624963,128.5291891,의료폐기물,,,,27.5,2021,대구광역시 달서구청,053-667-2745,2025-12-10,3470000,대구광역시 달서구
월성마디안의원,대구광역시 달서구 조암로 29 (월성동),,35.82454798,128.5268092,의료폐기물,,,,380,2021,대구광역시 달서구청,053-667-2745,2025-12-10,3470000,대구광역시 달서구
월배홍의원,대구광역시 달서구 월배로 106 (진천동),,35.81423944,128.5261672,의료폐기물,,,,90,2011,대구광역시 달서구청,053-667-2745,2025-12-10,3470000,대구광역시 달서구
월배제통내과의원,대구광역시 달서구 월배로 137 (진천동),,35.81589054,128.5291882,의료폐기물,,,,225,2004,대구광역시 달서구청,053-667-2745,2025-12-10,3470000,대구광역시 달서구
월배이노안과의원,대구광역시 달서구 월배로 100 (진천동),,35.81404697,128.5254785,의료폐기물,,,,450,2009,대구광역시 달서구청,053-667-2745,2025-12-10,3470000,대구광역시 달서구
월배요양병원,대구광역시 달서구 월배로 119_ 6~8층 (진천동),,35.81517654,128.5272862,의료폐기물,,,,29,2015,대구광역시 달서구청,053-667-2745,2025-12-10,3470000,대구광역시 달서구
월배예모아치과의원,대구광역시 달서구 조암로 149 (대천동),,35.81908603,128.5160124,의료폐기물,,,,3150,2021,대구광역시 달서구청,053-667-2745,2025-12-10,3470000,대구광역시 달서구
월배역바로정형외과의원,대구광역시 달서구 월배로 147 (진천동),,35.81640619,128.5300361,의료폐기물,,,,37.5,2024,대구광역시 달서구청,053-667-2745,2025-12-10,3470000,대구광역시 달서구
월배본치과의원,"대구광역시 달서구 조암남로32길 20-4, 3층 303-304호(대천동)",,35.81816091,128.5166648,의료폐기물,,,,250,2008,대구광역시 달서구청,053-667-2745,2025-12-10,3470000,대구광역시 달서구
월드엠치과의원,대구광역시 달서구 와룡로 169 (감삼동),,35.84872715,128.5363784,의료폐기물,,,,21.5,2003,대구광역시 달서구청,053-667-2745,2025-12-10,3470000,대구광역시 달서구
원팀재활의학과의원,대구광역시 달서구 장기로 217 (본리동),,35.84331643,128.5364508763,의료폐기물,,,,21.5,2022,대구광역시 달서구청,053-667-2745,2025-12-10,3470000,대구광역시 달서구
우종이비인후과,대구광역시 달서구 호산로 143 (파호동),,35.8525902,128.4777794,의료폐기물,,,,90,2011,대구광역시 달서구청,053-667-2745,2025-12-10,3470000,대구광역시 달서구
우림요양원,대구광역시 달서구 성지로14안길 48 (용산동),,35.85777446,128.5221652,의료폐기물,,,,15,2025,대구광역시 달서구청,053-667-2745,2025-12-10,3470000,대구광역시 달서구
우리치과의원,대구광역시 달서구 월곡로 184 (상인동),,35.81265417,128.5448308,의료폐기물,,,,260,2000,대구광역시 달서구청,053-667-2745,2025-12-10,3470000,대구광역시 달서구
우리이비인후과의원,대구광역시 달서구 비슬로 2720 (대곡동),,35.80926839,128.5127439,의료폐기물,,,,21.5,2000,대구광역시 달서구청,053-667-2745,2025-12-10,3470000,대구광역시 달서구
우리안과의원,대구광역시 달서구 용산로 141 (용산동),,35.85012433,128.5301177,의료폐기물,,,,26.5,2011,대구광역시 달서구청,053-667-2745,2025-12-10,3470000,대구광역시 달서구
우리아이치과의원,대구광역시 달서구 달구벌대로 1666 (두류동),,35.85404025,128.5485187,의료폐기물,,,,35,2009,대구광역시 달서구청,053-667-2745,2025-12-10,3470000,대구광역시 달서구
우리병원,대구광역시 달서구 와룡로 48 (본동),,35.83681791,128.5373639,의료폐기물,,,,21.5,2003,대구광역시 달서구청,053-667-2745,2025-12-10,3470000,대구광역시 달서구
우리들치과의원,대구광역시 달서구 비슬로 2716 (대곡동),,35.80906496,128.5122765,의료폐기물,,,,2209,2000,대구광역시 달서구청,053-667-2745,2025-12-10,3470000,대구광역시 달서구
우리들의신경외과,대구광역시 달서구 용산로 141 (용산동),,35.85012433,128.5301177,의료폐기물,,,,22,2005,대구광역시 달서구청,053-667-2745,2025-12-10,3470000,대구광역시 달서구
용산제일치과,대구광역시 달서구 용산로 235 (용산동),,35.8584896,128.5302702,의료폐기물,,,,85,2000,대구광역시 달서구청,053-667-2745,2025-12-10,3470000,대구광역시 달서구
용산정형외과,대구광역시 달서구 용산로 220 (용산동),,35.85718635,128.5308514,의료폐기물,,,,57.5,2000,대구광역시 달서구청,053-667-2745,2025-12-10,3470000,대구광역시 달서구
용산이사랑치과의원,대구광역시 달서구 용산로 218 (용산동),,35.85696098,128.5308485,의료폐기물,,,,24,2014,대구광역시 달서구청,053-667-2745,2025-12-10,3470000,대구광역시 달서구
용산우리연합치과의원,대구광역시 달서구 달구벌대로 1545 (죽전동),,35.8503705,128.5360897,의료폐기물,,,,26.6,2005,대구광역시 달서구청,053-667-2745,2025-12-10,3470000,대구광역시 달서구
용산연합치과의원,대구광역시 달서구 선원로 262 (용산동),,35.85853839,128.5213886,의료폐기물,,,,21.5,2002,대구광역시 달서구청,053-667-2745,2025-12-10,3470000,대구광역시 달서구
용산삼성내과,대구광역시 달서구 성지로 86 (용산동),,35.85688926,128.521301,의료폐기물,,,,21.5,2003,대구광역시 달서구청,053-667-2745,2025-12-10,3470000,대구광역시 달서구
용산박영치과,대구광역시 달서구 용산로 253_ 2층 (용산동_ 현대우방상가),,35.8590802,128.5297352,의료폐기물,,,,19,2000,대구광역시 달서구청,053-667-2745,2025-12-10,3470000,대구광역시 달서구
용산미치과의원,대구광역시 달서구 용산로 232 (용산동),,35.85830408,128.5308769,의료폐기물,,,,21.5,2000,대구광역시 달서구청,053-667-2745,2025-12-10,3470000,대구광역시 달서구
용산동물병원,대구광역시 달서구 달구벌대로 1658 (감삼동),,35.85372432,128.5475289,의료폐기물,,,,47.5,2009,대구광역시 달서구청,053-667-2745,2025-12-10,3470000,대구광역시 달서구
용산S치과의원,"대구광역시 달서구 달구벌대로 1521, 7, 8층 (용산동)",,35.85004305,128.5332838,의료폐기물,,,,23,2023,대구광역시 달서구청,053-667-2745,2025-12-10,3470000,대구광역시 달서구
완쾌신경과의원,대구광역시 달서구 월배로 175_ 302호 (상인동),,35.81758217,128.5327301,의료폐기물,,,,37.5,2011,대구광역시 달서구청,053-667-2745,2025-12-10,3470000,대구광역시 달서구
와우 이비인후과의원,대구광역시 달서구 구마로 255 (성당동),,35.83762252,128.5557431,의료폐기물,,,,230,2010,대구광역시 달서구청,053-667-2745,2025-12-10,3470000,대구광역시 달서구
올바른마취통증의학과,"대구광역시 달서구 월배로 120, 3층 302호(진천동, 서호메디컬빌딩)",,35.8145024757,128.5274065628,의료폐기물,,,,31,2018,대구광역시 달서구청,053-667-2745,2025-12-10,3470000,대구광역시 달서구
온누리안과,대구광역시 달서구 월배로 92 (진천동),,35.81390953,128.5246798,의료폐기물,,,,79,2000,대구광역시 달서구청,053-667-2745,2025-12-10,3470000,대구광역시 달서구
온가족연합치과의원,"대구광역시 달서구 조암남로 150, 2층 (대천동)",,35.81705887,128.517979,의료폐기물,,,,25,2020,대구광역시 달서구청,053-667-2745,2025-12-10,3470000,대구광역시 달서구
옥치과의원,대구광역시 달서구 구마로52안길 57 (송현동),,35.83411364,128.5508029,의료폐기물,,,,27.5,2000,대구광역시 달서구청,053-667-2745,2025-12-10,3470000,대구광역시 달서구
오해일 여성의원,대구광역시 달서구 당산로 27_ 2층 (본리동_ 달서종합상가),,35.83984158,128.5442571,의료폐기물,,,,21.5,2011,대구광역시 달서구청,053-667-2745,2025-12-10,3470000,대구광역시 달서구
오케이주간보호센터,대구광역시 달서구 달산동3길 11 (성당동),,35.82747564,128.5292049,의료폐기물,,,,15,2025,대구광역시 달서구청,053-667-2745,2025-12-10,3470000,대구광역시 달서구
오치과,대구광역시 달서구 달구벌대로 1356 (이곡동),,35.85032041,128.515558,의료폐기물,,,,60,2000,대구광역시 달서구청,053-667-2745,2025-12-10,3470000,대구광역시 달서구
오영철내과의원,대구광역시 달서구 명덕로 17 (두류동),,35.86094066,128.573651,의료폐기물,,,,21.5,2009,대구광역시 달서구청,053-667-2745,2025-12-10,3470000,대구광역시 달서구
오상호재활의학과의원,"대구광역시 달서구 달구벌대로 1545, 404호(죽전동, 골든뷰메디타워)",,35.8503705,128.5360897,의료폐기물,,,,36.5,2011,대구광역시 달서구청,053-667-2745,2025-12-10,3470000,대구광역시 달서구
오명진속내과,대구광역시 달서구 달구벌대로 1653 (감삼동),,35.85420886,128.5466822806,의료폐기물,,,,95,2022,대구광역시 달서구청,053-667-2745,2025-12-10,3470000,대구광역시 달서구
오라클피부과,대구광역시 달서구 달구벌대로 1542_ 8층 (감삼동_ 죽전메디빌),,35.84956233,128.5357138,의료폐기물,,,,500,2007,대구광역시 달서구청,053-667-2745,2025-12-10,3470000,대구광역시 달서구
오늘비뇨의학과의원,"대구광역시 달서구 월배로 138, 5층 (진천동)",,35.81544607,128.5295035,의료폐기물,,,,19,2024,대구광역시 달서구청,053-667-2745,2025-12-10,3470000,대구광역시 달서구
오감성형외과,대구광역시 달서구 달구벌대로 1718_ 4층 (두류동_ 운봉빌딩),,35.85601662,128.5534508,의료폐기물,,,,400,2010,대구광역시 달서구청,053-667-2745,2025-12-10,3470000,대구광역시 달서구
예일이비인후과,대구광역시 달서구 당산로 39_ 2층 (본리동_ 성당레미안이편한세상 상가),,35.84093983,128.5444487,의료폐기물,,,,27,2009,대구광역시 달서구청,053-667-2745,2025-12-10,3470000,대구광역시 달서구
예스연합비뇨기과의원,대구광역시 달서구 구마로 265 (성당동),,35.83791018,128.5568652,의료폐기물,,,,210,2002,대구광역시 달서구청,053-667-2745,2025-12-10,3470000,대구광역시 달서구
예수마을노인요양원,대구광역시 달서구 두류공원로28길 31 (성당동),,35.8486320764,128.5681152,의료폐기물,,,,137,2014,대구광역시 달서구청,053-667-2745,2025-12-10,3470000,대구광역시 달서구
예람요양원,대구광역시 달서구 와룡로 27 (본동),,35.83495865,128.5365536,의료폐기물,,,,80,2018,대구광역시 달서구청,053-667-2745,2025-12-10,3470000,대구광역시 달서구
예담치과,대구광역시 달서구 월배로 379 (송현동),,35.8287524,128.5494148,의료폐기물,,,,370,2000,대구광역시 달서구청,053-667-2745,2025-12-10,3470000,대구광역시 달서구
예담소아청소년과의원,대구광역시 달서구 조암로 28_ 3층 (월성동),,35.82531584,128.5266308,의료폐기물,,,,21.5,2016,대구광역시 달서구청,053-667-2745,2025-12-10,3470000,대구광역시 달서구
영진의료소비자생활협동조합,대구광역시 달서구 두류남길 74 (두류동),,35.85723709,128.5704115,의료폐기물,,,,31,2024,대구광역시 달서구청,053-667-2745,2025-12-10,3470000,대구광역시 달서구
영재산부인과의원,대구광역시 달서구 계대동문로 116_ 4층 (이곡동),,35.85509543,128.5052309,의료폐기물,,,,420,2000,대구광역시 달서구청,053-667-2745,2025-12-10,3470000,대구광역시 달서구
영이비인후과,대구광역시 달서구 장기로 265 (장기동),,35.84333482,128.5312479,의료폐기물,,,,114.5,2009,대구광역시 달서구청,053-667-2745,2025-12-10,3470000,대구광역시 달서구
영남정형외과의원,대구광역시 달서구 구마로 242 (송현동),,35.83676084,128.5542812,의료폐기물,,,,21.5,2000,대구광역시 달서구청,053-667-2745,2025-12-10,3470000,대구광역시 달서구
영남연합의원,대구광역시 달서구 상원로 24 (상인동),,35.81210316,128.5366217,의료폐기물,,,,75,2006,대구광역시 달서구청,053-667-2745,2025-12-10,3470000,대구광역시 달서구
영남안과의원,대구광역시 달서구 달구벌대로 1637 (감삼동),,35.8535826,128.5451682,의료폐기물,,,,51,2011,대구광역시 달서구청,053-667-2745,2025-12-10,3470000,대구광역시 달서구
열린아동병원,대구광역시 달서구 달구벌대로 1542 (감삼동),,35.84956233,128.5357138,의료폐기물,,,,15,2009,대구광역시 달서구청,053-667-2745,2025-12-10,3470000,대구광역시 달서구
연제연합치과의원,대구광역시 달서구 월배로 174 (상인동),,35.81709338,128.5329562,의료폐기물,,,,1765,2016,대구광역시 달서구청,053-667-2745,2025-12-10,3470000,대구광역시 달서구
연세연합의원,대구광역시 달서구 이곡동로 17 (이곡동),,35.85427586,128.5094289,의료폐기물,,,,26.5,2009,대구광역시 달서구청,053-667-2745,2025-12-10,3470000,대구광역시 달서구
여준기내과의원,대구광역시 달서구 이곡동로 25 (이곡동),,35.85424119,128.5103366,의료폐기물,,,,120,2009,대구광역시 달서구청,053-667-2745,2025-12-10,3470000,대구광역시 달서구
여인석내과의원,대구광역시 달서구 학산로7길 5 (월성동),,35.82811255,128.531682,의료폐기물,,,,34,2000,대구광역시 달서구청,053-667-2745,2025-12-10,3470000,대구광역시 달서구
여성아이병원,대구광역시 달서구 월배로 141 (진천동),,35.81607653,128.529578,의료폐기물,,,,24,2014,대구광역시 달서구청,053-667-2745,2025-12-10,3470000,대구광역시 달서구
여상목내과의원,대구광역시 달서구 달구벌대로 1545 (죽전동),,35.8503705,128.5360897,의료폐기물,,,,6970,2022,대구광역시 달서구청,053-667-2745,2025-12-10,3470000,대구광역시 달서구
엘린의원,대구광역시 달서구 월배로 218 (상인동),,35.81849818,128.5373358,의료폐기물,,,,1340,2011,대구광역시 달서구청,053-667-2745,2025-12-10,3470000,대구광역시 달서구
엘르산부인과,대구광역시 달서구 계대동문로 124_ 5층 (이곡동),,35.85508076,128.5059063,의료폐기물,,,,39,2009,대구광역시 달서구청,053-667-2745,2025-12-10,3470000,대구광역시 달서구
에프엠(FM) 치과병원,대구광역시 달서구 달구벌대로 1565 (죽전동),,35.85088737,128.5378351,의료폐기물,,,,205,2005,대구광역시 달서구청,053-667-2745,2025-12-10,3470000,대구광역시 달서구
에이본치과의원,대구광역시 달서구 당산로 39 (본리동),,35.84093983,128.5444487,의료폐기물,,,,320.5,2008,대구광역시 달서구청,053-667-2745,2025-12-10,3470000,대구광역시 달서구
에스피부과의원,대구광역시 달서구 성서로 420 (이곡동_ 성서메가타운405_406),,35.85500197,128.5077769,의료폐기물,,,,21.5,2004,대구광역시 달서구청,053-667-2745,2025-12-10,3470000,대구광역시 달서구
에스프라임치과 광장점,대구광역시 달서구 달구벌대로 1706 (두류동),,35.85551249,128.5523367,의료폐기물,,,,30.5,2005,대구광역시 달서구청,053-667-2745,2025-12-10,3470000,대구광역시 달서구
에스프라임치과,대구광역시 달서구 비슬로 2720 (대곡동),,35.80926839,128.5127439,의료폐기물,,,,47.5,2013,대구광역시 달서구청,053-667-2745,2025-12-10,3470000,대구광역시 달서구
에스척정형외과의원,"대구광역시 달서구 월배로 63, 2층 (진천동)",,35.8143218695,128.5215607454,의료폐기물,,,,67.5,2023,대구광역시 달서구청,053-667-2745,2025-12-10,3470000,대구광역시 달서구
에스병원,대구광역시 달서구 와룡로 57 (본리동),,35.83788085,128.5364255,의료폐기물,,,,390,2009,대구광역시 달서구청,053-667-2745,2025-12-10,3470000,대구광역시 달서구
에스(s)사랑마취통증의학과의원,"대구광역시 달서구 이곡공원로 24, 2층(이곡동)",,35.85496544,128.5099803,의료폐기물,,,,1640,2018,대구광역시 달서구청,053-667-2745,2025-12-10,3470000,대구광역시 달서구
에녹치과의원,대구광역시 달서구 와룡로 139 (감삼동),,35.84514507,128.5367083,의료폐기물,,,,180,2003,대구광역시 달서구청,053-667-2745,2025-12-10,3470000,대구광역시 달서구
양정치과의원,대구광역시 달서구 월배로 393 (송현동),,35.82981712,128.5503477,의료폐기물,,,,57.5,2000,대구광역시 달서구청,053-667-2745,2025-12-10,3470000,대구광역시 달서구
안주선이비인후과,대구광역시 달서구 용산로 235 (용산동),,35.8584896,128.5302702,의료폐기물,,,,21.5,2000,대구광역시 달서구청,053-667-2745,2025-12-10,3470000,대구광역시 달서구
안도환비뇨기과,대구광역시 달서구 달구벌대로 1282 (이곡동),,35.85126187,128.5076078,의료폐기물,,,,12,2000,대구광역시 달서구청,053-667-2745,2025-12-10,3470000,대구광역시 달서구
아트너의원 죽전점,"대구광역시 달서구 달구벌대로 1565, 9층 (죽전동)",,35.85088737,128.5378351,의료폐기물,,,,23,2024,대구광역시 달서구청,053-667-2745,2025-12-10,3470000,대구광역시 달서구
아이자람소아청소년과의원,"대구광역시 달서구 월배로 120, 301호 (진천동)",,35.8145024757,128.5274065628,의료폐기물,,,,750,2019,대구광역시 달서구청,053-667-2745,2025-12-10,3470000,대구광역시 달서구
아이사랑치과,대구광역시 달서구 계대동문로 126 (이곡동),,35.85506906,128.5062273,의료폐기물,,,,57,2009,대구광역시 달서구청,053-667-2745,2025-12-10,3470000,대구광역시 달서구
아세아치과의원,대구광역시 달서구 월곡로 260 (상인동),,35.81777782,128.5393189,의료폐기물,,,,21.5,2000,대구광역시 달서구청,053-667-2745,2025-12-10,3470000,대구광역시 달서구
아세아정형외과,대구광역시 달서구 달구벌대로 1260 (이곡동),,35.85157957,128.5052062472,의료폐기물,,,,47.5,2011,대구광역시 달서구청,053-667-2745,2025-12-10,3470000,대구광역시 달서구
아세아바른이치과,대구광역시 달서구 월곡로 260 (상인동),,35.81777782,128.5393189,의료폐기물,,,,50,2012,대구광역시 달서구청,053-667-2745,2025-12-10,3470000,대구광역시 달서구
아무르성형외과,대구광역시 달서구 달구벌대로 1542 (감삼동),,35.84956233,128.5357138,의료폐기물,,,,26.5,2025,대구광역시 달서구청,053-667-2745,2025-12-10,3470000,대구광역시 달서구
아름다운e치과의원,대구광역시 달서구 월배로 316 (송현동),,35.82364422,128.5458825,의료폐기물,,,,360,2000,대구광역시 달서구청,053-667-2745,2025-12-10,3470000,대구광역시 달서구
아르미치과의원,대구광역시 달서구 월배로 233 (상인동),,35.8195047,128.5387548,의료폐기물,,,,21.5,2004,대구광역시 달서구청,053-667-2745,2025-12-10,3470000,대구광역시 달서구
씨엘치과의원,"대구광역시 달서구 월배로 120, 401호 (진천동)",,35.8145024757,128.5274065628,의료폐기물,,,,21.5,2020,대구광역시 달서구청,053-667-2745,2025-12-10,3470000,대구광역시 달서구
심안과의원,대구광역시 달서구 월배로 218 (상인동),,35.81849818,128.5373358,의료폐기물,,,,27.5,2000,대구광역시 달서구청,053-667-2745,2025-12-10,3470000,대구광역시 달서구
신홍도요양병원,대구광역시 달서구 용산로 141 (용산동),,35.85012433,128.5301177,의료폐기물,,,,29,2019,대구광역시 달서구청,053-667-2745,2025-12-10,3470000,대구광역시 달서구
신태현이비인후과의원,대구광역시 달서구 월곡로 184_ 303호 (상인동_ 상인리빙프라자),,35.81265417,128.5448308,의료폐기물,,,,1500,2001,대구광역시 달서구청,053-667-2745,2025-12-10,3470000,대구광역시 달서구
신월성정신건강의학과의원,대구광역시 달서구 조암로 48 (월성동),,35.82441532,128.5243941,의료폐기물,,,,13.5,2021,대구광역시 달서구청,053-667-2745,2025-12-10,3470000,대구광역시 달서구
신왕식내과,대구광역시 달서구 성지로 80 (용산동),,35.85632124,128.5213048,의료폐기물,,,,25,2000,대구광역시 달서구청,053-667-2745,2025-12-10,3470000,대구광역시 달서구
신세계치과,"대구광역시 달서구 이곡동로 23, 3층 301호 (이곡동, 타임스퀘어)",,35.85425299,128.5100045,의료폐기물,,,,16,2017,대구광역시 달서구청,053-667-2745,2025-12-10,3470000,대구광역시 달서구
신세계재활의학과의원,"대구광역시 달서구 장기로 193, 대성빌딩 2층 201호 (본리동)",,35.84332819,128.5393421,의료폐기물,,,,57.5,2023,대구광역시 달서구청,053-667-2745,2025-12-10,3470000,대구광역시 달서구
신세계이비인후과의원,대구광역시 달서구 계대동문로 116 (이곡동),,35.8551004088,128.5052309,의료폐기물,,,,750,2009,대구광역시 달서구청,053-667-2745,2025-12-10,3470000,대구광역시 달서구
신세계영상의학과의원,대구광역시 달서구 달구벌대로 1740 (두류동),,35.85682653,128.5556765,의료폐기물,,,,180,2005,대구광역시 달서구청,053-667-2745,2025-12-10,3470000,대구광역시 달서구
신세계연합정형외과의원,대구광역시 달서구 월배로 397 (송현동),,35.83016666,128.5505848,의료폐기물,,,,93,2019,대구광역시 달서구청,053-667-2745,2025-12-10,3470000,대구광역시 달서구
신성치과,대구광역시 달서구 당산로 43 (본리동),,35.84140792,128.5445323,의료폐기물,,,,85,2000,대구광역시 달서구청,053-667-2745,2025-12-10,3470000,대구광역시 달서구
신상근이비인후과의원,대구광역시 달서구 이곡공원로 42 (이곡동),,35.85502004,128.512063,의료폐기물,,,,21.5,2009,대구광역시 달서구청,053-667-2745,2025-12-10,3470000,대구광역시 달서구
시티이비인후과의원,대구광역시 달서구 달구벌대로 1664 (감삼동),,35.85389116,128.5480405,의료폐기물,,,,15,2022,대구광역시 달서구청,053-667-2745,2025-12-10,3470000,대구광역시 달서구
시티비뇨기과의원,대구광역시 달서구 달구벌대로 1616_ 2층 (감삼동),,35.85214568,128.5434882,의료폐기물,,,,75,2010,대구광역시 달서구청,053-667-2745,2025-12-10,3470000,대구광역시 달서구
시원이비인후과,대구광역시 달서구 한들로 23 (장기동),,35.84811357,128.5280431,의료폐기물,,,,165,2006,대구광역시 달서구청,053-667-2745,2025-12-10,3470000,대구광역시 달서구
시온요양원,대구광역시 달서구 달구벌대로 1750 (두류동),,35.85702345,128.5568641,의료폐기물,,,,41,2014,대구광역시 달서구청,053-667-2745,2025-12-10,3470000,대구광역시 달서구
스카이치과,"대구광역시 달서구 달구벌대로 1545, 501호(죽전동)",,35.8503705,128.5360897,의료폐기물,,,,11,2019,대구광역시 달서구청,053-667-2745,2025-12-10,3470000,대구광역시 달서구
스마트정형외과의원,대구광역시 달서구 월곡로 379(월성동),,35.8254868,128.5298324,의료폐기물,,,,55,2019,대구광역시 달서구청,053-667-2745,2025-12-10,3470000,대구광역시 달서구
스마트의원,"대구광역시 달서구 이곡동로 23, 4층 (이곡동)",,35.85425299,128.5100045,의료폐기물,,,,75,2009,대구광역시 달서구청,053-667-2745,2025-12-10,3470000,대구광역시 달서구
스마일마취통증의학과의원,대구광역시 달서구 당산로 89 (감삼동),,35.84540431,128.5442525,의료폐기물,,,,37.5,2021,대구광역시 달서구청,053-667-2745,2025-12-10,3470000,대구광역시 달서구
스마일100치과의원,대구광역시 달서구 달구벌대로 1467 (용산동),,35.84945343,128.52740581,의료폐기물,,,,390,2008,대구광역시 달서구청,053-667-2745,2025-12-10,3470000,대구광역시 달서구
숨편한내과의원,대구광역시 달서구 송현로 42 (송현동),,35.82255634,128.5476063,의료폐기물,,,,37.5,2019,대구광역시 달서구청,053-667-2745,2025-12-10,3470000,대구광역시 달서구
숨튼이비인후과의원,"대구광역시 달서구 달구벌대로 1545, 골든뷰 메디타워 205호 (죽전동)",,35.8503705,128.5360897,의료폐기물,,,,205,2025,대구광역시 달서구청,053-667-2745,2025-12-10,3470000,대구광역시 달서구
수제통의원한의원,대구광역시 달서구 신당로 63_ 2층 1호 (신당동_ 성서주공2단지아파트),,35.85376393,128.4994886,의료폐기물,,,,310,2017,대구광역시 달서구청,053-667-2745,2025-12-10,3470000,대구광역시 달서구
수이비인후과의원,대구광역시 달서구 월배로 92 (진천동),,35.81390953,128.5246798,의료폐기물,,,,142,2004,대구광역시 달서구청,053-667-2745,2025-12-10,3470000,대구광역시 달서구
수월한방병원,대구광역시 달서구 조암로 17 (월성동),,35.82501592,128.5279665,의료폐기물,,,,50,2021,대구광역시 달서구청,053-667-2745,2025-12-10,3470000,대구광역시 달서구
수연합내과의원,대구광역시 달서구 월배로 219 (상인동),,35.81910446,128.537078,의료폐기물,,,,465,2010,대구광역시 달서구청,053-667-2745,2025-12-10,3470000,대구광역시 달서구
수목원치과의원,"대구광역시 달서구 갈밭로 6, 4층 402호(대곡동, 대곡메디컬빌딩)",,35.80077732,128.5326675,의료폐기물,,,,2201,2018,대구광역시 달서구청,053-667-2745,2025-12-10,3470000,대구광역시 달서구
수목원실버타운,대구광역시 달서구 갈밭로4길 43 (대곡동),,35.80454464,128.5288292775,의료폐기물,,,,37.5,2022,대구광역시 달서구청,053-667-2745,2025-12-10,3470000,대구광역시 달서구
송현효요양병원,대구광역시 달서구 월배로 384 (송현동),,35.82874495,128.5502671,의료폐기물,,,,180,2008,대구광역시 달서구청,053-667-2745,2025-12-10,3470000,대구광역시 달서구
송현정형외과의원,대구광역시 달서구 월배로 473 (송현동),,35.83546899,128.5556038,의료폐기물,,,,6360,2005,대구광역시 달서구청,053-667-2745,2025-12-10,3470000,대구광역시 달서구
송현장례식장,대구광역시 달서구 월배로 384 (송현동),,35.82874495,128.5502671,의료폐기물,,,,77,2008,대구광역시 달서구청,053-667-2745,2025-12-10,3470000,대구광역시 달서구
송현요양원,대구광역시 달서구 월배로80길 96-11 (송현동),,35.82659315,128.5550766,의료폐기물,,,,80,2018,대구광역시 달서구청,053-667-2745,2025-12-10,3470000,대구광역시 달서구
송현내과,대구광역시 달서구 송현로 103 (송현동_ 우방상가),,35.82634947,128.5437482,의료폐기물,,,,70,2000,대구광역시 달서구청,053-667-2745,2025-12-10,3470000,대구광역시 달서구
송마음정신건강의학과의원,"대구광역시 달서구 달구벌대로 1545, 602호 (죽전동)",,35.8503705,128.5360897,의료폐기물,,,,31,2019,대구광역시 달서구청,053-667-2745,2025-12-10,3470000,대구광역시 달서구
솔치과의원,대구광역시 달서구 월배로 220 (상인동),,35.81856867,128.5375249,의료폐기물,,,,15,2000,대구광역시 달서구청,053-667-2745,2025-12-10,3470000,대구광역시 달서구
솔로몬치과의원,대구광역시 달서구 학산로 16_ 201호 (월성동),,35.82692336,128.531578,의료폐기물,,,,46.5,2000,대구광역시 달서구청,053-667-2745,2025-12-10,3470000,대구광역시 달서구
손창헌산부인과,대구광역시 달서구 달구벌대로 1635 (감삼동),,35.8534938,128.545012,의료폐기물,,,,21.5,2011,대구광역시 달서구청,053-667-2745,2025-12-10,3470000,대구광역시 달서구
손이비인후과의원,대구광역시 달서구 도원로 29 (도원동),,35.80714962,128.5360261,의료폐기물,,,,41,2000,대구광역시 달서구청,053-667-2745,2025-12-10,3470000,대구광역시 달서구
속플러스내과,대구광역시 달서구 월배로 169_ 2층 (진천동_ 기아모터스 ),,35.81727957,128.5322724,의료폐기물,,,,44.5,2008,대구광역시 달서구청,053-667-2745,2025-12-10,3470000,대구광역시 달서구
속편안연합의원,"대구광역시 달서구 신당로 63, 2층 (신당동)",,35.85376393,128.4994886,의료폐기물,,,,51,2021,대구광역시 달서구청,053-667-2745,2025-12-10,3470000,대구광역시 달서구
속튼튼내과의원,대구광역시 달서구 진천로 93_ 3층 4_5_6_7_8호 (대천동),,35.81666033,128.5224459,의료폐기물,,,,255,2016,대구광역시 달서구청,053-667-2745,2025-12-10,3470000,대구광역시 달서구
속시원곽앤이내과,"대구광역시 달서구 월배로 63, 4층 (진천동)",,35.8143218695,128.5215607454,의료폐기물,,,,290,2008,대구광역시 달서구청,053-667-2745,2025-12-10,3470000,대구광역시 달서구
속보는연합의원,대구광역시 달서구 장기로 225 (장기동),,35.84332263,128.5358098,의료폐기물,,,,5300,2021,대구광역시 달서구청,053-667-2745,2025-12-10,3470000,대구광역시 달서구
소재정치과의원,대구광역시 달서구 상화북로 189 (상인동),,35.81350928,128.5460263,의료폐기물,,,,191,2000,대구광역시 달서구청,053-667-2745,2025-12-10,3470000,대구광역시 달서구
소유치과,"대구광역시 달서구 조암로 185, 4층 (유천동)",,35.8163512757,128.513305879,의료폐기물,,,,21.5,2022,대구광역시 달서구청,053-667-2745,2025-12-10,3470000,대구광역시 달서구
소망연합치과의원,대구광역시 달서구 계대동문로 120 (이곡동),,35.85511969,128.5055635,의료폐기물,,,,38,2000,대구광역시 달서구청,053-667-2745,2025-12-10,3470000,대구광역시 달서구
소망가정의학과,대구광역시 달서구 선원남로 99_ 201호 (이곡동_ 한빛상가),,35.85748859,128.5122716,의료폐기물,,,,58.5,2000,대구광역시 달서구청,053-667-2745,2025-12-10,3470000,대구광역시 달서구
소나무치과의원,대구광역시 달서구 월배로11길 33 (유천동),,35.8147252357,128.5166122677,의료폐기물,,,,11.5,2013,대구광역시 달서구청,053-667-2745,2025-12-10,3470000,대구광역시 달서구
세영의원,대구광역시 달서구 학산로7길 39_ 207_208_209호 (월성동_ 월성주공3단지아파트),,35.83342897,128.5309647,의료폐기물,,,,27.5,2000,대구광역시 달서구청,053-667-2745,2025-12-10,3470000,대구광역시 달서구
스마일키즈치과의원,대구광역시 달서구 진천로 93 (대천동),,35.81666033,128.5224459,의료폐기물,,,,205,2021,대구광역시 달서구청,053-667-2745,2025-12-10,3470000,대구광역시 달서구
세강안과의원,대구광역시 달서구 구마로 224 (송현동),,35.83684111,128.5523225,의료폐기물,,,,82,2003,대구광역시 달서구청,053-667-2745,2025-12-10,3470000,대구광역시 달서구
성심연합치과의원,대구광역시 달서구 월배로 416 (송현동),,35.8312058932,128.5522037,의료폐기물,,,,27,2000,대구광역시 달서구청,053-667-2745,2025-12-10,3470000,대구광역시 달서구
성심실버타운,대구광역시 달서구 와룡로15길 59 (본리동),,35.8393555846,128.533478,의료폐기물,,,,21.5,2022,대구광역시 달서구청,053-667-2745,2025-12-10,3470000,대구광역시 달서구
성심사랑마을,대구광역시 달서구 월배로24길 88 (진천동),,35.81210444,128.5301798,의료폐기물,,,,75,2012,대구광역시 달서구청,053-667-2745,2025-12-10,3470000,대구광역시 달서구
성서한마음연합소아청소년과의원,대구광역시 달서구 이곡공원로 32 (이곡동),,35.85495696,128.510988,의료폐기물,,,,23,2011,대구광역시 달서구청,053-667-2745,2025-12-10,3470000,대구광역시 달서구
성서치과,대구광역시 달서구 달구벌대로 1334 (이곡동),,35.85056438,128.5133574,의료폐기물,,,,59,2000,대구광역시 달서구청,053-667-2745,2025-12-10,3470000,대구광역시 달서구
성서제일안과의원,대구광역시 달서구 이곡공원로 24 (이곡동),,35.85496544,128.5099803,의료폐기물,,,,36.5,2011,대구광역시 달서구청,053-667-2745,2025-12-10,3470000,대구광역시 달서구
성서제일신경외과의원,대구광역시 달서구 달구벌대로251길 33_ 3층 302호 (이곡동_ 한신메디타워),,35.85515387,128.5047112,의료폐기물,,,,35,2000,대구광역시 달서구청,053-667-2745,2025-12-10,3470000,대구광역시 달서구
성서정형외과,대구광역시 달서구 달구벌대로 1352 (이곡동),,35.85037861,128.5150715,의료폐기물,,,,29,2000,대구광역시 달서구청,053-667-2745,2025-12-10,3470000,대구광역시 달서구
성서요양병원,대구광역시 달서구 문화회관1안길 29 (장기동),,35.84803879,128.5188289,의료폐기물,,,,11.5,2008,대구광역시 달서구청,053-667-2745,2025-12-10,3470000,대구광역시 달서구
성서연합치과,대구광역시 달서구 호산로 125 (파호동),,35.85021633,128.473675,의료폐기물,,,,600,2000,대구광역시 달서구청,053-667-2745,2025-12-10,3470000,대구광역시 달서구
성서연합외과의원,대구광역시 달서구 계대동문로 120 (이곡동),,35.85511969,128.5055635,의료폐기물,,,,21.5,2009,대구광역시 달서구청,053-667-2745,2025-12-10,3470000,대구광역시 달서구
성서씨엘의원,대구광역시 달서구 계대동문로 116 (이곡동),,35.8551004088,128.5052309,의료폐기물,,,,180,2016,대구광역시 달서구청,053-667-2745,2025-12-10,3470000,대구광역시 달서구
성서속내과,대구광역시 달서구 성서로 420_ 2층 202~203호 (이곡동_ 성서메가타운),,35.85500197,128.5077769,의료폐기물,,,,240,2013,대구광역시 달서구청,053-667-2745,2025-12-10,3470000,대구광역시 달서구
성서산부인과의원,대구광역시 달서구 이곡서로 73 (이곡동),,35.8549377,128.5046863,의료폐기물,,,,82,2009,대구광역시 달서구청,053-667-2745,2025-12-10,3470000,대구광역시 달서구
성서부부치과의원,대구광역시 달서구 성서서로 316 (이곡동),,35.8524690274,128.5004127,의료폐기물,,,,175,2000,대구광역시 달서구청,053-667-2745,2025-12-10,3470000,대구광역시 달서구
성서보건지소,대구광역시 달서구 계대동문로 79_ 성서보건지소 (이곡동),,35.8557788,128.5011308,의료폐기물,,,,38.5,2018,대구광역시 달서구청,053-667-2745,2025-12-10,3470000,대구광역시 달서구
성서병원,대구광역시 달서구 달구벌대로 1152 (신당동),,35.85104808,128.4932199,의료폐기물,,,,280,2009,대구광역시 달서구청,053-667-2745,2025-12-10,3470000,대구광역시 달서구
성서미치과의원,대구광역시 달서구 이곡공원로 24 (이곡동),,35.85496544,128.5099803,의료폐기물,,,,3030,2005,대구광역시 달서구청,053-667-2745,2025-12-10,3470000,대구광역시 달서구
성서마디정형외과의원,"대구광역시 달서구 이곡공원로 12, 1, 2층 (이곡동)",,35.85499426,128.5087030825,의료폐기물,,,,21.5,2023,대구광역시 달서구청,053-667-2745,2025-12-10,3470000,대구광역시 달서구
성모여성의원,대구광역시 달서구 월배로 204 (상인동),,35.8180933821,128.5360564068,의료폐기물,,,,590,2009,대구광역시 달서구청,053-667-2745,2025-12-10,3470000,대구광역시 달서구
성모에이스 정형외과,대구광역시 달서구 조암로 48 (월성동),,35.82441532,128.5243941,의료폐기물,,,,1270,2022,대구광역시 달서구청,053-667-2745,2025-12-10,3470000,대구광역시 달서구
성당효요양원,대구광역시 달서구 성당로 195 (성당동),,35.85047937,128.5719817,의료폐기물,,,,170,2013,대구광역시 달서구청,053-667-2745,2025-12-10,3470000,대구광역시 달서구
성당행복을심는치과의원,대구광역시 달서구 와룡로 124 (감삼동),,35.84374082,128.5374983,의료폐기물,,,,12,2008,대구광역시 달서구청,053-667-2745,2025-12-10,3470000,대구광역시 달서구
성당연합정형외과,대구광역시 달서구 성당로 195 (성당동),,35.85047937,128.5719817,의료폐기물,,,,21.5,2008,대구광역시 달서구청,053-667-2745,2025-12-10,3470000,대구광역시 달서구
선진요양병원 장례식장,대구광역시 달서구 월배로 446 (송현동),,35.83316399,128.5542336,의료폐기물,,,,57.5,2024,대구광역시 달서구청,053-667-2745,2025-12-10,3470000,대구광역시 달서구
선진요양병원,대구광역시 달서구 월배로 446 (송현동),,35.83316399,128.5542336,의료폐기물,,,,230,2024,대구광역시 달서구청,053-667-2745,2025-12-10,3470000,대구광역시 달서구
선비뇨기과의원,대구광역시 달서구 월배로 92_ 4층 (진천동),,35.81390953,128.5246798,의료폐기물,,,,12200,2009,대구광역시 달서구청,053-667-2745,2025-12-10,3470000,대구광역시 달서구
석예치과,대구광역시 달서구 당산로 88 (성당동),,35.84532738,128.5448052,의료폐기물,,,,25.5,2000,대구광역시 달서구청,053-667-2745,2025-12-10,3470000,대구광역시 달서구
서태원치과,대구광역시 달서구 상화북로 117 (상인동),,35.81147621,128.5382296,의료폐기물,,,,33.5,2000,대구광역시 달서구청,053-667-2745,2025-12-10,3470000,대구광역시 달서구
서치과의원,대구광역시 달서구 학산남로 90_ 202호 (송현동_ 송현하이츠상가),,35.82432463,128.5422826,의료폐기물,,,,21.5,2000,대구광역시 달서구청,053-667-2745,2025-12-10,3470000,대구광역시 달서구
원준의원,대구광역시 달서구 대명천로 59 (성당동),,35.83805257,128.5529696,의료폐기물,,,,350,2021,대구광역시 달서구청,053-667-2745,2025-12-10,3470000,대구광역시 달서구
서정형외과의원,대구광역시 달서구 월배로 316 (송현동),,35.82364422,128.5458825,의료폐기물,,,,21.5,2001,대구광역시 달서구청,053-667-2745,2025-12-10,3470000,대구광역시 달서구
서울패밀리치과,"대구광역시 달서구 월곡로 341, 4층(상인동)",,35.82275835,128.5326294216,의료폐기물,,,,28.5,2018,대구광역시 달서구청,053-667-2745,2025-12-10,3470000,대구광역시 달서구
서울치과의원,대구광역시 달서구 한실로 71 (도원동),,35.80726203,128.5344891,의료폐기물,,,,27.5,2001,대구광역시 달서구청,053-667-2745,2025-12-10,3470000,대구광역시 달서구
서울척척의원,대구광역시 달서구 달구벌대로 1551 (죽전동),,35.8504673833,128.5365155689,의료폐기물,,,,21.5,2022,대구광역시 달서구청,053-667-2745,2025-12-10,3470000,대구광역시 달서구
서울얀치과의원,대구광역시 달서구 계대동문로 124 (이곡동),,35.85508076,128.5059063,의료폐기물,,,,11000,2003,대구광역시 달서구청,053-667-2745,2025-12-10,3470000,대구광역시 달서구
서울안과의원,"대구광역시 달서구 달구벌대로 1545, A동 6층 604호(죽전동)",,35.8503705,128.5360897,의료폐기물,,,,21.5,2018,대구광역시 달서구청,053-667-2745,2025-12-10,3470000,대구광역시 달서구
서울바른플란트,"대구광역시 달서구 조암로 25, 3층 302호 (월성동)",,35.82482243,128.527401718,의료폐기물,,,,49,2017,대구광역시 달서구청,053-667-2745,2025-12-10,3470000,대구광역시 달서구
서울S치과,대구광역시 달서구 조암로 4 (월성동),,35.82624963,128.5291891,의료폐기물,,,,195.5,2015,대구광역시 달서구청,053-667-2745,2025-12-10,3470000,대구광역시 달서구
서운치과의원,대구광역시 달서구 도원로 20_ 203호 (도원동_ 전원빌딩),,35.80798356,128.5355056,의료폐기물,,,,86.5,2000,대구광역시 달서구청,053-667-2745,2025-12-10,3470000,대구광역시 달서구
서석주비뇨기과,대구광역시 달서구 성지로 88_ 2층 (용산동),,35.85712355,128.5213151,의료폐기물,,,,21.5,2008,대구광역시 달서구청,053-667-2745,2025-12-10,3470000,대구광역시 달서구
서부연합외과의원,대구광역시 달서구 구마로 265_ 3층 (성당동_ 청광빌딩),,35.83791018,128.5568652,의료폐기물,,,,10,2001,대구광역시 달서구청,053-667-2745,2025-12-10,3470000,대구광역시 달서구
서부신세계영상의학과의원,대구광역시 달서구 구마로 258 (송현동),,35.83703307,128.5561338,의료폐기물,,,,370,2011,대구광역시 달서구청,053-667-2745,2025-12-10,3470000,대구광역시 달서구
서부라온치과병원,대구광역시 달서구 구마로 262_ 2-4층 (송현동),,35.83710168,128.5565333,의료폐기물,,,,42,2016,대구광역시 달서구청,053-667-2745,2025-12-10,3470000,대구광역시 달서구
서대규제니스의원,대구광역시 달서구 당산로 35 (본리동),,35.84019334,128.5442396,의료폐기물,,,,165,2011,대구광역시 달서구청,053-667-2745,2025-12-10,3470000,대구광역시 달서구
서대구탑치과,"대구광역시 달서구 달구벌대로 1525, 5층 501호 (죽전동)",,35.85014599,128.5339012378,의료폐기물,,,,63,2017,대구광역시 달서구청,053-667-2745,2025-12-10,3470000,대구광역시 달서구
서대구치과의원,대구광역시 달서구 월배로 398 (송현동),,35.82978369,128.5510779,의료폐기물,,,,27.5,2003,대구광역시 달서구청,053-667-2745,2025-12-10,3470000,대구광역시 달서구
서대구제통마취과의원,대구광역시 달서구 월배로 130 (진천동),,35.81502236,128.5284465,의료폐기물,,,,21.5,2000,대구광역시 달서구청,053-667-2745,2025-12-10,3470000,대구광역시 달서구
서대구아이큰숲치과의원,대구광역시 달서구 월배로 202 (상인동),,35.81801516,128.5358462,의료폐기물,,,,62,2006,대구광역시 달서구청,053-667-2745,2025-12-10,3470000,대구광역시 달서구
서대구리더스치과의원,대구광역시 달서구 달구벌대로 1704_ 2층 (두류동),,35.85545114,128.5521365,의료폐기물,,,,31.5,2012,대구광역시 달서구청,053-667-2745,2025-12-10,3470000,대구광역시 달서구
서대구대동병원,대구광역시 달서구 달구벌대로 1577 (죽전동),,35.85128269,128.5390362,의료폐기물,,,,26.5,2009,대구광역시 달서구청,053-667-2745,2025-12-10,3470000,대구광역시 달서구
서대구내과의원,대구광역시 달서구 달구벌대로 1643 (감삼동),,35.85382846,128.5459245,의료폐기물,,,,1730,2009,대구광역시 달서구청,053-667-2745,2025-12-10,3470000,대구광역시 달서구
서대구강연합치과의원,대구광역시 달서구 달구벌대로 1657 (감삼동),,35.85441224,128.5472168,의료폐기물,,,,200,2008,대구광역시 달서구청,053-667-2745,2025-12-10,3470000,대구광역시 달서구
서남정형외과의원,대구광역시 달서구 달구벌대로 1633 (감삼동),,35.853459,128.5448676,의료폐기물,,,,47.5,2004,대구광역시 달서구청,053-667-2745,2025-12-10,3470000,대구광역시 달서구
서남안과의원,대구광역시 달서구 달구벌대로 1659 (감삼동),,35.85447418,128.5473505,의료폐기물,,,,24,2021,대구광역시 달서구청,053-667-2745,2025-12-10,3470000,대구광역시 달서구
서남내과의원,대구광역시 달서구 달구벌대로 1633 (감삼동),,35.853459,128.5448676,의료폐기물,,,,60,2011,대구광역시 달서구청,053-667-2745,2025-12-10,3470000,대구광역시 달서구
서남경대비뇨의학과,대구광역시 달서구 달구벌대로 1647 (감삼동),,35.85393442,128.5461806,의료폐기물,,,,23,2021,대구광역시 달서구청,053-667-2745,2025-12-10,3470000,대구광역시 달서구
서광치과의원,대구광역시 달서구 달구벌대로 1616 (감삼동),,35.85214568,128.5434882,의료폐기물,,,,230,2005,대구광역시 달서구청,053-667-2745,2025-12-10,3470000,대구광역시 달서구
샘편한내과의원,대구광역시 달서구 월배로 138_ 4층 (진천동),,35.81544607,128.5295035,의료폐기물,,,,21.5,2015,대구광역시 달서구청,053-667-2745,2025-12-10,3470000,대구광역시 달서구
샘깊은치과의원,대구광역시 달서구 성지로 66_ 2층 (용산동),,35.85499635,128.5212546,의료폐기물,,,,570,2016,대구광역시 달서구청,053-667-2745,2025-12-10,3470000,대구광역시 달서구
상쾌한이비인후과,대구광역시 달서구 조암남로 41_ 2층 (월성동_ 유창빌딩),,35.82115117,128.5286694,의료폐기물,,,,21,2008,대구광역시 달서구청,053-667-2745,2025-12-10,3470000,대구광역시 달서구
상인행복을심는치과의원,대구광역시 달서구 상인서로 107 (상인동),,35.81870184,128.5398512,의료폐기물,,,,36,2013,대구광역시 달서구청,053-667-2745,2025-12-10,3470000,대구광역시 달서구
상인치과의원,대구광역시 달서구 상인로 14 (상인동),,35.80950422,128.5514304,의료폐기물,,,,46.5,2000,대구광역시 달서구청,053-667-2745,2025-12-10,3470000,대구광역시 달서구
상인제이스성형외과,대구광역시 달서구 월배로 219 (상인동),,35.81910446,128.537078,의료폐기물,,,,21.5,2004,대구광역시 달서구청,053-667-2745,2025-12-10,3470000,대구광역시 달서구
상인요양병원,대구광역시 달서구 월배로 247 (상인동),,35.82003209,128.5403225,의료폐기물,,,,26,2021,대구광역시 달서구청,053-667-2745,2025-12-10,3470000,대구광역시 달서구
상인연합정형외과의원,대구광역시 달서구 월곡로 260 (상인동_ 상인프라자),,35.81777782,128.5393189,의료폐기물,,,,6470,2015,대구광역시 달서구청,053-667-2745,2025-12-10,3470000,대구광역시 달서구
상인속편한내과,대구광역시 달서구 월배로 233 (상인동),,35.8195047,128.5387548,의료폐기물,,,,81,2004,대구광역시 달서구청,053-667-2745,2025-12-10,3470000,대구광역시 달서구
상인서울치과의원,대구광역시 달서구 월배로 202_ 5층 (상인동),,35.81801516,128.5358462,의료폐기물,,,,189,2016,대구광역시 달서구청,053-667-2745,2025-12-10,3470000,대구광역시 달서구
상인백세의원,대구광역시 달서구 상화로 371_ 110동 204호 (상인동_ 비둘기아파트상가),,35.80867672,128.5522386,의료폐기물,,,,26.5,2007,대구광역시 달서구청,053-667-2745,2025-12-10,3470000,대구광역시 달서구
상인마디재활의학과,대구광역시 달서구 월배로 218_ 2층 (상인동),,35.81849818,128.5373358,의료폐기물,,,,35,2016,대구광역시 달서구청,053-667-2745,2025-12-10,3470000,대구광역시 달서구
상인내과의원,대구광역시 달서구 상인서로 39 (상인동),,35.81322104,128.544960,의료폐기물,,,,195,2000,대구광역시 달서구청,053-667-2745,2025-12-10,3470000,대구광역시 달서구
상인강치과의원,대구광역시 달서구 월곡로 330_ 4층 (상인동),,35.82212082,128.5343941,의료폐기물,,,,28,2014,대구광역시 달서구청,053-667-2745,2025-12-10,3470000,대구광역시 달서구
상인 신 정형외과,대구광역시 달서구 상원로 121 (상인동),,35.81932147,128.5307158,의료폐기물,,,,27.5,2006,대구광역시 달서구청,053-667-2745,2025-12-10,3470000,대구광역시 달서구
상이비인후과의원,대구광역시 달서구 월배로 175 (상인동),,35.81758217,128.5327301,의료폐기물,,,,49,2009,대구광역시 달서구청,053-667-2745,2025-12-10,3470000,대구광역시 달서구
삼일병원 장례식장,대구광역시 달서구 월배로 440 (송현동),,35.83275261,128.5538517,의료폐기물,,,,28,2009,대구광역시 달서구청,053-667-2745,2025-12-10,3470000,대구광역시 달서구
삼성제일치과의원,대구광역시 달서구 호산로 125_ 208호 (파호동),,35.85021633,128.473675,의료폐기물,,,,20,2000,대구광역시 달서구청,053-667-2745,2025-12-10,3470000,대구광역시 달서구
삼성정형외과,대구광역시 달서구 구마로 205 (성당동),,35.83754482,128.550206,의료폐기물,,,,21.5,2009,대구광역시 달서구청,053-667-2745,2025-12-10,3470000,대구광역시 달서구
삼성내과의원,대구광역시 달서구 장기로 244 (장기동),,35.84376425,128.5337338,의료폐기물,,,,160,2009,대구광역시 달서구청,053-667-2745,2025-12-10,3470000,대구광역시 달서구
삼마치과의원,대구광역시 달서구 달구벌대로 1726 (두류동),,35.8563282022,128.5542408,의료폐기물,,,,370,2022,대구광역시 달서구청,053-667-2745,2025-12-10,3470000,대구광역시 달서구
사회복지법인상록수재단(상록수실버타운),대구광역시 달서구 문화회관3길 25 (장기동),,35.84716029,128.5214199,의료폐기물,,,,26.5,2011,대구광역시 달서구청,053-667-2745,2025-12-10,3470000,대구광역시 달서구
사랑모아마취통증의학과의원,대구광역시 달서구 와룡로 218 (죽전동),,35.85204277,128.5376729,의료폐기물,,,,22,2016,대구광역시 달서구청,053-667-2745,2025-12-10,3470000,대구광역시 달서구
사랑마을요양원,대구광역시 달서구 월배로24길 88 (진천동),,35.81210444,128.5301798,의료폐기물,,,,1210,2024,대구광역시 달서구청,053-667-2745,2025-12-10,3470000,대구광역시 달서구
사랑가득의원,대구광역시 달서구 달구벌대로 1467 (용산동),,35.84945343,128.52740581,의료폐기물,,,,150,2013,대구광역시 달서구청,053-667-2745,2025-12-10,3470000,대구광역시 달서구
뿡뿡이연합소아청소년과의원,대구광역시 달서구 장기로 167 (본리동),,35.84304462,128.5418963,의료폐기물,,,,300,2008,대구광역시 달서구청,053-667-2745,2025-12-10,3470000,대구광역시 달서구
뿌리연합치과의원,대구광역시 달서구 월곡로 266_ 3층 (상인동_ 월곡빌딩),,35.81812335,128.5389803,의료폐기물,,,,71,2004,대구광역시 달서구청,053-667-2745,2025-12-10,3470000,대구광역시 달서구
빌리브한의원,"대구광역시 달서구 조암로 5, 4층 401,402호 (월성동)",,35.8253870176,128.529275629,의료폐기물,,,,21.5,2024,대구광역시 달서구청,053-667-2745,2025-12-10,3470000,대구광역시 달서구
비타민신통의원,"대구광역시 달서구 월배로 473, 4층 (송현동)",,35.83546899,128.5556038,의료폐기물,,,,120,2019,대구광역시 달서구청,053-667-2745,2025-12-10,3470000,대구광역시 달서구
비타민나무의원,대구광역시 달서구 조암로 39 (월성동),,35.82427486,128.5260639,의료폐기물,,,,710,2019,대구광역시 달서구청,053-667-2745,2025-12-10,3470000,대구광역시 달서구
비앤 비뇨의학과,대구광역시 달서구 달구벌대로 1525 (죽전동),,35.85014599,128.5339012378,의료폐기물,,,,165,2021,대구광역시 달서구청,053-667-2745,2025-12-10,3470000,대구광역시 달서구
비너스여성의원,대구광역시 달서구 월배로 233 (상인동),,35.8195047,128.5387548,의료폐기물,,,,68,2007,대구광역시 달서구청,053-667-2745,2025-12-10,3470000,대구광역시 달서구
뷰시스의원,"대구광역시 달서구 월곡로 266, 5층(상인동)",,35.81812335,128.5389803,의료폐기물,,,,530,2019,대구광역시 달서구청,053-667-2745,2025-12-10,3470000,대구광역시 달서구
불꽃치과의원,대구광역시 달서구 달구벌대로 1710 (두류동),,35.85571575,128.5528045,의료폐기물,,,,90,2000,대구광역시 달서구청,053-667-2745,2025-12-10,3470000,대구광역시 달서구
분도치과의원,대구광역시 달서구 달구벌대로 1641 (감삼동),,35.85365173,128.5455124,의료폐기물,,,,48.5,2000,대구광역시 달서구청,053-667-2745,2025-12-10,3470000,대구광역시 달서구
부부내과가정의학과의원,대구광역시 달서구 이곡공원로 13 (이곡동),,35.85553357,128.5088911,의료폐기물,,,,21.5,2009,대구광역시 달서구청,053-667-2745,2025-12-10,3470000,대구광역시 달서구
부강외과의원,"대구광역시 달서구 월배로 138, 6층 (진천동)",,35.81544607,128.5295035,의료폐기물,,,,21.5,2002,대구광역시 달서구청,053-667-2745,2025-12-10,3470000,대구광역시 달서구
본즈정형외과,대구광역시 달서구 계대동문로 106 (이곡동),,35.85509854,128.5037802,의료폐기물,,,,54,2021,대구광역시 달서구청,053-667-2745,2025-12-10,3470000,대구광역시 달서구
본리치과,대구광역시 달서구 장기로 265 (장기동),,35.84333482,128.5312479,의료폐기물,,,,230,2000,대구광역시 달서구청,053-667-2745,2025-12-10,3470000,대구광역시 달서구
보스톤스마일치과,"대구광역시 달서구 월배로 164, 3층 (상인동)",,35.81653429,128.5319196,의료폐기물,,,,21.5,2000,대구광역시 달서구청,053-667-2745,2025-12-10,3470000,대구광역시 달서구
보광병원,대구광역시 달서구 구마로 128 (본동),,35.83675371,128.541659,의료폐기물,,,,21.5,2000,대구광역시 달서구청,053-667-2745,2025-12-10,3470000,대구광역시 달서구
베스트연합치과의원,대구광역시 달서구 월배로 218 (상인동),,35.81849818,128.5373358,의료폐기물,,,,3061,2008,대구광역시 달서구청,053-667-2745,2025-12-10,3470000,대구광역시 달서구
베스트병원,대구광역시 달서구 달구벌대로 1690 (두류동),,35.85493032,128.5508671,의료폐기물,,,,46.5,2014,대구광역시 달서구청,053-667-2745,2025-12-10,3470000,대구광역시 달서구
베스트 정형외과,대구광역시 달서구 달구벌대로 1525 (죽전동),,35.85014599,128.5339012378,의료폐기물,,,,471,2017,대구광역시 달서구청,053-667-2745,2025-12-10,3470000,대구광역시 달서구
베러미의원,"대구광역시 달서구 조암로 5, 4층 403호, 404호, 405호 (월성동)",,35.8253870176,128.529275629,의료폐기물,,,,630,2023,대구광역시 달서구청,053-667-2745,2025-12-10,3470000,대구광역시 달서구
백두병원,대구광역시 달서구 월배로 18 (진천동),,35.81148162,128.5175647,의료폐기물,,,,70,2017,대구광역시 달서구청,053-667-2745,2025-12-10,3470000,대구광역시 달서구
배민재치과,대구광역시 달서구 달구벌대로307길 10 (죽전동),,35.85041897,128.5346507,의료폐기물,,,,3470,2000,대구광역시 달서구청,053-667-2745,2025-12-10,3470000,대구광역시 달서구
배덕수내과,대구광역시 달서구 구마로 176 (본동),,35.83686001,128.5470636,의료폐기물,,,,47.5,2009,대구광역시 달서구청,053-667-2745,2025-12-10,3470000,대구광역시 달서구
방성혁이비인후과의원,대구광역시 달서구 달구벌대로 1726 (두류동),,35.8563282022,128.5542408,의료폐기물,,,,250,2000,대구광역시 달서구청,053-667-2745,2025-12-10,3470000,대구광역시 달서구
밝은눈안과,대구광역시 달서구 달구벌대로 1738 (두류동),,35.85674724,128.555465,의료폐기물,,,,24,2000,대구광역시 달서구청,053-667-2745,2025-12-10,3470000,대구광역시 달서구
밝은결치과의원,대구광역시 달서구 장기로 217 (본리동),,35.84331643,128.5364508763,의료폐기물,,,,18,2022,대구광역시 달서구청,053-667-2745,2025-12-10,3470000,대구광역시 달서구
밝은e치과의원,대구광역시 달서구 성지로 72 (용산동),,35.85559095,128.5213065,의료폐기물,,,,370,2004,대구광역시 달서구청,053-667-2745,2025-12-10,3470000,대구광역시 달서구
반고개연합마취통증의학과,"대구광역시 달서구 명덕로 2, 2층 (두류동)",,35.86162228,128.5720321,의료폐기물,,,,21.5,2025,대구광역시 달서구청,053-667-2745,2025-12-10,3470000,대구광역시 달서구
박혜란유외과의원,대구광역시 달서구 월배로 219 (상인동),,35.81910446,128.537078,의료폐기물,,,,600,2011,대구광역시 달서구청,053-667-2745,2025-12-10,3470000,대구광역시 달서구
박현탁치과,대구광역시 달서구 학산로 203 (송현동),,35.83404041,128.5488644,의료폐기물,,,,21,2000,대구광역시 달서구청,053-667-2745,2025-12-10,3470000,대구광역시 달서구
박종수신경외과의원,대구광역시 달서구 달구벌대로 1666 (두류동),,35.85404025,128.5485187,의료폐기물,,,,21.5,2020,대구광역시 달서구청,053-667-2745,2025-12-10,3470000,대구광역시 달서구
박정국내과의원,대구광역시 달서구 월곡로 184_ 301호 (상인동),,35.81265417,128.5448308,의료폐기물,,,,80,2006,대구광역시 달서구청,053-667-2745,2025-12-10,3470000,대구광역시 달서구
박재호내과의원,대구광역시 달서구 달구벌대로 1680_ 1층 (두류동_ 감삼빌딩),,35.85449741,128.5498536,의료폐기물,,,,18.5,2009,대구광역시 달서구청,053-667-2745,2025-12-10,3470000,대구광역시 달서구
박의수피부과의원,대구광역시 달서구 도원로 20 (도원동),,35.80798356,128.5355056,의료폐기물,,,,220,2000,대구광역시 달서구청,053-667-2745,2025-12-10,3470000,대구광역시 달서구
박앤리피부과의원,대구광역시 달서구 월곡로 260_ 5층 (상인동_ 상인프라자),,35.81777782,128.5393189,의료폐기물,,,,9,2010,대구광역시 달서구청,053-667-2745,2025-12-10,3470000,대구광역시 달서구
박기수내과의원,대구광역시 달서구 용산로 226 (용산동),,35.85776329,128.5308589,의료폐기물,,,,38,2009,대구광역시 달서구청,053-667-2745,2025-12-10,3470000,대구광역시 달서구
박가정의학과의원,대구광역시 달서구 신당로 56_ 203호 (신당동_ 성서주공1단지상가),,35.85229094,128.4988168,의료폐기물,,,,101,2009,대구광역시 달서구청,053-667-2745,2025-12-10,3470000,대구광역시 달서구
바오로치과의원,대구광역시 달서구 월배로 222 (상인동),,35.81863879,128.5377583,의료폐기물,,,,41.5,2000,대구광역시 달서구청,053-667-2745,2025-12-10,3470000,대구광역시 달서구
바른척척의원,대구광역시 달서구 구마로 265 (성당동_ 청광빌딩2층),,35.83791018,128.5568652,의료폐기물,,,,21.5,2015,대구광역시 달서구청,053-667-2745,2025-12-10,3470000,대구광역시 달서구
바른이연합치과,대구광역시 달서구 성서로 420 (이곡동),,35.85500197,128.5077769,의료폐기물,,,,70,2012,대구광역시 달서구청,053-667-2745,2025-12-10,3470000,대구광역시 달서구
바른연합정형외과,대구광역시 달서구 월배로 119 (진천동),,35.81517654,128.5272862,의료폐기물,,,,47.5,2007,대구광역시 달서구청,053-667-2745,2025-12-10,3470000,대구광역시 달서구
바른연합소아청소년과의원,대구광역시 달서구 조암로 149 (대천동),,35.81908603,128.5160124,의료폐기물,,,,44,2018,대구광역시 달서구청,053-667-2745,2025-12-10,3470000,대구광역시 달서구
바른길구강악안면외과치과의원,대구광역시 달서구 송현로 38 (송현동),,35.82236375,128.5479801,의료폐기물,,,,600,2013,대구광역시 달서구청,053-667-2745,2025-12-10,3470000,대구광역시 달서구
미플라인치과의원,대구광역시 달서구 월배로 156 (상인동),,35.81623339,128.5312626,의료폐기물,,,,37.5,2018,대구광역시 달서구청,053-667-2745,2025-12-10,3470000,대구광역시 달서구
미주치과의원,대구광역시 달서구 진천로 120 (대천동),,35.8191626,128.5218692,의료폐기물,,,,152,2012,대구광역시 달서구청,053-667-2745,2025-12-10,3470000,대구광역시 달서구
미주병원,대구광역시 달서구 당산로 138 (성당동),,35.84915843,128.5469484,의료폐기물,,,,21.5,2008,대구광역시 달서구청,053-667-2745,2025-12-10,3470000,대구광역시 달서구
미와건강종합의원,대구광역시 달서구 학산남로 13_ 301호 (월성동),,35.82393506,128.5341519,의료폐기물,,,,2555,2012,대구광역시 달서구청,053-667-2745,2025-12-10,3470000,대구광역시 달서구
미여성의원,대구광역시 달서구 월배로 442 (송현동),,35.83277713,128.5541399,의료폐기물,,,,64.5,2003,대구광역시 달서구청,053-667-2745,2025-12-10,3470000,대구광역시 달서구
미소지앤의원,대구광역시 달서구 달구벌대로 1710 (두류동),,35.85571575,128.5528045,의료폐기물,,,,80,2012,대구광역시 달서구청,053-667-2745,2025-12-10,3470000,대구광역시 달서구
미소안과의원,대구광역시 달서구 월배로 175 (상인동),,35.81758217,128.5327301,의료폐기물,,,,61.5,2009,대구광역시 달서구청,053-667-2745,2025-12-10,3470000,대구광역시 달서구
미소본 치과,"대구광역시 달서구 월배로 473, 5층 (송현동)",,35.83546899,128.5556038,의료폐기물,,,,35,2020,대구광역시 달서구청,053-667-2745,2025-12-10,3470000,대구광역시 달서구
미소담치과의원,대구광역시 달서구 조암남로 41 (월성동),,35.82115117,128.5286694,의료폐기물,,,,27.5,2006,대구광역시 달서구청,053-667-2745,2025-12-10,3470000,대구광역시 달서구
미쁨의원,"대구광역시 달서구 조암로 32, 3층(월성동)",,35.82522027,128.5262089,의료폐기물,,,,21.5,2019,대구광역시 달서구청,053-667-2745,2025-12-10,3470000,대구광역시 달서구
미부부치과의원,대구광역시 달서구 성지로 27 (용산동),,35.8539378,128.5185057,의료폐기물,,,,370,2005,대구광역시 달서구청,053-667-2745,2025-12-10,3470000,대구광역시 달서구
미래종합의원,대구광역시 달서구 상인로 7 (상인동),,35.80885526,128.5514108,의료폐기물,,,,21.5,2009,대구광역시 달서구청,053-667-2745,2025-12-10,3470000,대구광역시 달서구
미래연합비뇨기과,대구광역시 달서구 이곡동로 25 (이곡동),,35.85424119,128.5103366,의료폐기물,,,,90,2009,대구광역시 달서구청,053-667-2745,2025-12-10,3470000,대구광역시 달서구
미래여성병원,대구광역시 달서구 와룡로 207 (죽전동),,35.85121187,128.5368058064,의료폐기물,,,,25.5,2001,대구광역시 달서구청,053-667-2745,2025-12-10,3470000,대구광역시 달서구
미래안과의원,대구광역시 달서구 달구벌대로 1714_ 4층 (두류동),,35.8558752,128.5531278,의료폐기물,,,,3364,2000,대구광역시 달서구청,053-667-2745,2025-12-10,3470000,대구광역시 달서구
미라인치과의원,대구광역시 달서구 호산로 125 (파호동),,35.85021633,128.473675,의료폐기물,,,,7.5,2006,대구광역시 달서구청,053-667-2745,2025-12-10,3470000,대구광역시 달서구
미담 치과의원,대구광역시 달서구 용산로 236 (용산동),,35.8584839,128.5309347,의료폐기물,,,,21.5,2007,대구광역시 달서구청,053-667-2745,2025-12-10,3470000,대구광역시 달서구
미뉴치과교정과치과의원,대구광역시 달서구 조암로 41 (월성동),,35.82426839,128.5257649,의료폐기물,,,,21.5,2021,대구광역시 달서구청,053-667-2745,2025-12-10,3470000,대구광역시 달서구
명안과,대구광역시 달서구 달구벌대로 1542_ 6층 (감삼동),,35.84956233,128.5357138,의료폐기물,,,,27.5,2006,대구광역시 달서구청,053-667-2745,2025-12-10,3470000,대구광역시 달서구
명문치과의원,대구광역시 달서구 이곡동로 17 (이곡동),,35.85427586,128.5094289,의료폐기물,,,,60,2000,대구광역시 달서구청,053-667-2745,2025-12-10,3470000,대구광역시 달서구
명가마디내과의원,대구광역시 달서구 구마로 265_ 4층 (성당동_ 외청광빌딩),,35.83791018,128.5568652,의료폐기물,,,,57.5,2011,대구광역시 달서구청,053-667-2745,2025-12-10,3470000,대구광역시 달서구
메디필즈의원,대구광역시 달서구 장기로 217 (본리동),,35.84331643,128.5364508763,의료폐기물,,,,300,2022,대구광역시 달서구청,053-667-2745,2025-12-10,3470000,대구광역시 달서구
메디웰의원,"대구광역시 달서구 용산로 225, 202호 (용산동)",,35.85780401,128.5303167,의료폐기물,,,,520,2024,대구광역시 달서구청,053-667-2745,2025-12-10,3470000,대구광역시 달서구
메디안연합치과의원,대구광역시 달서구 도원로 23 (도원동),,35.80760918,128.5360542,의료폐기물,,,,560,2009,대구광역시 달서구청,053-667-2745,2025-12-10,3470000,대구광역시 달서구
맥앤정인치과,대구광역시 달서구 월배로 201_ 4층 (상인동),,35.81854989,128.5355211,의료폐기물,,,,21.5,2014,대구광역시 달서구청,053-667-2745,2025-12-10,3470000,대구광역시 달서구
맥 의원,대구광역시 달서구 구마로 237 (성당동),,35.83736919,128.5538017418,의료폐기물,,,,47.5,2011,대구광역시 달서구청,053-667-2745,2025-12-10,3470000,대구광역시 달서구
맑은윤슬의원,"대구광역시 달서구 월배로 80, 401동 212,213호 (진천동, 진천역대성스카이렉스아파트)",,35.8135993354,128.5238905,의료폐기물,,,,45,2024,대구광역시 달서구청,053-667-2745,2025-12-10,3470000,대구광역시 달서구
맑은결의원,대구광역시 달서구 와룡로 123 (감삼동),,35.8439973818,128.5361590878,의료폐기물,,,,600,2022,대구광역시 달서구청,053-667-2745,2025-12-10,3470000,대구광역시 달서구
마인드정형외과의원,"대구광역시 달서구 진천로 117, 2층 201호, 202호 (대천동, 월배이타운)",,35.81888822,128.5212679,의료폐기물,,,,370,2017,대구광역시 달서구청,053-667-2745,2025-12-10,3470000,대구광역시 달서구
마미유의원,대구광역시 달서구 월배로 170 (상인동),,35.81687115,128.5325881,의료폐기물,,,,330,2006,대구광역시 달서구청,053-667-2745,2025-12-10,3470000,대구광역시 달서구
마디탄탄병원,대구광역시 달서구 월배로 215 (상인동),,35.81905371,128.5366899,의료폐기물,,,,20,2020,대구광역시 달서구청,053-667-2745,2025-12-10,3470000,대구광역시 달서구
마디척신통의원,"대구광역시 달서구 월배로 473, 4층 401,402,403호 (송현동)",,35.83546899,128.5556038,의료폐기물,,,,1217.42,2025,대구광역시 달서구청,053-667-2745,2025-12-10,3470000,대구광역시 달서구
리즈피부과의원,대구광역시 달서구 월배로 170 (상인동),,35.81687115,128.5325881,의료폐기물,,,,1100,2006,대구광역시 달서구청,053-667-2745,2025-12-10,3470000,대구광역시 달서구
리본유외과,"대구광역시 달서구 달구벌대로 1584, 17층 (감상동)",,35.85074911,128.5402695,의료폐기물,,,,15,2025,대구광역시 달서구청,053-667-2745,2025-12-10,3470000,대구광역시 달서구
리더스치과의원,대구광역시 달서구 월배로 191 (상인동),,35.81833405,128.5344113,의료폐기물,,,,210,2012,대구광역시 달서구청,053-667-2745,2025-12-10,3470000,대구광역시 달서구
리더스내과의원 (구. 조성수내과),대구광역시 달서구 성서로 419 (이곡동),,35.85499304,128.5066915,의료폐기물,,,,46.5,2000,대구광역시 달서구청,053-667-2745,2025-12-10,3470000,대구광역시 달서구
르봄 여성의원,"대구광역시 달서구 달구벌대로 1565, 5층 (죽전동)",,35.85088737,128.5378351,의료폐기물,,,,82,2023,대구광역시 달서구청,053-667-2745,2025-12-10,3470000,대구광역시 달서구
류주연 산부인과,"대구광역시 달서구 달구벌대로 1545, 701호 (죽전동)",,35.8503705,128.5360897,의료폐기물,,,,67,2019,대구광역시 달서구청,053-667-2745,2025-12-10,3470000,대구광역시 달서구
류마경대내과의원,"대구광역시 달서구 와룡로 186, 401동 320호 (감삼동, 빌리브 스카이 주상복합)",,35.8493778787,128.5379574814,의료폐기물,,,,90,2024,대구광역시 달서구청,053-667-2745,2025-12-10,3470000,대구광역시 달서구
로하스치과,대구광역시 달서구 도원로 29 (도원동),,35.80714962,128.5360261,의료폐기물,,,,660,2000,대구광역시 달서구청,053-667-2745,2025-12-10,3470000,대구광역시 달서구
로하스속내과의원,대구광역시 달서구 조암남로 38 (월성동),,35.82193621,128.528591,의료폐기물,,,,21.5,2011,대구광역시 달서구청,053-667-2745,2025-12-10,3470000,대구광역시 달서구
로즈치과교정과치과의원,"대구광역시 달서구 조암로 5, 5층 504호, 505호 (월성동)",,35.8253870176,128.529275629,의료폐기물,,,,285,2023,대구광역시 달서구청,053-667-2745,2025-12-10,3470000,대구광역시 달서구
로제피부과의원,"대구광역시 달서구 달구벌대로 1545, 704, 705호(죽전동)",,35.8503705,128.5360897,의료폐기물,,,,37.5,2011,대구광역시 달서구청,053-667-2745,2025-12-10,3470000,대구광역시 달서구
로운안과의원,대구광역시 달서구 월곡로 260 (상인동),,35.81777782,128.5393189,의료폐기물,,,,64,2021,대구광역시 달서구청,053-667-2745,2025-12-10,3470000,대구광역시 달서구
로뎀치과의원,대구광역시 달서구 비슬로 2728 (대곡동),,35.80964884,128.5135928203,의료폐기물,,,,260,2003,대구광역시 달서구청,053-667-2745,2025-12-10,3470000,대구광역시 달서구
램브란트치과,대구광역시 달서구 월배로 175 (상인동),,35.81758217,128.5327301,의료폐기물,,,,21.5,2009,대구광역시 달서구청,053-667-2745,2025-12-10,3470000,대구광역시 달서구
라파이비인후과의원(대구점),대구광역시 달서구 조암로 24 (월성동),,35.82554626,128.5270988,의료폐기물,,,,135.5,2022,대구광역시 달서구청,053-667-2745,2025-12-10,3470000,대구광역시 달서구
라임치과의원,대구광역시 달서구 이곡공원로 42 (이곡동),,35.85502004,128.512063,의료폐기물,,,,60,2006,대구광역시 달서구청,053-667-2745,2025-12-10,3470000,대구광역시 달서구
라인정신건강의학과의원,대구광역시 달서구 구마로 258 (송현동),,35.83703307,128.5561338,의료폐기물,,,,21.5,2023,대구광역시 달서구청,053-667-2745,2025-12-10,3470000,대구광역시 달서구
라온치과병원,대구광역시 달서구 월배로 206 (상인동),,35.81819212,128.536236,의료폐기물,,,,25,2015,대구광역시 달서구청,053-667-2745,2025-12-10,3470000,대구광역시 달서구
라온신경과의원,"대구광역시 달서구 달구벌대로 1545, 골든뷰 메디타워",,35.8503705,128.5360897,의료폐기물,,,,221,2025,대구광역시 달서구청,053-667-2745,2025-12-10,3470000,대구광역시 달서구
똑디치과의원,"대구광역시 달서구 와룡로 206, 4층 (죽전동)",,35.85105183,128.5375825,의료폐기물,,,,102,2024,대구광역시 달서구청,053-667-2745,2025-12-10,3470000,대구광역시 달서구
디지털온치과의원,대구광역시 달서구 월배로 170 (상인동),,35.81687115,128.5325881,의료폐기물,,,,37.5,2010,대구광역시 달서구청,053-667-2745,2025-12-10,3470000,대구광역시 달서구
드림부부한의원,대구광역시 달서구 송현로 32 (송현동),,35.82198903,128.5485619,의료폐기물,,,,163.5,2016,대구광역시 달서구청,053-667-2745,2025-12-10,3470000,대구광역시 달서구
두웰신경과의원,"대구광역시 달서구 월배로 168, 403호(상인동, 아보스타워)",,35.81670243,128.532287,의료폐기물,,,,59,2019,대구광역시 달서구청,053-667-2745,2025-12-10,3470000,대구광역시 달서구
두류연합의원,"대구광역시 달서구 야외음악당로39길 65, 2층 (두류동)",,35.85459425,128.5532105,의료폐기물,,,,150,2017,대구광역시 달서구청,053-667-2745,2025-12-10,3470000,대구광역시 달서구
두류숲요양원,대구광역시 달서구 장기로10길 51 (성당동),,35.84482577,128.5526937,의료폐기물,,,,160,2022,대구광역시 달서구청,053-667-2745,2025-12-10,3470000,대구광역시 달서구
동아내과의원,대구광역시 달서구 호산로 125_ 2층 (파호동_ 삼성명가타운),,35.85021633,128.473675,의료폐기물,,,,60,2011,대구광역시 달서구청,053-667-2745,2025-12-10,3470000,대구광역시 달서구
동서연합치과의원,대구광역시 달서구 상화북로 185 (상인동),,35.81330483,128.5457017482,의료폐기물,,,,23,2000,대구광역시 달서구청,053-667-2745,2025-12-10,3470000,대구광역시 달서구
동서비뇨기과의원,대구광역시 달서구 달구벌대로 1562 (감삼동),,35.85010127,128.5380352,의료폐기물,,,,21.5,2011,대구광역시 달서구청,053-667-2745,2025-12-10,3470000,대구광역시 달서구
동산종합의원,대구광역시 달서구 월성로 42 (월성동_ 201호_202호_203호),,35.83160942,128.5307751,의료폐기물,,,,60,2013,대구광역시 달서구청,053-667-2745,2025-12-10,3470000,대구광역시 달서구
동산연합이비인후과의원,대구광역시 달서구 이곡공원로 24_ 3층 (이곡동),,35.85496544,128.5099803,의료폐기물,,,,107,2017,대구광역시 달서구청,053-667-2745,2025-12-10,3470000,대구광역시 달서구
도치과,대구광역시 달서구 달구벌대로 1670 (두류동),,35.85417248,128.5488637,의료폐기물,,,,113,2000,대구광역시 달서구청,053-667-2745,2025-12-10,3470000,대구광역시 달서구
도원정형외과의원,대구광역시 달서구 도원로 29 (도원동),,35.80714962,128.5360261,의료폐기물,,,,21.5,2006,대구광역시 달서구청,053-667-2745,2025-12-10,3470000,대구광역시 달서구
도원본튼튼의원,"대구광역시 달서구 한실로 75, 3층 (도원동)",,35.80722216,128.5349313,의료폐기물,,,,14,2025,대구광역시 달서구청,053-667-2745,2025-12-10,3470000,대구광역시 달서구
도원노인복지센터,대구광역시 달서구 월곡로35길 82_ 2층 (상인동),,35.80996552,128.5408995,의료폐기물,,,,620,2015,대구광역시 달서구청,053-667-2745,2025-12-10,3470000,대구광역시 달서구
도외과의원,대구광역시 달서구 달구벌대로 1348 (이곡동),,35.85038086,128.5148058,의료폐기물,,,,20,2009,대구광역시 달서구청,053-667-2745,2025-12-10,3470000,대구광역시 달서구
도기용치과,대구광역시 달서구 구마로 176_ 2층 (본동_ 송림백화점),,35.83686001,128.5470636,의료폐기물,,,,11,2000,대구광역시 달서구청,053-667-2745,2025-12-10,3470000,대구광역시 달서구
더힘찬신경외과의원,"대구광역시 달서구 달구벌대로 1800, 4층 1,2,3,4호 (두류동)",,35.85893431,128.5619562206,의료폐기물,,,,21.5,2024,대구광역시 달서구청,053-667-2745,2025-12-10,3470000,대구광역시 달서구
더편한마취통증의학과의원,대구광역시 달서구 조암로 24_ 4층 403호 (월성동),,35.82554626,128.5270988,의료폐기물,,,,150,2016,대구광역시 달서구청,053-667-2745,2025-12-10,3470000,대구광역시 달서구
더편한내과,"대구광역시 달서구 월배로 487-1, 6,7층 (송현동)",,35.83664427,128.5562615,의료폐기물,,,,90,2024,대구광역시 달서구청,053-667-2745,2025-12-10,3470000,대구광역시 달서구
더차오름의원(더차오름클리닉),"대구광역시 달서구 달구벌대로 1545, 골든뷰 메디타워 1004, 1005호 (죽전동)",,35.8503705,128.5360897,의료폐기물,,,,165,2023,대구광역시 달서구청,053-667-2745,2025-12-10,3470000,대구광역시 달서구
더자람연합의원,"대구광역시 달서구 월배로 175, 우리빌딩 2층 201호 (상인동)",,35.81758217,128.5327301,의료폐기물,,,,70,2023,대구광역시 달서구청,053-667-2745,2025-12-10,3470000,대구광역시 달서구
더원치과,대구광역시 달서구 월배로 63 (진천동),,35.8143218695,128.5215607454,의료폐기물,,,,450,2014,대구광역시 달서구청,053-667-2745,2025-12-10,3470000,대구광역시 달서구
더원정형외과,대구광역시 달서구 달구벌대로 1647 (감삼동),,35.85393442,128.5461806,의료폐기물,,,,57.5,2020,대구광역시 달서구청,053-667-2745,2025-12-10,3470000,대구광역시 달서구
더원연합치과의원,대구광역시 달서구 달구벌대로 1647 (감삼동),,35.85393442,128.5461806,의료폐기물,,,,285,2020,대구광역시 달서구청,053-667-2745,2025-12-10,3470000,대구광역시 달서구
더열린병원,대구광역시 달서구 달구벌대로 1571 (죽전동),,35.8511466928,128.5385576,의료폐기물,,,,27.5,2015,대구광역시 달서구청,053-667-2745,2025-12-10,3470000,대구광역시 달서구
더블유(W)요양원,대구광역시 달서구 성서공단로11길 38-11 (호림동),,35.83863795,128.4893891,의료폐기물,,,,3360,2021,대구광역시 달서구청,053-667-2745,2025-12-10,3470000,대구광역시 달서구
더블유(W)안과,대구광역시 달서구 월배로 219 (상인동),,35.81910446,128.537078,의료폐기물,,,,65,2022,대구광역시 달서구청,053-667-2745,2025-12-10,3470000,대구광역시 달서구
더본연합정형외과,대구광역시 달서구 와룡로 138 (감삼동),,35.84491273,128.5375136,의료폐기물,,,,60,2021,대구광역시 달서구청,053-667-2745,2025-12-10,3470000,대구광역시 달서구
더동안의원,대구광역시 달서구 달구벌대로 1545 (죽전동),,35.8503705,128.5360897,의료폐기물,,,,520,2021,대구광역시 달서구청,053-667-2745,2025-12-10,3470000,대구광역시 달서구
더데이의원,"대구광역시 달서구 월곡로 379, 303호 (월성동)",,35.8254868,128.5298324,의료폐기물,,,,410,2023,대구광역시 달서구청,053-667-2745,2025-12-10,3470000,대구광역시 달서구
더나은치과의원,"대구광역시 달서구 월배로 138, 7층 (진천동)",,35.81544607,128.5295035,의료폐기물,,,,430,2025,대구광역시 달서구청,053-667-2745,2025-12-10,3470000,대구광역시 달서구
더나은병원,대구광역시 달서구 달구벌대로 1576 (감삼동),,35.85052134,128.5395025,의료폐기물,,,,37.5,2019,대구광역시 달서구청,053-667-2745,2025-12-10,3470000,대구광역시 달서구
더나은365한의원(대곡도원),"대구광역시 달서구 도원로 36, 2층 (도원동)",,35.8064892,128.5352428,의료폐기물,,,,5630,2023,대구광역시 달서구청,053-667-2745,2025-12-10,3470000,대구광역시 달서구
더나은 365한의원 성서이곡점,대구광역시 달서구 계대동문로 124 (이곡동),,35.85508076,128.5059063,의료폐기물,,,,590,2022,대구광역시 달서구청,053-667-2745,2025-12-10,3470000,대구광역시 달서구
대한적십자사대구경북혈액원(계명대 헌혈의집),대구광역시 달서구 달구벌대로 1095 (신당동),,35.8535543479,128.4814937504,의료폐기물,,,,470,2020,대구광역시 달서구청,053-667-2745,2025-12-10,3470000,대구광역시 달서구
대한민국상이군경회 대구보훈병원장례사업소,대구광역시 달서구 월곡로 60 (도원동),,35.80282112,128.5517076,의료폐기물,,,,375,2010,대구광역시 달서구청,053-667-2745,2025-12-10,3470000,대구광역시 달서구
대운실버타운,대구광역시 달서구 중흥로16길 65 (송현동),,35.82657276,128.5563716,의료폐기물,,,,100,2017,대구광역시 달서구청,053-667-2745,2025-12-10,3470000,대구광역시 달서구
대구행복요양병원,대구광역시 달서구 월배로 120 (진천동),,35.8145024757,128.5274065628,의료폐기물,,,,70,2018,대구광역시 달서구청,053-667-2745,2025-12-10,3470000,대구광역시 달서구
대구탑연합정형외과,대구광역시 달서구 달구벌대로 1542 (감삼동),,35.84956233,128.5357138,의료폐기물,,,,3490,2012,대구광역시 달서구청,053-667-2745,2025-12-10,3470000,대구광역시 달서구
대구스마트치과의원(죽전),대구광역시 달서구 달구벌대로 1551 (죽전동),,35.8504673833,128.5365155689,의료폐기물,,,,310,2022,대구광역시 달서구청,053-667-2745,2025-12-10,3470000,대구광역시 달서구
대구스마트치과의원(월성),대구광역시 달서구 조암로 29 (월성동),,35.82454798,128.5268092,의료폐기물,,,,37.5,2022,대구광역시 달서구청,053-667-2745,2025-12-10,3470000,대구광역시 달서구
대구샘노인요양센터,대구광역시 달서구 진천로3길 80 (진천동),,35.8104884655,128.5212439857,의료폐기물,,,,57.5,2014,대구광역시 달서구청,053-667-2745,2025-12-10,3470000,대구광역시 달서구
대구본플란트치과의원,"대구광역시 달서구 용산로 220, 4층 (용산동)",,35.85718635,128.5308514,의료폐기물,,,,12,2023,대구광역시 달서구청,053-667-2745,2025-12-10,3470000,대구광역시 달서구
대구명성요양병원,대구광역시 달서구 성당로 223 (두류동),,35.85219068,128.5731786,의료폐기물,,,,37.5,2013,대구광역시 달서구청,053-667-2745,2025-12-10,3470000,대구광역시 달서구
대구달서소방서,대구광역시 달서구 학산로 75 (월성동),,35.83105251,128.5347314,의료폐기물,,,,11990,2022,대구광역시 달서구청,053-667-2745,2025-12-10,3470000,대구광역시 달서구
대구나눔의료소비자생활협동조합,대구광역시 달서구 구마로 258 (송현동),,35.83703307,128.5561338,의료폐기물,,,,1800,2014,대구광역시 달서구청,053-667-2745,2025-12-10,3470000,대구광역시 달서구
대구기독병원장례식장,대구광역시 달서구 달구벌대로 1750 (두류동),,35.85702345,128.5568641,의료폐기물,,,,52,2013,대구광역시 달서구청,053-667-2745,2025-12-10,3470000,대구광역시 달서구
대구가톨릭의원,대구광역시 달서구 성서공단북로 308 (갈산동),,35.84379595,128.5066385,의료폐기물,,,,10,2019,대구광역시 달서구청,053-667-2745,2025-12-10,3470000,대구광역시 달서구
대구S한방병원,대구광역시 달서구 달구벌대로 1666 (두류동),,35.85404025,128.5485187,의료폐기물,,,,314,2020,대구광역시 달서구청,053-667-2745,2025-12-10,3470000,대구광역시 달서구
대구S치과,대구광역시 달서구 달구벌대로251길 33_ 601호 (이곡동),,35.85515387,128.5047112,의료폐기물,,,,1500,2015,대구광역시 달서구청,053-667-2745,2025-12-10,3470000,대구광역시 달서구
대구24시바른동물의료센터,대구광역시 달서구 와룡로 142 (감삼동),,35.84530909,128.537552,의료폐기물,,,,26.5,2021,대구광역시 달서구청,053-667-2745,2025-12-10,3470000,대구광역시 달서구
대구24시 라이프 동물의료센터,대구광역시 달서구 달구벌대로 1601 (감삼동),,35.85218867,128.5416505,의료폐기물,,,,390,2021,대구광역시 달서구청,053-667-2745,2025-12-10,3470000,대구광역시 달서구
대구 민치과의원,대구광역시 달서구 당산로 27 (본리동),,35.83984158,128.5442571,의료폐기물,,,,390,2010,대구광역시 달서구청,053-667-2745,2025-12-10,3470000,대구광역시 달서구
대곡치과의원,대구광역시 달서구 도원로 30_ 302호 (도원동_ 대곡프라자),,35.80720962,128.5353406,의료폐기물,,,,21.5,2000,대구광역시 달서구청,053-667-2745,2025-12-10,3470000,대구광역시 달서구
대곡최내과,대구광역시 달서구 한실로 67 (도원동),,35.80731082,128.5340581,의료폐기물,,,,21.5,2000,대구광역시 달서구청,053-667-2745,2025-12-10,3470000,대구광역시 달서구
대곡제일내과,대구광역시 달서구 도원로 30 (도원동),,35.80720962,128.5353406,의료폐기물,,,,16.5,2000,대구광역시 달서구청,053-667-2745,2025-12-10,3470000,대구광역시 달서구
대곡연세의원,"대구광역시 달서구 야외음악당로 201, 정호빌딩 (두류동)",,35.85366012,128.5569191,의료폐기물,,,,55.5,2025,대구광역시 달서구청,053-667-2745,2025-12-10,3470000,대구광역시 달서구
대곡신세계미산부인과,대구광역시 달서구 도원로 19 (도원동),,35.80792451,128.5360804,의료폐기물,,,,160,2000,대구광역시 달서구청,053-667-2745,2025-12-10,3470000,대구광역시 달서구
대곡시원제통의원,대구광역시 달서구 비슬로 2716_ 4층 (대곡동),,35.80906496,128.5122765,의료폐기물,,,,15,2016,대구광역시 달서구청,053-667-2745,2025-12-10,3470000,대구광역시 달서구
대곡소아과의원,대구광역시 달서구 도원로 29 (도원동_ 중앙빌딩3층),,35.80714962,128.5360261,의료폐기물,,,,180,2009,대구광역시 달서구청,053-667-2745,2025-12-10,3470000,대구광역시 달서구
대곡미래연합의원,대구광역시 달서구 한실로 69_ 301호 (도원동),,35.80728178,128.5342901,의료폐기물,,,,11,2014,대구광역시 달서구청,053-667-2745,2025-12-10,3470000,대구광역시 달서구
대곡더좋은치과,"대구광역시 달서구 한실로 67, 2층 (도원동)",,35.80731082,128.5340581,의료폐기물,,,,111,2020,대구광역시 달서구청,053-667-2745,2025-12-10,3470000,대구광역시 달서구
대곡다나연합내과의원,대구광역시 달서구 비슬로 2716 (대곡동),,35.80906496,128.5122765,의료폐기물,,,,27.5,2014,대구광역시 달서구청,053-667-2745,2025-12-10,3470000,대구광역시 달서구
대곡경대플러스마취통증의학과의원,대구광역시 달서구 도원로 29 (도원동),,35.80714962,128.5360261,의료폐기물,,,,630,2014,대구광역시 달서구청,053-667-2745,2025-12-10,3470000,대구광역시 달서구
대곡가톨릭요양원,대구광역시 달서구 갈밭로4길 39 (대곡동),,35.80429156,128.5289110067,의료폐기물,,,,110,2022,대구광역시 달서구청,053-667-2745,2025-12-10,3470000,대구광역시 달서구
대경신경과의원,대구광역시 달서구 달구벌대로 1762_ 3층 302호 (두류동),,35.85734324,128.5584299,의료폐기물,,,,100,2014,대구광역시 달서구청,053-667-2745,2025-12-10,3470000,대구광역시 달서구
당당한방병원,대구광역시 달서구 두류공원로 256. 10~14층 (두류동),,35.85644611,128.5589495,의료폐기물,,,,260,2025,대구광역시 달서구청,053-667-2745,2025-12-10,3470000,대구광역시 달서구
달성외과의원,대구광역시 달서구 파도고개로 3 (성당동),,35.85116479,128.5729654,의료폐기물,,,,1500,2009,대구광역시 달서구청,053-667-2745,2025-12-10,3470000,대구광역시 달서구
달서한독요양원,대구광역시 달서구 학산로 16 (월성동),,35.82692336,128.531578,의료폐기물,,,,9,2023,대구광역시 달서구청,053-667-2745,2025-12-10,3470000,대구광역시 달서구
달서치과,대구광역시 달서구 월배로 113 (진천동),,35.81495523,128.5268074,의료폐기물,,,,40,2000,대구광역시 달서구청,053-667-2745,2025-12-10,3470000,대구광역시 달서구
달서참조은치과의원,대구광역시 달서구 진천로23길 70 (대천동),,35.8153026589,128.5205356,의료폐기물,,,,21.5,2013,대구광역시 달서구청,053-667-2745,2025-12-10,3470000,대구광역시 달서구
달서연합정형외과의원,대구광역시 달서구 달구벌대로 1660 (감삼동),,35.85378598,128.5477006942,의료폐기물,,,,27.5,2020,대구광역시 달서구청,053-667-2745,2025-12-10,3470000,대구광역시 달서구
달서연합의원,대구광역시 달서구 월배로 432_ 2층 (송현동_ 삼성빌딩),,35.83221833,128.5530918,의료폐기물,,,,80,2001,대구광역시 달서구청,053-667-2745,2025-12-10,3470000,대구광역시 달서구
달서여성메디파크의원,대구광역시 달서구 용산로 139_ 8층 (용산동),,35.84988084,128.5301256,의료폐기물,,,,17,2006,대구광역시 달서구청,053-667-2745,2025-12-10,3470000,대구광역시 달서구
달서미즈맘병원,대구광역시 달서구 월배로 62 (진천동_ 미즈맘병원),,35.8132799,128.5213289,의료폐기물,,,,330,2017,대구광역시 달서구청,053-667-2745,2025-12-10,3470000,대구광역시 달서구
달서도원실버홈,대구광역시 달서구 월곡로 113-15 (도원동),,35.80673917,128.5490476,의료폐기물,,,,2464,2025,대구광역시 달서구청,053-667-2745,2025-12-10,3470000,대구광역시 달서구
달서구보건소,대구광역시 달서구 학산로 45 (월성동),,35.82991481,128.5328345,의료폐기물,,,,280,2009,대구광역시 달서구청,053-667-2745,2025-12-10,3470000,대구광역시 달서구
단디플란트치과의원,"대구광역시 달서구 월곡로 180, 3층 (상인동)",,35.81221896,128.5451128,의료폐기물,,,,1050,2025,대구광역시 달서구청,053-667-2745,2025-12-10,3470000,대구광역시 달서구
닥터한 정형외과,대구광역시 달서구 장기로 268 (장기동),,35.84384259,128.5309112,의료폐기물,,,,37.5,2015,대구광역시 달서구청,053-667-2745,2025-12-10,3470000,대구광역시 달서구
닥터존 정형외과의원,"대구광역시 달서구 조암로 5, 월성수메디컬빌딩 3층 (월성동)",,35.8253870176,128.529275629,의료폐기물,,,,175,2024,대구광역시 달서구청,053-667-2745,2025-12-10,3470000,대구광역시 달서구
닥터신 이비인후과의원,"대구광역시 달서구 진천로 117, 2층 (대천동)",,35.81888822,128.5212679,의료폐기물,,,,120,2020,대구광역시 달서구청,053-667-2745,2025-12-10,3470000,대구광역시 달서구
닥터디자이너의원,대구광역시 달서구 달구벌대로 1545 (죽전동),,35.8503705,128.5360897,의료폐기물,,,,100,2020,대구광역시 달서구청,053-667-2745,2025-12-10,3470000,대구광역시 달서구
다정한산부인과의원,대구광역시 달서구 용산로 218_ 2층 (용산동_ 서진상가),,35.85696098,128.5308485,의료폐기물,,,,150,2009,대구광역시 달서구청,053-667-2745,2025-12-10,3470000,대구광역시 달서구
다인치과,대구광역시 달서구 월배로 71_ 206호 (진천동_ 트원팰리스상가),,35.81422888,128.5221159,의료폐기물,,,,13,2009,대구광역시 달서구청,053-667-2745,2025-12-10,3470000,대구광역시 달서구
다온피부과의원,"대구광역시 달서구 조암로 1, 303,304,305호 (월성동, 미래타워)",,35.82567725,128.529702,의료폐기물,,,,25,2017,대구광역시 달서구청,053-667-2745,2025-12-10,3470000,대구광역시 달서구
다니엘이비인후과,대구광역시 달서구 조암로 4 (월성동),,35.82624963,128.5291891,의료폐기물,,,,240,2016,대구광역시 달서구청,053-667-2745,2025-12-10,3470000,대구광역시 달서구
다니엘소아청소년과,대구광역시 달서구 조암로 4 (월성동),,35.82624963,128.5291891,의료폐기물,,,,62,2016,대구광역시 달서구청,053-667-2745,2025-12-10,3470000,대구광역시 달서구
다나을외과의원,대구광역시 달서구 장기로 136 (성당동),,35.84373367,128.5456037,의료폐기물,,,,31,2012,대구광역시 달서구청,053-667-2745,2025-12-10,3470000,대구광역시 달서구
다나연합내과,대구광역시 달서구 용산로24길 87 (감삼동),,35.84927892,128.5351232,의료폐기물,,,,125,2014,대구광역시 달서구청,053-667-2745,2025-12-10,3470000,대구광역시 달서구
다나소아청소년과,대구광역시 달서구 명덕로 10 (두류동),,35.8610713,128.5721465,의료폐기물,,,,480,2011,대구광역시 달서구청,053-667-2745,2025-12-10,3470000,대구광역시 달서구
니즈연합치과의원,대구광역시 달서구 월배로 331 (송현동),,35.82519119,128.5463125,의료폐기물,,,,47.5,2008,대구광역시 달서구청,053-667-2745,2025-12-10,3470000,대구광역시 달서구
늘편한 신내과의원,대구광역시 달서구 월배로 71_ 303_304호 (진천동_ 트윈펠리스상가),,35.81422888,128.5221159,의료폐기물,,,,21.5,2009,대구광역시 달서구청,053-667-2745,2025-12-10,3470000,대구광역시 달서구
늘봄치과,대구광역시 달서구 장기로 167 (본리동),,35.84304462,128.5418963,의료폐기물,,,,300,2013,대구광역시 달서구청,053-667-2745,2025-12-10,3470000,대구광역시 달서구
늘곁에 구강내과 치과의원,"대구광역시 달서구 월배로 137, 5층 (진천동)",,35.81589054,128.5291882,의료폐기물,,,,37.5,2017,대구광역시 달서구청,053-667-2745,2025-12-10,3470000,대구광역시 달서구
노치과의원,대구광역시 달서구 이곡공원로 46 (이곡동),,35.85501733,128.5123841,의료폐기물,,,,27.5,2000,대구광역시 달서구청,053-667-2745,2025-12-10,3470000,대구광역시 달서구
네오미피부과의원,대구광역시 달서구 조암로 24 (월성동),,35.82554626,128.5270988,의료폐기물,,,,21.5,2016,대구광역시 달서구청,053-667-2745,2025-12-10,3470000,대구광역시 달서구
내안에유산부인과,"대구광역시 달서구 조암로 39, 501-502호 (월성동)",,35.82427486,128.5260639,의료폐기물,,,,220,2018,대구광역시 달서구청,053-667-2745,2025-12-10,3470000,대구광역시 달서구
내눈에꽃의원,대구광역시 달서구 월배로 168 (상인동),,35.81670243,128.532287,의료폐기물,,,,113,2013,대구광역시 달서구청,053-667-2745,2025-12-10,3470000,대구광역시 달서구
남내과의원,대구광역시 달서구 달구벌대로 1660 (감삼동),,35.85378598,128.5477006942,의료폐기물,,,,54,2000,대구광역시 달서구청,053-667-2745,2025-12-10,3470000,대구광역시 달서구
나사렛연합내과의원,대구광역시 달서구 용산로 141_ 601호 (용산동),,35.85012433,128.5301177,의료폐기물,,,,11,2008,대구광역시 달서구청,053-667-2745,2025-12-10,3470000,대구광역시 달서구
나문주종합의원,대구광역시 달서구 월성로 30_ 1층 (월성동),,35.83156926,128.5323024,의료폐기물,,,,660,2000,대구광역시 달서구청,053-667-2745,2025-12-10,3470000,대구광역시 달서구
나라신경외과의원,대구광역시 달서구 월배로 327_ 1층 (송현동),,35.8248871,128.5460317,의료폐기물,,,,33,2000,대구광역시 달서구청,053-667-2745,2025-12-10,3470000,대구광역시 달서구
꽃담 한방병원 월성점,"대구광역시 달서구 조암로 20, 4,5,6,7층 (월성동)",,35.82570587,128.5274108,의료폐기물,,,,46,2024,대구광역시 달서구청,053-667-2745,2025-12-10,3470000,대구광역시 달서구
김희택이비인후과의원,대구광역시 달서구 월배로 491 (송현동),,35.83679567,128.5564739,의료폐기물,,,,600,2000,대구광역시 달서구청,053-667-2745,2025-12-10,3470000,대구광역시 달서구
김필영내과,대구광역시 달서구 상인서로 94 (상인동_태왕한양동화상가205),,35.81832409,128.5407872,의료폐기물,,,,12,2006,대구광역시 달서구청,053-667-2745,2025-12-10,3470000,대구광역시 달서구
김태형피부과의원,대구광역시 달서구 용산로 232 (용산동),,35.85830408,128.5308769,의료폐기물,,,,27,2000,대구광역시 달서구청,053-667-2745,2025-12-10,3470000,대구광역시 달서구
김창희치과의원,대구광역시 달서구 월성로 42 (월성동),,35.83160942,128.5307751,의료폐기물,,,,10,2011,대구광역시 달서구청,053-667-2745,2025-12-10,3470000,대구광역시 달서구
김창원이비인후과,대구광역시 달서구 월배로 400 (송현동),,35.8298813,128.5512564,의료폐기물,,,,21.5,2000,대구광역시 달서구청,053-667-2745,2025-12-10,3470000,대구광역시 달서구
김진성 정신건강의학과의원,대구광역시 달서구 월배로 106_ 2층 (진천동),,35.81423944,128.5261672,의료폐기물,,,,19,2016,대구광역시 달서구청,053-667-2745,2025-12-10,3470000,대구광역시 달서구
김종환치과,대구광역시 달서구 구마로 131 (본리동),,35.83762525,128.5420026,의료폐기물,,,,27,2000,대구광역시 달서구청,053-667-2745,2025-12-10,3470000,대구광역시 달서구
김종원치과,대구광역시 달서구 한실로 99 (도원동),,35.80693822,128.5375396,의료폐기물,,,,21.5,2000,대구광역시 달서구청,053-667-2745,2025-12-10,3470000,대구광역시 달서구
김종식산부인과,대구광역시 달서구 달구벌대로 1896 (두류동),,35.8617027219,128.5718558,의료폐기물,,,,21.5,2011,대구광역시 달서구청,053-667-2745,2025-12-10,3470000,대구광역시 달서구
김이근내과의원,대구광역시 달서구 용산로 225 (용산동),,35.85780401,128.5303167,의료폐기물,,,,16,2000,대구광역시 달서구청,053-667-2745,2025-12-10,3470000,대구광역시 달서구
김영재치과,대구광역시 달서구 구마로 193 (성당동),,35.83744786,128.5489203,의료폐기물,,,,17.5,2000,대구광역시 달서구청,053-667-2745,2025-12-10,3470000,대구광역시 달서구
김앤신연합소아청소년의원,대구광역시 달서구 상원로 128 (상인동),,35.81984395,128.5307669,의료폐기물,,,,21.5,2007,대구광역시 달서구청,053-667-2745,2025-12-10,3470000,대구광역시 달서구
김앤신경과의원,"대구광역시 달서구 달구벌대로 1672, 5층 (두류동)",,35.85420641,128.5490448669,의료폐기물,,,,21,2025,대구광역시 달서구청,053-667-2745,2025-12-10,3470000,대구광역시 달서구
김앤박연합정형외과의원,대구광역시 달서구 상화북로 211 (상인동),,35.81467276,128.5480451,의료폐기물,,,,610,2000,대구광역시 달서구청,053-667-2745,2025-12-10,3470000,대구광역시 달서구
김신향소아청소년과의원,대구광역시 달서구 당산로 43_ 4층_ 5층 (본리동),,35.84140792,128.5445323,의료폐기물,,,,54,2009,대구광역시 달서구청,053-667-2745,2025-12-10,3470000,대구광역시 달서구
김신경과의원,대구광역시 달서구 월배로 332 (송현동),,35.82492427,128.546940,의료폐기물,,,,15,2003,대구광역시 달서구청,053-667-2745,2025-12-10,3470000,대구광역시 달서구
김승민치과,대구광역시 달서구 계대동문로 30 (신당동),,35.85532144,128.4954106,의료폐기물,,,,27,2000,대구광역시 달서구청,053-667-2745,2025-12-10,3470000,대구광역시 달서구
김소진치과,대구광역시 달서구 당산로 87 (감삼동),,35.84526842,128.5443283,의료폐기물,,,,21.5,2000,대구광역시 달서구청,053-667-2745,2025-12-10,3470000,대구광역시 달서구
김성진치과의원,대구광역시 달서구 성당로 195 (성당동),,35.85047937,128.5719817,의료폐기물,,,,21.5,2000,대구광역시 달서구청,053-667-2745,2025-12-10,3470000,대구광역시 달서구
김성수신경과의원,대구광역시 달서구 월배로 489 (송현동),,35.83673354,128.5563624,의료폐기물,,,,21.5,2009,대구광역시 달서구청,053-667-2745,2025-12-10,3470000,대구광역시 달서구
김석호치과,"대구광역시 달서구 달구벌대로 1808, 2층 (두류동)",,35.8592074939,128.5627185,의료폐기물,,,,130,2020,대구광역시 달서구청,053-667-2745,2025-12-10,3470000,대구광역시 달서구
김석재내과,대구광역시 달서구 이곡서로 73 (이곡동),,35.8549377,128.5046863,의료폐기물,,,,21.5,2009,대구광역시 달서구청,053-667-2745,2025-12-10,3470000,대구광역시 달서구
김부선이비인후과의원,대구광역시 달서구 성서서로 355-1 (신당동),,35.8569364,128.4996171,의료폐기물,,,,225,2011,대구광역시 달서구청,053-667-2745,2025-12-10,3470000,대구광역시 달서구
김병삼치과,대구광역시 달서구 한실로 27 (도원동_ 나래마을상가),,35.80777318,128.5295594,의료폐기물,,,,15,2000,대구광역시 달서구청,053-667-2745,2025-12-10,3470000,대구광역시 달서구
김미주 로엘여성의원,"대구광역시 달서구 조암로 16, 2층 (월성동)",,35.82583731,128.5278553,의료폐기물,,,,21.5,2025,대구광역시 달서구청,053-667-2745,2025-12-10,3470000,대구광역시 달서구
김무원내과,대구광역시 달서구 상화북로 101 (상인동),,35.81154638,128.5374114,의료폐기물,,,,90,2000,대구광역시 달서구청,053-667-2745,2025-12-10,3470000,대구광역시 달서구
김동환내과,대구광역시 달서구 도원로 29_ 305호 (도원동_ 중앙빌딩),,35.80714962,128.5360261,의료폐기물,,,,125,2000,대구광역시 달서구청,053-667-2745,2025-12-10,3470000,대구광역시 달서구
김기윤내과의원,대구광역시 달서구 성지로 70 (용산동),,35.85549169,128.5213163,의료폐기물,,,,145,2009,대구광역시 달서구청,053-667-2745,2025-12-10,3470000,대구광역시 달서구
김교일소아청소년과,대구광역시 달서구 월배로11길 32_ 303호 (대천동),,35.81611618,128.5196384,의료폐기물,,,,48,2016,대구광역시 달서구청,053-667-2745,2025-12-10,3470000,대구광역시 달서구
김교선내과의원,대구광역시 달서구 장기로 205_ 2층 (본리동_ 일제빌딩),,35.84334102,128.5378585,의료폐기물,,,,81,2011,대구광역시 달서구청,053-667-2745,2025-12-10,3470000,대구광역시 달서구
길치과,대구광역시 달서구 용산서로 14 (용산동),,35.8577874,128.5291069674,의료폐기물,,,,47,2000,대구광역시 달서구청,053-667-2745,2025-12-10,3470000,대구광역시 달서구
금송한의원,"대구광역시 달서구 갈밭로 6, 301호(대곡동)",,35.80077732,128.5326675,의료폐기물,,,,21.5,2018,대구광역시 달서구청,053-667-2745,2025-12-10,3470000,대구광역시 달서구
그린셀의원,대구광역시 달서구 조암로 4_ 701호 (월성동),,35.82624963,128.5291891,의료폐기물,,,,160,2016,대구광역시 달서구청,053-667-2745,2025-12-10,3470000,대구광역시 달서구
그루메디신경외과,대구광역시 달서구 조암로 4_ 4층 401_ 402호 (월성동),,35.82624963,128.5291891,의료폐기물,,,,120,2015,대구광역시 달서구청,053-667-2745,2025-12-10,3470000,대구광역시 달서구
그랜드치과의원,대구광역시 달서구 월배로 58 (진천동),,35.81321116,128.5209295,의료폐기물,,,,210,2009,대구광역시 달서구청,053-667-2745,2025-12-10,3470000,대구광역시 달서구
그랜드미래흉부외과의원,대구광역시 달서구 달구벌대로 1525 (죽전동),,35.85014599,128.5339012378,의료폐기물,,,,21.5,2007,대구광역시 달서구청,053-667-2745,2025-12-10,3470000,대구광역시 달서구
권치과,대구광역시 달서구 성당로 1 (성당동),,35.8378079,128.5572181,의료폐기물,,,,320,2000,대구광역시 달서구청,053-667-2745,2025-12-10,3470000,대구광역시 달서구
권이비인후과의원,대구광역시 달서구 상인서로 103-6 (상인동),,35.81838881,128.5395594,의료폐기물,,,,21.5,2000,대구광역시 달서구청,053-667-2745,2025-12-10,3470000,대구광역시 달서구
권앤김플란트치과,대구광역시 달서구 달구벌대로 1530_ 301동 309호 (감삼동_ 삼정브리티시용산),,35.84857613,128.5329768,의료폐기물,,,,62.5,2013,대구광역시 달서구청,053-667-2745,2025-12-10,3470000,대구광역시 달서구
권순복 옥치과의원,"대구광역시 달서구 상인로 122, 1층(상인동)",,35.81738536,128.5450699,의료폐기물,,,,37.5,2019,대구광역시 달서구청,053-667-2745,2025-12-10,3470000,대구광역시 달서구
권선미유외과,대구광역시 달서구 달구벌대로 1545 (죽전동),,35.8503705,128.5360897,의료폐기물,,,,27.5,2021,대구광역시 달서구청,053-667-2745,2025-12-10,3470000,대구광역시 달서구
권석룡내과,대구광역시 달서구 월배로 414 (송현동),,35.83100097,128.5521006485,의료폐기물,,,,210,2000,대구광역시 달서구청,053-667-2745,2025-12-10,3470000,대구광역시 달서구
권부부 치과의원,대구광역시 달서구 달구벌대로 1660 (감삼동),,35.85378598,128.5477006942,의료폐기물,,,,20.5,2010,대구광역시 달서구청,053-667-2745,2025-12-10,3470000,대구광역시 달서구
굿웰치과,대구광역시 달서구 조암로 48 (월성동),,35.82441532,128.5243941,의료폐기물,,,,21.5,2013,대구광역시 달서구청,053-667-2745,2025-12-10,3470000,대구광역시 달서구
굿실버요양원,대구광역시 달서구 대명천로10길 3 (성당동),,35.83852693,128.5544029836,의료폐기물,,,,27.5,2014,대구광역시 달서구청,053-667-2745,2025-12-10,3470000,대구광역시 달서구
굿모닝이비인후과,대구광역시 달서구 월배로 130 (진천동),,35.81502236,128.5284465,의료폐기물,,,,12,2007,대구광역시 달서구청,053-667-2745,2025-12-10,3470000,대구광역시 달서구
구일치과,대구광역시 달서구 계대동문로 57 (신당동),,35.85570037,128.498638,의료폐기물,,,,65,2000,대구광역시 달서구청,053-667-2745,2025-12-10,3470000,대구광역시 달서구
구순정산부인과,대구광역시 달서구 월배로 92_ 4층 (진천동),,35.81390953,128.5246798,의료폐기물,,,,21.5,2009,대구광역시 달서구청,053-667-2745,2025-12-10,3470000,대구광역시 달서구
광장피부과,대구광역시 달서구 달구벌대로 1710_ 2층 (두류동),,35.85571575,128.5528045,의료폐기물,,,,33,2016,대구광역시 달서구청,053-667-2745,2025-12-10,3470000,대구광역시 달서구
광장치과의원,대구광역시 달서구 달구벌대로 1708 (두류동),,35.85566351,128.5526006932,의료폐기물,,,,37,2000,대구광역시 달서구청,053-667-2745,2025-12-10,3470000,대구광역시 달서구
광장신경외과,대구광역시 달서구 달구벌대로 1736 (두류동),,35.85666786,128.5552646,의료폐기물,,,,37.5,2000,대구광역시 달서구청,053-667-2745,2025-12-10,3470000,대구광역시 달서구
광산한의원,대구광역시 달서구 달구벌대로304길 39 (감삼동),,35.84798373,128.5326702,의료폐기물,,,,42,2009,대구광역시 달서구청,053-667-2745,2025-12-10,3470000,대구광역시 달서구
광명한방병원,대구광역시 달서구 월배로 195 (상인동),,35.81856501,128.5348128,의료폐기물,,,,35,2022,대구광역시 달서구청,053-667-2745,2025-12-10,3470000,대구광역시 달서구
곽치과병원,대구광역시 달서구 구마로 265_ 5층 (성당동_ 미래빌딩),,35.83791018,128.5568652,의료폐기물,,,,1896.66,2000,대구광역시 달서구청,053-667-2745,2025-12-10,3470000,대구광역시 달서구
곽신일이비인후과의원,대구광역시 달서구 달구벌대로 1714_ 2층 (두류동),,35.8558752,128.5531278,의료폐기물,,,,77.5,2011,대구광역시 달서구청,053-667-2745,2025-12-10,3470000,대구광역시 달서구
공단치과,대구광역시 달서구 달구벌대로 1212 (이곡동),,35.85151492,128.4999809,의료폐기물,,,,15,2000,대구광역시 달서구청,053-667-2745,2025-12-10,3470000,대구광역시 달서구
고운치과의원,대구광역시 달서구 달구벌대로 1542 (감삼동),,35.84956233,128.5357138,의료폐기물,,,,21.5,2007,대구광역시 달서구청,053-667-2745,2025-12-10,3470000,대구광역시 달서구
고운아이소아청소년과의원,"대구광역시 달서구 달서대로 65-25, 2층(유천동)",,35.81295596,128.5095144,의료폐기물,,,,21.5,2018,대구광역시 달서구청,053-667-2745,2025-12-10,3470000,대구광역시 달서구
고앤박치과의원,"대구광역시 달서구 월배로 322, 4층 (송현동)",,35.82412736,128.5463096,의료폐기물,,,,160,2014,대구광역시 달서구청,053-667-2745,2025-12-10,3470000,대구광역시 달서구
고성만내과,대구광역시 달서구 월배로 395 (송현동),,35.82993373,128.5504157,의료폐기물,,,,27.5,2005,대구광역시 달서구청,053-667-2745,2025-12-10,3470000,대구광역시 달서구
고른이연합치과,대구광역시 달서구 한들로 19 (장기동),,35.84811006,128.5284527,의료폐기물,,,,360,2010,대구광역시 달서구청,053-667-2745,2025-12-10,3470000,대구광역시 달서구
계명문화대학교,대구광역시 달서구 달서대로 675 (신당동),,35.85945336,128.4863362,의료폐기물,,,,21.5,2013,대구광역시 달서구청,053-667-2745,2025-12-10,3470000,대구광역시 달서구
계명대학교산학협력단,대구광역시 달서구 달구벌대로 1095 (신당동),,35.8535543479,128.4814937504,의료폐기물,,,,450,2011,대구광역시 달서구청,053-667-2745,2025-12-10,3470000,대구광역시 달서구
계명대학교(의대_간호학과),대구광역시 달서구 달구벌대로 1095 (신당동),,35.8535543479,128.4814937504,의료폐기물,,,,1715,2010,대구광역시 달서구청,053-667-2745,2025-12-10,3470000,대구광역시 달서구
계명대학교,대구광역시 달서구 달구벌대로 1095 (신당동),,35.8535543479,128.4814937504,의료폐기물,,,,2020,2001,대구광역시 달서구청,053-667-2745,2025-12-10,3470000,대구광역시 달서구
경일신경과내과의원,대구광역시 달서구 달구벌대로 1814 (두류동),,35.8594358,128.5634305,의료폐기물,,,,1010,2011,대구광역시 달서구청,053-667-2745,2025-12-10,3470000,대구광역시 달서구
경북실버타운,대구광역시 달서구 조암남로14길 19 (월성동),,35.82163189,128.5251665,의료폐기물,,,,580,2021,대구광역시 달서구청,053-667-2745,2025-12-10,3470000,대구광역시 달서구
경대탑내과의원,"대구광역시 달서구 조암로 16, 3층 (월성동)",,35.82583731,128.5278553,의료폐기물,,,,40,2020,대구광역시 달서구청,053-667-2745,2025-12-10,3470000,대구광역시 달서구
경대케이속내과,대구광역시 달서구 장기로 217 (본리동),,35.84331643,128.5364508763,의료폐기물,,,,270,2022,대구광역시 달서구청,053-667-2745,2025-12-10,3470000,대구광역시 달서구
경대최강마취통증의학과의원,"대구광역시 달서구 조암로 1, 미래타워 403,404호 (월성동)",,35.82567725,128.529702,의료폐기물,,,,620,2024,대구광역시 달서구청,053-667-2745,2025-12-10,3470000,대구광역시 달서구
경대연합팔팔한속내과,"대구광역시 달서구 월배로 120, 2층 202호(진천동, 서호메디컬타워)",,35.8145024757,128.5274065628,의료폐기물,,,,430,2018,대구광역시 달서구청,053-667-2745,2025-12-10,3470000,대구광역시 달서구
경대연합진내과,대구광역시 달서구 장기로 140 (성당동),,35.84372851,128.5451607,의료폐기물,,,,180,2021,대구광역시 달서구청,053-667-2745,2025-12-10,3470000,대구광역시 달서구
경대연합안과,대구광역시 달서구 월배로 233 (상인동),,35.8195047,128.5387548,의료폐기물,,,,130,2009,대구광역시 달서구청,053-667-2745,2025-12-10,3470000,대구광역시 달서구
경대연합 심건강내과,"대구광역시 달서구 월배로 201, 2층 (상인동)",,35.81854989,128.5355211,의료폐기물,,,,37.5,2024,대구광역시 달서구청,053-667-2745,2025-12-10,3470000,대구광역시 달서구
경대연합 따뜻한 속 내과 의원,대구광역시 달서구 와룡로 169 (감삼동),,35.84872715,128.5363784,의료폐기물,,,,1320,2015,대구광역시 달서구청,053-667-2745,2025-12-10,3470000,대구광역시 달서구
경대리즈유외과의원,"대구광역시 달서구 조암로 4, 그루메디컬 3층 301호,302호 (월성동)",,35.82624963,128.5291891,의료폐기물,,,,310,2024,대구광역시 달서구청,053-667-2745,2025-12-10,3470000,대구광역시 달서구
건도미치과의원,대구광역시 달서구 월성로 20 (월성동),,35.83158006,128.533144,의료폐기물,,,,230,2004,대구광역시 달서구청,053-667-2745,2025-12-10,3470000,대구광역시 달서구
건강한속내과,대구광역시 달서구 조암로 48_ 206호 (월성동),,35.82441532,128.5243941,의료폐기물,,,,21.5,2014,대구광역시 달서구청,053-667-2745,2025-12-10,3470000,대구광역시 달서구
강창더좋은치과,대구광역시 달서구 달구벌대로 1019_ 동행빌딩 3층 302호 (호산동),,35.85341966,128.4788859,의료폐기물,,,,650,2023,대구광역시 달서구청,053-667-2745,2025-12-10,3470000,대구광역시 달서구
강석진웰키움소아청소년과의원,대구광역시 달서구 월배로 138 (진천동),,35.81544607,128.5295035,의료폐기물,,,,37.5,2023,대구광역시 달서구청,053-667-2745,2025-12-10,3470000,대구광역시 달서구
가톨릭이비인후과의원,대구광역시 달서구 달구벌대로 1736_ 3층 (두류동_ 분도빌딩),,35.85666786,128.5552646,의료폐기물,,,,460,2003,대구광역시 달서구청,053-667-2745,2025-12-10,3470000,대구광역시 달서구
가톨릭연합정형외과의원,대구광역시 달서구 월배로 379 (송현동),,35.8287524,128.5494148,의료폐기물,,,,21.5,2007,대구광역시 달서구청,053-667-2745,2025-12-10,3470000,대구광역시 달서구
가톨릭연합내과의원,"대구광역시 달서구 월배로 168, 601~603호(상인동)",,35.81670243,128.532287,의료폐기물,,,,137,2018,대구광역시 달서구청,053-667-2745,2025-12-10,3470000,대구광역시 달서구
가톨릭안과의원,대구광역시 달서구 계대동문로 120 (이곡동),,35.85511969,128.5055635,의료폐기물,,,,2840,2009,대구광역시 달서구청,053-667-2745,2025-12-10,3470000,대구광역시 달서구
가톨릭서부내과,"대구광역시 달서구 월배로 473, 3층 (송현동)",,35.83546899,128.5556038,의료폐기물,,,,275,2020,대구광역시 달서구청,053-667-2745,2025-12-10,3470000,대구광역시 달서구
가온해치과,"대구광역시 달서구 조암로 40, 3층 (월성동)",,35.8248027891,128.5253068,의료폐기물,,,,1700,2017,대구광역시 달서구청,053-667-2745,2025-12-10,3470000,대구광역시 달서구
가봄 요양원,"대구광역시 달서구 구마로12길 73, 가봄요양원&주간보호 2, 3, 4층 (본동)",,35.83385317,128.5340592,의료폐기물,,,,27.5,2023,대구광역시 달서구청,053-667-2745,2025-12-10,3470000,대구광역시 달서구
가까운요양원,대구광역시 달서구 명천로 10-4 (대곡동),,35.80848587,128.5125237,의료폐기물,,,,40,2021,대구광역시 달서구청,053-667-2745,2025-12-10,3470000,대구광역시 달서구
S병원 장례식장,대구광역시 달서구 와룡로 57 (본리동),,35.83788085,128.5364255,의료폐기물,,,,60,2008,대구광역시 달서구청,053-667-2745,2025-12-10,3470000,대구광역시 달서구
365열린종합내과,대구광역시 달서구 월배로 327_ 4층 (송현동_ 화림빌딩),,35.8248871,128.5460317,의료폐기물,,,,15,2008,대구광역시 달서구청,053-667-2745,2025-12-10,3470000,대구광역시 달서구
365열린우리의원,대구광역시 달서구 월배로 491 (송현동),,35.83679567,128.5564739,의료폐기물,,,,94,2024,대구광역시 달서구청,053-667-2745,2025-12-10,3470000,대구광역시 달서구
365상쾌한속연합내과의원,"대구광역시 달서구 이곡공원로 12, 3층 (이곡동)",,35.85499426,128.5087030825,의료폐기물,,,,125,2023,대구광역시 달서구청,053-667-2745,2025-12-10,3470000,대구광역시 달서구
(주)한국비엔씨,대구광역시 달서구 성서공단로11길 62_ 벤처공장1호관동 405호 (호산동),,35.84035806,128.4885247,의료폐기물,,,,1160,2016,대구광역시 달서구청,053-667-2745,2025-12-10,3470000,대구광역시 달서구
(주)제일제약,대구광역시 달서구 성서로 18-29 (대천동),,35.82098208,128.5060405,의료폐기물,,,,2770,2015,대구광역시 달서구청,053-667-2745,2025-12-10,3470000,대구광역시 달서구
(주)제니즘바이오,"대구광역시 달서구 용산로 225, 3층 303호 (용산동)",,35.85780401,128.5303167,의료폐기물,,,,160,2024,대구광역시 달서구청,053-667-2745,2025-12-10,3470000,대구광역시 달서구
(주)엠 모니터,대구광역시 달서구 성서공단로11길 62_ 6층 633호 (호산동),,35.84035806,128.4885247,의료폐기물,,,,1050,2016,대구광역시 달서구청,053-667-2745,2025-12-10,3470000,대구광역시 달서구
(주)덴티스,대구광역시 달서구 성서서로 99 (월암동),,35.83386439,128.499704,의료폐기물,,,,80,2008,대구광역시 달서구청,053-667-2745,2025-12-10,3470000,대구광역시 달서구
(재)티엘엠복지선교회 예수의원,대구광역시 달서구 두류공원로28길 31 (성당동),,35.8486320764,128.5681152,의료폐기물,,,,560,2000,대구광역시 달서구청,053-667-2745,2025-12-10,3470000,대구광역시 달서구
(의)해성의료재단,대구광역시 달서구 계대동문로 96 (이곡동),,35.85510659,128.5028168,의료폐기물,,,,6730,2015,대구광역시 달서구청,053-667-2745,2025-12-10,3470000,대구광역시 달서구
(의)열경의료재단,대구광역시 달서구 학산로 121 (본동),,35.83363375,128.5396364,의료폐기물,,,,549,2000,대구광역시 달서구청,053-667-2745,2025-12-10,3470000,대구광역시 달서구
(사)대한산업보건협회 대구지역본부,대구광역시 달서구 성서공단로15길 40 (호림동),,35.83864604,128.4905961,의료폐기물,,,,202.5,2009,대구광역시 달서구청,053-667-2745,2025-12-10,3470000,대구광역시 달서구
휴먼플러스(주),대구광역시 달서구 성서공단남로23길 21 (월암동),,35.83236393,128.5044902,지정폐기물,,,,1441.66666,2013,대구광역시 달서구청,053-667-2742,2025-12-10,3470000,대구광역시 달서구
황고물,대구광역시 달서구 구마로12길 89_ 507동 511호 (본동_ 월성주공5단지아파트),,35.83318991,128.5357002,지정폐기물,,,,50000,2020,대구광역시 달서구청,053-667-2742,2025-12-10,3470000,대구광역시 달서구
현민지브이티(주),대구광역시 달서구 성서공단로58길 20 (월암동),,35.83437671,128.5138822,지정폐기물,,,,833.333333,2018,대구광역시 달서구청,053-667-2742,2025-12-10,3470000,대구광역시 달서구
현대포장사,대구광역시 달서구 달구벌대로240길 72 (신당동),,35.84510264,128.4969771,지정폐기물,,,,333.333333,2018,대구광역시 달서구청,053-667-2742,2025-12-10,3470000,대구광역시 달서구
한울상사,대구광역시 달서구 달서대로91길 102 (호산동),,35.83988628,128.4800816,지정폐기물,,,,250,2025,대구광역시 달서구청,053-667-2742,2025-12-10,3470000,대구광역시 달서구
한국환경자원공사대구경북지사,대구광역시 달서구 성서공단로 40 (대천동),,35.83282256,128.4872244,지정폐기물,,,,167,2005,대구광역시 달서구청,053-667-2742,2025-12-10,3470000,대구광역시 달서구
한국환경공단 대구경북환경본부,대구광역시 달서구 성서공단로 40 (대천동),,35.83282256,128.4872244,지정폐기물,,,,4166.66666,2021,대구광역시 달서구청,053-667-2742,2025-12-10,3470000,대구광역시 달서구
한국폐기물공동운영기구,대구광역시 달서구 성서서로 141 (갈산동),,35.83766929,128.4996742,지정폐기물,,,,39000,2019,대구광역시 달서구청,053-667-2742,2025-12-10,3470000,대구광역시 달서구
한국지역난방공사 대구지사,대구광역시 달서구 달서대로 351 (대천동),,35.8315505849,128.4896067901,지정폐기물,,,,55916.6666,2018,대구광역시 달서구청,053-667-2742,2025-12-10,3470000,대구광역시 달서구
한국지역난방공사 대구지사,대구광역시 달서구 달서대로 351 (대천동),,35.8315505849,128.4896067901,지정폐기물,,,,21125,2024,대구광역시 달서구청,053-667-2742,2025-12-10,3470000,대구광역시 달서구
하이드로텍(주),대구광역시 달서구 성서로68길 3 (갈산동),,35.8475644562,128.5078855704,지정폐기물,,,,2500,2021,대구광역시 달서구청,053-667-2742,2025-12-10,3470000,대구광역시 달서구
평강테크,대구광역시 달서구 성서공단로39길 75 (갈산동),,35.84194814,128.5022747,지정폐기물,,,,833.333333,2016,대구광역시 달서구청,053-667-2742,2025-12-10,3470000,대구광역시 달서구
태진이엔지,대구광역시 달서구 성서서로33길 38 (장동),,35.8421684201,128.4967501133,지정폐기물,,,,1250,2020,대구광역시 달서구청,053-667-2742,2025-12-10,3470000,대구광역시 달서구
태성테크,대구광역시 달서구 달서대로94길 21 (갈산동),,35.84092993,128.4946107,지정폐기물,,,,416.666666,2023,대구광역시 달서구청,053-667-2742,2025-12-10,3470000,대구광역시 달서구
태경정공,대구광역시 달서구 성서공단북로4길 24_ A동 (파호동),,35.84227723,128.4743199,지정폐기물,,,,416.666666,2024,대구광역시 달서구청,053-667-2742,2025-12-10,3470000,대구광역시 달서구
코어텍(주),대구광역시 달서구 달서대로 552 (신당동),,35.84757134,128.4939074,지정폐기물,,,,44583.3333,2020,대구광역시 달서구청,053-667-2742,2025-12-10,3470000,대구광역시 달서구
초성공업사,대구광역시 달서구 달서대로91길 131 (호림동),,35.83910749,128.4771821,지정폐기물,,,,2050,2024,대구광역시 달서구청,053-667-2742,2025-12-10,3470000,대구광역시 달서구
천일금형사,대구광역시 달서구 성서공단로21길 2 (갈산동),,35.83536082,128.4953826,지정폐기물,,,,666.666666,2024,대구광역시 달서구청,053-667-2742,2025-12-10,3470000,대구광역시 달서구
천명테크,대구광역시 달서구 성서로52길 14 (장동),,35.83962091,128.5088778,지정폐기물,,,,416.666666,2023,대구광역시 달서구청,053-667-2742,2025-12-10,3470000,대구광역시 달서구
창영정밀(주),대구광역시 달서구 성서공단로21길 6 (갈산동),,35.83571368,128.495232,지정폐기물,,,,833.333333,2024,대구광역시 달서구청,053-667-2742,2025-12-10,3470000,대구광역시 달서구
진일산업,대구광역시 달서구 달서대로109길 73 (호산동),,35.84740239,128.4837619,지정폐기물,,,,833.333333,2020,대구광역시 달서구청,053-667-2742,2025-12-10,3470000,대구광역시 달서구
진원테크,대구광역시 달서구 성서공단남로10길 52 (대천동),,35.82573917,128.4966905,지정폐기물,,,,416.666666,2020,대구광역시 달서구청,053-667-2742,2025-12-10,3470000,대구광역시 달서구
진성캐스팅,대구광역시 달서구 성서공단북로69길 32-14 (장동),,35.8449708507,128.5120214227,지정폐기물,,,,833.333333,2024,대구광역시 달서구청,053-667-2742,2025-12-10,3470000,대구광역시 달서구
지하이테크,대구광역시 달서구 성서공단남로23길 15 (월암동),,35.83179567,128.5034423,지정폐기물,,,,1000,2003,대구광역시 달서구청,053-667-2742,2025-12-10,3470000,대구광역시 달서구
㈜제우티엘,대구광역시 달서구 성서4차첨단로 141 (월암동),,35.82713676,128.5149858,지정폐기물,,,,266.666666,2023,대구광역시 달서구청,053-667-2742,2025-12-10,3470000,대구광역시 달서구
정화테크,대구광역시 달서구 성서로71길 23 (갈산동),,35.8491215,128.5048122,지정폐기물,,,,333.333333,2023,대구광역시 달서구청,053-667-2742,2025-12-10,3470000,대구광역시 달서구
전진바이오팜㈜,대구광역시 달서구 성서공단북로 295 (갈산동),,35.8446352855,128.5049497608,지정폐기물,,,,5000,2023,대구광역시 달서구청,053-667-2742,2025-12-10,3470000,대구광역시 달서구
재단법인 우리환경연구소,대구광역시 달서구 달서대로109길 20_ 308호 (신당동),,35.84914952,128.4894865,지정폐기물,,,,780,2017,대구광역시 달서구청,053-667-2742,2025-12-10,3470000,대구광역시 달서구
유신정공,대구광역시 달서구 성서4차첨단로 172 (월암동),,35.8285318176,128.5177154,지정폐기물,,,,916.666666,2018,대구광역시 달서구청,053-667-2742,2025-12-10,3470000,대구광역시 달서구
용산자원,대구광역시 달서구 새동네로 77 (용산동),,35.85487135,128.5221722,지정폐기물,,,,50000,2020,대구광역시 달서구청,053-667-2742,2025-12-10,3470000,대구광역시 달서구
올스바이오메드(주),대구광역시 달서구 성서공단남로40길 12 (월암동),,35.82896943,128.5136252,지정폐기물,,,,225,2017,대구광역시 달서구청,053-667-2742,2025-12-10,3470000,대구광역시 달서구
오선하이테크,대구광역시 달서구 성서공단북로42길 39 (갈산동),,35.84296301,128.4984119,지정폐기물,,,,1083.33333,2019,대구광역시 달서구청,053-667-2742,2025-12-10,3470000,대구광역시 달서구
오렌지 밧데리,대구광역시 달서구 호산동로36남길 34 (호산동),,35.84996131,128.4872485,지정폐기물,,,,3000,2022,대구광역시 달서구청,053-667-2742,2025-12-10,3470000,대구광역시 달서구
에스제이엔텍,대구광역시 달서구 성서공단북로3길 28 (파호동),,35.84706524,128.4753529,지정폐기물,,,,833.333333,2023,대구광역시 달서구청,053-667-2742,2025-12-10,3470000,대구광역시 달서구
에스엘(주)전자공장,대구광역시 달서구 성서4차첨단로 10 (대천동),,35.81692393,128.5061664,지정폐기물,,,,330,2020,대구광역시 달서구청,053-667-2742,2025-12-10,3470000,대구광역시 달서구
아진하이텍,대구광역시 달서구 달서대로91길 71 (호림동),,35.83899081,128.4837466,지정폐기물,,,,66.6666666,2017,대구광역시 달서구청,053-667-2742,2025-12-10,3470000,대구광역시 달서구
신양포마(주),대구광역시 달서구 성서로24길 9 (월암동),,35.82807566,128.5084106,지정폐기물,,,,2500,2018,대구광역시 달서구청,053-667-2742,2025-12-10,3470000,대구광역시 달서구
신성모터스(주),대구광역시 달서구 성서공단남로 45 (월암동),,35.83088067,128.4974745,지정폐기물,,,,7666.66666,2014,대구광역시 달서구청,053-667-2742,2025-12-10,3470000,대구광역시 달서구
승민정공,대구광역시 달서구 성서로5길 88 (대천동),,35.82722987,128.502729398,지정폐기물,,,,500,2017,대구광역시 달서구청,053-667-2742,2025-12-10,3470000,대구광역시 달서구
세계인더스트리,대구광역시 달서구 호산동로7길 13_ 1층 (호림동),,35.83814844,128.4842234,지정폐기물,,,,500,2020,대구광역시 달서구청,053-667-2742,2025-12-10,3470000,대구광역시 달서구
성재산업,대구광역시 달서구 달구벌대로 1530_ 101동 701호 (감삼동_ 삼정브리티시용산),,35.84857613,128.5329768,지정폐기물,,,,50000,2020,대구광역시 달서구청,053-667-2742,2025-12-10,3470000,대구광역시 달서구
생림비철금속,대구광역시 달서구 장기로 380 (장기동_ 외2필지),,35.84090774,128.5198449,지정폐기물,,,,700000,2000,대구광역시 달서구청,053-667-2742,2025-12-10,3470000,대구광역시 달서구
삼양자동차해체재활용산업,대구광역시 달서구 성서동로 222 (장동),,35.8402808,128.5161608,지정폐기물,,,,6333.33333,2007,대구광역시 달서구청,053-667-2742,2025-12-10,3470000,대구광역시 달서구
부강산업,대구광역시 달서구 성서공단로55길 41 (장동),,35.83969149,128.5122779,지정폐기물,,,,833.333333,2024,대구광역시 달서구청,053-667-2742,2025-12-10,3470000,대구광역시 달서구
볼텍인더스트리,대구광역시 달서구 성서4차첨단로 236 (월암동),,35.82845168,128.5183459,지정폐기물,,,,333.333333,2017,대구광역시 달서구청,053-667-2742,2025-12-10,3470000,대구광역시 달서구
밧데리 할매 본점,대구광역시 달서구 월곡로26길 7_ A동 1층 (상인동),,35.80874169,128.5489301,지정폐기물,,,,15833.3333,2020,대구광역시 달서구청,053-667-2742,2025-12-10,3470000,대구광역시 달서구
믿음자원,대구광역시 달서구 야외음악당로7길 30 (성당동),,35.84008862,128.551081,지정폐기물,,,,50000,2020,대구광역시 달서구청,053-667-2742,2025-12-10,3470000,대구광역시 달서구
로뎀기업,대구광역시 달서구 성서공단북로18길 10 (호산동),,35.84348119,128.4814767,지정폐기물,,,,44583.3333,2021,대구광역시 달서구청,053-667-2742,2025-12-10,3470000,대구광역시 달서구
대한자동차해체재활용산업,대구광역시 달서구 문화회관5길 16 (장기동),,35.8425022886,128.5228106,지정폐기물,,,,13700,2008,대구광역시 달서구청,053-667-2742,2025-12-10,3470000,대구광역시 달서구
대신산업사,대구광역시 달서구 호산로 57 (파호동),,35.84523552,128.4775119,지정폐기물,,,,500,2013,대구광역시 달서구청,053-667-2742,2025-12-10,3470000,대구광역시 달서구
대성테크,대구광역시 달서구 성서공단북로 6 (파호동),,35.84411775,128.4730468,지정폐기물,,,,416.666666,2023,대구광역시 달서구청,053-667-2742,2025-12-10,3470000,대구광역시 달서구
대성에너지(주)성서CNG충전소,대구광역시 달서구 성서공단로 97,,35.83621134,128.4928356,지정폐기물,,,,333.333333,2011,대구광역시 달서구청,053-667-2742,2025-12-10,3470000,대구광역시 달서구
대성에너지(주)대곡CNG충전소,대구광역시 달서구 한실로 10 (대곡동),,35.80717955,128.5262314,지정폐기물,,,,500,2011,대구광역시 달서구청,053-667-2742,2025-12-10,3470000,대구광역시 달서구
대동자원,대구광역시 달서구 장기로 387 (장기동),,35.84015163,128.5197024,지정폐기물,,,,400000,2022,대구광역시 달서구청,053-667-2742,2025-12-10,3470000,대구광역시 달서구
대구환경공단 성서사업소,대구광역시 달서구 성서공단로 257 (장동),,35.83628381,128.5122457,지정폐기물,,,,369166,2014,대구광역시 달서구청,053-667-2742,2025-12-10,3470000,대구광역시 달서구
대구환경공단,대구광역시 달서구 달서대로 210 (대천동),,35.82059151,128.4966483,지정폐기물,,,,36.6666666,2020,대구광역시 달서구청,053-667-2742,2025-12-10,3470000,대구광역시 달서구
대구하이텍고등학교,대구광역시 달서구 학산남로 50_ 대구하이텍고등학교 (상인동),,35.82323824,128.5386373,지정폐기물,,,,400,2021,대구광역시 달서구청,053-667-2742,2025-12-10,3470000,대구광역시 달서구
대구지방환경청,대구광역시 달서구 화암로 301_ 정부대구지방합동청사 (대곡동),,35.80480839,128.5166827,지정폐기물,,,,208.333333,2019,대구광역시 달서구청,053-667-2742,2025-12-10,3470000,대구광역시 달서구
대구일등밧데리,대구광역시 달서구 선원로 49 (신당동),,35.85942191,128.4977876,지정폐기물,,,,8333.33333,2021,대구광역시 달서구청,053-667-2742,2025-12-10,3470000,대구광역시 달서구
대구쌍둥이밧데리 본점,대구광역시 달서구 성서공단로 311 (장동),,35.83668459,128.5171004,지정폐기물,,,,50,2021,대구광역시 달서구청,053-667-2742,2025-12-10,3470000,대구광역시 달서구
대구성서산업단지관리공단환경사업소,대구광역시 달서구 달서대로 232 (대천동),,35.82196519,128.4940751,지정폐기물,,,,990,2014,대구광역시 달서구청,053-667-2742,2025-12-10,3470000,대구광역시 달서구
대구성서밧데리할매,대구광역시 달서구 평리로 86 (죽전동),,35.858566,128.5339703,지정폐기물,,,,5000,2021,대구광역시 달서구청,053-667-2742,2025-12-10,3470000,대구광역시 달서구
대구성서공단신라도금사업,대구광역시 달서구 성서로64길 25 (갈산동),,35.84564231,128.5100835,지정폐기물,,,,1250,2022,대구광역시 달서구청,053-667-2742,2025-12-10,3470000,대구광역시 달서구
대구문화예술회관,대구광역시 달서구 공원순환로 201_ 대구광역시문화예술회관 (성당동),,35.84503754,128.5593737,지정폐기물,,,,200,2020,대구광역시 달서구청,053-667-2742,2025-12-10,3470000,대구광역시 달서구
대구도시철도공사,대구광역시 달서구 월배로 250_ 대구도시철도공사 (상인동),,35.81910252,128.5404321,지정폐기물,,,,33.3333333,2020,대구광역시 달서구청,053-667-2742,2025-12-10,3470000,대구광역시 달서구
대구교통공사,대구광역시 달서구 월배로5길 39 (유천동),,35.81637666,128.5101444,지정폐기물,,,,7708,1999,대구광역시 달서구청,053-667-2742,2025-12-10,3470000,대구광역시 달서구
대구광역시 상수도사업본부 수질연구소,대구광역시 달서구 당산로 176 (두류동),,35.8500059065,128.5501247196,지정폐기물,,,,566.666666,2025,대구광역시 달서구청,053-667-2742,2025-12-10,3470000,대구광역시 달서구
대구공공시설관리공단 성서사업소,대구광역시 달서구 성서공단로 257 (장동),,35.83628381,128.5122457,지정폐기물,,,,374928.5,2000,대구광역시 달서구청,053-667-2742,2025-12-10,3470000,대구광역시 달서구
대구공공시설관리공단 서부사업소,대구광역시 달서구 달서대로 210 (대천동),,35.82059151,128.4966483,지정폐기물,,,,2712.50833,2003,대구광역시 달서구청,053-667-2742,2025-12-10,3470000,대구광역시 달서구
대경스틸,대구광역시 달서구 문화회관7길 45 (장동),,35.83935576,128.522117,지정폐기물,,,,50000,2023,대구광역시 달서구청,053-667-2742,2025-12-10,3470000,대구광역시 달서구
녹색공동배출자협회,대구광역시 달서구 문화회관길 255 (장동),,35.83941606,128.5245648,지정폐기물,,,,183250,2009,대구광역시 달서구청,053-667-2742,2025-12-10,3470000,대구광역시 달서구
남일정공,대구광역시 달서구 성서공단남로6길 10 (대천동),,35.82949487,128.4938922,지정폐기물,,,,200,2016,대구광역시 달서구청,053-667-2742,2025-12-10,3470000,대구광역시 달서구
극동볼트(주),대구광역시 달서구 성서서로 136 (갈산동),,35.83693411,128.5002629,지정폐기물,,,,600,2003,대구광역시 달서구청,053-667-2742,2025-12-10,3470000,대구광역시 달서구
광원정공,"대구광역시 달서구 성서로68길 49, 제5동 1층 2호 (갈산동)",,35.84828126,128.5125421,지정폐기물,,,,250,2025,대구광역시 달서구청,053-667-2742,2025-12-10,3470000,대구광역시 달서구
고문당인쇄㈜,대구광역시 달서구 성서로5길 73 (대천동),,35.8259026,128.5019732,지정폐기물,,,,2000,2000,대구광역시 달서구청,053-667-2742,2025-12-10,3470000,대구광역시 달서구
계명문화대학산학협력단(토양),대구광역시 달서구 달서대로 675 (신당동),,35.85945336,128.4863362,지정폐기물,,,,250,2012,대구광역시 달서구청,053-667-2742,2025-12-10,3470000,대구광역시 달서구
계명대학교,대구광역시 달서구 달구벌대로 1095 (신당동),,35.8535543479,128.4814937504,지정폐기물,,,,1416.66666,2007,대구광역시 달서구청,053-667-2742,2025-12-10,3470000,대구광역시 달서구
경북기계공업고등학교,대구광역시 달서구 월배로 275 (상인동),,35.82210509,128.5424749,지정폐기물,,,,766.666666,2013,대구광역시 달서구청,053-667-2742,2025-12-10,3470000,대구광역시 달서구
BQ테크놀로지,대구광역시 달서구 성서공단로 239_ A동 (장동),,35.8360913,128.5094088,지정폐기물,,,,50000,2019,대구광역시 달서구청,053-667-2742,2025-12-10,3470000,대구광역시 달서구
(주)화성케미칼,대구광역시 달서구 성서공단로51길 35 (장동),,35.83927611,128.5102132,지정폐기물,,,,833.333333,2020,대구광역시 달서구청,053-667-2742,2025-12-10,3470000,대구광역시 달서구
(주)한성피앤아이,대구광역시 달서구 성서공단로 108 (월암동),,35.83471364,128.494057,지정폐기물,,,,1525,2017,대구광역시 달서구청,053-667-2742,2025-12-10,3470000,대구광역시 달서구
(주)한성피앤아이,대구광역시 달서구 성서공단로 94 (월암동),,35.8336006449,128.4929027,지정폐기물,,,,1250,2017,대구광역시 달서구청,053-667-2742,2025-12-10,3470000,대구광역시 달서구
(주)한성피앤아이,대구광역시 달서구 성서공단남로10길 13 (대천동),,35.82900273,128.4977942,지정폐기물,,,,6086.66666,2001,대구광역시 달서구청,053-667-2742,2025-12-10,3470000,대구광역시 달서구
(주)팔팔금속,대구광역시 달서구 달구벌대로250길 55 (갈산동),,35.8467583,128.5038633,지정폐기물,,,,1000,2023,대구광역시 달서구청,053-667-2742,2025-12-10,3470000,대구광역시 달서구
(주)케이피앤엠,대구광역시 달서구 성서공단북로 304 (갈산동),,35.84399295,128.505722,지정폐기물,,,,50000,2025,대구광역시 달서구청,053-667-2742,2025-12-10,3470000,대구광역시 달서구
(주)케이티피앤엠,대구광역시 달서구 월배로34길 17 (상인동),,35.81592812,128.532693599,지정폐기물,,,,50000,2025,대구광역시 달서구청,053-667-2742,2025-12-10,3470000,대구광역시 달서구
(주)케이티피앤엠,대구광역시 장기로 276 (장기동),,35.84359664,128.5301551,지정폐기물,,,,50000,2025,대구광역시 달서구청,053-667-2742,2025-12-10,3470000,대구광역시 달서구
(주)케이이,대구광역시 달서구 성서공단북로 15 (파호동),,35.84483665,128.4744508,지정폐기물,,,,3266.66666,2016,대구광역시 달서구청,053-667-2742,2025-12-10,3470000,대구광역시 달서구
(주)케이와이,대구광역시 달서구 성서공단로50길 21_ 16호 (월암동),,35.83321734,128.510236,지정폐기물,,,,200,2017,대구광역시 달서구청,053-667-2742,2025-12-10,3470000,대구광역시 달서구
(주)케이랩,대구광역시 달서구 문화회관11길 49-16 (장동),,35.83984522,128.526043,지정폐기물,,,,200,2021,대구광역시 달서구청,053-667-2742,2025-12-10,3470000,대구광역시 달서구
(주)카펙발레오,대구광역시 달서구 호산동로 113 (호산동),,35.84550695,128.4851226,지정폐기물,,,,8000,2009,대구광역시 달서구청,053-667-2742,2025-12-10,3470000,대구광역시 달서구
(주)지엘에스,대구광역시 달서구 성서서로36안길 29 (갈산동),,35.84329654,128.5005864,지정폐기물,,,,2000,2022,대구광역시 달서구청,053-667-2742,2025-12-10,3470000,대구광역시 달서구
(주)지에스앤티,대구광역시 달서구 달서대로58길 94 (대천동),,35.824310,128.5026728,지정폐기물,,,,3900,2021,대구광역시 달서구청,053-667-2742,2025-12-10,3470000,대구광역시 달서구
(주)지성이엔지,대구광역시 달서구 성서공단북로 155_ 3-1동 (호산동),,35.84533743,128.4892952,지정폐기물,,,,416.666666,2024,대구광역시 달서구청,053-667-2742,2025-12-10,3470000,대구광역시 달서구
(주)제일환경,대구광역시 달서구 성서로67안길 10 (갈산동),,35.84816662,128.5014781,지정폐기물,,,,701666.666,1999,대구광역시 달서구청,053-667-2742,2025-12-10,3470000,대구광역시 달서구
(주)재영정밀,대구광역시 달서구 성서로35길 31 (월암동),,35.83210162,128.5035126,지정폐기물,,,,833.333333,2018,대구광역시 달서구청,053-667-2742,2025-12-10,3470000,대구광역시 달서구
(주)은일,대구광역시 달서구 성서로68길 25 (갈산동),,35.84760399,128.5105292,지정폐기물,,,,2166.66666,2018,대구광역시 달서구청,053-667-2742,2025-12-10,3470000,대구광역시 달서구
(주)우진하이텍,대구광역시 달서구 성서서로 76 (월암동),,35.83161969,128.5007608,지정폐기물,,,,416.666666,2023,대구광역시 달서구청,053-667-2742,2025-12-10,3470000,대구광역시 달서구
(주)우주엔비텍,대구광역시 달서구 성서4차첨단로 11 (대천동),,35.81803868,128.505472,지정폐기물,,,,500400,2007,대구광역시 달서구청,053-667-2742,2025-12-10,3470000,대구광역시 달서구
(주)엠알하이텍,대구광역시 달서구 성서공단북로69길 15 (장동),,35.84455458,128.5107784,지정폐기물,,,,200,2017,대구광역시 달서구청,053-667-2742,2025-12-10,3470000,대구광역시 달서구
(주)에이엘테크,대구광역시 달서구 성서서로 131 (갈산동),,35.83702354,128.4992675,지정폐기물,,,,1666.66666,2020,대구광역시 달서구청,053-667-2742,2025-12-10,3470000,대구광역시 달서구
(주)에스제이프로텍,대구광역시 달서구 성서공단로 144 (월암동),,35.83448817,128.4984164,지정폐기물,,,,833.333333,2014,대구광역시 달서구청,053-667-2742,2025-12-10,3470000,대구광역시 달서구
(주)아임시스템,"대구광역시 달서구 성서공단로11길 62, 대구테크노파크 성서캠퍼스 S 6동 A724-A호 (호산동)",,35.84039357,128.4885249454,지정폐기물,,,,166.666666,2025,대구광역시 달서구청,053-667-2742,2025-12-10,3470000,대구광역시 달서구
(주)신화테크,대구광역시 달서구 성서로9길 15 (대천동),,35.822310,128.5046513,지정폐기물,,,,333.333333,2012,대구광역시 달서구청,053-667-2742,2025-12-10,3470000,대구광역시 달서구
(주)신양정밀,대구광역시 달서구 성서서로19길 7 (월암동),,35.83286752,128.4992376,지정폐기물,,,,3916.66666,2014,대구광역시 달서구청,053-667-2742,2025-12-10,3470000,대구광역시 달서구
(주)성우,대구광역시 달서구 성서공단로 78 (대천동),,35.83454947,128.4910102,지정폐기물,,,,400,2015,대구광역시 달서구청,053-667-2742,2025-12-10,3470000,대구광역시 달서구
(주)삼우농기,대구광역시 달서구 성서공단북로 23 (파호동),,35.8449606645,128.4753521006,지정폐기물,,,,17600,2013,대구광역시 달서구청,053-667-2742,2025-12-10,3470000,대구광역시 달서구
(주)삼아다이아톱,대구광역시 달서구 성서공단로54길 42 (월암동),,35.8321178,128.5112628,지정폐기물,,,,250,2017,대구광역시 달서구청,053-667-2742,2025-12-10,3470000,대구광역시 달서구
(주)부성정밀,대구광역시 달서구 성서공단남로36길 13 (월암동),,35.82912449,128.512343,지정폐기물,,,,1073.33333,2017,대구광역시 달서구청,053-667-2742,2025-12-10,3470000,대구광역시 달서구
(주)보경텍스타일,대구광역시 달서구 성서공단로21길 53 (갈산동),,35.83998159,128.4937241,지정폐기물,,,,2916.66666,2018,대구광역시 달서구청,053-667-2742,2025-12-10,3470000,대구광역시 달서구
(주)범서,대구광역시 달서구 성서4차첨단로 384 (대천동),,35.8185877,128.5077371,지정폐기물,,,,29166.6666,2001,대구광역시 달서구청,053-667-2742,2025-12-10,3470000,대구광역시 달서구
(주)둔차오토모티브,대구광역시 달서구 성서공단북로18길 15 (호산동),,35.84303898,128.4826339,지정폐기물,,,,21250,2015,대구광역시 달서구청,053-667-2742,2025-12-10,3470000,대구광역시 달서구
(주)동호씨앤엠,대구광역시 달서구 성서공단남로22길 15 (월암동),,35.82876337,128.5038027,지정폐기물,,,,416.666666,2018,대구광역시 달서구청,053-667-2742,2025-12-10,3470000,대구광역시 달서구
(주)동광티앤에프,대구광역시 달서구 성서공단남로23길 10 (월암동),,35.8313753,128.5052039875,지정폐기물,,,,383.333333,2023,대구광역시 달서구청,053-667-2742,2025-12-10,3470000,대구광역시 달서구
(주)덕산,대구광역시 달서구 성서로5길 70 (대천동),,35.82552543,128.5028763,지정폐기물,,,,200,2014,대구광역시 달서구청,053-667-2742,2025-12-10,3470000,대구광역시 달서구
(주)대정인텍,대구광역시 달서구 성서공단남로 84 (월암동),,35.83006194,128.5016048,지정폐기물,,,,850,2008,대구광역시 달서구청,053-667-2742,2025-12-10,3470000,대구광역시 달서구
(주)대정밸브,대구광역시 달서구 호산동로 79 (호산동),,35.84234201,128.4851721,지정폐기물,,,,333.333333,2016,대구광역시 달서구청,053-667-2742,2025-12-10,3470000,대구광역시 달서구
(주)대원초경합금,대구광역시 달서구 호산로2길 54 (호산동),,35.8405473,128.4841423,지정폐기물,,,,833.333333,2012,대구광역시 달서구청,053-667-2742,2025-12-10,3470000,대구광역시 달서구
(주)대성엔지니어링,대구광역시 달서구 성서공단남로6길 14 (대천동),,35.82925742,128.4931697,지정폐기물,,,,2500,2016,대구광역시 달서구청,053-667-2742,2025-12-10,3470000,대구광역시 달서구
(주)뉴대한,대구광역시 달서구 성서공단로50길 41 (월암동),,35.83186995,128.5107171,지정폐기물,,,,416.666666,2022,대구광역시 달서구청,053-667-2742,2025-12-10,3470000,대구광역시 달서구
(주)금호정공,대구광역시 달서구 성서공단로22길 34 (월암동),,35.83198978,128.4941891,지정폐기물,,,,8500,2001,대구광역시 달서구청,053-667-2742,2025-12-10,3470000,대구광역시 달서구
(주)금경,대구광역시 달서구 성서공단남로19길 11 (월암동),,35.83156585,128.5018119,지정폐기물,,,,2000,2014,대구광역시 달서구청,053-667-2742,2025-12-10,3470000,대구광역시 달서구
(주)글로벌앰테크,대구광역시 달서구 성서공단남로23길 15 (월암동),,35.83179567,128.5034423,지정폐기물,,,,500,2016,대구광역시 달서구청,053-667-2742,2025-12-10,3470000,대구광역시 달서구
(주)경원정공,대구광역시 달서구 달서대로95길 102 (호산동),,35.84240052,128.4802232,지정폐기물,,,,416.666666,2024,대구광역시 달서구청,053-667-2742,2025-12-10,3470000,대구광역시 달서구
원프릭션(주),대구광역시 달서구 달구벌대로250길 42 (갈산동),,35.8479789,128.5034468,사업장폐기물,,,,5833.33333,2025,대구광역시 달서구청,053-667-2745,2025-12-10,3470000,대구광역시 달서구
우림요양원,대구광역시 달서구 성지로14안길 48 (용산동),,35.85777446,128.5221652,사업장폐기물,,,,9000,2025,대구광역시 달서구청,053-667-2745,2025-12-10,3470000,대구광역시 달서구
(주)정진누리마루,대구광역시 달서구 성서공단로 332-17 (월성동),,35.83458164,128.5195064513,사업장폐기물,,,,5000,2025,대구광역시 달서구청,053-667-2745,2025-12-10,3470000,대구광역시 달서구
다존텍(주),대구광역시 달서구 달서대로 499 (호산동),,35.84314971,128.4911061,사업장폐기물,,,,35000,2025,대구광역시 달서구청,053-667-2745,2025-12-10,3470000,대구광역시 달서구
입체코퍼레이션(주),대구광역시 달서구 성서공단로 281 (장동),,35.83634669,128.5133426,사업장폐기물,,,,833.333333,2025,대구광역시 달서구청,053-667-2745,2025-12-10,3470000,대구광역시 달서구
SK브로드밴드(주)_대구진천,대구광역시 달서구 상화로19길 6-17 (진천동),,35.80857268,128.5246223,사업장폐기물,,,,2916.66666,2025,대구광역시 달서구청,053-667-2745,2025-12-10,3470000,대구광역시 달서구
연우테크,대구광역시 달서구 성서공단북로69길 53 (갈산동),,35.84796291,128.5107331,사업장폐기물,,,,33333.3333,2025,대구광역시 달서구청,053-667-2745,2025-12-10,3470000,대구광역시 달서구
(주)유즈폴리켐,대구광역시 달서구 성서서로25안길 27 (갈산동),,35.83897874,128.4973321015,사업장폐기물,,,,3000,2025,대구광역시 달서구청,053-667-2745,2025-12-10,3470000,대구광역시 달서구
폴리켐코리아,대구광역시 달서구 성서공단북로43길 21-6 (신당동),,35.84708393,128.495064,사업장폐기물,,,,3000,2025,대구광역시 달서구청,053-667-2745,2025-12-10,3470000,대구광역시 달서구
(주)에스에스테크,대구광역시 달서구 성서공단남로10길 47 (대천동),,35.8262867,128.4980701,사업장폐기물,,,,29000,2025,대구광역시 달서구청,053-667-2745,2025-12-10,3470000,대구광역시 달서구
미니라이트엠엠티 유한회사,대구광역시 달서구 달서대로95길 91 (호산동),,35.84174169,128.481411,사업장폐기물,,,,5000,2025,대구광역시 달서구청,053-667-2745,2025-12-10,3470000,대구광역시 달서구
샤부마스터 상인점,"대구광역시 달서구 월배로 188, A동 1층 (상인동)",,35.81744207,128.5343444,사업장폐기물,,,,9083.33333,2025,대구광역시 달서구청,053-667-2745,2025-12-10,3470000,대구광역시 달서구
(주)삼우농기,대구광역시 달서구 성서공단북로 23 (파호동),,35.8449606645,128.4753521006,사업장폐기물,,,,2500,2025,대구광역시 달서구청,053-667-2745,2025-12-10,3470000,대구광역시 달서구
(주)비앤에프,대구광역시 달서구 호산동로 13 (호림동),,35.8364169,128.4853867,사업장폐기물,,,,20000,2025,대구광역시 달서구청,053-667-2745,2025-12-10,3470000,대구광역시 달서구
(주)대경아스콘,대구광역시 달서구 성서동로 289 (장기동),,35.84652217,128.5148009,사업장폐기물,,,,10000,2025,대구광역시 달서구청,053-667-2745,2025-12-10,3470000,대구광역시 달서구
(주)효림엑스이,대구광역시 달서구 성서4차첨단로 89 (대천동),,35.82357224,128.5111042163,사업장폐기물,,,,83.3333333,2025,대구광역시 달서구청,053-667-2745,2025-12-10,3470000,대구광역시 달서구
(주)한영프론텍,대구광역시 달서구 성서공단로54길 48 (월암동),,35.8316729,128.5116336,사업장폐기물,,,,3666.66666,2025,대구광역시 달서구청,053-667-2745,2025-12-10,3470000,대구광역시 달서구
체리쉬호텔,대구광역시 달서구 감삼남길 10 (감삼동),,35.84705517,128.5378959,사업장폐기물,,,,9000,2025,대구광역시 달서구청,053-667-2745,2025-12-10,3470000,대구광역시 달서구
달산테크,대구광역시 달서구 성서로5길 4 (대천동),,35.82050228,128.5041193,사업장폐기물,,,,10000,2025,대구광역시 달서구청,053-667-2745,2025-12-10,3470000,대구광역시 달서구
휴먼플러스,대구광역시 달서구 성서공단남로23길 21 (월암동),,35.83236393,128.5044902,사업장폐기물,,,,66.6666666,2024,대구광역시 달서구청,053-667-2745,2025-12-10,3470000,대구광역시 달서구
비케이 (BK)무역,대구광역시 달서구 성서로52길 16 (장동),,35.83962695,128.5092322,사업장폐기물,,,,506000,2024,대구광역시 달서구청,053-667-2745,2025-12-10,3470000,대구광역시 달서구
(주)이안테크,"대구광역시 달서구 성서로 77, 가동 (대천동)",,35.82423821,128.506945,사업장폐기물,,,,8000,2024,대구광역시 달서구청,053-667-2745,2025-12-10,3470000,대구광역시 달서구
티에이케이스펀테크(주),대구광역시 달서구 월곡로100길 25 (월성동),,35.8365244,128.524284,사업장폐기물,,,,5000,2024,대구광역시 달서구청,053-667-2745,2025-12-10,3470000,대구광역시 달서구
한국환경공단 대구경북환경본부,대구광역시 달서구 성서공단로 40 (대천동),,35.83282256,128.4872244,사업장폐기물,,,,1833.33333,2024,대구광역시 달서구청,053-667-2745,2025-12-10,3470000,대구광역시 달서구
선진요양병원,대구광역시 달서구 월배로 446 (송현동),,35.83316399,128.5542336,사업장폐기물,,,,19400,2024,대구광역시 달서구청,053-667-2745,2025-12-10,3470000,대구광역시 달서구
(주)에이스유리철강,대구광역시 달서구 성서서로47길 46 (신당동),,35.84613102,128.494731,사업장폐기물,,,,5000,2024,대구광역시 달서구청,053-667-2745,2025-12-10,3470000,대구광역시 달서구
다한다채널,대구광역시 달서구 달서대로91길 92 (호산동),,35.83997541,128.4813117,사업장폐기물,,,,8333.33333,2024,대구광역시 달서구청,053-667-2745,2025-12-10,3470000,대구광역시 달서구
한울상사,대구광역시 달서구 달서대로91길 102 (호산동),,35.83988628,128.4800816,사업장폐기물,,,,12500,2024,대구광역시 달서구청,053-667-2745,2025-12-10,3470000,대구광역시 달서구
아뜨레,대구광역시 달서구 성서로9길 21 (대천동),,35.82327681,128.5043978,사업장폐기물,,,,12500,2024,대구광역시 달서구청,053-667-2745,2025-12-10,3470000,대구광역시 달서구
주식회사 남대구전문장례식장,대구광역시 달서구 성서공단로 315 (장동),,35.8368957747,128.5175914,사업장폐기물,,,,60000,2024,대구광역시 달서구청,053-667-2745,2025-12-10,3470000,대구광역시 달서구
주식회사 피엔티 엠에스,대구광역시 달서구 성서공단로25길 16 (갈산동),,35.83721156,128.4972548,사업장폐기물,,,,1666.66666,2024,대구광역시 달서구청,053-667-2745,2025-12-10,3470000,대구광역시 달서구
(주)범서,대구광역시 달서구 성서4차첨단로 384 (대천동),,35.8185877,128.5077371,사업장폐기물,,,,2500,2024,대구광역시 달서구청,053-667-2745,2025-12-10,3470000,대구광역시 달서구
주식회사 스윗플로우,대구광역시 달서구 성서로 413 (이곡동),,35.85444305,128.506704236,사업장폐기물,,,,30000,2024,대구광역시 달서구청,053-667-2745,2025-12-10,3470000,대구광역시 달서구
(주)오에이치,대구광역시 달서구 달서대로 467 (호산동),,35.8410545241,128.4911818913,사업장폐기물,,,,9083.33333,2024,대구광역시 달서구청,053-667-2745,2025-12-10,3470000,대구광역시 달서구
(주)태산철강,대구광역시 달서구 성서공단남로6길 24 (대천동),,35.82823943,128.4941644,사업장폐기물,,,,2500,2024,대구광역시 달서구청,053-667-2745,2025-12-10,3470000,대구광역시 달서구
(주)명종스틸,대구광역시 달서구 성서공단로21길 49 (갈산동),,35.83974757,128.4936769,사업장폐기물,,,,2500,2024,대구광역시 달서구청,053-667-2745,2025-12-10,3470000,대구광역시 달서구
대구반도체마이스터고등학교,대구광역시 달서구 용산로 113 (장기동),,35.84792759,128.5297571,사업장폐기물,,,,9083.33333,2024,대구광역시 달서구청,053-667-2745,2025-12-10,3470000,대구광역시 달서구
영광알텍,"대구광역시 달서구 성서공단북로69길 32, 8호 (갈산동)",,35.846418,128.5121862,사업장폐기물,,,,10000,2024,대구광역시 달서구청,053-667-2745,2025-12-10,3470000,대구광역시 달서구
씨아이에스(주) 제3공장,대구광역시 달서구 달서대로 529 (호산동),,35.8463627912,128.4901169814,사업장폐기물,,,,10000,2024,대구광역시 달서구청,053-667-2745,2025-12-10,3470000,대구광역시 달서구
(주)케이에프씨코리아 (상인네거리점),대구광역시 달서구 월배로 227 (상인동),,35.81949308,128.5380129,사업장폐기물,,,,9000,2024,대구광역시 달서구청,053-667-2745,2025-12-10,3470000,대구광역시 달서구
(주)케이에프씨코리아 (용산동점),대구광역시 달서구 달구벌대로 1393 (용산동),,35.850803743,128.5202041,사업장폐기물,,,,9000,2024,대구광역시 달서구청,053-667-2745,2025-12-10,3470000,대구광역시 달서구
(주)연두,대구광역시 달서구 상화북로 26 (진천동),,35.81017794,128.529845,사업장폐기물,,,,12250,2024,대구광역시 달서구청,053-667-2745,2025-12-10,3470000,대구광역시 달서구
수메디컬빌딩관리소,대구광역시 달서구 조암로 5 (월성동),,35.8253870176,128.529275629,사업장폐기물,,,,9000,2024,대구광역시 달서구청,053-667-2745,2025-12-10,3470000,대구광역시 달서구
(주)신흥고무,"대구광역시 달서구 성서동로 20, E동 (대천동)",,35.82443386,128.5094162,사업장폐기물,,,,5000,2024,대구광역시 달서구청,053-667-2745,2025-12-10,3470000,대구광역시 달서구
(주)욱일기업,대구광역시 달서구 성서공단남로10길 50-7 (대천동),,35.82568811,128.4963246,사업장폐기물,,,,10000,2024,대구광역시 달서구청,053-667-2745,2025-12-10,3470000,대구광역시 달서구
이안테크,대구광역시 달서구 달서대로 480-7 (갈산동),,35.84216094,128.4929319,사업장폐기물,,,,15000,2024,대구광역시 달서구청,053-667-2745,2025-12-10,3470000,대구광역시 달서구
성원산업사,대구광역시 달서구 달서대로88길 35 (갈산동),,35.83815101,128.4959489,사업장폐기물,,,,10000,2024,대구광역시 달서구청,053-667-2745,2025-12-10,3470000,대구광역시 달서구
대성브이디산업(주),대구광역시 달서구 성서공단북로69길 32-13 (장동),,35.84542321,128.5125501,사업장폐기물,,,,10000,2024,대구광역시 달서구청,053-667-2745,2025-12-10,3470000,대구광역시 달서구
디 TOP 호텔,대구광역시 달서구 이곡동로 7 (이곡동),,35.85438349,128.5084225,사업장폐기물,,,,9200,2024,대구광역시 달서구청,053-667-2745,2025-12-10,3470000,대구광역시 달서구
고려전선(주),대구광역시 달서구 호산동로 126 (호산동),,35.84653631,128.4871286,사업장폐기물,,,,22650,2024,대구광역시 달서구청,053-667-2745,2025-12-10,3470000,대구광역시 달서구
동래산업(주),대구광역시 달서구 성서공단북로3길 25-11 (파호동),,35.8465003713,128.4733748,사업장폐기물,,,,5000,2024,대구광역시 달서구청,053-667-2745,2025-12-10,3470000,대구광역시 달서구
(주)에스제이이노테크,대구광역시 달서구 호산동로 137 (호산동),,35.84766077,128.4852379,사업장폐기물,,,,500,2023,대구광역시 달서구청,053-667-2745,2025-12-10,3470000,대구광역시 달서구
(주)한성피앤아이,대구광역시 달서구 성서공단로 108 (월암동),,35.83471364,128.494057,사업장폐기물,,,,50000,2023,대구광역시 달서구청,053-667-2745,2025-12-10,3470000,대구광역시 달서구
(주)동양엘앤피,대구광역시 달서구 문화회관11길 16 (장동),,35.83783748,128.5257182,사업장폐기물,,,,50000,2023,대구광역시 달서구청,053-667-2745,2025-12-10,3470000,대구광역시 달서구
대구광역시교육연수원,대구광역시 달서구 당산로 121 (감삼동),,35.8482014649,128.5448317,사업장폐기물,,,,9000,2023,대구광역시 달서구청,053-667-2745,2025-12-10,3470000,대구광역시 달서구
(주)삼화테크,대구광역시 달서구 성서공단남로 132(월암동),,35.82962265,128.5067031,사업장폐기물,,,,6666.66666,2023,대구광역시 달서구청,053-667-2745,2025-12-10,3470000,대구광역시 달서구
모아커팅테크날리지,대구광역시 달서구 성서공단로 236(월암동),,35.83415962,128.5086094,사업장폐기물,,,,100000,2023,대구광역시 달서구청,053-667-2745,2025-12-10,3470000,대구광역시 달서구
죽전역골든타워관리단,대구광역시 달서구 달구벌대로 1551 (죽전동),,35.8504673833,128.5365155689,사업장폐기물,,,,9083.33333,2023,대구광역시 달서구청,053-667-2745,2025-12-10,3470000,대구광역시 달서구
(주)동진침장,대구광역시 달서구 성서동로 118 (월암동),,35.8308308,128.5163392,사업장폐기물,,,,9000,2023,대구광역시 달서구청,053-667-2745,2025-12-10,3470000,대구광역시 달서구
삼보모터스 (주),대구광역시 달서구 성서동로 142 (월암동),,35.83365807,128.5167739,사업장폐기물,,,,22500,2023,대구광역시 달서구청,053-667-2745,2025-12-10,3470000,대구광역시 달서구
경인정밀 (주),대구광역시 달서구 성서서로 26 (대천동),,35.82730426,128.5003856,사업장폐기물,,,,15000,2023,대구광역시 달서구청,053-667-2745,2025-12-10,3470000,대구광역시 달서구
흥일알티,"대구광역시 달서구 성서공단북로 377, 에이동호 (장동)",,35.84310394,128.5138826,사업장폐기물,,,,10000,2022,대구광역시 달서구청,053-667-2745,2025-12-10,3470000,대구광역시 달서구
재단법인 대구문화예술진흥원,대구광역시 달서구 공원순환로 201 (성당동),,35.84475137,128.5581018385,사업장폐기물,,,,12083.3333,2022,대구광역시 달서구청,053-667-2745,2025-12-10,3470000,대구광역시 달서구
대구공공시설관리공단 두류수영장,대구광역시 달서구 공원순환로 237 (성당동),,35.84692948,128.561627113,사업장폐기물,,,,10250,2022,대구광역시 달서구청,053-667-2745,2025-12-10,3470000,대구광역시 달서구
(주)일진,대구광역시 달서구 성서로5길 85 (대천동),,35.8273539,128.5020025,사업장폐기물,,,,2500,2022,대구광역시 달서구청,053-667-2745,2025-12-10,3470000,대구광역시 달서구
대구성서공단영남표면처리사업협동조합,대구광역시 달서구 성서로64길 26 (갈산동),,35.84494901,128.5099751,사업장폐기물,,,,44166.6666,2022,대구광역시 달서구청,053-667-2745,2025-12-10,3470000,대구광역시 달서구
케이에이치테크,대구광역시 달서구 성서공단북로77길 28 (장동),,35.84542979,128.5149752,사업장폐기물,,,,8333.33333,2022,대구광역시 달서구청,053-667-2745,2025-12-10,3470000,대구광역시 달서구
홍진산업,대구광역시 달서구 성서로5길 26 (대천동),,35.82164096,128.5027167,사업장폐기물,,,,15000,2022,대구광역시 달서구청,053-667-2745,2025-12-10,3470000,대구광역시 달서구
(주)희성피브이씨,대구광역시 달서구 성서공단북로 61 (호산동),,35.84547829,128.4798071,사업장폐기물,,,,17500,2022,대구광역시 달서구청,053-667-2745,2025-12-10,3470000,대구광역시 달서구
원 랩 프린테크,대구광역시 달서구 문화회관11길 41 (장동),,35.840316,128.5268684,사업장폐기물,,,,9000,2022,대구광역시 달서구청,053-667-2745,2025-12-10,3470000,대구광역시 달서구
대구서부하수슬러지건조연료화시설,대구광역시 달서구 달서대로 210 (대천동),,35.82059151,128.4966483,사업장폐기물,,,,1540000,2021,대구광역시 달서구청,053-667-2745,2025-12-10,3470000,대구광역시 달서구
(주)대영알앤티,대구광역시 달서구 성서공단북로77길 29 (장동),,35.84581421,128.5143036563,사업장폐기물,,,,2000,2021,대구광역시 달서구청,053-667-2745,2025-12-10,3470000,대구광역시 달서구
상인요양병원,대구광역시 달서구 월배로 247 (상인동),,35.82003209,128.5403225,사업장폐기물,,,,36000,2021,대구광역시 달서구청,053-667-2745,2025-12-10,3470000,대구광역시 달서구
태경산업 (주)이곡지점,대구광역시 달서구 성서로71길 58 (이곡동),,35.85014483,128.5010268,사업장폐기물,,,,6666.66666,2021,대구광역시 달서구청,053-667-2745,2025-12-10,3470000,대구광역시 달서구
신화금속열처리 성서공장,대구광역시 달서구 달서대로58안길 25 (대천동),,35.8272831,128.5007617,사업장폐기물,,,,3333.33333,2021,대구광역시 달서구청,053-667-2745,2025-12-10,3470000,대구광역시 달서구
(주)보림엘텍,대구광역시 달서구 성서공단로 72-15 (대천동),,35.83353381,128.4906322,사업장폐기물,,,,6000,2021,대구광역시 달서구청,053-667-2745,2025-12-10,3470000,대구광역시 달서구
(주)위드텍,대구광역시 달서구 성서공단로 72-11(대천동),,35.83383629,128.4911231,사업장폐기물,,,,3333.33333,2021,대구광역시 달서구청,053-667-2745,2025-12-10,3470000,대구광역시 달서구
미래써모텍,대구광역시 달서구 성서로36안길 21-10 (월성동),,35.83356485,128.5192638,사업장폐기물,,,,5000,2020,대구광역시 달서구청,053-667-2745,2025-12-10,3470000,대구광역시 달서구
롯데리아대구성당D/T점,대구광역시 달서구 구마로 209 (성당동),,35.83751381,128.5506595,사업장폐기물,,,,9083.33333,2021,대구광역시 달서구청,053-667-2745,2025-12-10,3470000,대구광역시 달서구
(주)올곧은 성당휴게소,대구광역시 달서구 공원순환로 216 (성당동),,35.84453101,128.5615929464,사업장폐기물,,,,9250,2021,대구광역시 달서구청,053-667-2745,2025-12-10,3470000,대구광역시 달서구
한국노총 대구지역본부,대구광역시 달서구 성서공단북로 132 (호산동),,35.84412835,128.4872205,사업장폐기물,,,,3000,2021,대구광역시 달서구청,053-667-2745,2025-12-10,3470000,대구광역시 달서구
(주)홍성,대구광역시 달서구 성서서로 10 (대천동),,35.82570891,128.5003324,사업장폐기물,,,,12700,2021,대구광역시 달서구청,053-667-2745,2025-12-10,3470000,대구광역시 달서구
창한방병원,대구광역시 달서구 달구벌대로 1616 (감삼동),,35.85214568,128.5434882,사업장폐기물,,,,10500,2021,대구광역시 달서구청,053-667-2745,2025-12-10,3470000,대구광역시 달서구
대영산업,대구광역시 달서구 월배로14길 49 (진천동),,35.81116338,128.5221319,사업장폐기물,,,,60000,2021,대구광역시 달서구청,053-667-2745,2025-12-10,3470000,대구광역시 달서구
도양산업,대구광역시 달서구 성서공단로 194-18 (월암동),,35.8337333,128.5035331,사업장폐기물,,,,20000,2020,대구광역시 달서구청,053-667-2745,2025-12-10,3470000,대구광역시 달서구
생림비철금속,대구광역시 달서구 장기로 380 외 2필지 (장기동),,35.84090774,128.5198449,사업장폐기물,,,,55000,2020,대구광역시 달서구청,053-667-2745,2025-12-10,3470000,대구광역시 달서구
코어텍 (주),대구광역시 달서구 달서대로 552 (신당동),,35.84757134,128.4939074,사업장폐기물,,,,8333.33333,2020,대구광역시 달서구청,053-667-2745,2025-12-10,3470000,대구광역시 달서구
신홍도요양병원,대구광역시 달서구 용산로 141 (용산동),,35.85012433,128.5301177,사업장폐기물,,,,3000,2020,대구광역시 달서구청,053-667-2745,2025-12-10,3470000,대구광역시 달서구
세림실업 (주),대구광역시 달서구 달구벌대로240길 26 (신당동),,35.84932056,128.4971517,사업장폐기물,,,,40000,2020,대구광역시 달서구청,053-667-2745,2025-12-10,3470000,대구광역시 달서구
(주)유신하이테크,대구광역시 달서구 성서로5길 32 (대천동),,35.82221056,128.5025246,사업장폐기물,,,,20000,2020,대구광역시 달서구청,053-667-2745,2025-12-10,3470000,대구광역시 달서구
신안통상,대구광역시 달서구 성서서로 42-12 (월암동),,35.82840792,128.5010194,사업장폐기물,,,,5833.33333,2022,대구광역시 달서구청,053-667-2745,2025-12-10,3470000,대구광역시 달서구
마디탄탄병원,대구광역시 달서구 월배로 215 (상인동),,35.81905371,128.5366899,사업장폐기물,,,,10500,2020,대구광역시 달서구청,053-667-2745,2025-12-10,3470000,대구광역시 달서구
성산중학교,대구광역시 달서구 선원남로 174 (용산동),,35.85674064,128.5186301,사업장폐기물,,,,9400,2020,대구광역시 달서구청,053-667-2745,2025-12-10,3470000,대구광역시 달서구
원화중학교,대구광역시 달서구 당산로24길 71 (성당동),,35.84655333,128.5479329,사업장폐기물,,,,9000,2020,대구광역시 달서구청,053-667-2745,2025-12-10,3470000,대구광역시 달서구
에스엘주식회사 전자공장,대구광역시 달서구 성서4차첨단로 10 (대천동),,35.81692393,128.5061664,사업장폐기물,,,,10250,2020,대구광역시 달서구청,053-667-2745,2025-12-10,3470000,대구광역시 달서구
몰드테크,대구광역시 달서구 성서공단로 334 (월성동),,35.83608776,128.519440,사업장폐기물,,,,1500,2019,대구광역시 달서구청,053-667-2745,2025-12-10,3470000,대구광역시 달서구
(주)대창코리아,대구광역시 달서구 성서공단북로65길 8 (갈산동),,35.84444958,128.5093265,사업장폐기물,,,,8333.33333,2019,대구광역시 달서구청,053-667-2745,2025-12-10,3470000,대구광역시 달서구
(주)에이치엠테크,대구광역시 달서구 성서공단로39길 71-3 (갈산동),,35.84144008,128.5026558,사업장폐기물,,,,3000,2019,대구광역시 달서구청,053-667-2745,2025-12-10,3470000,대구광역시 달서구
주식회사 남일유엔티,대구광역시 달서구 성서공단남로6길 14(대천동),,35.82925742,128.4931697,사업장폐기물,,,,30000,2019,대구광역시 달서구청,053-667-2745,2025-12-10,3470000,대구광역시 달서구
지산실업,대구광역시 달서구 달구벌대로 1690 (두류동),,35.85493032,128.5508671,사업장폐기물,,,,9200,2019,대구광역시 달서구청,053-667-2745,2025-12-10,3470000,대구광역시 달서구
비스타2 상가관리단,대구광역시 달서구 조암남로32길 20-8 (대천동),,35.81850977,128.5169902,사업장폐기물,,,,9000,2019,대구광역시 달서구청,053-667-2745,2025-12-10,3470000,대구광역시 달서구
주식회사 제이비엔텍,대구광역시 달서구 성서공단북로77길 46 (장기동),,35.84717001,128.5149531,사업장폐기물,,,,8000,2019,대구광역시 달서구청,053-667-2745,2025-12-10,3470000,대구광역시 달서구
성산고등학교,대구광역시 달서구 새방로7길 33 (용산동),,35.86223726,128.5200406,사업장폐기물,,,,14000,2019,대구광역시 달서구청,053-667-2745,2025-12-10,3470000,대구광역시 달서구
더나은병원,대구광역시 달서구 달구벌대로 1576 (감삼동),,35.85052134,128.5395025,사업장폐기물,,,,9200,2019,대구광역시 달서구청,053-667-2745,2025-12-10,3470000,대구광역시 달서구
주식회사 베스툴,대구광역시 달서구 성서로 105 (대천동),,35.82668763,128.5062121,사업장폐기물,,,,6700,2019,대구광역시 달서구청,053-667-2745,2025-12-10,3470000,대구광역시 달서구
계명대학교동산의료원,대구광역시 달서구 달구벌대로 1035(신당동),,35.8538856446,128.4801888,사업장폐기물,,,,115666.666,2019,대구광역시 달서구청,053-667-2745,2025-12-10,3470000,대구광역시 달서구
(주)바로창안필마트,대구광역시 달서구 달구벌대로 1360 (장기동),,35.85006228,128.5162302,사업장폐기물,,,,14000,2019,대구광역시 달서구청,053-667-2745,2025-12-10,3470000,대구광역시 달서구
(주)번영에프씨,대구광역시 달서구 성서공단로55길 10 (장동),,35.83708081,128.5128869,사업장폐기물,,,,15000,2019,대구광역시 달서구청,053-667-2745,2025-12-10,3470000,대구광역시 달서구
에스제이에프(주),대구광역시 달서구 달서대로109길 93 (호산동),,35.84792452,128.4816533,사업장폐기물,,,,3333.33333,2019,대구광역시 달서구청,053-667-2745,2025-12-10,3470000,대구광역시 달서구
에스제이에프(주)2공장,대구광역시 달서구 성서공단북로 79(호산동),,35.84568359,128.4822679,사업장폐기물,,,,13333.3333,2019,대구광역시 달서구청,053-667-2745,2025-12-10,3470000,대구광역시 달서구
(주)신화금속열처리,대구광역시 달서구 성서로9길 80 (월암동),,35.8284796,128.5053933,사업장폐기물,,,,30916.6666,2019,대구광역시 달서구청,053-667-2745,2025-12-10,3470000,대구광역시 달서구
(주)엠엠티에스엠,대구광역시 달서구 성서공단남로10길 12(대천동),,35.82920472,128.4969101251,사업장폐기물,,,,165833.333,2019,대구광역시 달서구청,053-667-2745,2025-12-10,3470000,대구광역시 달서구
대경스틸,대구광역시 달서구 문화회관7길 45 (장동),,35.83935576,128.522117,사업장폐기물,,,,5833.33333,2018,대구광역시 달서구청,053-667-2745,2025-12-10,3470000,대구광역시 달서구
골든뷰 메디타워 관리단,대구광역시 달서구 달구벌대로 1545 (죽전동),,35.8503705,128.5360897,사업장폐기물,,,,14000,2018,대구광역시 달서구청,053-667-2745,2025-12-10,3470000,대구광역시 달서구
동광정밀(주),대구광역시 달서구 성서공단로54길 24 (월암동),,35.833832,128.5111185,사업장폐기물,,,,10000,2018,대구광역시 달서구청,053-667-2745,2025-12-10,3470000,대구광역시 달서구
비스타상가관리단,대구광역시 달서구 조암남로32길 20-4 (대천동),,35.81816091,128.5166648,사업장폐기물,,,,13000,2018,대구광역시 달서구청,053-667-2745,2025-12-10,3470000,대구광역시 달서구
롯데컬처웍스 (주),대구광역시 달서구 월곡로 247 (상인동),,35.81644393,128.5392683,사업장폐기물,,,,9658.33333,2018,대구광역시 달서구청,053-667-2745,2025-12-10,3470000,대구광역시 달서구
현윤철강,대구광역시 달서구 성서서로 66 (월암동),,35.8308127398,128.5003186,사업장폐기물,,,,5000,2018,대구광역시 달서구청,053-667-2745,2025-12-10,3470000,대구광역시 달서구
대구행복요양병원,대구광역시 달서구 월배로 120 (진천동),,35.8145024757,128.5274065628,사업장폐기물,,,,21200,2018,대구광역시 달서구청,053-667-2745,2025-12-10,3470000,대구광역시 달서구
대구외국어고등학교,대구광역시 달서구 선원로11길 21 (신당동),,35.86040241,128.4980547,사업장폐기물,,,,9000,2018,대구광역시 달서구청,053-667-2745,2025-12-10,3470000,대구광역시 달서구
한백프라즈마,대구광역시 달서구 달서대로95길 97 (호산동),,35.84159287,128.4808666,사업장폐기물,,,,7000,2018,대구광역시 달서구청,053-667-2745,2025-12-10,3470000,대구광역시 달서구
태윤철강,대구광역시 달서구 성서공단북로18길 6 (호산동),,35.84415758,128.4814518,사업장폐기물,,,,6000,2018,대구광역시 달서구청,053-667-2745,2025-12-10,3470000,대구광역시 달서구
(주)보강철강,대구광역시 달서구 달서대로91길 113 (호림동),,35.83931727,128.4791002,사업장폐기물,,,,4500,2017,대구광역시 달서구청,053-667-2745,2025-12-10,3470000,대구광역시 달서구
금성철강,대구광역시 달서구 성서공단로 236 (월암동),,35.83415962,128.5086094,사업장폐기물,,,,4000,2017,대구광역시 달서구청,053-667-2745,2025-12-10,3470000,대구광역시 달서구
대림철강,대구광역시 달서구 성서공단로 236(월암동),,35.83415962,128.5086094,사업장폐기물,,,,5000,2017,대구광역시 달서구청,053-667-2745,2025-12-10,3470000,대구광역시 달서구
화신종합철강,대구광역시 달서구 성서공단북로 228 (갈산동),,35.84435589,128.4978757,사업장폐기물,,,,7000,2017,대구광역시 달서구청,053-667-2745,2025-12-10,3470000,대구광역시 달서구
주식회사 유성씨앤에프,대구광역시 달서구 조암로 38 (월성동),,35.82497259,128.5256522,사업장폐기물,,,,9000,2017,대구광역시 달서구청,053-667-2745,2025-12-10,3470000,대구광역시 달서구
(주)온스틸,대구광역시 달서구 호산동로1길 72 (호림동),,35.83879087,128.4806328,사업장폐기물,,,,6000,2017,대구광역시 달서구청,053-667-2745,2025-12-10,3470000,대구광역시 달서구
(주)신일철강,"대구광역시 달서구 성서공단북로3길 20, 62동 11호 (파호동, 성서과학산업단지)",,35.84637082,128.4753776,사업장폐기물,,,,10000,2017,대구광역시 달서구청,053-667-2745,2025-12-10,3470000,대구광역시 달서구
(주)더블유에스스틸,대구광역시 달서구 성서서로 66 (월암동),,35.8308127398,128.5003186,사업장폐기물,,,,5000,2017,대구광역시 달서구청,053-667-2745,2025-12-10,3470000,대구광역시 달서구
(주)협선도금,대구광역시 달서구 성서서로33길 12 (갈산동),,35.8404813514,128.4990787,사업장폐기물,,,,4000,2017,대구광역시 달서구청,053-667-2745,2025-12-10,3470000,대구광역시 달서구
(주)이래,대구광역시 달서구 조암로 29 (월성동),,35.82454798,128.5268092,사업장폐기물,,,,10900,2017,대구광역시 달서구청,053-667-2745,2025-12-10,3470000,대구광역시 달서구
(주)신창엠텍,대구광역시 달서구 성서공단북로4길 8 (파호동),,35.84398364,128.4740196,사업장폐기물,,,,10000,2017,대구광역시 달서구청,053-667-2745,2025-12-10,3470000,대구광역시 달서구
영남프라즈마,대구광역시 달서구 성서로36길 87(월암동),,35.83283922,128.5165863,사업장폐기물,,,,8000,2017,대구광역시 달서구청,053-667-2745,2025-12-10,3470000,대구광역시 달서구
한국산업인력공단 대구지역본부,"대구광역시 달서구 성서공단로 213, 2층 (갈산동)",,35.83617333,128.5060772,사업장폐기물,,,,7666.66666,2017,대구광역시 달서구청,053-667-2745,2025-12-10,3470000,대구광역시 달서구
(주)케이티 영남물류팀 대구,대구광역시 달서구 선원로 7 (신당동),,35.8602885846,128.4938596879,사업장폐기물,,,,103333.333,2017,대구광역시 달서구청,053-667-2745,2025-12-10,3470000,대구광역시 달서구
(주)대광텍스타일,대구광역시 달서구 성서4차첨단로 50-19(대천동),,35.820295374,128.5100835,사업장폐기물,,,,3000,2017,대구광역시 달서구청,053-667-2745,2025-12-10,3470000,대구광역시 달서구
태경산업 (주),대구광역시 달서구 성서공단북로5길 35 (파호동),,35.84783602,128.475916,사업장폐기물,,,,20000,2016,대구광역시 달서구청,053-667-2745,2025-12-10,3470000,대구광역시 달서구
디엘아이코리아(주),대구광역시 달서구 성서로36길 30 (월암동),,35.83258491,128.5103941,사업장폐기물,,,,14000,2016,대구광역시 달서구청,053-667-2745,2025-12-10,3470000,대구광역시 달서구
(주)진영텍스코,대구광역시 달서구 성서서로25안길 30 (갈산동),,35.8386841,128.4979818,사업장폐기물,,,,5000,2016,대구광역시 달서구청,053-667-2745,2025-12-10,3470000,대구광역시 달서구
(주)동양엘앤피,대구광역시 달서구 성서공단남로10길 16 (대천동),,35.82898809,128.4963022385,사업장폐기물,,,,50000,2016,대구광역시 달서구청,053-667-2745,2025-12-10,3470000,대구광역시 달서구
주식회사 대영알앤티,대구광역시 달서구 성서동로53안길 16 (장동),,35.84582799,128.513729,사업장폐기물,,,,10000,2016,대구광역시 달서구청,053-667-2745,2025-12-10,3470000,대구광역시 달서구
삼익THK(주) 성서2공장,대구광역시 달서구 성서공단로21길 5 (갈산동),,35.83591527,128.4937509,사업장폐기물,,,,7666.66666,2016,대구광역시 달서구청,053-667-2745,2025-12-10,3470000,대구광역시 달서구
(주)에스제이오토텍,대구광역시 달서구 달서대로109길 63 (호산동),,35.84741607,128.4842936,사업장폐기물,,,,15000,2016,대구광역시 달서구청,053-667-2745,2025-12-10,3470000,대구광역시 달서구
(주)문명에이스,대구광역시 달서구 성서공단남로36길 7(월암동),,35.8293862,128.5123131,사업장폐기물,,,,11000,2016,대구광역시 달서구청,053-667-2745,2025-12-10,3470000,대구광역시 달서구
대구달서경찰서,대구광역시 달서구 학산로 55 (월성동),,35.83049487,128.5335285,사업장폐기물,,,,20000,2016,대구광역시 달서구청,053-667-2745,2025-12-10,3470000,대구광역시 달서구
대구성서경찰서,대구광역시 달서구 달구벌대로259길 15 (이곡동),,35.85321752,128.5087732,사업장폐기물,,,,9500,2016,대구광역시 달서구청,053-667-2745,2025-12-10,3470000,대구광역시 달서구
(주)현대화이바,대구광역시 달서구 성서동로45길 10 (장동),,35.84138385,128.5147244,사업장폐기물,,,,6000,2016,대구광역시 달서구청,053-667-2745,2025-12-10,3470000,대구광역시 달서구
대구광역시달서구청소년수련관,대구광역시 달서구 상화로 420 (상인동),,35.8072002235,128.5594464,사업장폐기물,,,,9000,2016,대구광역시 달서구청,053-667-2745,2025-12-10,3470000,대구광역시 달서구
참조은병원,대구광역시 달서구 월배로 404(송현동),,35.83029317,128.5515829,사업장폐기물,,,,4300,2016,대구광역시 달서구청,053-667-2745,2025-12-10,3470000,대구광역시 달서구
에스병원,대구광역시 달서구 와룡로 57(본리동),,35.83788085,128.5364255,사업장폐기물,,,,9000,2016,대구광역시 달서구청,053-667-2745,2025-12-10,3470000,대구광역시 달서구
대구광역시관광협회,대구광역시 달서구 공원순환로 46 (두류동),,35.85088454,128.557665098,사업장폐기물,,,,9000,2016,대구광역시 달서구청,053-667-2745,2025-12-10,3470000,대구광역시 달서구
사랑모아마취통증의학과의원,대구광역시 달서구 와룡로 218 (죽전동),,35.85204277,128.5376729,사업장폐기물,,,,9000,2016,대구광역시 달서구청,053-667-2745,2025-12-10,3470000,대구광역시 달서구
미래메탈테크,대구광역시 달서구 성서공단로50길 31 (월암동),,35.8325508,128.5101611,사업장폐기물,,,,20250,2015,대구광역시 달서구청,053-667-2745,2025-12-10,3470000,대구광역시 달서구
(주)썬파라다이스,대구광역시 달서구 월성로 20 (월성동),,35.83158006,128.533144,사업장폐기물,,,,11666.6666,2016,대구광역시 달서구청,053-667-2745,2025-12-10,3470000,대구광역시 달서구
영남중학교,대구광역시 달서구 월곡로 300 (상인동),,35.82076103,128.5363026,사업장폐기물,,,,9250,2016,대구광역시 달서구청,053-667-2745,2025-12-10,3470000,대구광역시 달서구
계명문화대학교,대구광역시 달서구 달서대로 675(신당동),,35.85945336,128.4863362,사업장폐기물,,,,18583.3333,2016,대구광역시 달서구청,053-667-2745,2025-12-10,3470000,대구광역시 달서구
주식회사 앤우드,대구광역시 달서구 성서공단북로 230 (갈산동),,35.8438311,128.4980115917,사업장폐기물,,,,25000,2015,대구광역시 달서구청,053-667-2745,2025-12-10,3470000,대구광역시 달서구
주식회사 라 테라스웨딩,대구광역시 달서구 구마로 152 (본동),,35.83663254,128.5442034714,사업장폐기물,,,,33500,2015,대구광역시 달서구청,053-667-2745,2025-12-10,3470000,대구광역시 달서구
(주)삼주기업,대구광역시 달서구 달서대로64길 29(대천동),,35.82798329,128.4957001,사업장폐기물,,,,13000,2015,대구광역시 달서구청,053-667-2745,2025-12-10,3470000,대구광역시 달서구
더열린병원,대구광역시 달서구 달구벌대로 1571 (죽전동),,35.8511466928,128.5385576,사업장폐기물,,,,11050,2015,대구광역시 달서구청,053-667-2745,2025-12-10,3470000,대구광역시 달서구
신성켐텍(주),대구광역시 달서구 달서대로91길 62 (호산동),,35.83985107,128.4843883,사업장폐기물,,,,7000,2015,대구광역시 달서구청,053-667-2745,2025-12-10,3470000,대구광역시 달서구
대한자동차해체재활용산업,대구광역시 달서구 문화회관5길 16 (장기동),,35.8425022886,128.5228106,사업장폐기물,,,,83.3333333,2015,대구광역시 달서구청,053-667-2745,2025-12-10,3470000,대구광역시 달서구
한결요양병원,대구광역시 달서구 대명천로 15(성당동),,35.83902166,128.5576101185,사업장폐기물,,,,20200,2015,대구광역시 달서구청,053-667-2745,2025-12-10,3470000,대구광역시 달서구
경창산업 (주),대구광역시 달서구 성서로35길 6 (월암동),,35.83444499,128.5057565,사업장폐기물,,,,10000,2015,대구광역시 달서구청,053-667-2745,2025-12-10,3470000,대구광역시 달서구
삼양자동차해체재활용산업,대구광역시 달서구 성서동로 222 (장동),,35.8402808,128.5161608,사업장폐기물,,,,31083.3333,2015,대구광역시 달서구청,053-667-2745,2025-12-10,3470000,대구광역시 달서구
(주)대흥테크,대구광역시 달서구 성서4차첨단로 328(대천동),,35.82213292,128.5117892,사업장폐기물,,,,43500,2015,대구광역시 달서구청,053-667-2745,2025-12-10,3470000,대구광역시 달서구
(주)우성씰텍,대구광역시 달서구 성서로9길 33(대천동),,35.82429474,128.5045071609,사업장폐기물,,,,12500,2015,대구광역시 달서구청,053-667-2745,2025-12-10,3470000,대구광역시 달서구
(주)엘앤에프(월암),대구광역시 달서구 성서4차첨단로 136 (월암동),,35.82620319,128.5155717,사업장폐기물,,,,195000,2014,대구광역시 달서구청,053-667-2745,2025-12-10,3470000,대구광역시 달서구
대구성서공단신라도금사업,대구광역시 달서구 성서로64길 25 (갈산동),,35.84564231,128.5100835,사업장폐기물,,,,41666.6666,2014,대구광역시 달서구청,053-667-2745,2025-12-10,3470000,대구광역시 달서구
나사렛종합병원,대구광역시 달서구 월배로 97 (진천동),,35.8147002604,128.5250884,사업장폐기물,,,,10500,2014,대구광역시 달서구청,053-667-2745,2025-12-10,3470000,대구광역시 달서구
캠텍코리아,대구광역시 달서구 성서공단로 72-25(대천동),,35.83263695,128.4911525,사업장폐기물,,,,9000,2014,대구광역시 달서구청,053-667-2745,2025-12-10,3470000,대구광역시 달서구
평화워터젯,대구광역시 달서구 달구벌대로226길 10 (신당동),,35.85067612,128.4891289,사업장폐기물,,,,16666.6666,2014,대구광역시 달서구청,053-667-2745,2025-12-10,3470000,대구광역시 달서구
트럼프스타 상가관리단,대구광역시 달서구 조암남로 42 (월성동),,35.82177877,128.5280244,사업장폐기물,,,,9200,2014,대구광역시 달서구청,053-667-2745,2025-12-10,3470000,대구광역시 달서구
퀸즈랜드메디칼빌딩,대구광역시 달서구 용산로 139 (용산동),,35.84988084,128.5301256,사업장폐기물,,,,9200,2014,대구광역시 달서구청,053-667-2745,2025-12-10,3470000,대구광역시 달서구
삼일병원,대구광역시 달서구 월배로 436(송현동),,35.832486361,128.5535495,사업장폐기물,,,,11700,2014,대구광역시 달서구청,053-667-2745,2025-12-10,3470000,대구광역시 달서구
해장님,대구광역시 달서구 월곡로 155 (상인동),,35.8100927,128.5459815,사업장폐기물,,,,12200,2014,대구광역시 달서구청,053-667-2745,2025-12-10,3470000,대구광역시 달서구
(주)다윈프릭션 대구공장,대구광역시 달서구 달구벌대로250길 42,,35.8479789,128.5034468,사업장폐기물,,,,8333.33333,2013,대구광역시 달서구청,053-667-2745,2025-12-10,3470000,대구광역시 달서구
(주)대영알씨,대구광역시 달서구 성서공단북로65길 10 (갈산동),,35.8447782694,128.5093628689,사업장폐기물,,,,11000,2014,대구광역시 달서구청,053-667-2745,2025-12-10,3470000,대구광역시 달서구
월서중학교,대구광역시 달서구 월배로33길 105 (월성동),,35.81972726,128.5264925,사업장폐기물,,,,11500,2014,대구광역시 달서구청,053-667-2745,2025-12-10,3470000,대구광역시 달서구
휴요양병원,대구광역시 달서구 성당로 215 (두류동),,35.85153162,128.5732805,사업장폐기물,,,,17200,2014,대구광역시 달서구청,053-667-2745,2025-12-10,3470000,대구광역시 달서구
두경금속열처리 (주),대구광역시 달서구 성서공단로55길 29 (장동),,35.83881075,128.5119456,사업장폐기물,,,,2000,2014,대구광역시 달서구청,053-667-2745,2025-12-10,3470000,대구광역시 달서구
송현효요양병원,대구광역시 달서구 월배로 384(송현동),,35.82874495,128.5502671,사업장폐기물,,,,19000,2016,대구광역시 달서구청,053-667-2745,2025-12-10,3470000,대구광역시 달서구
여성아이병원,대구광역시 달서구 월배로 141 (진천동),,35.81607653,128.529578,사업장폐기물,,,,9000,2014,대구광역시 달서구청,053-667-2745,2025-12-10,3470000,대구광역시 달서구
(주)범창케이에프,대구광역시 달서구 성서공단로39길 103 (갈산동),,35.84410637,128.5018589,사업장폐기물,,,,15000,2013,대구광역시 달서구청,053-667-2745,2025-12-10,3470000,대구광역시 달서구
세범산업,대구광역시 달서구 성서공단남로 160 (월암동),,35.83004692,128.5098637,사업장폐기물,,,,5000,2013,대구광역시 달서구청,053-667-2745,2025-12-10,3470000,대구광역시 달서구
(주)달구벌종합수산축산(웨딩비엔나),대구광역시 달서구 달구벌대로 1846 (두류동),,35.86026175,128.5668748,사업장폐기물,,,,50000,2013,대구광역시 달서구청,053-667-2745,2025-12-10,3470000,대구광역시 달서구
황장군,대구광역시 달서구 월배로 261 (상인동),,35.82040208,128.5413236,사업장폐기물,,,,10700,2013,대구광역시 달서구청,053-667-2745,2025-12-10,3470000,대구광역시 달서구
거림테크(주),대구광역시 달서구 성서4차첨단로171 (월암동),,35.82932751,128.5171282,사업장폐기물,,,,45000,2013,대구광역시 달서구청,053-667-2745,2025-12-10,3470000,대구광역시 달서구
대구명성요양병원,대구광역시 달서구 성당로 223 (두류동),,35.85219068,128.5731786,사업장폐기물,,,,24700,2013,대구광역시 달서구청,053-667-2745,2025-12-10,3470000,대구광역시 달서구
구상에너지(주),대구광역시 달서구 성서4차첨단로 184(월암동),,35.82952135,128.5187249,사업장폐기물,,,,9200,2013,대구광역시 달서구청,053-667-2745,2025-12-10,3470000,대구광역시 달서구
미주병원,대구광역시 달서구 당산로 138 (성당동),,35.84915843,128.5469484,사업장폐기물,,,,12200,2013,대구광역시 달서구청,053-667-2745,2025-12-10,3470000,대구광역시 달서구
성서요양병원,대구광역시 달서구 문화회관1안길 29 (장기동),,35.84803879,128.5188289,사업장폐기물,,,,17700,2013,대구광역시 달서구청,053-667-2745,2025-12-10,3470000,대구광역시 달서구
(주)아이앤피,대구광역시 달서구 월곡로100길 11 (월성동),,35.83517251,128.5231706,사업장폐기물,,,,23333.3333,2013,대구광역시 달서구청,053-667-2745,2025-12-10,3470000,대구광역시 달서구
대건금속,대구광역시 달서구 성서공단로 178 (월암동),,35.83461919,128.5021714,사업장폐기물,,,,44166.6666,2013,대구광역시 달서구청,053-667-2745,2025-12-10,3470000,대구광역시 달서구
(주)유니폴리,대구광역시 달서구 성서4차첨단로 160-10 (월암동),,35.82712067,128.5169005199,사업장폐기물,,,,10000,2013,대구광역시 달서구청,053-667-2745,2025-12-10,3470000,대구광역시 달서구
(주)한국하이테크,대구광역시 달서구 성서공단로35길 30 (갈산동),,35.8381585,128.5026367,사업장폐기물,,,,10000,2013,대구광역시 달서구청,053-667-2745,2025-12-10,3470000,대구광역시 달서구
위드병원,대구광역시 달서구 명덕로 23 (두류동),,35.86061119,128.5742003,사업장폐기물,,,,10900,2013,대구광역시 달서구청,053-667-2745,2025-12-10,3470000,대구광역시 달서구
주식회사 에스피씨삼립 대구공장,대구광역시 달서구 성서로 255 (갈산동),,35.84098964,128.5058501,사업장폐기물,,,,172666.666,2001,대구광역시 달서구청,053-667-2745,2025-12-10,3470000,대구광역시 달서구
동아고주파,대구광역시 달서구 달서대로85길 82 (호림동),,35.83768289,128.4827229,사업장폐기물,,,,4000,2012,대구광역시 달서구청,053-667-2745,2025-12-10,3470000,대구광역시 달서구
한국에이버리데니슨(유) 대구지점,대구광역시 달서구 성서공단남로 185(월암동),,35.83068868,128.5128832,사업장폐기물,,,,10000,2012,대구광역시 달서구청,053-667-2745,2025-12-10,3470000,대구광역시 달서구
(주)태창섬유 제1공장,대구광역시 달서구 성서공단북로43길 54 (신당동),,35.84913142,128.4960419,사업장폐기물,,,,163000,2012,대구광역시 달서구청,053-667-2745,2025-12-10,3470000,대구광역시 달서구
주식회사 파라다이스웨딩,대구광역시 달서구 구마로 52 (본동),,35.83686279,128.5332014,사업장폐기물,,,,30200,2012,대구광역시 달서구청,053-667-2745,2025-12-10,3470000,대구광역시 달서구
(주)영풍열처리,대구광역시 달서구 성서로35길 56 (월암동),,35.8337366,128.5009756,사업장폐기물,,,,10500,2012,대구광역시 달서구청,053-667-2745,2025-12-10,3470000,대구광역시 달서구
신일폴리텍,대구광역시 달서구 성서로64길 19 (갈산동),,35.84554046,128.5093293,사업장폐기물,,,,10000,2012,대구광역시 달서구청,053-667-2745,2025-12-10,3470000,대구광역시 달서구
경희테크,대구광역시 달서구 성서공단북로 350 (장동),,35.84233192,128.5113481,사업장폐기물,,,,80500,2000,대구광역시 달서구청,053-667-2745,2025-12-10,3470000,대구광역시 달서구
윤성아스콘,대구광역시 달서구 문화회관8길 21 (장동),,35.83975436,128.5229526,사업장폐기물,,,,83333.3333,2012,대구광역시 달서구청,053-667-2745,2025-12-10,3470000,대구광역시 달서구
신성산업(주),대구광역시 달서구 호산동로1길 71 (호림동),,35.83871759,128.4796686,사업장폐기물,,,,20000,2000,대구광역시 달서구청,053-667-2745,2025-12-10,3470000,대구광역시 달서구
신한정공(주)제2공장,대구광역시 달서구 성서4차첨단로 75 (대천동),,35.8226045183,128.5101346,사업장폐기물,,,,85000,2012,대구광역시 달서구청,053-667-2745,2025-12-10,3470000,대구광역시 달서구
(주)성림티앤티,대구광역시 달서구 성서공단로 182 (월암동),,35.83450769,128.5025686,사업장폐기물,,,,26166.6666,2012,대구광역시 달서구청,053-667-2745,2025-12-10,3470000,대구광역시 달서구
(주)에스에스이티,대구광역시 달서구 달서대로58길 41 (대천동),,35.82497254,128.4967252,사업장폐기물,,,,23500,2011,대구광역시 달서구청,053-667-2745,2025-12-10,3470000,대구광역시 달서구
대서중학교,대구광역시 달서구 월배로 303 (송현동),,35.82360142,128.5435462,사업장폐기물,,,,5900,2012,대구광역시 달서구청,053-667-2745,2025-12-10,3470000,대구광역시 달서구
경화여자고등학교,대구광역시 달서구 당산로30길 20 (성당동),,35.8483951063,128.5486337,사업장폐기물,,,,29000,2012,대구광역시 달서구청,053-667-2745,2025-12-10,3470000,대구광역시 달서구
대곡고등학교,대구광역시 달서구 도원남로 80 (도원동),,35.80322968,128.5368495,사업장폐기물,,,,11166.6666,2012,대구광역시 달서구청,053-667-2745,2025-12-10,3470000,대구광역시 달서구
도원중학교,대구광역시 달서구 미리샘길 32 (도원동),,35.80618849,128.5450005806,사업장폐기물,,,,6100,2012,대구광역시 달서구청,053-667-2745,2025-12-10,3470000,대구광역시 달서구
대진고등학교,대구광역시 달서구 화암로73길 15 (대곡동),,35.80569601,128.518332,사업장폐기물,,,,11750,2012,대구광역시 달서구청,053-667-2745,2025-12-10,3470000,대구광역시 달서구
롯데쇼핑 (주) 상인점,대구광역시 달서구 월배로 232 (상인동),,35.8188005,128.5388673,사업장폐기물,,,,75000,2004,대구광역시 달서구청,053-667-2745,2025-12-10,3470000,대구광역시 달서구
(주)진부,대구광역시 달서구 성서공단로 72-7 (대천동),,35.83416948,128.4911715,사업장폐기물,,,,7500,2011,대구광역시 달서구청,053-667-2745,2025-12-10,3470000,대구광역시 달서구
경희알미늄(주),대구광역시 달서구 달서대로 570 (신당동),,35.85016408,128.4932753,사업장폐기물,,,,165833.333,2000,대구광역시 달서구청,053-667-2745,2025-12-10,3470000,대구광역시 달서구
대구공업대학교,대구광역시 달서구 송현로 205 (본동),,35.83407994,128.5443255,사업장폐기물,,,,11666.6666,2011,대구광역시 달서구청,053-667-2745,2025-12-10,3470000,대구광역시 달서구
(주)경농,대구광역시 달서구 달서대로58길 15 (대천동),,35.82572191,128.4944209,사업장폐기물,,,,34225,2001,대구광역시 달서구청,053-667-2745,2025-12-10,3470000,대구광역시 달서구
(주)이노테크,대구광역시 달서구 성서동로 43 (월암동),,35.82583931,128.5116813,사업장폐기물,,,,18200,2011,대구광역시 달서구청,053-667-2745,2025-12-10,3470000,대구광역시 달서구
(주)이수,대구광역시 달서구 성서공단북로2길 53(파호동),,35.84110353,128.4756342,사업장폐기물,,,,4166.66666,2012,대구광역시 달서구청,053-667-2745,2025-12-10,3470000,대구광역시 달서구
무지개산업,대구광역시 달서구 성서공단북로77길 63 (장기동),,35.84873723,128.514065,사업장폐기물,,,,9200,2011,대구광역시 달서구청,053-667-2745,2025-12-10,3470000,대구광역시 달서구
태창공업(주),대구광역시 달서구 성서공단로 130 (월암동),,35.83415525,128.4972497,사업장폐기물,,,,9200,2011,대구광역시 달서구청,053-667-2745,2025-12-10,3470000,대구광역시 달서구
태창공업(주)2공장,대구광역시 달서구 성서공단로 174 (월암동),,35.83451582,128.5016016496,사업장폐기물,,,,9200,2011,대구광역시 달서구청,053-667-2745,2025-12-10,3470000,대구광역시 달서구
대성산업(주)구마고속주유소,대구광역시 달서구 구마로 67 (본리동),,35.8377013387,128.535028,사업장폐기물,,,,9200,2011,대구광역시 달서구청,053-667-2745,2025-12-10,3470000,대구광역시 달서구
아진에프디,대구광역시 달서구 성서서로48길 13 (갈산동),,35.84636468,128.5013336,사업장폐기물,,,,59000,2011,대구광역시 달서구청,053-667-2745,2025-12-10,3470000,대구광역시 달서구
홍성정공,대구광역시 달서구 성서서로 9 (대천동),,35.82566191,128.4994793,사업장폐기물,,,,6583.33333,2011,대구광역시 달서구청,053-667-2745,2025-12-10,3470000,대구광역시 달서구
에스엘(주) 성산공장,대구광역시 달서구 성서로67길 28 (갈산동),,35.84813488,128.5043016622,사업장폐기물,,,,93750,2010,대구광역시 달서구청,053-667-2745,2025-12-10,3470000,대구광역시 달서구
의료법인 상보의료재단,대구광역시 달서구 달구벌대로 1762 (두류동),,35.85734324,128.5584299,사업장폐기물,,,,16200,2011,대구광역시 달서구청,053-667-2745,2025-12-10,3470000,대구광역시 달서구
한미병원,대구광역시 달서구 이곡동로 66_ 302동 402호 (이곡동_ 3차 가든하이츠),,35.8548275,128.5113739,사업장폐기물,,,,11500,2011,대구광역시 달서구청,053-667-2745,2025-12-10,3470000,대구광역시 달서구
(주)원창머티리얼,대구광역시 달서구 성서서로 257 (신당동),,35.84791517,128.4991938,사업장폐기물,,,,3000,2009,대구광역시 달서구청,053-667-2745,2025-12-10,3470000,대구광역시 달서구
동일나염,대구광역시 달서구 성서서로34길 15 (갈산동),,35.83996821,128.5018511,사업장폐기물,,,,100000,2010,대구광역시 달서구청,053-667-2745,2025-12-10,3470000,대구광역시 달서구
제이엠트레이딩,대구광역시 달서구 성서로35길 42 (월암동),,35.83367898,128.5024807,사업장폐기물,,,,25000,2010,대구광역시 달서구청,053-667-2745,2025-12-10,3470000,대구광역시 달서구
대구보훈회관관리위원회,대구광역시 달서구 계대동문로 126 (이곡동),,35.85506906,128.5062273,사업장폐기물,,,,8500,2010,대구광역시 달서구청,053-667-2745,2025-12-10,3470000,대구광역시 달서구
대구월서초등학교,대구광역시 달서구 월배로39길 46 (상인동),,35.82173732,128.5318098,사업장폐기물,,,,11250,2009,대구광역시 달서구청,053-667-2745,2025-12-10,3470000,대구광역시 달서구
(주)다솜,대구광역시 달서구 달구벌대로 1542 (감삼동),,35.84956233,128.5357138,사업장폐기물,,,,10000,2009,대구광역시 달서구청,053-667-2745,2025-12-10,3470000,대구광역시 달서구
의료법인해성의료재단,대구광역시 달서구 계대동문로 96 (이곡동),,35.85510659,128.5028168,사업장폐기물,,,,26200,2009,대구광역시 달서구청,053-667-2745,2025-12-10,3470000,대구광역시 달서구
(주)태화지앤지,대구광역시 달서구 성서공단로47길 54 (장동),,35.8404855,128.5089884,사업장폐기물,,,,21000,2009,대구광역시 달서구청,053-667-2745,2025-12-10,3470000,대구광역시 달서구
(주)에스앤에스텍,대구광역시 달서구 호산동로 42 (호림동),,35.8392662819,128.4866350455,사업장폐기물,,,,7916.66666,2002,대구광역시 달서구청,053-667-2745,2025-12-10,3470000,대구광역시 달서구
에이치디현대마린엔진 주식회사,대구광역시 달서구 달서대로 533 (호산동),,35.84755844,128.4900093,사업장폐기물,,,,40000,2009,대구광역시 달서구청,053-667-2745,2025-12-10,3470000,대구광역시 달서구
한국대풍(주),대구광역시 달서구 성서서로15길 16 (월암동),,35.83245155,128.4983023,사업장폐기물,,,,21666.6666,2008,대구광역시 달서구청,053-667-2745,2025-12-10,3470000,대구광역시 달서구
경희강재(주),대구광역시 달서구 성서공단로 312 (월암동),,35.83546252,128.5166197,사업장폐기물,,,,23000,2007,대구광역시 달서구청,053-667-2745,2025-12-10,3470000,대구광역시 달서구
(주)진수무역,대구광역시 달서구 성서공단북로2길 20 (파호동),,35.84256728,128.4730168,사업장폐기물,,,,105833.333,2006,대구광역시 달서구청,053-667-2745,2025-12-10,3470000,대구광역시 달서구
주식회사 제이브이화학,대구광역시 달서구 성서공단북로2길 35 (파호동),,35.84124294,128.4740083,사업장폐기물,,,,18000,2001,대구광역시 달서구청,053-667-2745,2025-12-10,3470000,대구광역시 달서구
롯데쇼핑 (주)롯데슈퍼월성점,대구광역시 달서구 월성로 14 (본동),,35.83160527,128.5344064,사업장폐기물,,,,10000,2007,대구광역시 달서구청,053-667-2745,2025-12-10,3470000,대구광역시 달서구
(주)에스에이치,대구광역시 달서구 장기로 374 (장기동),,35.84149154,128.5201071,사업장폐기물,,,,2000000,2012,대구광역시 달서구청,053-667-2745,2025-12-10,3470000,대구광역시 달서구
(주)에이더블유호텔,대구광역시 달서구 성서로 413 (이곡동),,35.85444305,128.506704236,사업장폐기물,,,,18000,2004,대구광역시 달서구청,053-667-2745,2025-12-10,3470000,대구광역시 달서구
유니온머티리얼 (주),대구광역시 달서구 성서공단남로 151 (월암동),,35.83072508,128.5085548,사업장폐기물,,,,25000,2007,대구광역시 달서구청,053-667-2745,2025-12-10,3470000,대구광역시 달서구
상지고무롤,대구광역시 달서구 달서대로64길 93 (월암동),,35.8278623,128.5026621,사업장폐기물,,,,10000,2005,대구광역시 달서구청,053-667-2745,2025-12-10,3470000,대구광역시 달서구
희성전자(주)대구2공장,대구광역시 달서구 성서공단북로 61 (호산동),,35.84547829,128.4798071,사업장폐기물,,,,55000,2005,대구광역시 달서구청,053-667-2745,2025-12-10,3470000,대구광역시 달서구
(주)동방플랜텍,대구광역시 달서구 성서공단북로 183 (신당동),,35.84499031,128.4931222,사업장폐기물,,,,9750,2007,대구광역시 달서구청,053-667-2745,2025-12-10,3470000,대구광역시 달서구
(주)류림산업,대구광역시 달서구 성서로9길 1 (대천동),,35.82171031,128.5052083,사업장폐기물,,,,14000,2006,대구광역시 달서구청,053-667-2745,2025-12-10,3470000,대구광역시 달서구
(주)수성레미콘,대구광역시 달서구 성서동로 289 (장기동),,35.84652217,128.5148009,사업장폐기물,,,,30000,2006,대구광역시 달서구청,053-667-2745,2025-12-10,3470000,대구광역시 달서구
(주)비오워크,대구광역시 달서구 성서로 414 (이곡동),,35.85442503,128.5077696,사업장폐기물,,,,25200,2006,대구광역시 달서구청,053-667-2745,2025-12-10,3470000,대구광역시 달서구
(주)EV첨단소재,대구광역시 달서구 성서로35길 26 (월암동),,35.83451856,128.5045063,사업장폐기물,,,,74533.3333,2004,대구광역시 달서구청,053-667-2745,2025-12-10,3470000,대구광역시 달서구
산마루휴게소,대구광역시 달서구 공원순환로 80 (두류동),,35.84879481,128.5545069,사업장폐기물,,,,10000,2005,대구광역시 달서구청,053-667-2745,2025-12-10,3470000,대구광역시 달서구
한일1급정비공장,대구광역시 달서구 성서로67길 54 (갈산동),,35.84741757,128.5015683,사업장폐기물,,,,11166.6666,2005,대구광역시 달서구청,053-667-2745,2025-12-10,3470000,대구광역시 달서구
(주)풍산개발,대구광역시 달서구 용산로 141 (용산동),,35.85012433,128.5301177,사업장폐기물,,,,8500,2005,대구광역시 달서구청,053-667-2745,2025-12-10,3470000,대구광역시 달서구
광장,대구광역시 달서구 공원순환로 36 (두류동),,35.85089389,128.5587871,사업장폐기물,,,,10000,2005,대구광역시 달서구청,053-667-2745,2025-12-10,3470000,대구광역시 달서구
성서메가타운상가관리단,대구광역시 달서구 성서로 420 (이곡동_ 성서메가타운관리사무소),,35.85500197,128.5077769,사업장폐기물,,,,8500,2005,대구광역시 달서구청,053-667-2745,2025-12-10,3470000,대구광역시 달서구
주식회사 에이치씨 보광레미콘,대구광역시 달서구 성서공단로55길 42 (장동),,35.84019824,128.5131259,사업장폐기물,,,,733333.333,2005,대구광역시 달서구청,053-667-2745,2025-12-10,3470000,대구광역시 달서구
중앙요양병원,대구광역시 달서구 월배로83길 14 (송현동),,35.83205606,128.5510304,사업장폐기물,,,,24200,2005,대구광역시 달서구청,053-667-2745,2025-12-10,3470000,대구광역시 달서구
서대구메디컬센터,대구광역시 달서구 달구벌대로 1577 (죽전동),,35.85128269,128.5390362,사업장폐기물,,,,9700,2004,대구광역시 달서구청,053-667-2745,2025-12-10,3470000,대구광역시 달서구
정화이엠에스(주),대구광역시 달서구 성서로5길 99 (월암동),,35.82812339,128.5016247,사업장폐기물,,,,14500,2004,대구광역시 달서구청,053-667-2745,2025-12-10,3470000,대구광역시 달서구
(주)이마트 대구물류센터,대구광역시 달서구 성서공단북로 104 (호산동),,35.84372392,128.484868,사업장폐기물,,,,71500,2000,대구광역시 달서구청,053-667-2745,2025-12-10,3470000,대구광역시 달서구
(주)한양레미콘,대구광역시 달서구 성서공단북로 369 (장동),,35.84313603,128.513285,사업장폐기물,,,,50000,2004,대구광역시 달서구청,053-667-2745,2025-12-10,3470000,대구광역시 달서구
(주)진영R&S,대구광역시 달서구 성서공단북로 161 (호산동),,35.8453065267,128.4907981511,사업장폐기물,,,,13000,2004,대구광역시 달서구청,053-667-2745,2025-12-10,3470000,대구광역시 달서구
남일엔피아이,대구광역시 달서구 성서로 48 (대천동),,35.8220451088,128.5069827,사업장폐기물,,,,30000,2003,대구광역시 달서구청,053-667-2745,2025-12-10,3470000,대구광역시 달서구
(주)금호정공,대구광역시 달서구 성서공단로22길 34 (월암동),,35.83198978,128.4941891,사업장폐기물,,,,7500,2004,대구광역시 달서구청,053-667-2745,2025-12-10,3470000,대구광역시 달서구
영남고등학교,대구광역시 달서구 월곡로 300 (상인동),,35.82076103,128.5363026,사업장폐기물,,,,15750,2000,대구광역시 달서구청,053-667-2745,2025-12-10,3470000,대구광역시 달서구
경북기계공업고등학교,대구광역시 달서구 월배로 275 (상인동),,35.82210509,128.5424749,사업장폐기물,,,,12416.6666,2000,대구광역시 달서구청,053-667-2745,2025-12-10,3470000,대구광역시 달서구
(주)벽진피앤티 (P&T),대구광역시 달서구 문화회관길 219-9 (장기동),,35.84164289,128.5245713,사업장폐기물,,,,10000,2004,대구광역시 달서구청,053-667-2745,2025-12-10,3470000,대구광역시 달서구
한국환경공단 대구경북지역본부 (대구폐비닐처리시설),대구광역시 달서구 성서공단로 40 (대천동),,35.83282256,128.4872244,사업장폐기물,,,,112833.333,2003,대구광역시 달서구청,053-667-2745,2025-12-10,3470000,대구광역시 달서구
도원고등학교,대구광역시 달서구 미리샘길 52 (도원동),,35.80527358,128.5454867,사업장폐기물,,,,12000,2003,대구광역시 달서구청,053-667-2745,2025-12-10,3470000,대구광역시 달서구
(주)미광스포렉스,대구광역시 달서구 이곡동로 55 (이곡동),,35.85432376,128.5123089,사업장폐기물,,,,9200,2003,대구광역시 달서구청,053-667-2745,2025-12-10,3470000,대구광역시 달서구
(주)알에이,대구광역시 달서구 달구벌대로232길 33 (신당동),,35.84850237,128.4947052,사업장폐기물,,,,18333.3333,2002,대구광역시 달서구청,053-667-2745,2025-12-10,3470000,대구광역시 달서구
한국댓와일러(주),대구광역시 달서구 성서서로15길 26 (월암동),,35.83170864,128.4965659,사업장폐기물,,,,27000,2002,대구광역시 달서구청,053-667-2745,2025-12-10,3470000,대구광역시 달서구
송현여자고등학교,대구광역시 달서구 송현로 156 (송현동),,35.83111539,128.5462131,사업장폐기물,,,,9500,2002,대구광역시 달서구청,053-667-2745,2025-12-10,3470000,대구광역시 달서구
W(더블유)병원,대구광역시 달서구 달구벌대로 1632(감삼동),,35.85263779,128.5449565,사업장폐기물,,,,14000,2012,대구광역시 달서구청,053-667-2745,2025-12-10,3470000,대구광역시 달서구
선진산업,대구광역시 달서구 성서로67길 23 (갈산동),,35.84687003,128.5045181,사업장폐기물,,,,6666.66666,2012,대구광역시 달서구청,053-667-2745,2025-12-10,3470000,대구광역시 달서구
상인고등학교,대구광역시 달서구 상인로 24 (상인동),,35.8104431,128.5512879,사업장폐기물,,,,9000,2002,대구광역시 달서구청,053-667-2745,2025-12-10,3470000,대구광역시 달서구
(주)모다이노칩 대구점,대구광역시 달서구 달서대로 411 (호림동),,35.83584478,128.4913695,사업장폐기물,,,,12500,2002,대구광역시 달서구청,053-667-2745,2025-12-10,3470000,대구광역시 달서구
보성은하상가번영회,대구광역시 달서구 월곡로 320 (상인동),,35.82358225,128.5342912,사업장폐기물,,,,9000,2002,대구광역시 달서구청,053-667-2745,2025-12-10,3470000,대구광역시 달서구
킹라온스파,대구광역시 달서구 화암로73길 8-21 (대곡동),,35.80723999,128.5191265,사업장폐기물,,,,9000,2002,대구광역시 달서구청,053-667-2745,2025-12-10,3470000,대구광역시 달서구
신대일페이퍼 주식회사,대구광역시 달서구 성서공단로51길 27 (장동),,35.83809025,128.509711,사업장폐기물,,,,1208333.33,2002,대구광역시 달서구청,053-667-2745,2025-12-10,3470000,대구광역시 달서구
(주)신영정공,대구광역시 달서구 성서공단남로 175 (월암동),,35.83080655,128.5117333,사업장폐기물,,,,5000,2002,대구광역시 달서구청,053-667-2745,2025-12-10,3470000,대구광역시 달서구
(주)한성피앤아이,대구광역시 달서구 성서공단남로10길 13 (대천동),,35.82900273,128.4977942,사업장폐기물,,,,10000,2000,대구광역시 달서구청,053-667-2745,2025-12-10,3470000,대구광역시 달서구
(주)근우,대구광역시 달서구 성서서로 49 (대천동),,35.82961887,128.4995954,사업장폐기물,,,,30000,2016,대구광역시 달서구청,053-667-2745,2025-12-10,3470000,대구광역시 달서구
니카코리아(주)대구공장,대구광역시 달서구 성서로 18-6 (대천동),,35.81873796,128.5037872,사업장폐기물,,,,98500,2002,대구광역시 달서구청,053-667-2745,2025-12-10,3470000,대구광역시 달서구
희성전자(주) 대구공장,대구광역시 달서구 성서공단로11길 63 (호산동),,35.8399573,128.4868256,사업장폐기물,,,,396000,2002,대구광역시 달서구청,053-667-2745,2025-12-10,3470000,대구광역시 달서구
(주)수성,대구광역시 달서구 성서동로 271 (장동),,35.84511843,128.5155471,사업장폐기물,,,,1555500,2002,대구광역시 달서구청,053-667-2745,2025-12-10,3470000,대구광역시 달서구
달서미즈맘병원,대구광역시 달서구 월배로 62 (진천동),,35.8132799,128.5213289,사업장폐기물,,,,9200,2002,대구광역시 달서구청,053-667-2745,2025-12-10,3470000,대구광역시 달서구
(주)푸드웰 성서공장,대구광역시 달서구 성서서로 121 (갈산동),,35.83602133,128.4983581,사업장폐기물,,,,304000,2002,대구광역시 달서구청,053-667-2745,2025-12-10,3470000,대구광역시 달서구
미래여성병원,대구광역시 달서구 와룡로 207 (죽전동),,35.85121187,128.5368058064,사업장폐기물,,,,11700,2001,대구광역시 달서구청,053-667-2745,2025-12-10,3470000,대구광역시 달서구
에스알코퍼레이션 주식회사,대구광역시 달서구 성서공단북로43길 48 (신당동),,35.84886742,128.4963487,사업장폐기물,,,,14083.3333,2012,대구광역시 달서구청,053-667-2745,2025-12-10,3470000,대구광역시 달서구
대건고등학교,대구광역시 달서구 월곡로94길 46 (월성동),,35.83394935,128.5281039,사업장폐기물,,,,12250,2001,대구광역시 달서구청,053-667-2745,2025-12-10,3470000,대구광역시 달서구
(주)대원경금속,대구광역시 달서구 달서대로64길 38 (대천동),,35.82719203,128.4965316,사업장폐기물,,,,5000,2009,대구광역시 달서구청,053-667-2745,2025-12-10,3470000,대구광역시 달서구
금강파이프(주),대구광역시 달서구 성서공단남로 36 (대천동),,35.82981617,128.4964647,사업장폐기물,,,,16000,2001,대구광역시 달서구청,053-667-2745,2025-12-10,3470000,대구광역시 달서구
신한정공(주),대구광역시 달서구 성서로 93 (대천동),,35.8255106,128.5068061,사업장폐기물,,,,216666.666,2001,대구광역시 달서구청,053-667-2745,2025-12-10,3470000,대구광역시 달서구
(주)명아스틸,대구광역시 달서구 성서로9길 11 (대천동),,35.8220010133,128.5048355,사업장폐기물,,,,10000,2001,대구광역시 달서구청,053-667-2745,2025-12-10,3470000,대구광역시 달서구
(주)세흥에스피,대구광역시 달서구 성서로 127 (월암동),,35.82865128,128.5064251,사업장폐기물,,,,9200,2001,대구광역시 달서구청,053-667-2745,2025-12-10,3470000,대구광역시 달서구
홈플러스(주)상인점,대구광역시 달서구 월배로 183 (상인동),,35.81826891,128.5325508,사업장폐기물,,,,62500,2007,대구광역시 달서구청,053-667-2745,2025-12-10,3470000,대구광역시 달서구
삼익THK(주),대구광역시 달서구 성서동로 163 (월암동),,35.8347251018,128.5149191,사업장폐기물,,,,54500,2001,대구광역시 달서구청,053-667-2745,2025-12-10,3470000,대구광역시 달서구
대구보건고등학교,대구광역시 달서구 두류남길 10 (두류동),,35.85810096,128.5726159,사업장폐기물,,,,10200,2001,대구광역시 달서구청,053-667-2745,2025-12-10,3470000,대구광역시 달서구
대구하이텍고등학교,대구광역시 달서구 학산남로 50 (상인동),,35.82323824,128.5386373,사업장폐기물,,,,9250,2001,대구광역시 달서구청,053-667-2745,2025-12-10,3470000,대구광역시 달서구
(주)보국전자,대구광역시 달서구 성서서로 57 (대천동),,35.8301731,128.499082,사업장폐기물,,,,9300,2004,대구광역시 달서구청,053-667-2745,2025-12-10,3470000,대구광역시 달서구
대구자원 (주),대구광역시 달서구 성서공단로21길 74 (갈산동),,35.8418026135,128.4948097,사업장폐기물,,,,45000,2001,대구광역시 달서구청,053-667-2745,2025-12-10,3470000,대구광역시 달서구
우리병원,대구광역시 달서구 와룡로 48 (본동),,35.83681791,128.5373639,사업장폐기물,,,,9000,2003,대구광역시 달서구청,053-667-2745,2025-12-10,3470000,대구광역시 달서구
홈플러스 (주)성서점,대구광역시 달서구 달구벌대로 1467 (용산동),,35.84945343,128.52740581,사업장폐기물,,,,89400,2002,대구광역시 달서구청,053-667-2745,2025-12-10,3470000,대구광역시 달서구
신라철강,대구광역시 달서구 성서공단북로 194 (갈산동),,35.84377093,128.4934024771,사업장폐기물,,,,9000,2000,대구광역시 달서구청,053-667-2745,2025-12-10,3470000,대구광역시 달서구
(주)아세아텍대구공장,대구광역시 달서구 성서공단로 332-25 (월성동),,35.83455581,128.5182911,사업장폐기물,,,,5100,2001,대구광역시 달서구청,053-667-2745,2025-12-10,3470000,대구광역시 달서구
(주)대성테크,대구광역시 달서구 달서대로58길 99 (대천동),,35.82495398,128.5032898,사업장폐기물,,,,23500,2002,대구광역시 달서구청,053-667-2745,2025-12-10,3470000,대구광역시 달서구
녹색자원 (주),대구광역시 달서구 성서공단로21길 78 (갈산동),,35.84201217,128.4945688,사업장폐기물,,,,206000,2000,대구광역시 달서구청,053-667-2745,2025-12-10,3470000,대구광역시 달서구
현대코퍼레이션(주),대구광역시 달서구 성서로24길 4 (월암동),,35.8269528,128.5079203,사업장폐기물,,,,30000,2000,대구광역시 달서구청,053-667-2745,2025-12-10,3470000,대구광역시 달서구
대구선원초등학교,대구광역시 달서구 선원로33길 105 (용산동),,35.86107658,128.5155069,사업장폐기물,,,,14500,2000,대구광역시 달서구청,053-667-2745,2025-12-10,3470000,대구광역시 달서구
(주)이마트 월배점,대구광역시 달서구 진천로 92 (대천동),,35.81717301,128.523648,사업장폐기물,,,,148083.333,2001,대구광역시 달서구청,053-667-2745,2025-12-10,3470000,대구광역시 달서구
(주)이마트 성서점,대구광역시 달서구 이곡동로 24 (이곡동),,35.85332308,128.5101588,사업장폐기물,,,,150000,2001,대구광역시 달서구청,053-667-2745,2025-12-10,3470000,대구광역시 달서구
대구공공시설관리공단 성서사업소,대구광역시 달서구 성서공단로 257 (장동),,35.83628381,128.5122457,사업장폐기물,,,,1871366.66,2000,대구광역시 달서구청,053-667-2745,2025-12-10,3470000,대구광역시 달서구
의료법인 일민의료재단 세강병원,대구광역시 달서구 구마로 220 (송현동),,35.8366393,128.5516887,사업장폐기물,,,,9000,2000,대구광역시 달서구청,053-667-2745,2025-12-10,3470000,대구광역시 달서구
보광병원,대구광역시 달서구 구마로 128 (본동),,35.83675371,128.541659,사업장폐기물,,,,11750,2000,대구광역시 달서구청,053-667-2745,2025-12-10,3470000,대구광역시 달서구
(의)열경의료재단 허병원,대구광역시 달서구 학산로 121 (본동),,35.83363375,128.5396364,사업장폐기물,,,,14000,2000,대구광역시 달서구청,053-667-2745,2025-12-10,3470000,대구광역시 달서구
(주)제이브이엠,대구광역시 달서구 호산동로 121 (호산동),,35.846600579,128.4845602,사업장폐기물,,,,51000,2000,대구광역시 달서구청,053-667-2745,2025-12-10,3470000,대구광역시 달서구
세일엘텍,대구광역시 달서구 성서로68길 48 (갈산동),,35.84681835,128.5128225,사업장폐기물,,,,25000,2000,대구광역시 달서구청,053-667-2745,2025-12-10,3470000,대구광역시 달서구
주식회사 스틸에이,대구광역시 달서구 성서로5길 50 (대천동),,35.82387821,128.5025567,사업장폐기물,,,,40500,1996,대구광역시 달서구청,053-667-2745,2025-12-10,3470000,대구광역시 달서구
코리아고꾸사이(주),대구광역시 달서구 호산동로1길 9 (호림동),,35.83582107,128.4843828,사업장폐기물,,,,10000,2000,대구광역시 달서구청,053-667-2745,2025-12-10,3470000,대구광역시 달서구
풍국주정공업주식회사,대구광역시 달서구 성서로 72 (대천동),,35.82301724,128.5084794,사업장폐기물,,,,25833.3333,1996,대구광역시 달서구청,053-667-2745,2025-12-10,3470000,대구광역시 달서구
(주)삼보첨단소재,대구광역시 달서구 성서공단남로 127 (월암동),,35.83097244,128.5059341,사업장폐기물,,,,215833.333,2000,대구광역시 달서구청,053-667-2745,2025-12-10,3470000,대구광역시 달서구
(의)구의료재단 구병원,대구광역시 달서구 감삼북길 141 (감삼동),,35.85067641,128.541376,사업장폐기물,,,,13800,1995,대구광역시 달서구청,053-667-2745,2025-12-10,3470000,대구광역시 달서구
경북열처리공업사,대구광역시 달서구 성서공단남로 20 (대천동),,35.8298037,128.4947043,사업장폐기물,,,,15000,2000,대구광역시 달서구청,053-667-2745,2025-12-10,3470000,대구광역시 달서구
벽진BIO텍,대구광역시 달서구 성서동로 235 (장동),,35.84168567,128.5152818,사업장폐기물,,,,16333.3333,2000,대구광역시 달서구청,053-667-2745,2025-12-10,3470000,대구광역시 달서구
와룡고등학교,대구광역시 달서구 선원로23북길 20 (이곡동),,35.86137439,128.503671,사업장폐기물,,,,10750,2000,대구광역시 달서구청,053-667-2745,2025-12-10,3470000,대구광역시 달서구
(주)남아,대구광역시 달서구 달구벌대로250길 16 (이곡동),,35.85024531,128.5030324,사업장폐기물,,,,3000,2000,대구광역시 달서구청,053-667-2745,2025-12-10,3470000,대구광역시 달서구
(주)떡파는사람들,대구광역시 달서구 성서공단북로 250 (갈산동),,35.84442578,128.5003127,사업장폐기물,,,,9200,2011,대구광역시 달서구청,053-667-2745,2025-12-10,3470000,대구광역시 달서구
(주)동림엠에스,대구광역시 달서구 성서공단북로59길 24 (갈산동),,35.84667936,128.5057559,사업장폐기물,,,,45833.3333,2008,대구광역시 달서구청,053-667-2745,2025-12-10,3470000,대구광역시 달서구
대지철강(주),대구광역시 달서구 성서공단북로3길 12 (파호동),,35.84514878,128.4759828,사업장폐기물,,,,9000,2000,대구광역시 달서구청,053-667-2745,2025-12-10,3470000,대구광역시 달서구
의료법인 명문의료재단,대구광역시 달서구 달구벌대로 1750 (두류동),,35.85702345,128.5568641,사업장폐기물,,,,9000,2000,대구광역시 달서구청,053-667-2745,2025-12-10,3470000,대구광역시 달서구
대구축협육가공공장,대구광역시 달서구 성서로5길 23 (대천동),,35.82020717,128.5016692,사업장폐기물,,,,122666.666,2000,대구광역시 달서구청,053-667-2745,2025-12-10,3470000,대구광역시 달서구
원화여자고등학교,대구광역시 달서구 당산로30길 30 (성당동),,35.84833681,128.5491523,사업장폐기물,,,,10250,2000,대구광역시 달서구청,053-667-2745,2025-12-10,3470000,대구광역시 달서구
진천신라병원,대구광역시 달서구 월배로 10 (진천동),,35.81103622,128.5169281,사업장폐기물,,,,9000,2000,대구광역시 달서구청,053-667-2745,2025-12-10,3470000,대구광역시 달서구
의료법인 서봉의료재단 보강병원,대구광역시 달서구 월배로 102 (진천동),,35.81345398,128.5252384,사업장폐기물,,,,16916.6666,2000,대구광역시 달서구청,053-667-2745,2025-12-10,3470000,대구광역시 달서구
한국보훈복지의료공단 대구보훈병원,대구광역시 달서구 월곡로 60 (도원동),,35.80282112,128.5517076,사업장폐기물,,,,35891.6666,2000,대구광역시 달서구청,053-667-2745,2025-12-10,3470000,대구광역시 달서구
대구경원고등학교,대구광역시 달서구 새방로 77 (용산동),,35.865471,128.5256754,사업장폐기물,,,,9250,2000,대구광역시 달서구청,053-667-2745,2025-12-10,3470000,대구광역시 달서구
(주)대아알미늄,대구광역시 달서구 성서공단로21길 85 (갈산동),,35.84286355,128.4930071,사업장폐기물,,,,71666.6666,2007,대구광역시 달서구청,053-667-2745,2025-12-10,3470000,대구광역시 달서구
삼영금속공업(주),대구광역시 달서구 성서로 94 (월암동),,35.82556629,128.5087663,사업장폐기물,,,,9200,2000,대구광역시 달서구청,053-667-2745,2025-12-10,3470000,대구광역시 달서구
(주)대진전산시스템,대구광역시 달서구 달구벌대로246길 17 (이곡동),,35.85043226,128.5022375,사업장폐기물,,,,20000,2007,대구광역시 달서구청,053-667-2745,2025-12-10,3470000,대구광역시 달서구
성서고등학교,대구광역시 달서구 선원로 221 (용산동),,35.85986299,128.516156,사업장폐기물,,,,11250,2000,대구광역시 달서구청,053-667-2745,2025-12-10,3470000,대구광역시 달서구
송현여자중학교,대구광역시 달서구 송현로 156 (송현동),,35.83111539,128.5462131,사업장폐기물,,,,9500,2000,대구광역시 달서구청,053-667-2745,2025-12-10,3470000,대구광역시 달서구
대구광역시 도시관리본부 (두류공원관리소),대구광역시 달서구 두류공원로 161 (성당동),,35.85000309,128.5637013434,사업장폐기물,,,,49000,2000,대구광역시 달서구청,053-667-2745,2025-12-10,3470000,대구광역시 달서구
(주)신성FA,대구광역시 달서구 성서4차첨단로 65 (대천동),,35.8219363,128.5094399,사업장폐기물,,,,9200,2000,대구광역시 달서구청,053-667-2745,2025-12-10,3470000,대구광역시 달서구
고려산업(주)대구공장,대구광역시 달서구 성서서로 211 (갈산동),,35.8426892977,128.4992723,사업장폐기물,,,,4500,2000,대구광역시 달서구청,053-667-2745,2025-12-10,3470000,대구광역시 달서구
주식회사 브이피에이치씨,대구광역시 달서구 성서로 236 (장동),,35.83783542,128.5078476,사업장폐기물,,,,83333.3333,1999,대구광역시 달서구청,053-667-2745,2025-12-10,3470000,대구광역시 달서구
(주)파리크라상 대구지점,대구광역시 달서구 성서로 255 (갈산동),,35.84098964,128.5058501,사업장폐기물,,,,270000,2007,대구광역시 달서구청,053-667-2745,2025-12-10,3470000,대구광역시 달서구
대구교통공사,대구광역시 달서구 월배로5길 39 (유천동),,35.81637666,128.5101444,사업장폐기물,,,,24916.6666,1999,대구광역시 달서구청,053-667-2745,2025-12-10,3470000,대구광역시 달서구
대구상원고등학교,대구광역시 달서구 월배로 241 (상인동),,35.82168091,128.539403,사업장폐기물,,,,13250,1999,대구광역시 달서구청,053-667-2745,2025-12-10,3470000,대구광역시 달서구
(주)농협하나로유통 하나로마트 성서점,대구광역시 달서구 용산로 147 (용산동),,35.8508476,128.5298834,사업장폐기물,,,,24416.6666,1999,대구광역시 달서구청,053-667-2745,2025-12-10,3470000,대구광역시 달서구
효성티앤씨 (주)대구공장,대구광역시 달서구 성서공단로55길 45 (장동),,35.84013629,128.5119182,사업장폐기물,,,,462416.666,1998,대구광역시 달서구청,053-667-2745,2025-12-10,3470000,대구광역시 달서구
대구성서산업단지관리공단 환경사업소,대구광역시 달서구 달서대로 232 (대천동),,35.82196519,128.4940751,사업장폐기물,,,,1888433.33,1998,대구광역시 달서구청,053-667-2745,2025-12-10,3470000,대구광역시 달서구
진양산업,대구광역시 달서구 성서서로55길 8 (신당동),,35.85044226,128.4988711,사업장폐기물,,,,48291.6666,1998,대구광역시 달서구청,053-667-2745,2025-12-10,3470000,대구광역시 달서구
(주)아진아이디티,대구광역시 달서구 성서공단로39길 61 (갈산동),,35.84091472,128.5029482,사업장폐기물,,,,196666.666,1998,대구광역시 달서구청,053-667-2745,2025-12-10,3470000,대구광역시 달서구
성서병원,대구광역시 달서구 달구벌대로 1152 (신당동),,35.85104808,128.4932199,사업장폐기물,,,,13866.6666,1998,대구광역시 달서구청,053-667-2745,2025-12-10,3470000,대구광역시 달서구
(주)한일포리머,대구광역시 달서구 성서로5길 38-12 (대천동),,35.82208237,128.5038403,사업장폐기물,,,,5000,1998,대구광역시 달서구청,053-667-2745,2025-12-10,3470000,대구광역시 달서구
(주)한신특수가공,대구광역시 달서구 성서공단로 199 (갈산동),,35.83602329,128.5046138,사업장폐기물,,,,406000,1997,대구광역시 달서구청,053-667-2745,2025-12-10,3470000,대구광역시 달서구
진효성텍스,대구광역시 달서구 성서서로33길 34 (갈산동),,35.84198113,128.4972259,사업장폐기물,,,,28333.3333,1997,대구광역시 달서구청,053-667-2745,2025-12-10,3470000,대구광역시 달서구
(주)삼영섬유,대구광역시 달서구 달구벌대로250길 5 (이곡동),,35.85108604,128.5038404,사업장폐기물,,,,45000,1996,대구광역시 달서구청,053-667-2745,2025-12-10,3470000,대구광역시 달서구
대구공공시설관리공단 서부사업소,대구광역시 달서구 달서대로 210 (대천동),,35.82059151,128.4966483,사업장폐기물,,,,45658700,1996,대구광역시 달서구청,053-667-2745,2025-12-10,3470000,대구광역시 달서구
한국지역난방공사,대구광역시 달서구 달서대로 351 (대천동),,35.8315505849,128.4896067901,사업장폐기물,,,,702091.666,1996,대구광역시 달서구청,053-667-2745,2025-12-10,3470000,대구광역시 달서구
(주)금복주,대구광역시 달서구 성서로 276 (장동),,35.84192052,128.5077332,사업장폐기물,,,,501000,1996,대구광역시 달서구청,053-667-2745,2025-12-10,3470000,대구광역시 달서구
삼화식품공사,대구광역시 달서구 성서로 281 (갈산동),,35.84312355,128.5061871,사업장폐기물,,,,135000,1996,대구광역시 달서구청,053-667-2745,2025-12-10,3470000,대구광역시 달서구
계명대학교,대구광역시 달서구 달구벌대로 1095 (신당동),,35.8535543479,128.4814937504,사업장폐기물,,,,62000,1995,대구광역시 달서구청,053-667-2745,2025-12-10,3470000,대구광역시 달서구
(주)대한실업,대구광역시 달서구 성서로72길 82 (갈산동),,35.84880598,128.5123273,사업장폐기물,,,,640000,2000,대구광역시 달서구청,053-667-2745,2025-12-10,3470000,대구광역시 달서구